customer_id,customer_name,recency,frequency,monetary,churn,R_Score,F_Score,M_Score,RFM_Score,RFM_Score_Code,Customer_Segment
6,Kayla Smith,462,6,15517,1,1,4,4,9,144,At Risk
12,Christopher Clark,279,6,15378,0,2,4,4,10,244,At Risk
14,Darren Myers,539,6,16161,1,1,4,4,9,144,At Risk
25,Jose Boone,304,6,17455,0,2,4,4,10,244,At Risk
26,Eric Roach,431,6,19699,1,1,4,5,10,145,At Risk
29,Frank Smith,478,7,16694,0,1,4,4,9,144,At Risk
32,James Blake,423,6,17567,1,2,4,4,10,244,At Risk
48,Chris Taylor,456,5,17172,1,1,3,4,8,134,At Risk
54,Beth Garcia,252,5,17813,0,2,3,4,9,234,At Risk
61,William Strong,369,6,15414,0,2,4,4,10,244,At Risk
62,Melissa Mcknight,247,5,12484,1,2,3,3,8,233,At Risk
68,Evan Fuller,423,8,24392,0,2,5,5,12,255,At Risk
69,Christopher Bush,312,6,14878,0,2,4,4,10,244,At Risk
81,Isaac Ingram,357,8,26059,1,2,5,5,12,255,At Risk
85,Mark Bradford,262,6,13092,0,2,4,3,9,243,At Risk
103,Jerry Snyder,486,6,15288,0,1,4,4,9,144,At Risk
107,Margaret Parks,247,5,11656,0,2,3,3,8,233,At Risk
110,Cynthia Sanchez,256,6,20022,0,2,4,5,11,245,At Risk
111,Joseph Lynch,323,5,16366,0,2,3,4,9,234,At Risk
116,Alicia Davis,767,5,15076,0,1,3,4,8,134,At Risk
120,Kevin Tate,297,5,12304,0,2,3,3,8,233,At Risk
129,Amanda Jackson,401,6,13211,1,2,4,3,9,243,At Risk
132,Michael Avila,265,6,16192,0,2,4,4,10,244,At Risk
136,Randy Nguyen,545,8,23349,0,1,5,5,11,155,At Risk
149,Taylor Massey,388,6,17933,0,2,4,4,10,244,At Risk
151,Marcus Price,493,5,14501,1,1,3,3,7,133,At Risk
180,Victoria Brown,338,5,17410,0,2,3,4,9,234,At Risk
186,Christopher Jackson,249,7,21730,0,2,4,5,11,245,At Risk
194,Tracie Huang,313,5,14236,0,2,3,3,8,233,At Risk
196,Patricia Davis,524,5,12081,0,1,3,3,7,133,At Risk
197,Samuel Hoffman,307,5,16963,0,2,3,4,9,234,At Risk
202,Nicole Stein,294,5,11379,0,2,3,3,8,233,At Risk
208,Deborah Medina,698,5,12090,0,1,3,3,7,133,At Risk
235,Lindsey Walker,858,5,16282,0,1,3,4,8,134,At Risk
237,Ryan Anderson,683,6,16232,1,1,4,4,9,144,At Risk
242,John Roberts,310,6,18077,0,2,4,4,10,244,At Risk
245,Ryan Bishop,321,5,16285,0,2,3,4,9,234,At Risk
252,Maria Kim,550,5,14838,0,1,3,4,8,134,At Risk
257,Frank Morgan,248,8,22547,0,2,5,5,12,255,At Risk
272,Leonard Bailey,599,9,21945,0,1,5,5,11,155,At Risk
285,Kevin Griffith,426,6,16150,1,2,4,4,10,244,At Risk
302,Christopher Robinson,529,7,21151,0,1,4,5,10,145,At Risk
307,Sophia Thompson,655,5,16633,0,1,3,4,8,134,At Risk
318,Michael George,244,7,20124,0,2,4,5,11,245,At Risk
325,Jacob Baker,383,5,14095,1,2,3,3,8,233,At Risk
327,Brittany Joyce,430,5,15245,0,1,3,4,8,134,At Risk
345,Ryan Rice,310,5,17538,0,2,3,4,9,234,At Risk
366,Bruce Pittman,424,6,15811,0,2,4,4,10,244,At Risk
369,Christopher Greer,249,8,28653,0,2,5,5,12,255,At Risk
376,Trevor Wiley,568,8,28434,1,1,5,5,11,155,At Risk
378,Andrew Robertson,388,6,13945,1,2,4,3,9,243,At Risk
381,Catherine Parker,299,7,20855,0,2,4,5,11,245,At Risk
388,Jacob Williams,290,6,21151,0,2,4,5,11,245,At Risk
394,Anthony Butler,315,5,12030,0,2,3,3,8,233,At Risk
398,Charles Gonzalez,304,6,12028,0,2,4,3,9,243,At Risk
400,Edward Collins MD,261,12,33709,0,2,5,5,12,255,At Risk
417,Jordan Phillips,256,6,18992,0,2,4,4,10,244,At Risk
435,Robert Gutierrez,265,5,12347,1,2,3,3,8,233,At Risk
437,Nicole Brown,570,7,22333,0,1,4,5,10,145,At Risk
449,Jason Mitchell,378,5,18248,0,2,3,4,9,234,At Risk
453,Renee Mccoy PhD,932,6,13305,0,1,4,3,8,143,At Risk
461,Kelly Reed,744,8,21087,0,1,5,5,11,155,At Risk
469,Russell Gibson,303,6,16388,0,2,4,4,10,244,At Risk
473,Rebecca Zavala,437,5,13472,0,1,3,3,7,133,At Risk
481,Jonathon Harris,402,5,14253,0,2,3,3,8,233,At Risk
486,Maria Stevens,357,5,17583,0,2,3,4,9,234,At Risk
487,Todd Rodriguez,334,7,19596,0,2,4,5,11,245,At Risk
494,Jennifer Valdez,245,6,20106,0,2,4,5,11,245,At Risk
495,Joshua Galvan,417,6,17425,0,2,4,4,10,244,At Risk
499,Jeremiah Gray,308,5,18375,0,2,3,4,9,234,At Risk
500,Kathy Anderson,249,6,20407,0,2,4,5,11,245,At Risk
502,Karen Vincent,360,6,20871,0,2,4,5,11,245,At Risk
510,Brett Stokes,397,6,18307,0,2,4,4,10,244,At Risk
519,Jacob Roberson,329,5,14492,0,2,3,3,8,233,At Risk
524,Brian Underwood,391,6,22116,1,2,4,5,11,245,At Risk
528,Catherine Molina,380,7,19514,0,2,4,5,11,245,At Risk
533,Terry Little,279,5,11376,0,2,3,3,8,233,At Risk
536,Kathryn Stevenson,757,8,17653,0,1,5,4,10,154,At Risk
540,Kristopher Soto,517,5,14931,0,1,3,4,8,134,At Risk
555,Michael Wilson,251,6,14484,0,2,4,3,9,243,At Risk
556,Roberto Combs,431,6,18814,0,1,4,4,9,144,At Risk
557,Johnny Lyons,873,6,17038,0,1,4,4,9,144,At Risk
559,Colleen Chavez,289,6,20041,0,2,4,5,11,245,At Risk
560,Jeffrey Maldonado,577,5,14385,1,1,3,3,7,133,At Risk
566,Todd Richardson,296,6,14667,0,2,4,3,9,243,At Risk
577,Nancy Sherman,388,5,14374,0,2,3,3,8,233,At Risk
584,Julia Thomas,274,5,15366,0,2,3,4,9,234,At Risk
589,Gregory Marks,591,6,15198,0,1,4,4,9,144,At Risk
592,Jeffrey Arellano,292,9,21753,1,2,5,5,12,255,At Risk
595,Ashley Lee,303,6,17590,0,2,4,4,10,244,At Risk
596,Jordan Marshall,463,6,13237,0,1,4,3,8,143,At Risk
608,Elizabeth Porter,413,8,25576,0,2,5,5,12,255,At Risk
612,Tammy Bond,287,6,13955,0,2,4,3,9,243,At Risk
615,Danielle Johnson,287,5,16233,0,2,3,4,9,234,At Risk
623,Sierra Rodriguez,244,9,27963,0,2,5,5,12,255,At Risk
626,Cynthia Kline,595,5,20327,0,1,3,5,9,135,At Risk
651,Heather Hodges,649,5,15328,1,1,3,4,8,134,At Risk
652,Rachael Lawrence,296,6,15031,0,2,4,4,10,244,At Risk
660,Rachel Brown,275,7,23905,0,2,4,5,11,245,At Risk
684,Stephen Wong,422,5,17075,0,2,3,4,9,234,At Risk
689,Sarah Humphrey,395,8,29573,0,2,5,5,12,255,At Risk
695,Oscar Nelson,447,6,17661,0,1,4,4,9,144,At Risk
697,Jacob Knight,409,5,19100,0,2,3,4,9,234,At Risk
703,Natalie Harris,262,6,18206,0,2,4,4,10,244,At Risk
707,Brooke Barry,267,7,15401,1,2,4,4,10,244,At Risk
721,John Allen,247,5,16957,0,2,3,4,9,234,At Risk
729,Charlotte Reilly,375,6,17141,0,2,4,4,10,244,At Risk
739,Evelyn Klein,332,6,15713,0,2,4,4,10,244,At Risk
745,Mark Gonzales,295,8,18565,0,2,5,4,11,254,At Risk
752,Kristina Jennings,307,5,17176,0,2,3,4,9,234,At Risk
760,Mrs. Hannah Sullivan MD,252,10,23054,0,2,5,5,12,255,At Risk
761,Sara Huff,385,5,11994,0,2,3,3,8,233,At Risk
767,Jack Howard,334,6,13768,0,2,4,3,9,243,At Risk
774,Hector Schultz,273,5,11904,0,2,3,3,8,233,At Risk
805,Paul Murray,564,7,15837,0,1,4,4,9,144,At Risk
807,Stanley Chavez,352,7,19597,0,2,4,5,11,245,At Risk
822,Anthony Adams,302,7,15392,1,2,4,4,10,244,At Risk
823,John Lin,248,7,19311,1,2,4,5,11,245,At Risk
826,Jason Wood,286,9,25270,0,2,5,5,12,255,At Risk
836,Daniel Edwards,363,6,22206,0,2,4,5,11,245,At Risk
849,Elizabeth Young,335,6,17088,0,2,4,4,10,244,At Risk
859,Whitney Dean,484,6,19889,0,1,4,5,10,145,At Risk
866,Amy Fisher,264,8,26278,0,2,5,5,12,255,At Risk
877,Kimberly Klein,275,7,20002,0,2,4,5,11,245,At Risk
887,Donna Allen,306,5,13163,1,2,3,3,8,233,At Risk
900,Jonathan Miller,375,8,28623,0,2,5,5,12,255,At Risk
909,Jill Martin,355,5,13751,0,2,3,3,8,233,At Risk
914,Nichole Collins,340,7,20253,1,2,4,5,11,245,At Risk
916,Grant Sampson,269,10,19557,0,2,5,5,12,255,At Risk
924,Kathy Hines,327,7,22853,0,2,4,5,11,245,At Risk
932,Molly Johnson,245,5,13975,1,2,3,3,8,233,At Risk
933,Pamela Huff,469,5,17579,0,1,3,4,8,134,At Risk
937,Elizabeth Braun,380,5,13344,0,2,3,3,8,233,At Risk
938,John Mcdonald,253,5,12891,1,2,3,3,8,233,At Risk
954,Matthew Taylor,520,5,16304,0,1,3,4,8,134,At Risk
959,Matthew King DDS,451,6,16385,0,1,4,4,9,144,At Risk
968,Michael Callahan,498,5,12829,1,1,3,3,7,133,At Risk
970,Latoya Mclaughlin,284,6,16194,0,2,4,4,10,244,At Risk
973,James Burke,268,8,14402,1,2,5,3,10,253,At Risk
987,Cassandra Williams,628,5,13273,0,1,3,3,7,133,At Risk
1011,Lindsay Carter,709,6,19582,0,1,4,5,10,145,At Risk
1020,Emily Mason,312,5,20042,0,2,3,5,10,235,At Risk
1028,Carmen Dyer,244,7,16592,0,2,4,4,10,244,At Risk
1029,Philip Gardner,423,5,12509,0,2,3,3,8,233,At Risk
1033,Heather Charles,290,6,23261,0,2,4,5,11,245,At Risk
1036,Jesse Crawford,244,7,19350,0,2,4,5,11,245,At Risk
1045,Emma Evans,350,10,24840,0,2,5,5,12,255,At Risk
1046,Robert Johnson,455,9,28390,0,1,5,5,11,155,At Risk
1058,Corey Harrison,286,7,20946,0,2,4,5,11,245,At Risk
1059,Amanda Gallegos,588,5,12194,0,1,3,3,7,133,At Risk
1062,Justin Buckley,386,7,22645,0,2,4,5,11,245,At Risk
1063,Lindsey Wong,320,6,15335,0,2,4,4,10,244,At Risk
1076,Elizabeth Riley,310,6,19801,0,2,4,5,11,245,At Risk
1094,Jesse Tran,525,5,16326,0,1,3,4,8,134,At Risk
1101,Gerald Collins DDS,923,6,15131,0,1,4,4,9,144,At Risk
1102,Shawn Sanchez,412,7,21035,0,2,4,5,11,245,At Risk
1104,Ronald Edwards,501,8,20760,1,1,5,5,11,155,At Risk
1106,Dawn Charles,441,5,14493,1,1,3,3,7,133,At Risk
1108,Joseph Lynch,352,7,15741,1,2,4,4,10,244,At Risk
1114,Don Sullivan,385,5,14205,0,2,3,3,8,233,At Risk
1119,Kaitlyn Carter,294,6,19588,0,2,4,5,11,245,At Risk
1120,Phyllis Wood,253,9,25185,0,2,5,5,12,255,At Risk
1123,Jamie Gutierrez,362,10,23407,1,2,5,5,12,255,At Risk
1129,Breanna Jones,468,5,13223,0,1,3,3,7,133,At Risk
1130,Megan Gonzalez,281,7,13711,0,2,4,3,9,243,At Risk
1143,Rebecca Gilmore,508,7,18372,1,1,4,4,9,144,At Risk
1150,Melinda Franklin,302,6,17624,0,2,4,4,10,244,At Risk
1161,Frank Bender,416,9,24138,1,2,5,5,12,255,At Risk
1164,Whitney Anderson,372,7,15360,1,2,4,4,10,244,At Risk
1167,Scott Maynard,539,6,18460,0,1,4,4,9,144,At Risk
1168,Jonathon Gonzalez,535,6,17610,0,1,4,4,9,144,At Risk
1172,Stephanie Carroll,357,5,12459,0,2,3,3,8,233,At Risk
1192,Christina Nielsen,271,8,16489,0,2,5,4,11,254,At Risk
1199,Dr. Taylor Carr,299,5,17035,0,2,3,4,9,234,At Risk
1209,Paul Wallace,396,5,16228,0,2,3,4,9,234,At Risk
1214,Timothy Yates,312,8,24283,1,2,5,5,12,255,At Risk
1221,Rachel Blair,321,7,27289,0,2,4,5,11,245,At Risk
1223,Mark Olson,387,7,20726,0,2,4,5,11,245,At Risk
1225,Ryan Mendez,264,6,15186,0,2,4,4,10,244,At Risk
1239,John Jacobs,524,7,18348,0,1,4,4,9,144,At Risk
1242,Anna Foster,330,5,16088,0,2,3,4,9,234,At Risk
1251,Samantha Bowers,515,9,19768,0,1,5,5,11,155,At Risk
1252,Ian Johnston,479,6,14168,0,1,4,3,8,143,At Risk
1254,Oscar Smith,405,6,12878,0,2,4,3,9,243,At Risk
1269,Kimberly Smith,670,6,18043,0,1,4,4,9,144,At Risk
1285,Kenneth Burgess,273,9,26841,1,2,5,5,12,255,At Risk
1287,Kelsey Martin,409,8,23369,0,2,5,5,12,255,At Risk
1293,Michael Ferguson,326,10,19501,0,2,5,5,12,255,At Risk
1312,Raven Buckley,393,6,16322,0,2,4,4,10,244,At Risk
1314,Kenneth Stuart,426,7,22843,0,2,4,5,11,245,At Risk
1323,Antonio Brady,434,5,14514,0,1,3,3,7,133,At Risk
1334,Katie Carter,601,5,13913,0,1,3,3,7,133,At Risk
1336,Joseph Trevino,365,6,11944,0,2,4,3,9,243,At Risk
1338,Michael Costa,361,5,12319,0,2,3,3,8,233,At Risk
1349,Jose Black,263,5,12248,0,2,3,3,8,233,At Risk
1356,Terrence Gray,548,7,16964,0,1,4,4,9,144,At Risk
1357,Mark Graham,376,7,25851,0,2,4,5,11,245,At Risk
1361,Jose Johnson,250,5,14097,1,2,3,3,8,233,At Risk
1366,Ronald Carter II,443,6,19703,0,1,4,5,10,145,At Risk
1377,Christina Harris,330,5,14844,0,2,3,4,9,234,At Risk
1379,Robert Bennett,341,11,30394,0,2,5,5,12,255,At Risk
1395,Amy Luna,401,6,15699,0,2,4,4,10,244,At Risk
1396,Steven Evans,367,5,14954,0,2,3,4,9,234,At Risk
1401,Robert Diaz,347,8,21474,0,2,5,5,12,255,At Risk
1402,Jeffery Marshall,386,5,19604,1,2,3,5,10,235,At Risk
1411,Hunter Bolton,267,5,12195,0,2,3,3,8,233,At Risk
1418,Robert Lee,269,5,17684,0,2,3,4,9,234,At Risk
1440,Caroline Taylor,426,6,14664,0,2,4,3,9,243,At Risk
1478,Rebecca Stewart,320,5,12762,0,2,3,3,8,233,At Risk
1482,Roger Thompson,312,6,15103,0,2,4,4,10,244,At Risk
1494,Melissa Koch,382,6,20636,0,2,4,5,11,245,At Risk
1495,Anna Rodriguez,328,8,19846,1,2,5,5,12,255,At Risk
1497,Kelly Mcgee,315,6,18242,0,2,4,4,10,244,At Risk
1501,Mike Reed,430,7,18328,0,1,4,4,9,144,At Risk
1517,Crystal Gonzalez,268,5,13391,0,2,3,3,8,233,At Risk
1528,Jim Taylor,295,9,27527,0,2,5,5,12,255,At Risk
1533,Nicole Simmons,395,6,16852,0,2,4,4,10,244,At Risk
1540,Frederick Odonnell,738,8,22410,0,1,5,5,11,155,At Risk
1568,Jill Taylor,300,8,17703,1,2,5,4,11,254,At Risk
1571,Jacqueline Berry,311,5,13555,0,2,3,3,8,233,At Risk
1576,Andrew Roman,394,5,12995,1,2,3,3,8,233,At Risk
1581,Elizabeth Garcia,384,10,25920,0,2,5,5,12,255,At Risk
1585,Jeff Espinoza,388,6,20023,0,2,4,5,11,245,At Risk
1594,Melissa Williams,268,7,14541,0,2,4,3,9,243,At Risk
1598,Joel Price,292,6,14824,0,2,4,4,10,244,At Risk
1600,Joshua Sanchez,307,7,15851,0,2,4,4,10,244,At Risk
1601,Ashley Coleman,399,5,14739,0,2,3,3,8,233,At Risk
1602,Kristen Kane,455,5,14619,0,1,3,3,7,133,At Risk
1615,Patrick Meza,618,5,20234,0,1,3,5,9,135,At Risk
1622,Jennifer Lee,306,7,19697,0,2,4,5,11,245,At Risk
1641,David Martin,384,7,18558,0,2,4,4,10,244,At Risk
1646,Michael Sandoval,308,7,18564,0,2,4,4,10,244,At Risk
1648,Steven Cook,718,5,16255,0,1,3,4,8,134,At Risk
1649,Timothy Diaz,563,5,15000,0,1,3,4,8,134,At Risk
1656,Stephanie Griffin,727,5,18233,0,1,3,4,8,134,At Risk
1663,Kelsey Jones,458,5,17156,0,1,3,4,8,134,At Risk
1678,Brandon Ramsey,299,5,13917,0,2,3,3,8,233,At Risk
1696,Mrs. Erin Hoffman,484,6,14825,1,1,4,4,9,144,At Risk
1701,Michelle Wolfe,311,7,20314,1,2,4,5,11,245,At Risk
1703,Charles Mendez,455,7,21208,0,1,4,5,10,145,At Risk
1713,Emily Olsen,396,6,22713,0,2,4,5,11,245,At Risk
1722,Cody Hahn,316,7,22279,0,2,4,5,11,245,At Risk
1733,Shawn Robinson,288,5,13740,0,2,3,3,8,233,At Risk
1734,Kim Lee,385,5,17792,0,2,3,4,9,234,At Risk
1737,Michelle Schneider,311,5,15557,0,2,3,4,9,234,At Risk
1740,John Murphy,504,10,30678,0,1,5,5,11,155,At Risk
1753,Joseph Vargas,273,9,26597,0,2,5,5,12,255,At Risk
1766,Tyler Huynh,273,5,11657,0,2,3,3,8,233,At Risk
1767,Tammy Wilson,489,5,15631,0,1,3,4,8,134,At Risk
1783,James Cook,585,7,17376,0,1,4,4,9,144,At Risk
1785,April Rosales,412,6,20450,0,2,4,5,11,245,At Risk
1798,James Savage,321,8,22216,0,2,5,5,12,255,At Risk
1800,Bryan Smith,263,5,11562,0,2,3,3,8,233,At Risk
1802,James Mendoza,491,5,11965,0,1,3,3,7,133,At Risk
1803,Paul Clark,480,6,13420,0,1,4,3,8,143,At Risk
1831,Stephen Erickson,412,5,16552,0,2,3,4,9,234,At Risk
1834,Anthony Thomas,264,5,13043,0,2,3,3,8,233,At Risk
1835,Shelia Barry,605,5,11522,0,1,3,3,7,133,At Risk
1848,Gary Hernandez,379,5,12908,1,2,3,3,8,233,At Risk
1849,Karen Warren,334,5,12252,0,2,3,3,8,233,At Risk
1852,Sarah Salinas,248,6,16151,0,2,4,4,10,244,At Risk
1857,Erica Mcconnell,268,6,16830,0,2,4,4,10,244,At Risk
1867,Patricia Robertson,728,5,11701,1,1,3,3,7,133,At Risk
1877,Greg Perkins,300,6,15231,0,2,4,4,10,244,At Risk
1888,Rebecca Oneill,284,5,15252,0,2,3,4,9,234,At Risk
1909,Patricia Campbell,383,8,23771,0,2,5,5,12,255,At Risk
1920,Christina Fitzgerald,324,6,22378,0,2,4,5,11,245,At Risk
1928,Edward Villanueva,257,6,13561,0,2,4,3,9,243,At Risk
1930,Andrea Crawford,316,6,16535,0,2,4,4,10,244,At Risk
1947,Charles David,604,6,14063,0,1,4,3,8,143,At Risk
1948,Eric Stanton,793,5,19487,0,1,3,5,9,135,At Risk
1964,Kristin Nguyen,289,7,20601,0,2,4,5,11,245,At Risk
1967,Timothy Warner,434,6,20518,0,1,4,5,10,145,At Risk
1968,Denise Lewis,480,5,13163,0,1,3,3,7,133,At Risk
1970,Charles Mueller,464,5,12132,0,1,3,3,7,133,At Risk
1975,Heather Kent,260,7,23146,1,2,4,5,11,245,At Risk
1976,Danny Morgan,382,5,12814,1,2,3,3,8,233,At Risk
1980,Michael Gonzales,337,7,16233,0,2,4,4,10,244,At Risk
1984,Rachel Riley,296,7,18041,0,2,4,4,10,244,At Risk
1989,Joseph Mcbride,417,6,20466,0,2,4,5,11,245,At Risk
1994,Thomas Li,286,5,20175,0,2,3,5,10,235,At Risk
1995,Samantha Jackson,259,6,15835,0,2,4,4,10,244,At Risk
2000,William Perez,306,6,15548,0,2,4,4,10,244,At Risk
2001,Christopher Hester,561,5,13682,0,1,3,3,7,133,At Risk
2003,Julia Smith,284,7,23949,0,2,4,5,11,245,At Risk
2014,Matthew Long,553,6,16553,0,1,4,4,9,144,At Risk
2025,Sergio Mason,248,6,15097,0,2,4,4,10,244,At Risk
2029,Steven Villarreal,273,5,17474,0,2,3,4,9,234,At Risk
2034,James Jackson,262,5,12010,0,2,3,3,8,233,At Risk
2043,Brian Sullivan,293,6,16719,0,2,4,4,10,244,At Risk
2053,Alexa Nichols,290,6,12386,1,2,4,3,9,243,At Risk
2066,Michael Le,366,7,25097,0,2,4,5,11,245,At Risk
2071,Aaron Sullivan,667,6,21604,0,1,4,5,10,145,At Risk
2074,Kristy Soto,390,7,23437,0,2,4,5,11,245,At Risk
2079,John Garcia,590,5,11927,0,1,3,3,7,133,At Risk
2086,Stacy Martinez,309,5,12778,0,2,3,3,8,233,At Risk
2090,Kurt Friedman,371,7,12605,0,2,4,3,9,243,At Risk
2113,Jill Pham,246,5,19466,0,2,3,5,10,235,At Risk
2114,Michelle Oconnor,323,6,17244,0,2,4,4,10,244,At Risk
2115,Sandra Griffith,274,9,18638,0,2,5,4,11,254,At Risk
2120,Laurie Henry,280,8,12457,1,2,5,3,10,253,At Risk
2122,Trevor Harris,251,6,18085,1,2,4,4,10,244,At Risk
2126,Jason Dixon,320,6,15548,0,2,4,4,10,244,At Risk
2136,Mrs. Andrea Cooper PhD,642,8,28210,0,1,5,5,11,155,At Risk
2155,Michael Thompson,368,7,24571,0,2,4,5,11,245,At Risk
2160,Ebony Haynes,579,5,19677,0,1,3,5,9,135,At Risk
2161,Caitlin Chan,290,7,17534,0,2,4,4,10,244,At Risk
2163,Paige Luna,519,5,14868,0,1,3,4,8,134,At Risk
2199,Mark Soto,447,5,13076,0,1,3,3,7,133,At Risk
2203,Kenneth Nguyen,441,6,20906,0,1,4,5,10,145,At Risk
2204,Aaron Murray,257,5,16586,1,2,3,4,9,234,At Risk
2214,Jose Leach,350,6,13828,0,2,4,3,9,243,At Risk
2226,Darlene Miller,430,5,15701,0,1,3,4,8,134,At Risk
2235,Matthew Williams,458,6,20597,0,1,4,5,10,145,At Risk
2239,Willie Moore,386,5,13050,0,2,3,3,8,233,At Risk
2248,Michelle Jones,281,5,16261,0,2,3,4,9,234,At Risk
2268,Russell Campbell,311,7,21349,0,2,4,5,11,245,At Risk
2269,Shelley Simpson,465,5,11638,0,1,3,3,7,133,At Risk
2278,Ronald Saunders,793,5,12671,0,1,3,3,7,133,At Risk
2279,Michael Hart,531,7,20306,0,1,4,5,10,145,At Risk
2291,Bradley Oconnell Jr.,315,5,14961,0,2,3,4,9,234,At Risk
2298,Deborah White,736,5,13165,0,1,3,3,7,133,At Risk
2304,Mariah Ibarra,283,7,14096,0,2,4,3,9,243,At Risk
2311,Jean Hart,268,5,17695,0,2,3,4,9,234,At Risk
2317,Scott Mcfarland,312,10,28744,0,2,5,5,12,255,At Risk
2319,Mark Osborne DDS,319,9,23243,1,2,5,5,12,255,At Risk
2320,Alexis Richardson,340,6,16826,0,2,4,4,10,244,At Risk
2323,Shawn Watkins,245,6,13615,0,2,4,3,9,243,At Risk
2325,Stephen Sutton,339,9,31436,0,2,5,5,12,255,At Risk
2336,Todd Hensley,343,5,14545,0,2,3,3,8,233,At Risk
2341,Karen Collins,401,5,16649,0,2,3,4,9,234,At Risk
2345,Wesley Whitaker,311,7,21871,0,2,4,5,11,245,At Risk
2352,Karen Ray,814,6,16783,1,1,4,4,9,144,At Risk
2353,Ashley Walton,405,7,14368,0,2,4,3,9,243,At Risk
2361,Jennifer Simmons,639,5,15916,0,1,3,4,8,134,At Risk
2366,Steven Jones,403,5,16898,0,2,3,4,9,234,At Risk
2389,Keith Williams,512,7,21218,0,1,4,5,10,145,At Risk
2398,Colleen Rich,573,6,18864,0,1,4,4,9,144,At Risk
2399,Mia Torres,466,6,22604,0,1,4,5,10,145,At Risk
2403,Eric Weber,668,5,19289,0,1,3,5,9,135,At Risk
2408,Scott Schmidt,495,5,12946,0,1,3,3,7,133,At Risk
2410,Gregory Valdez,291,6,15595,0,2,4,4,10,244,At Risk
2415,Patrick Murray,364,5,14923,0,2,3,4,9,234,At Risk
2416,Jason Cox MD,522,5,16727,1,1,3,4,8,134,At Risk
2424,Henry Holloway,252,6,22767,0,2,4,5,11,245,At Risk
2426,Nicole Greene,512,11,25592,1,1,5,5,11,155,At Risk
2436,Gregory Larson,327,5,13740,0,2,3,3,8,233,At Risk
2438,Rebecca Mills,341,6,11740,0,2,4,3,9,243,At Risk
2442,George Yates,390,6,19613,0,2,4,5,11,245,At Risk
2461,Raymond Patterson,279,9,26838,0,2,5,5,12,255,At Risk
2462,Kristin Dean,425,6,21572,0,2,4,5,11,245,At Risk
2465,Lisa Flynn,372,9,31100,0,2,5,5,12,255,At Risk
2480,Scott Bauer,734,6,11528,0,1,4,3,8,143,At Risk
2482,Edward Fox,594,5,13669,0,1,3,3,7,133,At Risk
2483,Brandi Campbell,372,8,22841,0,2,5,5,12,255,At Risk
2485,Lori Davis,477,7,19776,0,1,4,5,10,145,At Risk
2499,Amy Williams,344,5,18067,0,2,3,4,9,234,At Risk
2503,Ryan Jones,251,7,20100,0,2,4,5,11,245,At Risk
2508,Kimberly Thomas,554,5,12271,0,1,3,3,7,133,At Risk
2523,Jennifer Harris,923,5,13060,0,1,3,3,7,133,At Risk
2528,Amanda Schwartz,378,7,18097,0,2,4,4,10,244,At Risk
2529,Cory Lewis,252,10,27200,0,2,5,5,12,255,At Risk
2534,Jon Blackburn,288,6,13685,0,2,4,3,9,243,At Risk
2539,Nicole Wheeler,525,6,18006,0,1,4,4,9,144,At Risk
2543,Bonnie Peck,244,7,14183,0,2,4,3,9,243,At Risk
2553,Beth Cooper,360,6,17245,0,2,4,4,10,244,At Risk
2560,Michelle Graham,405,5,15145,1,2,3,4,9,234,At Risk
2572,Valerie Flores,451,6,16415,0,1,4,4,9,144,At Risk
2579,Alexa Edwards,497,5,16625,0,1,3,4,8,134,At Risk
2584,Logan Williams,260,6,17453,0,2,4,4,10,244,At Risk
2590,James Brown,280,6,21941,0,2,4,5,11,245,At Risk
2592,Joshua Weaver,523,5,18488,0,1,3,4,8,134,At Risk
2602,James Roberts,330,5,14567,0,2,3,3,8,233,At Risk
2610,Colleen Ramirez,446,5,13345,0,1,3,3,7,133,At Risk
2611,Jessica Smith,617,5,19768,1,1,3,5,9,135,At Risk
2625,Joe Baker,557,6,16023,0,1,4,4,9,144,At Risk
2634,Megan Faulkner,255,7,11628,0,2,4,3,9,243,At Risk
2642,Kelsey Le,338,6,18509,0,2,4,4,10,244,At Risk
2644,Larry Mitchell,289,6,19070,1,2,4,4,10,244,At Risk
2653,Charles Carter,432,7,17952,0,1,4,4,9,144,At Risk
2655,Nicholas Smith,420,6,14873,0,2,4,4,10,244,At Risk
2663,Jill Cook,380,7,22895,0,2,4,5,11,245,At Risk
2679,Marissa Ball,246,6,14044,0,2,4,3,9,243,At Risk
2692,Luis Wilcox,561,5,14976,1,1,3,4,8,134,At Risk
2698,Walter Hughes,341,9,21018,1,2,5,5,12,255,At Risk
2705,Jeanette Thompson,335,6,21497,0,2,4,5,11,245,At Risk
2709,Omar Powell,316,10,33803,0,2,5,5,12,255,At Risk
2711,Jaclyn Carroll,561,9,24522,0,1,5,5,11,155,At Risk
2712,Samantha Mendez,605,5,16149,1,1,3,4,8,134,At Risk
2733,Kimberly Collins,365,6,15239,0,2,4,4,10,244,At Risk
2739,Nicole Davis,331,7,24920,0,2,4,5,11,245,At Risk
2741,Elizabeth Hayes,427,9,27007,0,2,5,5,12,255,At Risk
2745,Michael Garcia,403,6,15247,0,2,4,4,10,244,At Risk
2786,Traci Hill,288,5,15162,1,2,3,4,9,234,At Risk
2788,Kelly Buck,277,6,18297,1,2,4,4,10,244,At Risk
2790,Johnny George,293,9,20750,0,2,5,5,12,255,At Risk
2791,Mrs. Michelle Johnson MD,382,6,18291,0,2,4,4,10,244,At Risk
2808,Brian Velasquez,262,10,21963,1,2,5,5,12,255,At Risk
2832,William Riggs,782,5,21363,1,1,3,5,9,135,At Risk
2833,Jennifer Pham,333,11,28554,1,2,5,5,12,255,At Risk
2840,Eric Phillips,390,8,14493,0,2,5,3,10,253,At Risk
2843,Elizabeth Lewis,253,6,16064,0,2,4,4,10,244,At Risk
2857,Jonathan Thomas,498,5,14531,0,1,3,3,7,133,At Risk
2863,Debbie Smith,414,8,28002,0,2,5,5,12,255,At Risk
2867,Carrie Friedman,261,7,16292,0,2,4,4,10,244,At Risk
2876,Michael Wong,373,9,19786,0,2,5,5,12,255,At Risk
2889,Jason Gonzales,388,7,20154,0,2,4,5,11,245,At Risk
2902,Omar Little,300,7,16487,0,2,4,4,10,244,At Risk
2910,Maria Moore,539,5,12883,0,1,3,3,7,133,At Risk
2914,Carmen Delgado,255,8,22383,0,2,5,5,12,255,At Risk
2919,Brian Ward,256,10,32027,0,2,5,5,12,255,At Risk
2921,Lisa Scott,344,6,21201,1,2,4,5,11,245,At Risk
2923,Ariana Padilla,641,6,15241,0,1,4,4,9,144,At Risk
2924,Michael Peters,443,5,11900,1,1,3,3,7,133,At Risk
2925,Susan Jackson,302,7,17474,0,2,4,4,10,244,At Risk
2937,Dawn Moreno,244,7,20970,0,2,4,5,11,245,At Risk
2942,Paul Turner,392,9,29168,0,2,5,5,12,255,At Risk
2948,Dr. Jonathan Mccall MD,334,7,17173,0,2,4,4,10,244,At Risk
2949,Robert Franco Jr.,488,6,17059,0,1,4,4,9,144,At Risk
2959,Alison Cervantes,479,6,12367,0,1,4,3,8,143,At Risk
2965,April Richardson,278,5,16504,1,2,3,4,9,234,At Risk
2974,Dawn Clark,333,6,13693,0,2,4,3,9,243,At Risk
2987,Bradley Brown,608,5,12069,0,1,3,3,7,133,At Risk
2988,Kimberly Wilson,286,5,14343,0,2,3,3,8,233,At Risk
2992,John Hayes,293,7,18540,0,2,4,4,10,244,At Risk
3009,Julia Allen,566,8,21941,0,1,5,5,11,155,At Risk
3011,Richard Hamilton,328,6,21541,1,2,4,5,11,245,At Risk
3026,Joseph Taylor,259,6,17485,0,2,4,4,10,244,At Risk
3031,Christine Diaz,260,7,22447,0,2,4,5,11,245,At Risk
3035,Donna Gonzalez,486,6,16817,0,1,4,4,9,144,At Risk
3048,Jennifer Swanson,428,5,12711,0,1,3,3,7,133,At Risk
3050,Michelle Wood,451,6,21152,0,1,4,5,10,145,At Risk
3065,Danielle Hernandez,385,7,16744,0,2,4,4,10,244,At Risk
3068,Isabel Morris,292,7,15296,0,2,4,4,10,244,At Risk
3073,Rebecca Watson,353,6,12486,0,2,4,3,9,243,At Risk
3084,Willie Montoya,255,7,16431,0,2,4,4,10,244,At Risk
3085,Patricia Byrd,538,6,21048,1,1,4,5,10,145,At Risk
3089,Kristen Meyer,399,6,12499,0,2,4,3,9,243,At Risk
3102,Rachel Martinez,250,8,17285,0,2,5,4,11,254,At Risk
3106,Brian Martin,276,7,14270,0,2,4,3,9,243,At Risk
3108,Veronica Gonzales,576,6,19330,0,1,4,5,10,145,At Risk
3113,Dalton Norton,498,6,13784,0,1,4,3,8,143,At Risk
3118,Cory Wheeler,331,6,13566,0,2,4,3,9,243,At Risk
3120,Elizabeth Huang,399,5,15773,0,2,3,4,9,234,At Risk
3124,Jose Anderson,413,6,21588,0,2,4,5,11,245,At Risk
3164,Jeremy Jacobs,408,6,19351,0,2,4,5,11,245,At Risk
3214,Calvin Allison,250,10,33284,0,2,5,5,12,255,At Risk
3226,Anna Wilkinson,376,7,16656,0,2,4,4,10,244,At Risk
3232,Abigail Torres,385,5,16210,0,2,3,4,9,234,At Risk
3234,Cynthia Arias,465,5,20145,1,1,3,5,9,135,At Risk
3236,Jack Richards,429,6,15248,0,1,4,4,9,144,At Risk
3248,Mrs. Jamie Palmer DVM,301,5,13367,0,2,3,3,8,233,At Risk
3265,Charles Holt,318,5,13948,1,2,3,3,8,233,At Risk
3266,Eddie Perry,244,5,13871,0,2,3,3,8,233,At Risk
3280,Jason Park,522,7,20994,0,1,4,5,10,145,At Risk
3282,Amanda Morales,470,7,17961,1,1,4,4,9,144,At Risk
3287,Brian Mccoy,287,5,12251,1,2,3,3,8,233,At Risk
3289,Jeffrey Baker,286,5,14010,0,2,3,3,8,233,At Risk
3291,Anthony Cunningham,320,9,30205,1,2,5,5,12,255,At Risk
3292,Adam Myers,291,7,22153,0,2,4,5,11,245,At Risk
3293,Kelly Castillo,247,8,29021,1,2,5,5,12,255,At Risk
3295,Brian Wu,662,6,17474,0,1,4,4,9,144,At Risk
3298,Roger Hamilton,381,7,17687,0,2,4,4,10,244,At Risk
3303,Barbara Wilson,271,5,15989,1,2,3,4,9,234,At Risk
3310,Benjamin Williamson,385,5,12792,1,2,3,3,8,233,At Risk
3312,Cynthia Dalton,488,6,14532,0,1,4,3,8,143,At Risk
3318,Curtis Brown,387,5,14096,0,2,3,3,8,233,At Risk
3351,William Richardson,265,6,17422,0,2,4,4,10,244,At Risk
3353,Deborah Clark,280,9,19599,0,2,5,5,12,255,At Risk
3362,Stephanie Sutton,305,6,15371,1,2,4,4,10,244,At Risk
3371,Jacqueline Savage,366,5,17432,0,2,3,4,9,234,At Risk
3376,Joyce Miller,402,5,22199,0,2,3,5,10,235,At Risk
3385,Kristine White,335,6,17344,0,2,4,4,10,244,At Risk
3400,Sheri Webb,473,6,16913,0,1,4,4,9,144,At Risk
3410,Suzanne Carter,301,6,14291,0,2,4,3,9,243,At Risk
3412,Susan Garcia,261,5,12323,0,2,3,3,8,233,At Risk
3414,Martha Hayes,310,6,13201,0,2,4,3,9,243,At Risk
3445,Julian Simmons,536,5,18910,0,1,3,4,8,134,At Risk
3449,Kevin Matthews,281,6,15300,0,2,4,4,10,244,At Risk
3490,Kyle Long,321,6,17588,0,2,4,4,10,244,At Risk
3498,Michael Little,321,5,18868,1,2,3,4,9,234,At Risk
3502,Olivia Burke,262,9,18366,0,2,5,4,11,254,At Risk
3504,Michelle Dunlap,269,6,14983,0,2,4,4,10,244,At Risk
3506,William Conway,584,5,15593,1,1,3,4,8,134,At Risk
3508,Heather Spencer,329,7,23390,1,2,4,5,11,245,At Risk
3509,Jimmy Campos,350,8,22975,0,2,5,5,12,255,At Risk
3510,Christopher Burnett,381,6,23792,0,2,4,5,11,245,At Risk
3513,Tiffany Evans,248,10,22413,1,2,5,5,12,255,At Risk
3519,Sheila Salinas,385,8,20839,0,2,5,5,12,255,At Risk
3521,Darryl Tucker,450,7,22929,1,1,4,5,10,145,At Risk
3524,Kathleen Gardner,406,6,19467,0,2,4,5,11,245,At Risk
3529,James Smith,353,7,26154,0,2,4,5,11,245,At Risk
3532,Daniel Brown,293,6,14454,0,2,4,3,9,243,At Risk
3538,Amanda Smith,325,5,17442,1,2,3,4,9,234,At Risk
3541,Andrew Carpenter,570,5,19201,0,1,3,4,8,134,At Risk
3547,Michael Stanley,315,6,15883,0,2,4,4,10,244,At Risk
3548,Randy Duffy,409,6,16019,0,2,4,4,10,244,At Risk
3549,Patricia Paul,344,7,15081,0,2,4,4,10,244,At Risk
3562,Rhonda West,442,8,21007,1,1,5,5,11,155,At Risk
3580,Stephanie Graves,321,6,20256,0,2,4,5,11,245,At Risk
3590,Michael Moran,498,5,13527,0,1,3,3,7,133,At Risk
3592,Mark Vasquez,248,5,14663,0,2,3,3,8,233,At Risk
3595,Nicole Maxwell,380,6,12647,0,2,4,3,9,243,At Risk
3602,Peter Dyer,279,8,22952,0,2,5,5,12,255,At Risk
3610,Megan Garrett,500,5,13984,0,1,3,3,7,133,At Risk
3617,Dr. Nicole Smith,325,6,13014,1,2,4,3,9,243,At Risk
3618,Andrew Phillips,328,5,13580,0,2,3,3,8,233,At Risk
3622,Dr. Christopher Greene,561,5,15188,1,1,3,4,8,134,At Risk
3644,Maria Conner,260,8,27475,0,2,5,5,12,255,At Risk
3646,Jessica Robinson,613,5,17031,0,1,3,4,8,134,At Risk
3651,Brittany Hensley,605,5,12176,0,1,3,3,7,133,At Risk
3652,Richard Wilcox,260,7,19145,1,2,4,4,10,244,At Risk
3656,Margaret Bond,373,5,19147,0,2,3,4,9,234,At Risk
3670,Kaylee Davis,407,7,28704,1,2,4,5,11,245,At Risk
3671,Christopher Quinn,389,8,24916,1,2,5,5,12,255,At Risk
3673,Jessica Ortiz,639,5,14344,0,1,3,3,7,133,At Risk
3680,Alex Weaver,449,7,15334,0,1,4,4,9,144,At Risk
3684,Carol Sweeney,367,7,23558,0,2,4,5,11,245,At Risk
3687,Lindsay Brown,395,7,19830,0,2,4,5,11,245,At Risk
3693,Kenneth Le,295,8,24994,0,2,5,5,12,255,At Risk
3696,Keith Young,368,6,15678,0,2,4,4,10,244,At Risk
3698,Ryan Johnson,314,8,17106,0,2,5,4,11,254,At Risk
3700,Mark Bates,348,8,22740,0,2,5,5,12,255,At Risk
3703,Ray Wells,541,9,23106,0,1,5,5,11,155,At Risk
3704,Sherry Hill,387,6,13938,0,2,4,3,9,243,At Risk
3705,Thomas Mitchell,275,10,25677,0,2,5,5,12,255,At Risk
3708,Mr. Brett Mosley,746,6,15007,0,1,4,4,9,144,At Risk
3714,Daisy Townsend,509,5,14338,0,1,3,3,7,133,At Risk
3715,Mrs. Tonya Rodriguez,445,6,16346,0,1,4,4,9,144,At Risk
3731,Vanessa Cruz,370,6,20172,1,2,4,5,11,245,At Risk
3734,Joshua Long,607,5,19860,0,1,3,5,9,135,At Risk
3743,Kevin Roberts,346,6,22939,0,2,4,5,11,245,At Risk
3750,Andrea Baker,642,5,19158,1,1,3,4,8,134,At Risk
3760,Gabriel Owens,254,7,18438,0,2,4,4,10,244,At Risk
3774,Jacob Ramirez,294,5,11733,1,2,3,3,8,233,At Risk
3775,Melissa Gonzalez,554,5,12403,0,1,3,3,7,133,At Risk
3777,Jennifer Pierce,294,6,12105,0,2,4,3,9,243,At Risk
3778,John Mcneil,291,7,17751,0,2,4,4,10,244,At Risk
3780,Kevin Gomez,582,6,14453,0,1,4,3,8,143,At Risk
3801,Melissa Olson,361,9,22331,0,2,5,5,12,255,At Risk
3820,Ronald Chandler,314,8,27572,0,2,5,5,12,255,At Risk
3831,Melvin Phillips,534,7,20381,0,1,4,5,10,145,At Risk
3840,James Cobb,332,6,16512,1,2,4,4,10,244,At Risk
3843,Shelly Higgins,579,5,12807,0,1,3,3,7,133,At Risk
3845,Jesse Brewer,252,5,14741,0,2,3,3,8,233,At Risk
3848,William Roberts,285,6,19776,0,2,4,5,11,245,At Risk
3854,Karen Ramirez,322,7,17398,0,2,4,4,10,244,At Risk
3859,Stephanie Allen,309,7,14510,0,2,4,3,9,243,At Risk
3861,Shari Henderson,289,7,12069,0,2,4,3,9,243,At Risk
3863,Francis Hurley,434,5,12579,0,1,3,3,7,133,At Risk
3873,Michael Carpenter,337,5,13810,0,2,3,3,8,233,At Risk
3874,Leslie Walker,492,7,14505,1,1,4,3,8,143,At Risk
3879,Jason Jackson,385,8,27333,1,2,5,5,12,255,At Risk
3882,Ronald Richards,530,5,13080,1,1,3,3,7,133,At Risk
3888,Adam Hill,293,8,28700,0,2,5,5,12,255,At Risk
3889,Robert Evans,354,6,16433,0,2,4,4,10,244,At Risk
3908,Thomas Roberts,304,8,20333,1,2,5,5,12,255,At Risk
3912,Bonnie Rodriguez,245,5,16978,1,2,3,4,9,234,At Risk
3914,Jessica Hernandez,291,6,14306,0,2,4,3,9,243,At Risk
3921,Kevin Barron,277,6,17323,0,2,4,4,10,244,At Risk
3924,Cynthia Hernandez,248,7,19226,0,2,4,4,10,244,At Risk
3934,Andrew Peterson,397,5,15685,0,2,3,4,9,234,At Risk
3936,Tina Taylor,657,6,11691,0,1,4,3,8,143,At Risk
3938,Cassandra Mcdonald,393,5,17144,0,2,3,4,9,234,At Risk
3945,Toni Morrow,581,6,19992,0,1,4,5,10,145,At Risk
3958,Bryan Blake,287,6,18970,0,2,4,4,10,244,At Risk
3959,Donald Marshall,275,8,25145,0,2,5,5,12,255,At Risk
3972,Casey Pierce,264,5,11742,0,2,3,3,8,233,At Risk
3980,Samantha Rodriguez,414,5,14153,0,2,3,3,8,233,At Risk
3985,Evan Roach,602,6,17895,0,1,4,4,9,144,At Risk
3989,Scott Collier,392,5,14812,0,2,3,4,9,234,At Risk
3998,Sharon Williams,340,5,11479,0,2,3,3,8,233,At Risk
4004,Victor Obrien DVM,350,6,18559,1,2,4,4,10,244,At Risk
4010,Danielle Floyd,327,6,15968,0,2,4,4,10,244,At Risk
4014,Amber Gregory,282,8,15536,0,2,5,4,11,254,At Risk
4017,Timothy Garrett,534,8,19780,0,1,5,5,11,155,At Risk
4020,Jeffrey Mccann,252,7,18996,0,2,4,4,10,244,At Risk
4023,Neil Patrick,322,5,15576,1,2,3,4,9,234,At Risk
4033,Desiree Reed,335,5,19131,0,2,3,4,9,234,At Risk
4036,Caitlyn Green,312,5,17918,0,2,3,4,9,234,At Risk
4040,Holly Cook,336,6,18736,1,2,4,4,10,244,At Risk
4041,Diane Gates,363,6,14830,0,2,4,4,10,244,At Risk
4046,Linda Fry,289,7,22215,0,2,4,5,11,245,At Risk
4047,Tiffany Hardy,308,5,13717,0,2,3,3,8,233,At Risk
4050,James Stephens,338,5,14745,0,2,3,3,8,233,At Risk
4052,April Adams,304,6,15218,0,2,4,4,10,244,At Risk
4061,Lorraine Wood,620,5,12890,0,1,3,3,7,133,At Risk
4086,Ashley Walter,772,5,18205,0,1,3,4,8,134,At Risk
4089,Shannon Frazier,444,5,12591,0,1,3,3,7,133,At Risk
4100,Amanda Mclaughlin,320,6,16888,0,2,4,4,10,244,At Risk
4118,Samantha Miles,280,8,19090,0,2,5,4,11,254,At Risk
4121,Jeanne Morgan,367,9,26219,0,2,5,5,12,255,At Risk
4135,Eric Watson,250,10,31943,0,2,5,5,12,255,At Risk
4138,Lawrence Clark,281,7,24160,0,2,4,5,11,245,At Risk
4149,Anthony Wheeler,374,5,13357,1,2,3,3,8,233,At Risk
4173,Mark Pugh,706,5,14220,1,1,3,3,7,133,At Risk
4194,Kathleen Wheeler,862,6,20606,0,1,4,5,10,145,At Risk
4208,Donald Bryant,367,5,16048,0,2,3,4,9,234,At Risk
4210,Richard Bennett,418,5,14886,0,2,3,4,9,234,At Risk
4214,Emily Christian,517,6,16059,0,1,4,4,9,144,At Risk
4222,Brandon Valentine,491,7,21522,0,1,4,5,10,145,At Risk
4231,James Morgan,558,7,12574,0,1,4,3,8,143,At Risk
4240,Susan Chan,616,5,13467,0,1,3,3,7,133,At Risk
4275,Katie Ruiz,786,8,23678,1,1,5,5,11,155,At Risk
4276,Jessica Massey,593,7,21349,0,1,4,5,10,145,At Risk
4285,April Singh,323,6,15024,0,2,4,4,10,244,At Risk
4287,Melissa Lyons,487,6,18540,0,1,4,4,9,144,At Risk
4309,Julie Mclaughlin,413,5,18056,1,2,3,4,9,234,At Risk
4312,Jacob Patel,260,7,18869,1,2,4,4,10,244,At Risk
4313,Scott Montgomery,379,5,14125,1,2,3,3,8,233,At Risk
4314,Linda White,274,5,16438,0,2,3,4,9,234,At Risk
4326,Sara Johnson,336,7,20300,1,2,4,5,11,245,At Risk
4328,Mark Warren,642,5,12250,1,1,3,3,7,133,At Risk
4333,Cody Walker,448,6,11538,0,1,4,3,8,143,At Risk
4337,Tara Walker,461,5,12305,0,1,3,3,7,133,At Risk
4345,Robert Watson,281,5,14267,0,2,3,3,8,233,At Risk
4348,Jason Snyder,421,9,25053,0,2,5,5,12,255,At Risk
4352,Keith Olsen,330,5,16126,0,2,3,4,9,234,At Risk
4353,Jared Patel,348,6,17974,0,2,4,4,10,244,At Risk
4355,Sierra Robinson,246,6,12559,0,2,4,3,9,243,At Risk
4364,Scott Stanton,392,6,14703,1,2,4,3,9,243,At Risk
4371,Christopher Miles,313,6,13252,0,2,4,3,9,243,At Risk
4387,Amanda Mccarthy,341,7,22593,0,2,4,5,11,245,At Risk
4388,Susan Green,386,7,14805,1,2,4,3,9,243,At Risk
4389,Joshua Lee,473,6,19532,0,1,4,5,10,145,At Risk
4391,Hannah Woodward,289,9,21514,0,2,5,5,12,255,At Risk
4403,Robert Mcclain,418,6,15146,0,2,4,4,10,244,At Risk
4409,Eric Johnston,370,7,15130,1,2,4,4,10,244,At Risk
4412,Jessica Thomas,431,5,14823,0,1,3,4,8,134,At Risk
4428,Heidi Davis,615,5,17999,0,1,3,4,8,134,At Risk
4429,Shannon Pena,263,5,12241,1,2,3,3,8,233,At Risk
4438,Lori Thompson,884,5,13223,1,1,3,3,7,133,At Risk
4442,Michael Perez,472,6,13248,0,1,4,3,8,143,At Risk
4461,Michelle Frazier,282,5,17531,1,2,3,4,9,234,At Risk
4462,Clarence Lyons,548,5,14074,0,1,3,3,7,133,At Risk
4464,Joshua Melton,366,5,13628,1,2,3,3,8,233,At Risk
4482,Joshua Guerrero,395,6,18470,0,2,4,4,10,244,At Risk
4484,Patricia Lynch,444,5,22893,1,1,3,5,9,135,At Risk
4502,Mark Carter,679,6,16418,0,1,4,4,9,144,At Risk
4506,Wendy Roy,689,5,12080,0,1,3,3,7,133,At Risk
4514,Jessica Smith,286,7,21269,0,2,4,5,11,245,At Risk
4548,Catherine Lopez,358,6,18101,1,2,4,4,10,244,At Risk
4551,Charles Lee,291,9,23218,0,2,5,5,12,255,At Risk
4556,Jared Jennings,580,6,19869,0,1,4,5,10,145,At Risk
4557,Tracie Graves,433,6,14817,0,1,4,4,9,144,At Risk
4562,Heather Owens,310,6,12782,1,2,4,3,9,243,At Risk
4564,Tyler Smith,400,5,16041,0,2,3,4,9,234,At Risk
4565,Mike Hoffman,483,6,20535,0,1,4,5,10,145,At Risk
4572,Andrew Fernandez,262,6,15184,0,2,4,4,10,244,At Risk
4577,Kathy Bailey MD,288,5,14725,0,2,3,3,8,233,At Risk
4584,Adam Anderson,377,6,11724,0,2,4,3,9,243,At Risk
4587,Bonnie Hess,641,5,13366,0,1,3,3,7,133,At Risk
4590,Norman Black,376,5,11975,0,2,3,3,8,233,At Risk
4604,Shane Sawyer,345,10,22474,0,2,5,5,12,255,At Risk
4632,Eric Mclaughlin,245,5,12267,0,2,3,3,8,233,At Risk
4635,Leonard Osborn,329,9,15080,0,2,5,4,11,254,At Risk
4641,Leslie Smith,287,5,15667,1,2,3,4,9,234,At Risk
4657,Clayton Carey,361,5,15100,0,2,3,4,9,234,At Risk
4668,Sharon Wolf,306,9,18184,1,2,5,4,11,254,At Risk
4671,Michael Brown,352,5,17476,0,2,3,4,9,234,At Risk
4675,Lindsay Rodriguez,340,7,22434,0,2,4,5,11,245,At Risk
4681,Rose Schneider,280,10,27159,1,2,5,5,12,255,At Risk
4683,Andrew Hopkins,245,7,18479,0,2,4,4,10,244,At Risk
4687,Anthony Estrada,254,6,15156,0,2,4,4,10,244,At Risk
4699,Mrs. Ashlee Mills,329,7,15542,0,2,4,4,10,244,At Risk
4701,Catherine Smith,384,9,27467,0,2,5,5,12,255,At Risk
4709,Scott Walters,569,6,12177,0,1,4,3,8,143,At Risk
4715,Elizabeth Lee DDS,277,5,13271,0,2,3,3,8,233,At Risk
4720,Melvin Dunlap,256,5,22173,0,2,3,5,10,235,At Risk
4722,Diana Cook,386,8,12454,0,2,5,3,10,253,At Risk
4724,James Osborn,317,8,17069,1,2,5,4,11,254,At Risk
4725,Julie Ramirez,467,6,13854,0,1,4,3,8,143,At Risk
4727,James Ford,338,5,12613,0,2,3,3,8,233,At Risk
4729,Steven Miller,363,7,18323,0,2,4,4,10,244,At Risk
4730,Brandi Jones,326,5,15717,0,2,3,4,9,234,At Risk
4741,Christine Colon,528,6,11405,0,1,4,3,8,143,At Risk
4753,Laura Hines,400,5,12044,0,2,3,3,8,233,At Risk
4758,Jeffrey Ramirez,378,6,11601,1,2,4,3,9,243,At Risk
4760,Joshua Saunders,316,7,22033,0,2,4,5,11,245,At Risk
4762,David Bender,375,7,18192,0,2,4,4,10,244,At Risk
4774,Stephanie Miller,619,5,13938,0,1,3,3,7,133,At Risk
4784,Teresa Luna,337,6,14955,0,2,4,4,10,244,At Risk
4786,Dr. Peter Clark DDS,268,6,14544,1,2,4,3,9,243,At Risk
4788,Stephanie Garcia,526,8,19341,0,1,5,5,11,155,At Risk
4792,Robert Woods,278,6,12262,0,2,4,3,9,243,At Risk
4796,Mrs. Linda Dunn,514,6,11498,1,1,4,3,8,143,At Risk
4799,Christopher Hamilton,432,5,11696,0,1,3,3,7,133,At Risk
4812,Adam Wilson,378,7,15564,0,2,4,4,10,244,At Risk
4814,Hannah Perez,302,7,17768,0,2,4,4,10,244,At Risk
4821,David Parker,288,5,17037,1,2,3,4,9,234,At Risk
4828,Shawn Morales,287,7,17059,0,2,4,4,10,244,At Risk
4829,Joel Brown,264,6,19419,0,2,4,5,11,245,At Risk
4835,Mrs. Sara Shields,525,5,18565,0,1,3,4,8,134,At Risk
4850,William Harper,470,7,12810,1,1,4,3,8,143,At Risk
4853,Sarah Perez,803,5,11845,0,1,3,3,7,133,At Risk
4866,Paul Harris,260,7,24947,1,2,4,5,11,245,At Risk
4871,Stephanie Allen,411,8,24159,0,2,5,5,12,255,At Risk
4874,Raymond Adams,268,5,11406,0,2,3,3,8,233,At Risk
4876,Megan Phillips,307,8,22780,1,2,5,5,12,255,At Risk
4880,Brent Norris,546,5,18405,0,1,3,4,8,134,At Risk
4881,Sarah Chavez,259,6,12322,0,2,4,3,9,243,At Risk
4887,Willie Wyatt,321,6,21611,0,2,4,5,11,245,At Risk
4902,Michelle Townsend,469,5,15586,0,1,3,4,8,134,At Risk
4911,Brandon Potts,507,5,21471,0,1,3,5,9,135,At Risk
4923,Tonya Cook,341,7,24145,1,2,4,5,11,245,At Risk
4927,Jessica Clark,364,6,15243,0,2,4,4,10,244,At Risk
4938,Lindsay Lopez,251,6,15208,0,2,4,4,10,244,At Risk
4951,Aaron Carroll,657,8,18768,1,1,5,4,10,154,At Risk
4952,Jeremy Johnson,698,5,19380,0,1,3,5,9,135,At Risk
4966,Juan Williams,511,5,17742,0,1,3,4,8,134,At Risk
4971,Billy Solis,249,7,23082,0,2,4,5,11,245,At Risk
4972,William Miller,874,5,14319,0,1,3,3,7,133,At Risk
4980,Carly Ramirez,317,6,20962,0,2,4,5,11,245,At Risk
4987,Jessica Schneider,281,8,24979,0,2,5,5,12,255,At Risk
4997,Dr. Jack Miller,276,5,14528,0,2,3,3,8,233,At Risk
5036,Jason Garcia,571,5,12369,0,1,3,3,7,133,At Risk
5038,Michele Small,475,5,12360,0,1,3,3,7,133,At Risk
5040,Michele Burton,696,5,15958,0,1,3,4,8,134,At Risk
5042,Ian Banks,521,7,16837,0,1,4,4,9,144,At Risk
5043,Richard Arroyo,402,5,15615,0,2,3,4,9,234,At Risk
5051,Megan Moon,551,5,15881,0,1,3,4,8,134,At Risk
5060,Amy Williams,314,6,15054,0,2,4,4,10,244,At Risk
5061,Eric Flynn MD,262,6,11536,0,2,4,3,9,243,At Risk
5062,Mary Simmons,263,6,14513,0,2,4,3,9,243,At Risk
5068,David Hernandez,260,5,17058,0,2,3,4,9,234,At Risk
5075,Kelly Harvey,255,5,16813,0,2,3,4,9,234,At Risk
5084,Linda Young,378,7,24090,0,2,4,5,11,245,At Risk
5086,Mary Harris,333,6,19869,0,2,4,5,11,245,At Risk
5093,Aaron Smith,598,6,22717,0,1,4,5,10,145,At Risk
5102,Walter Yang,248,6,14320,1,2,4,3,9,243,At Risk
5105,Brandy Walters,271,8,19344,1,2,5,5,12,255,At Risk
5108,David Fowler,411,5,17921,1,2,3,4,9,234,At Risk
5122,Susan Wagner,401,5,11775,1,2,3,3,8,233,At Risk
5124,Lisa Dixon,380,7,19065,1,2,4,4,10,244,At Risk
5128,Mary Wolfe,311,6,21512,1,2,4,5,11,245,At Risk
5134,Heidi Lee,499,5,19278,0,1,3,5,9,135,At Risk
5148,Jill Hendrix,545,5,12943,0,1,3,3,7,133,At Risk
5152,Karen Campbell,425,6,16028,0,2,4,4,10,244,At Risk
5154,Heather Davis,245,6,19170,1,2,4,4,10,244,At Risk
5167,Robert Garrett,316,7,18490,0,2,4,4,10,244,At Risk
5173,Jeffrey Harvey,540,7,21460,0,1,4,5,10,145,At Risk
5177,Mark Thomas,273,6,19686,0,2,4,5,11,245,At Risk
5181,Gary Bailey,606,5,18227,0,1,3,4,8,134,At Risk
5188,Thomas Lopez,320,5,14646,0,2,3,3,8,233,At Risk
5194,Christopher Watson,807,6,17002,1,1,4,4,9,144,At Risk
5201,Theresa Hardy,400,7,22785,0,2,4,5,11,245,At Risk
5202,Sergio Macdonald,484,5,12746,0,1,3,3,7,133,At Risk
5204,Andrew Evans,440,5,17045,0,1,3,4,8,134,At Risk
5205,Danielle Allen,486,6,19277,0,1,4,5,10,145,At Risk
5208,Corey Atkins,308,7,17097,0,2,4,4,10,244,At Risk
5210,Patricia Williams,384,8,24877,0,2,5,5,12,255,At Risk
5214,William Andrade,275,5,19180,0,2,3,4,9,234,At Risk
5226,Cody Sanchez,306,6,17820,0,2,4,4,10,244,At Risk
5227,Jeremiah Berger,456,6,21001,0,1,4,5,10,145,At Risk
5234,Diamond Summers,257,6,18529,0,2,4,4,10,244,At Risk
5236,Steven Brown,534,5,16257,0,1,3,4,8,134,At Risk
5243,Jeffrey Underwood,351,5,13809,0,2,3,3,8,233,At Risk
5248,Nicholas Bradley,271,7,22834,0,2,4,5,11,245,At Risk
5250,Anna Koch,601,5,16355,0,1,3,4,8,134,At Risk
5253,Brooke Brown,318,5,13969,0,2,3,3,8,233,At Risk
5268,Nathan Carey,444,9,25430,0,1,5,5,11,155,At Risk
5276,Amanda Wilson MD,605,5,13996,0,1,3,3,7,133,At Risk
5282,Zachary Morris,415,5,12906,0,2,3,3,8,233,At Risk
5284,Christina Rios,279,5,11447,0,2,3,3,8,233,At Risk
5297,Courtney Sullivan,366,6,18476,0,2,4,4,10,244,At Risk
5302,Patricia Jackson,297,7,19338,0,2,4,5,11,245,At Risk
5308,Tina Juarez,430,5,15122,0,1,3,4,8,134,At Risk
5311,Donna Brown,263,5,14092,0,2,3,3,8,233,At Risk
5318,Dawn Francis,287,5,14863,0,2,3,4,9,234,At Risk
5330,Ann Johnson,482,6,17775,0,1,4,4,9,144,At Risk
5331,Wayne Powers,377,7,20362,1,2,4,5,11,245,At Risk
5338,Janet Jackson,458,5,11924,0,1,3,3,7,133,At Risk
5348,Lisa Williams,425,5,13365,1,2,3,3,8,233,At Risk
5363,Rachel Smith,596,6,13543,0,1,4,3,8,143,At Risk
5364,Kenneth Lee,354,5,13088,1,2,3,3,8,233,At Risk
5365,Diana Torres,562,11,22833,0,1,5,5,11,155,At Risk
5378,Carl Clark,505,5,12294,1,1,3,3,7,133,At Risk
5380,Scott Bradley,349,5,15374,0,2,3,4,9,234,At Risk
5389,Michael Hudson,589,7,20610,0,1,4,5,10,145,At Risk
5397,Elizabeth Becker,513,5,14804,1,1,3,3,7,133,At Risk
5403,Christopher Lin,295,6,11852,0,2,4,3,9,243,At Risk
5449,Robin White,389,6,14401,0,2,4,3,9,243,At Risk
5468,Sandra Pierce,248,6,17987,1,2,4,4,10,244,At Risk
5471,Joe Robinson,322,5,16324,0,2,3,4,9,234,At Risk
5477,Cameron Morgan,271,5,16008,0,2,3,4,9,234,At Risk
5483,Sandra Sims,421,7,19385,1,2,4,5,11,245,At Risk
5489,Leonard Sanchez,655,5,15284,0,1,3,4,8,134,At Risk
5496,Kyle Jones,385,5,11624,0,2,3,3,8,233,At Risk
5508,Eduardo Ayala,250,5,11337,0,2,3,3,8,233,At Risk
5510,Richard Rose,323,6,17674,0,2,4,4,10,244,At Risk
5514,Ricardo Petersen,608,6,13033,0,1,4,3,8,143,At Risk
5515,Joseph Adams DDS,691,5,11681,0,1,3,3,7,133,At Risk
5519,Elizabeth Padilla,414,6,20590,0,2,4,5,11,245,At Risk
5523,Keith Lopez,331,5,15238,0,2,3,4,9,234,At Risk
5530,Annette Shepherd,581,5,13890,0,1,3,3,7,133,At Risk
5535,Francis Carr,562,6,21944,0,1,4,5,10,145,At Risk
5536,Diana Schultz,427,6,12043,0,2,4,3,9,243,At Risk
5554,Morgan Gomez,422,5,11371,0,2,3,3,8,233,At Risk
5566,Cassandra Miller,247,5,11964,0,2,3,3,8,233,At Risk
5568,Daniel Jacobs,297,6,16518,0,2,4,4,10,244,At Risk
5577,Scott Hernandez,356,7,17037,1,2,4,4,10,244,At Risk
5579,Matthew Tyler,697,5,16197,0,1,3,4,8,134,At Risk
5582,Jeffrey Gray,478,7,24727,0,1,4,5,10,145,At Risk
5583,Taylor Murray,451,6,14266,0,1,4,3,8,143,At Risk
5595,Grant Pierce,328,5,11697,0,2,3,3,8,233,At Risk
5596,Jordan Fields,466,8,27545,0,1,5,5,11,155,At Risk
5602,Paul Reed,248,9,26858,0,2,5,5,12,255,At Risk
5616,Kayla Ryan,296,7,12689,0,2,4,3,9,243,At Risk
5619,Stephanie Acevedo,532,6,16016,1,1,4,4,9,144,At Risk
5632,Mrs. Cheryl Smith,308,5,19394,0,2,3,5,10,235,At Risk
5633,Monica Bowman,557,5,19839,0,1,3,5,9,135,At Risk
5640,Robert Oconnor,650,6,22343,0,1,4,5,10,145,At Risk
5649,Diane Thomas,394,8,15233,0,2,5,4,11,254,At Risk
5656,Deborah Arnold,550,6,19497,0,1,4,5,10,145,At Risk
5680,Tyler Mahoney,387,5,16845,0,2,3,4,9,234,At Risk
5692,Gregory Hill,304,5,12220,0,2,3,3,8,233,At Risk
5697,Justin Walter,283,7,18245,0,2,4,4,10,244,At Risk
5706,Kelly Allen,484,5,11497,0,1,3,3,7,133,At Risk
5707,Scott Crosby,554,5,11863,1,1,3,3,7,133,At Risk
5708,Daniel Diaz,362,6,19047,0,2,4,4,10,244,At Risk
5714,John Brown,251,10,30217,0,2,5,5,12,255,At Risk
5721,Elizabeth Smith,362,7,21365,1,2,4,5,11,245,At Risk
5723,Audrey Robertson DDS,259,7,19293,0,2,4,5,11,245,At Risk
5738,Brad Howe,535,6,18128,0,1,4,4,9,144,At Risk
5743,Jonathan Cox,320,6,15574,0,2,4,4,10,244,At Risk
5746,Shelley Brock,302,5,17879,0,2,3,4,9,234,At Risk
5752,Yolanda Stewart,347,5,12435,0,2,3,3,8,233,At Risk
5758,Rhonda Friedman,435,5,11879,0,1,3,3,7,133,At Risk
5784,Charles Tran,337,7,15792,0,2,4,4,10,244,At Risk
5786,Ashlee Jenkins,293,6,22342,0,2,4,5,11,245,At Risk
5791,Gloria Rosales,472,5,17113,0,1,3,4,8,134,At Risk
5794,Patricia Harris,885,5,14176,1,1,3,3,7,133,At Risk
5800,Randall Maddox,251,7,21196,0,2,4,5,11,245,At Risk
5818,Mrs. Sarah Ellis,590,5,13926,1,1,3,3,7,133,At Risk
5834,Sean English,251,5,11846,0,2,3,3,8,233,At Risk
5841,Robert Ferguson,283,5,14429,1,2,3,3,8,233,At Risk
5848,Michael Reynolds,260,6,15059,0,2,4,4,10,244,At Risk
5856,Kimberly Baker,584,7,24129,0,1,4,5,10,145,At Risk
5869,Susan Patel,270,6,14099,0,2,4,3,9,243,At Risk
5875,Robert Rivera,291,6,13942,0,2,4,3,9,243,At Risk
5882,James Moore,547,5,12616,0,1,3,3,7,133,At Risk
5883,Michael White,520,8,16589,0,1,5,4,10,154,At Risk
5884,Gene Wilson,340,6,19061,1,2,4,4,10,244,At Risk
5889,Tiffany Bowen,506,9,25733,0,1,5,5,11,155,At Risk
5893,Ana Gardner,283,6,15357,0,2,4,4,10,244,At Risk
5919,Noah Reid,297,6,25286,1,2,4,5,11,245,At Risk
5929,Erica Hale,386,6,16344,1,2,4,4,10,244,At Risk
5947,Michael Martinez,624,7,15792,0,1,4,4,9,144,At Risk
5958,Dylan Allen,671,6,18036,0,1,4,4,9,144,At Risk
5976,Leonard Fitzpatrick,371,5,11673,1,2,3,3,8,233,At Risk
5978,Douglas Jones,270,6,17368,1,2,4,4,10,244,At Risk
5981,Bryan Bowen,372,6,12577,0,2,4,3,9,243,At Risk
5985,Michelle Sheppard,292,8,28927,0,2,5,5,12,255,At Risk
5990,Jackson Chase,314,8,23022,0,2,5,5,12,255,At Risk
5993,Valerie Brennan,449,5,17675,1,1,3,4,8,134,At Risk
5998,Patricia White,378,6,11607,0,2,4,3,9,243,At Risk
6020,Andrew Howe,325,10,32766,1,2,5,5,12,255,At Risk
6023,Alexis Herrera,312,7,20952,0,2,4,5,11,245,At Risk
6025,Nicholas Thomas,250,6,20377,1,2,4,5,11,245,At Risk
6039,Michael Nelson,277,5,16231,0,2,3,4,9,234,At Risk
6046,Leslie Roberts,627,5,18001,0,1,3,4,8,134,At Risk
6047,Corey Smith,698,8,20770,0,1,5,5,11,155,At Risk
6062,Kayla Reyes,439,5,15068,1,1,3,4,8,134,At Risk
6069,Kimberly Sanchez,399,6,19803,0,2,4,5,11,245,At Risk
6076,Rachel Schneider,532,6,20191,1,1,4,5,10,145,At Risk
6078,Joseph Hanson,981,5,21389,0,1,3,5,9,135,At Risk
6092,Julie Sutton,288,6,16282,0,2,4,4,10,244,At Risk
6106,Gina Perez,296,6,21309,1,2,4,5,11,245,At Risk
6119,Christina Oneill,449,5,16899,0,1,3,4,8,134,At Risk
6120,Jasmine Rivera,391,7,18910,0,2,4,4,10,244,At Risk
6124,John Lee,403,5,12241,0,2,3,3,8,233,At Risk
6134,Rita Roberson,479,6,14169,0,1,4,3,8,143,At Risk
6150,Dorothy Ewing,323,7,19126,1,2,4,4,10,244,At Risk
6152,Amy Gilbert,287,7,17797,0,2,4,4,10,244,At Risk
6168,Jeffrey Hatfield,377,5,12433,0,2,3,3,8,233,At Risk
6175,Amanda Simmons,271,8,16751,0,2,5,4,11,254,At Risk
6188,Chloe Arroyo,271,9,21898,0,2,5,5,12,255,At Risk
6192,Cheryl Turner,352,5,16825,0,2,3,4,9,234,At Risk
6193,Mrs. Jenny Williams,275,5,11740,0,2,3,3,8,233,At Risk
6199,Christopher Mccarthy,504,5,19218,0,1,3,4,8,134,At Risk
6208,Kenneth Davis,287,5,12230,0,2,3,3,8,233,At Risk
6213,Evan Griffin,696,5,15660,1,1,3,4,8,134,At Risk
6219,Nicholas Benjamin,254,5,15493,0,2,3,4,9,234,At Risk
6220,Dave Rhodes,373,7,19686,0,2,4,5,11,245,At Risk
6230,Allen Hernandez,492,7,19171,0,1,4,4,9,144,At Risk
6242,Kenneth Hardy,271,5,14223,0,2,3,3,8,233,At Risk
6251,Larry Edwards,890,6,15435,0,1,4,4,9,144,At Risk
6273,Stephanie Moore,328,6,16908,0,2,4,4,10,244,At Risk
6281,Thomas Wilson,567,5,19256,0,1,3,4,8,134,At Risk
6290,Scott Wilson,332,5,17916,1,2,3,4,9,234,At Risk
6300,Mrs. Felicia Lee,275,5,17035,0,2,3,4,9,234,At Risk
6327,Donald Johnson,300,5,19864,0,2,3,5,10,235,At Risk
6329,Benjamin Simon,254,6,18596,0,2,4,4,10,244,At Risk
6336,Hannah Alexander,296,5,11338,1,2,3,3,8,233,At Risk
6341,Jacqueline Jefferson,511,5,16579,1,1,3,4,8,134,At Risk
6345,Kimberly Norman,403,6,19961,0,2,4,5,11,245,At Risk
6350,Kimberly Harris,246,6,15122,0,2,4,4,10,244,At Risk
6365,Joan Baker,622,7,19721,0,1,4,5,10,145,At Risk
6368,Adam Hart,586,5,12193,0,1,3,3,7,133,At Risk
6370,Melanie Marshall,293,7,21887,1,2,4,5,11,245,At Risk
6391,Brandy Shelton,491,5,11817,0,1,3,3,7,133,At Risk
6402,Jason Taylor,245,6,18597,0,2,4,4,10,244,At Risk
6410,Lauren Wilson,333,5,12206,0,2,3,3,8,233,At Risk
6416,Alexander West,369,5,16087,0,2,3,4,9,234,At Risk
6421,Michael Smith,528,5,18571,0,1,3,4,8,134,At Risk
6422,Tyler Morgan,418,5,11922,0,2,3,3,8,233,At Risk
6424,Carol Martin,461,5,21765,0,1,3,5,9,135,At Risk
6455,Sharon Roberts,263,6,15976,0,2,4,4,10,244,At Risk
6458,Tina Berger,357,5,17946,0,2,3,4,9,234,At Risk
6482,Sara Santos,315,8,21534,0,2,5,5,12,255,At Risk
6486,Michael White DDS,332,5,12631,1,2,3,3,8,233,At Risk
6512,Rebecca Wang,309,6,13683,0,2,4,3,9,243,At Risk
6515,Kimberly King,341,5,13171,0,2,3,3,8,233,At Risk
6518,Megan Vaughan,380,5,15079,0,2,3,4,9,234,At Risk
6519,Paul Smith,300,5,15423,0,2,3,4,9,234,At Risk
6529,Alfred Rangel,304,8,22101,0,2,5,5,12,255,At Risk
6541,Jeffrey Richardson,700,5,16467,0,1,3,4,8,134,At Risk
6543,Douglas Scott,490,6,18006,1,1,4,4,9,144,At Risk
6551,Michelle Lopez,394,5,15490,0,2,3,4,9,234,At Risk
6555,Tiffany Hendricks,252,8,24709,0,2,5,5,12,255,At Risk
6567,Amanda Mcfarland,336,6,17796,0,2,4,4,10,244,At Risk
6582,Megan Johnson,343,7,19553,0,2,4,5,11,245,At Risk
6591,Kristy Terrell,304,9,29699,1,2,5,5,12,255,At Risk
6602,Mitchell Khan DVM,456,5,22905,0,1,3,5,9,135,At Risk
6604,Michael Landry,344,5,15565,1,2,3,4,9,234,At Risk
6605,Elizabeth Tucker,409,5,13909,0,2,3,3,8,233,At Risk
6615,Chad Gamble,297,6,25946,0,2,4,5,11,245,At Risk
6618,Corey Warren,401,5,14040,0,2,3,3,8,233,At Risk
6621,Emily Montgomery,252,6,14988,0,2,4,4,10,244,At Risk
6624,Jonathan Obrien,604,7,17947,0,1,4,4,9,144,At Risk
6645,Patrick Anderson,385,5,14563,0,2,3,3,8,233,At Risk
6660,Mr. Howard Bolton DVM,547,5,14046,0,1,3,3,7,133,At Risk
6665,Shawn Pena,887,5,15020,1,1,3,4,8,134,At Risk
6669,David King,353,8,20681,0,2,5,5,12,255,At Risk
6672,Alicia Mcdonald,295,6,15646,0,2,4,4,10,244,At Risk
6679,Alyssa Anderson,605,6,15612,1,1,4,4,9,144,At Risk
6690,Pamela Stokes,455,5,16392,0,1,3,4,8,134,At Risk
6698,Cassandra Hahn,560,5,18312,0,1,3,4,8,134,At Risk
6704,Jonathan Williams,250,6,13967,1,2,4,3,9,243,At Risk
6710,Nicholas Guzman,597,5,18979,0,1,3,4,8,134,At Risk
6711,Tiffany Thornton,277,7,18308,0,2,4,4,10,244,At Risk
6741,Matthew Flores,269,8,28063,1,2,5,5,12,255,At Risk
6744,Casey Sanchez,834,5,13034,1,1,3,3,7,133,At Risk
6745,Elizabeth English,411,5,14661,0,2,3,3,8,233,At Risk
6747,Brittany Henderson,831,6,11693,0,1,4,3,8,143,At Risk
6750,Mark Parks,730,5,13457,0,1,3,3,7,133,At Risk
6756,Diana Bautista,276,8,23430,0,2,5,5,12,255,At Risk
6763,Dennis Lee,666,6,11861,1,1,4,3,8,143,At Risk
6766,Anne Silva,309,8,19641,1,2,5,5,12,255,At Risk
6769,Joshua Howe,249,9,19536,0,2,5,5,12,255,At Risk
6773,Roger Ross,528,8,25191,0,1,5,5,11,155,At Risk
6774,Alejandra Richards,294,7,17143,0,2,4,4,10,244,At Risk
6789,Andrew Salazar,294,11,39574,0,2,5,5,12,255,At Risk
6791,David Davis,322,5,15282,1,2,3,4,9,234,At Risk
6792,Linda Wallace MD,283,6,13304,1,2,4,3,9,243,At Risk
6798,Andrea Mendoza,262,8,16502,0,2,5,4,11,254,At Risk
6799,Ruth Clark,582,6,13011,1,1,4,3,8,143,At Risk
6800,Colleen Rodriguez,305,7,24467,0,2,4,5,11,245,At Risk
6808,Joanna Todd,593,8,27843,0,1,5,5,11,155,At Risk
6812,Alexis Espinoza,262,6,18698,0,2,4,4,10,244,At Risk
6822,David Williams,250,8,25948,0,2,5,5,12,255,At Risk
6826,Jerry Griffin,499,5,17406,0,1,3,4,8,134,At Risk
6827,Rodney Ferguson,258,6,11827,0,2,4,3,9,243,At Risk
6830,Ashley Berry,293,5,12668,0,2,3,3,8,233,At Risk
6831,Mark Stevenson,533,7,16759,0,1,4,4,9,144,At Risk
6841,Angelica Phelps,739,6,17561,1,1,4,4,9,144,At Risk
6848,Mary Krueger,335,5,15295,0,2,3,4,9,234,At Risk
6856,Robert Hall,257,5,15573,0,2,3,4,9,234,At Risk
6859,Steven Buckley,253,5,14486,0,2,3,3,8,233,At Risk
6860,Kathleen Diaz,544,6,20721,0,1,4,5,10,145,At Risk
6862,Rebecca Williams DVM,265,7,15672,0,2,4,4,10,244,At Risk
6866,Carol Adams,567,6,14333,1,1,4,3,8,143,At Risk
6876,Teresa Ortiz DVM,359,12,25014,0,2,5,5,12,255,At Risk
6882,Nicole Reed,400,9,24163,0,2,5,5,12,255,At Risk
6889,Robert Nelson,366,6,18467,0,2,4,4,10,244,At Risk
6898,Kimberly Foley,425,5,16134,0,2,3,4,9,234,At Risk
6906,Daniel Trujillo,480,8,16433,0,1,5,4,10,154,At Risk
6908,Michelle Glover,366,5,16054,0,2,3,4,9,234,At Risk
6912,Lisa Hartman DDS,570,5,14580,0,1,3,3,7,133,At Risk
6932,Laura Smith,281,6,28199,1,2,4,5,11,245,At Risk
6953,Michael Zamora,323,6,15298,1,2,4,4,10,244,At Risk
6966,Robert Johnson,400,5,17124,0,2,3,4,9,234,At Risk
6967,Timothy Reynolds,939,5,19840,0,1,3,5,9,135,At Risk
6977,Mark Davis,664,7,18811,0,1,4,4,9,144,At Risk
6978,Frank Brown,345,5,11573,0,2,3,3,8,233,At Risk
6983,Alexandra Stark,312,7,24717,0,2,4,5,11,245,At Risk
6987,Anthony Lewis,642,8,20923,0,1,5,5,11,155,At Risk
7001,Dale Gonzales,424,10,32510,0,2,5,5,12,255,At Risk
7002,Eddie Murphy,298,7,13545,0,2,4,3,9,243,At Risk
7015,Michael Cardenas,643,9,31761,0,1,5,5,11,155,At Risk
7016,Gary Herrera,362,5,16522,0,2,3,4,9,234,At Risk
7025,Linda Green,294,6,17512,0,2,4,4,10,244,At Risk
7036,Robin Allen,345,6,19472,0,2,4,5,11,245,At Risk
7037,William Sherman,592,5,12886,0,1,3,3,7,133,At Risk
7043,Tammy James,328,5,16081,0,2,3,4,9,234,At Risk
7044,Colton Riley,276,7,14842,0,2,4,4,10,244,At Risk
7045,Nicholas Holland,289,6,13774,0,2,4,3,9,243,At Risk
7051,Patricia Morris,420,5,11571,0,2,3,3,8,233,At Risk
7052,Mark Johnston,272,6,19749,0,2,4,5,11,245,At Risk
7053,Nicholas Jimenez,320,10,16269,0,2,5,4,11,254,At Risk
7060,Melissa Stewart,491,6,15705,0,1,4,4,9,144,At Risk
7062,Alisha Campbell,400,6,22004,0,2,4,5,11,245,At Risk
7064,Shawn Smith,457,7,20732,0,1,4,5,10,145,At Risk
7067,Peter Lewis,465,6,21061,0,1,4,5,10,145,At Risk
7068,Nicholas Burke,578,5,18082,1,1,3,4,8,134,At Risk
7072,Russell Perez,269,6,12024,1,2,4,3,9,243,At Risk
7074,Connie Stuart,345,9,33519,0,2,5,5,12,255,At Risk
7084,Roy Franklin,667,5,13393,0,1,3,3,7,133,At Risk
7102,Patricia Davis,347,9,29730,1,2,5,5,12,255,At Risk
7108,Stephanie Logan,318,8,17521,0,2,5,4,11,254,At Risk
7112,Matthew Lee,304,7,18393,0,2,4,4,10,244,At Risk
7118,Erin Sanchez,356,5,12190,0,2,3,3,8,233,At Risk
7123,Andrea Smith,253,5,12042,0,2,3,3,8,233,At Risk
7127,John Burns,271,6,16835,1,2,4,4,10,244,At Risk
7153,Billy Walters,504,7,14051,0,1,4,3,8,143,At Risk
7156,Kyle Terry,524,6,17562,1,1,4,4,9,144,At Risk
7157,David Harper,383,5,13716,0,2,3,3,8,233,At Risk
7160,Christine Carrillo,414,6,16298,0,2,4,4,10,244,At Risk
7163,Mr. Patrick Todd DDS,358,7,25629,0,2,4,5,11,245,At Risk
7174,Amy Warren,527,6,16622,0,1,4,4,9,144,At Risk
7179,Daniel Smith,414,6,18056,0,2,4,4,10,244,At Risk
7189,Beverly Green,346,7,17032,0,2,4,4,10,244,At Risk
7193,Kevin Dean,362,8,18306,0,2,5,4,11,254,At Risk
7200,Sean Brennan,343,5,18521,0,2,3,4,9,234,At Risk
7209,Ricky Wolf MD,288,9,21550,0,2,5,5,12,255,At Risk
7228,Robert Werner,468,7,15413,0,1,4,4,9,144,At Risk
7239,Denise Parker,269,6,18819,1,2,4,4,10,244,At Risk
7278,Ashley Hernandez,294,6,12272,0,2,4,3,9,243,At Risk
7287,Katie Hunter,577,5,13996,0,1,3,3,7,133,At Risk
7294,Caitlin Dickerson,472,5,15561,0,1,3,4,8,134,At Risk
7302,Brittany Melendez,348,7,21437,0,2,4,5,11,245,At Risk
7303,Travis Rivera,302,6,15374,0,2,4,4,10,244,At Risk
7312,Wendy Thomas,360,5,12745,0,2,3,3,8,233,At Risk
7318,Bridget Hansen,365,5,12853,0,2,3,3,8,233,At Risk
7327,Robert Rodriguez,268,7,21448,0,2,4,5,11,245,At Risk
7329,James Henderson,577,5,16471,0,1,3,4,8,134,At Risk
7330,Robert Smith,428,6,14208,0,1,4,3,8,143,At Risk
7334,Thomas Harrington,376,5,16260,1,2,3,4,9,234,At Risk
7346,Tracy Hernandez,458,7,19475,1,1,4,5,10,145,At Risk
7348,Spencer Stewart,278,5,17707,0,2,3,4,9,234,At Risk
7355,Teresa Duffy,412,6,11594,0,2,4,3,9,243,At Risk
7364,Alyssa Hudson,367,6,18194,0,2,4,4,10,244,At Risk
7365,Tina Miller,358,9,24406,0,2,5,5,12,255,At Risk
7373,Michelle Lozano,366,5,12610,1,2,3,3,8,233,At Risk
7386,Vanessa Wade,591,5,15938,0,1,3,4,8,134,At Risk
7388,Pam Nguyen,277,8,21615,0,2,5,5,12,255,At Risk
7391,Heather Sanders,293,10,33411,0,2,5,5,12,255,At Risk
7402,Anthony Williamson,410,6,18419,0,2,4,4,10,244,At Risk
7412,Marcia Hurley,403,7,21203,0,2,4,5,11,245,At Risk
7414,Stephanie Hoover,256,6,19537,1,2,4,5,11,245,At Risk
7415,Rodney James,261,9,19229,0,2,5,4,11,254,At Risk
7419,Rachel Jackson,264,9,21241,0,2,5,5,12,255,At Risk
7428,Susan Scott,244,6,18696,0,2,4,4,10,244,At Risk
7435,Taylor Reyes,446,5,13352,0,1,3,3,7,133,At Risk
7438,James White,376,5,12100,0,2,3,3,8,233,At Risk
7440,Sarah Swanson,315,6,14495,0,2,4,3,9,243,At Risk
7448,Alexandra Aguilar,497,5,11530,0,1,3,3,7,133,At Risk
7451,Richard Chandler,513,7,19422,0,1,4,5,10,145,At Risk
7453,Kimberly Torres,276,5,17042,0,2,3,4,9,234,At Risk
7457,Anthony Nolan,641,6,13331,0,1,4,3,8,143,At Risk
7465,Alyssa Oliver,284,8,29051,0,2,5,5,12,255,At Risk
7467,Trevor Norton,348,5,13081,0,2,3,3,8,233,At Risk
7469,Laurie Baker,462,7,12370,1,1,4,3,8,143,At Risk
7472,John Humphrey,310,7,16132,0,2,4,4,10,244,At Risk
7476,Penny Fisher,275,5,11846,0,2,3,3,8,233,At Risk
7485,David Green,367,5,11724,0,2,3,3,8,233,At Risk
7502,Emily Mcdaniel,400,6,20725,1,2,4,5,11,245,At Risk
7513,Victor Russell,344,5,12448,0,2,3,3,8,233,At Risk
7520,Zachary Ortiz,399,5,18886,0,2,3,4,9,234,At Risk
7536,Donald Ramirez,252,5,19514,0,2,3,5,10,235,At Risk
7539,Rickey Phillips,277,8,20752,0,2,5,5,12,255,At Risk
7565,Jonathan Burch,454,6,15997,0,1,4,4,9,144,At Risk
7570,James Spencer,280,6,15024,0,2,4,4,10,244,At Risk
7574,Renee Noble,753,5,18037,0,1,3,4,8,134,At Risk
7583,Nicole Valentine,494,9,27013,1,1,5,5,11,155,At Risk
7588,John Moore,318,5,17827,1,2,3,4,9,234,At Risk
7595,Rose Walker,276,7,21244,1,2,4,5,11,245,At Risk
7599,Charles Carlson,265,7,24748,1,2,4,5,11,245,At Risk
7600,Denise Sandoval DDS,452,6,18261,0,1,4,4,9,144,At Risk
7607,Shelly Green,246,7,22585,0,2,4,5,11,245,At Risk
7608,Ralph Bailey,429,6,16031,1,1,4,4,9,144,At Risk
7623,Philip Myers,328,5,17881,0,2,3,4,9,234,At Risk
7627,Rachael Salinas,443,6,18295,0,1,4,4,9,144,At Risk
7630,Timothy Smith,510,9,23987,0,1,5,5,11,155,At Risk
7631,Frederick Davis,309,7,20748,0,2,4,5,11,245,At Risk
7639,Jessica Lewis,436,6,16560,0,1,4,4,9,144,At Risk
7645,Jennifer Ross,322,8,22239,0,2,5,5,12,255,At Risk
7650,James Green,270,7,21967,0,2,4,5,11,245,At Risk
7656,David Fleming,697,6,13654,0,1,4,3,8,143,At Risk
7657,Kyle Orr,411,7,16581,1,2,4,4,10,244,At Risk
7660,Lauren Wagner,333,5,15560,1,2,3,4,9,234,At Risk
7678,Blake Rogers,270,6,20496,1,2,4,5,11,245,At Risk
7680,James Jones,286,6,14269,1,2,4,3,9,243,At Risk
7681,Seth Bartlett,264,6,13687,1,2,4,3,9,243,At Risk
7685,Zachary Morgan,578,5,12672,0,1,3,3,7,133,At Risk
7688,Dr. Timothy Lynn,330,9,21859,0,2,5,5,12,255,At Risk
7707,Jose Reeves,676,5,13152,0,1,3,3,7,133,At Risk
7710,George King,250,6,23315,0,2,4,5,11,245,At Risk
7715,Meghan Cooley,822,5,11967,0,1,3,3,7,133,At Risk
7717,Cory Jones,266,7,16348,0,2,4,4,10,244,At Risk
7719,Tina Malone,244,7,15503,0,2,4,4,10,244,At Risk
7721,Brittany Anthony,371,8,24457,0,2,5,5,12,255,At Risk
7732,Victor Smith,459,7,19233,0,1,4,4,9,144,At Risk
7734,Jeremy Browning,442,5,17491,0,1,3,4,8,134,At Risk
7737,Lisa Jones,360,6,17335,0,2,4,4,10,244,At Risk
7738,William Spence,480,5,19297,1,1,3,5,9,135,At Risk
7739,Stephanie Lee,588,5,13579,0,1,3,3,7,133,At Risk
7746,Alexandra Ramirez,380,6,15649,0,2,4,4,10,244,At Risk
7751,Catherine Griffin,490,7,25194,0,1,4,5,10,145,At Risk
7758,Kayla Miller,351,5,11745,1,2,3,3,8,233,At Risk
7760,Jerry Miller,280,8,24601,1,2,5,5,12,255,At Risk
7763,Adam Stevenson,383,6,13759,0,2,4,3,9,243,At Risk
7764,Maxwell Scott,354,5,12291,0,2,3,3,8,233,At Risk
7766,Heidi Hawkins,450,8,19181,0,1,5,4,10,154,At Risk
7773,Robert Acosta,542,5,13622,0,1,3,3,7,133,At Risk
7774,John Tyler,607,7,18896,1,1,4,4,9,144,At Risk
7787,Jason Ward,293,7,26133,1,2,4,5,11,245,At Risk
7796,Nancy Cobb,507,5,17982,0,1,3,4,8,134,At Risk
7809,Jon Taylor,288,8,25512,0,2,5,5,12,255,At Risk
7816,Brandon Perez,410,5,17253,1,2,3,4,9,234,At Risk
7818,Jane Johnson,253,12,34667,1,2,5,5,12,255,At Risk
7830,Jesse Hurst,430,7,23490,0,1,4,5,10,145,At Risk
7833,Michael Kirby,427,8,18615,0,2,5,4,11,254,At Risk
7838,Terry Smith,254,5,15248,1,2,3,4,9,234,At Risk
7842,Adrian Soto,387,6,21839,0,2,4,5,11,245,At Risk
7846,Sandra Ramirez,427,7,18547,0,2,4,4,10,244,At Risk
7859,Mathew Kramer,305,8,23338,0,2,5,5,12,255,At Risk
7860,Isaac Jones,326,5,13818,0,2,3,3,8,233,At Risk
7876,Richard Spears,279,7,21364,0,2,4,5,11,245,At Risk
7881,Jessica Mcguire,270,5,19032,0,2,3,4,9,234,At Risk
7892,Lisa Smith,303,5,13914,0,2,3,3,8,233,At Risk
7900,Robert Oneal,500,6,18532,0,1,4,4,9,144,At Risk
7901,Michelle Guerrero,463,8,23504,0,1,5,5,11,155,At Risk
7904,Dr. Michael Castaneda MD,253,6,17714,0,2,4,4,10,244,At Risk
7918,Diana Webster,809,6,14871,0,1,4,4,9,144,At Risk
7925,Sabrina Johnson,542,5,13035,0,1,3,3,7,133,At Risk
7950,Terry Hernandez,321,6,19349,0,2,4,5,11,245,At Risk
7951,Kyle Velazquez,407,7,18658,0,2,4,4,10,244,At Risk
7957,Mr. Joshua Reese,731,5,16678,0,1,3,4,8,134,At Risk
7958,Tabitha Bush,303,8,17284,1,2,5,4,11,254,At Risk
7970,Ryan Lowery,295,6,13532,0,2,4,3,9,243,At Risk
7976,Kimberly Rubio,501,9,20198,0,1,5,5,11,155,At Risk
7996,Michele Kane,443,7,14599,0,1,4,3,8,143,At Risk
7998,Matthew Bauer,353,5,14310,0,2,3,3,8,233,At Risk
7999,Sherry Schmidt,320,5,15016,1,2,3,4,9,234,At Risk
8000,Frank Stanley,391,6,11828,0,2,4,3,9,243,At Risk
8008,George Frederick,403,5,13476,0,2,3,3,8,233,At Risk
8011,Preston Gibson,379,7,13930,0,2,4,3,9,243,At Risk
8016,Matthew Andrews,353,5,17119,0,2,3,4,9,234,At Risk
8047,Betty Gates,270,6,22222,1,2,4,5,11,245,At Risk
8059,Crystal Foster,246,5,19213,0,2,3,4,9,234,At Risk
8061,Crystal Ritter,261,7,19163,1,2,4,4,10,244,At Risk
8066,Ashley Davis,419,5,15974,0,2,3,4,9,234,At Risk
8095,Albert Hampton,402,7,17804,0,2,4,4,10,244,At Risk
8099,Ronald Brown,859,6,16973,0,1,4,4,9,144,At Risk
8103,Robert Baker,452,8,19406,0,1,5,5,11,155,At Risk
8105,Jamie Lee,302,7,21645,1,2,4,5,11,245,At Risk
8115,Brendan Hernandez,496,6,16860,0,1,4,4,9,144,At Risk
8116,Ryan Neal,593,7,16384,0,1,4,4,9,144,At Risk
8134,Andrew Duncan,350,6,21972,0,2,4,5,11,245,At Risk
8138,George Harris,473,5,17025,0,1,3,4,8,134,At Risk
8139,Bradley Lewis,444,6,19430,1,1,4,5,10,145,At Risk
8143,Terri Thomas,274,7,25946,1,2,4,5,11,245,At Risk
8145,Robert Ferguson,313,5,17148,0,2,3,4,9,234,At Risk
8146,Rebecca Davis,273,7,13668,0,2,4,3,9,243,At Risk
8151,Jennifer Barrett,843,6,12306,0,1,4,3,8,143,At Risk
8161,Kimberly Barker,251,9,20620,0,2,5,5,12,255,At Risk
8162,Jeffrey Craig,533,6,25728,0,1,4,5,10,145,At Risk
8164,Jimmy Brown,488,5,15978,1,1,3,4,8,134,At Risk
8166,David Harrison,319,6,19952,0,2,4,5,11,245,At Risk
8168,Catherine Sawyer,310,6,16562,0,2,4,4,10,244,At Risk
8171,Melinda Larsen,551,5,14918,0,1,3,4,8,134,At Risk
8194,Bobby Garcia,822,5,16080,1,1,3,4,8,134,At Risk
8198,Thomas Miller,401,6,19608,0,2,4,5,11,245,At Risk
8205,Ricky Cunningham,279,5,13362,0,2,3,3,8,233,At Risk
8210,Brenda Harrington,704,5,13664,0,1,3,3,7,133,At Risk
8224,Crystal Lamb,756,5,15670,0,1,3,4,8,134,At Risk
8232,Ronald Wilson,357,8,22845,0,2,5,5,12,255,At Risk
8241,Chelsea Tate,529,5,11612,1,1,3,3,7,133,At Risk
8248,Laura Logan,538,5,12104,0,1,3,3,7,133,At Risk
8249,Jordan Douglas,523,6,13387,0,1,4,3,8,143,At Risk
8250,Tyler Case,275,9,27781,0,2,5,5,12,255,At Risk
8254,Caitlin Wilson,693,7,18435,1,1,4,4,9,144,At Risk
8258,Jennifer Johnson,717,7,19776,1,1,4,5,10,145,At Risk
8259,Renee Jones,279,7,24533,0,2,4,5,11,245,At Risk
8260,Scott Reynolds,308,8,16695,0,2,5,4,11,254,At Risk
8265,Lisa Walker,295,8,23029,1,2,5,5,12,255,At Risk
8269,Lauren Scott,303,8,25150,1,2,5,5,12,255,At Risk
8281,Albert Taylor,251,7,22323,1,2,4,5,11,245,At Risk
8294,Frank Wheeler,292,6,12954,0,2,4,3,9,243,At Risk
8300,Matthew Williams,453,7,16215,0,1,4,4,9,144,At Risk
8311,Jordan Clay,256,7,18989,0,2,4,4,10,244,At Risk
8314,Bryan Powell,534,7,13799,0,1,4,3,8,143,At Risk
8324,Lance Ewing,650,7,15480,0,1,4,4,9,144,At Risk
8329,Jack Lopez,472,6,23641,0,1,4,5,10,145,At Risk
8342,Thomas Brown,355,6,20170,0,2,4,5,11,245,At Risk
8346,Danny Mejia,338,5,13737,1,2,3,3,8,233,At Risk
8348,Carlos Hawkins,412,6,16936,0,2,4,4,10,244,At Risk
8353,Christine Gonzales,305,6,19624,0,2,4,5,11,245,At Risk
8366,Jon Diaz,376,6,16920,0,2,4,4,10,244,At Risk
8382,Erica Garrett,458,8,26434,1,1,5,5,11,155,At Risk
8386,Dawn Garcia,641,5,12694,0,1,3,3,7,133,At Risk
8399,Rebecca Mann,255,8,22705,1,2,5,5,12,255,At Risk
8402,Mary Sanchez,437,7,17008,0,1,4,4,9,144,At Risk
8412,Gregory Jacobson,366,5,12872,0,2,3,3,8,233,At Risk
8417,Mary Robinson,253,5,16623,0,2,3,4,9,234,At Risk
8419,Rhonda Crawford,286,6,20152,0,2,4,5,11,245,At Risk
8420,Maurice Roberts,369,5,17175,0,2,3,4,9,234,At Risk
8422,Brittney Thompson,249,6,13076,1,2,4,3,9,243,At Risk
8426,Kristine Boyd,308,5,12060,0,2,3,3,8,233,At Risk
8430,Kimberly Bailey,281,8,20697,0,2,5,5,12,255,At Risk
8434,Joshua Mack,331,6,17624,0,2,4,4,10,244,At Risk
8441,Zachary Burton,322,6,17569,0,2,4,4,10,244,At Risk
8452,Kathleen Fox,496,7,22994,0,1,4,5,10,145,At Risk
8458,Darlene Williams,425,5,11795,0,2,3,3,8,233,At Risk
8464,Charlene Gutierrez,636,5,12573,0,1,3,3,7,133,At Risk
8472,Barbara Lee,448,8,23995,1,1,5,5,11,155,At Risk
8476,Jocelyn Ochoa,553,5,18363,0,1,3,4,8,134,At Risk
8482,Jeremy Carr,260,6,19661,0,2,4,5,11,245,At Risk
8487,Kelly Moore,528,5,13889,1,1,3,3,7,133,At Risk
8496,Emily Padilla,277,9,28425,0,2,5,5,12,255,At Risk
8498,Christine Hernandez,520,6,17468,0,1,4,4,9,144,At Risk
8501,Kristin Davis,262,7,13171,0,2,4,3,9,243,At Risk
8514,Joseph Fuentes,559,5,13457,0,1,3,3,7,133,At Risk
8531,Cassidy Harrington,460,6,18500,1,1,4,4,9,144,At Risk
8546,Brandon Webb,312,7,23142,1,2,4,5,11,245,At Risk
8548,Peggy Hanson,408,8,20901,0,2,5,5,12,255,At Risk
8554,Kimberly Miller,286,5,13202,0,2,3,3,8,233,At Risk
8558,Audrey Mcclure,475,6,24500,0,1,4,5,10,145,At Risk
8559,Michael Collins,450,5,11458,1,1,3,3,7,133,At Risk
8564,Russell Scott Jr.,247,6,27436,0,2,4,5,11,245,At Risk
8565,Miss Jessica Estes,339,7,16048,1,2,4,4,10,244,At Risk
8570,John Wilson,463,5,16424,0,1,3,4,8,134,At Risk
8572,Douglas Campbell,425,9,29241,1,2,5,5,12,255,At Risk
8573,Mr. Jordan Wood,754,6,17984,0,1,4,4,9,144,At Risk
8586,Evan Mendoza,322,10,22724,1,2,5,5,12,255,At Risk
8590,Angela Coleman,432,6,16997,0,1,4,4,9,144,At Risk
8595,Thomas Cox,301,5,11989,0,2,3,3,8,233,At Risk
8601,Shane Summers,436,5,17477,0,1,3,4,8,134,At Risk
8603,Jennifer Bullock,367,6,15647,0,2,4,4,10,244,At Risk
8604,Brenda Hernandez,406,5,19333,0,2,3,5,10,235,At Risk
8616,Mark Rice,591,6,19744,0,1,4,5,10,145,At Risk
8624,Nathan Cameron,284,6,19832,1,2,4,5,11,245,At Risk
8627,Jasmine Booth,351,5,14417,0,2,3,3,8,233,At Risk
8641,Larry Long,308,6,15885,0,2,4,4,10,244,At Risk
8648,Leah Johnson,375,5,12824,0,2,3,3,8,233,At Risk
8678,Julia Johnson,376,7,20444,0,2,4,5,11,245,At Risk
8681,Rebecca Moore,574,5,16549,0,1,3,4,8,134,At Risk
8684,Tracy Sanders,498,8,20371,0,1,5,5,11,155,At Risk
8697,Jeffrey Smith,254,6,20477,1,2,4,5,11,245,At Risk
8698,Amanda Rios,328,5,13614,0,2,3,3,8,233,At Risk
8699,Samuel Shepherd,374,7,18348,0,2,4,4,10,244,At Risk
8702,Donna Jones,323,6,14300,0,2,4,3,9,243,At Risk
8709,Jeremy King,310,6,13180,0,2,4,3,9,243,At Risk
8720,Shelby Dillon,451,6,16306,0,1,4,4,9,144,At Risk
8726,Henry Kelley,339,6,18203,1,2,4,4,10,244,At Risk
8727,Linda Grant,745,5,17671,1,1,3,4,8,134,At Risk
8740,Deborah Smith,429,9,24967,0,1,5,5,11,155,At Risk
8744,Sharon Lopez,601,6,14218,0,1,4,3,8,143,At Risk
8747,Lori Ellison,531,5,12273,0,1,3,3,7,133,At Risk
8750,Douglas Schultz,521,6,15869,0,1,4,4,9,144,At Risk
8752,Stephen Barnes,675,5,12845,0,1,3,3,7,133,At Risk
8754,Debra Stevens,755,6,14206,1,1,4,3,8,143,At Risk
8759,Bobby Wood,558,5,16028,0,1,3,4,8,134,At Risk
8760,David Miller,280,6,11667,0,2,4,3,9,243,At Risk
8761,Briana Fernandez,646,10,33434,0,1,5,5,11,155,At Risk
8772,Zachary Hardy,267,8,24789,1,2,5,5,12,255,At Risk
8776,Mary Garcia,337,8,23070,0,2,5,5,12,255,At Risk
8778,Kenneth Black,459,6,15117,0,1,4,4,9,144,At Risk
8779,Kenneth Cruz,391,5,17388,0,2,3,4,9,234,At Risk
8789,Robert Elliott,301,5,18018,0,2,3,4,9,234,At Risk
8792,Cheryl Robertson,310,9,21761,0,2,5,5,12,255,At Risk
8793,Christian Clark,266,8,21533,0,2,5,5,12,255,At Risk
8799,Nicholas Johnson,367,6,14336,0,2,4,3,9,243,At Risk
8808,Darren Carroll,456,6,18811,0,1,4,4,9,144,At Risk
8809,Nicole Allen,269,7,20491,0,2,4,5,11,245,At Risk
8822,John White,757,5,12259,0,1,3,3,7,133,At Risk
8824,Reginald Ray,300,9,16037,0,2,5,4,11,254,At Risk
8829,Travis Jensen,390,6,23130,0,2,4,5,11,245,At Risk
8832,Mary Knight,588,6,14354,0,1,4,3,8,143,At Risk
8843,Gerald Nixon,272,7,25814,0,2,4,5,11,245,At Risk
8844,Kari Garcia,381,5,18832,0,2,3,4,9,234,At Risk
8848,Adam Palmer,284,5,15409,0,2,3,4,9,234,At Risk
8852,Zachary Gomez,311,5,12270,0,2,3,3,8,233,At Risk
8856,Joshua Hill,888,5,12412,0,1,3,3,7,133,At Risk
8862,Taylor Arnold,299,8,20978,0,2,5,5,12,255,At Risk
8863,Christopher Brown,342,6,15044,0,2,4,4,10,244,At Risk
8890,Kathleen Ellison,249,5,14194,0,2,3,3,8,233,At Risk
8892,Erin Russell,313,5,18469,0,2,3,4,9,234,At Risk
8902,Jason Anderson,367,5,13419,0,2,3,3,8,233,At Risk
8928,Jenna Warren,441,6,16564,0,1,4,4,9,144,At Risk
8930,John Gilbert,490,6,12272,0,1,4,3,8,143,At Risk
8937,James Rogers,261,7,19847,0,2,4,5,11,245,At Risk
8948,Jessica Thomas,253,6,16306,1,2,4,4,10,244,At Risk
8956,Theresa Garrett,347,5,14526,0,2,3,3,8,233,At Risk
8970,Brian Burton,775,5,14363,0,1,3,3,7,133,At Risk
8973,Ronald Weber,318,8,21412,0,2,5,5,12,255,At Risk
8975,Eric Scott,721,5,14362,0,1,3,3,7,133,At Risk
8997,Roberto Cooper,326,6,14737,0,2,4,3,9,243,At Risk
9005,Angela Banks,328,6,17818,0,2,4,4,10,244,At Risk
9009,George Scott,594,5,12976,0,1,3,3,7,133,At Risk
9012,Ashley Williams,396,5,13303,0,2,3,3,8,233,At Risk
9020,Kristen Moore,362,6,15351,0,2,4,4,10,244,At Risk
9028,Michelle Washington,352,5,14326,1,2,3,3,8,233,At Risk
9042,Daniel Jordan,644,5,17814,0,1,3,4,8,134,At Risk
9053,Karen Brooks,297,5,18090,0,2,3,4,9,234,At Risk
9054,Pamela Brown,303,5,13078,1,2,3,3,8,233,At Risk
9056,Stephanie Fischer,469,5,16982,0,1,3,4,8,134,At Risk
9060,Laura Hicks,751,5,12837,0,1,3,3,7,133,At Risk
9061,Sarah Ortiz,329,5,14324,0,2,3,3,8,233,At Risk
9064,Sandra Landry,256,6,18365,0,2,4,4,10,244,At Risk
9073,Douglas Vega,567,7,17632,1,1,4,4,9,144,At Risk
9113,Matthew Hamilton,254,9,27297,0,2,5,5,12,255,At Risk
9114,Danielle Contreras,312,6,15185,0,2,4,4,10,244,At Risk
9115,Deanna Thomas,501,8,28140,1,1,5,5,11,155,At Risk
9117,Nathaniel Rogers,274,8,13522,0,2,5,3,10,253,At Risk
9142,Kevin Turner,335,6,19102,1,2,4,4,10,244,At Risk
9147,Debra Pierce,425,5,13765,0,2,3,3,8,233,At Risk
9149,Christopher Gay,414,6,21641,0,2,4,5,11,245,At Risk
9157,Nicole Thomas,368,6,15212,0,2,4,4,10,244,At Risk
9161,Sarah Mejia,264,5,14625,1,2,3,3,8,233,At Risk
9165,Tyler Klein,318,10,27063,0,2,5,5,12,255,At Risk
9170,Anita Patterson,253,5,13275,1,2,3,3,8,233,At Risk
9178,Dawn Jones,345,8,21707,0,2,5,5,12,255,At Risk
9193,Heidi Stokes,345,7,17527,0,2,4,4,10,244,At Risk
9196,Tina Smith,424,6,17244,0,2,4,4,10,244,At Risk
9207,Chelsea Jackson,300,5,16101,0,2,3,4,9,234,At Risk
9212,Aaron Wilson,304,7,18517,0,2,4,4,10,244,At Risk
9216,Lisa Perry,247,6,13437,0,2,4,3,9,243,At Risk
9219,Madison Palmer,377,7,15507,0,2,4,4,10,244,At Risk
9232,Shelby Clark,432,5,13026,1,1,3,3,7,133,At Risk
9234,Savannah Ware,407,8,23442,0,2,5,5,12,255,At Risk
9238,Nicholas Haynes,325,6,16890,1,2,4,4,10,244,At Risk
9281,Steven Moreno,563,8,20065,1,1,5,5,11,155,At Risk
9282,Ryan Hubbard,315,8,21021,0,2,5,5,12,255,At Risk
9287,Elizabeth Sullivan,627,5,13409,0,1,3,3,7,133,At Risk
9290,Cynthia Rivera,311,6,18563,1,2,4,4,10,244,At Risk
9294,Elizabeth Gamble,307,5,13566,1,2,3,3,8,233,At Risk
9297,Jeffrey Foster,273,7,25373,0,2,4,5,11,245,At Risk
9306,Katie Reeves,259,5,18259,0,2,3,4,9,234,At Risk
9311,John Peters,399,6,13382,0,2,4,3,9,243,At Risk
9312,Richard Snyder,300,7,20706,0,2,4,5,11,245,At Risk
9314,Jimmy Sanders MD,527,9,26099,0,1,5,5,11,155,At Risk
9316,Joshua Johnson,336,7,21943,0,2,4,5,11,245,At Risk
9317,Kimberly Johnson,469,6,15288,0,1,4,4,9,144,At Risk
9319,Kevin Price,272,7,18750,1,2,4,4,10,244,At Risk
9323,Wendy Bryant,285,5,13246,1,2,3,3,8,233,At Risk
9328,Laura Woodard,404,6,12274,0,2,4,3,9,243,At Risk
9329,Alexander Brock,290,6,21852,0,2,4,5,11,245,At Risk
9331,Christopher Munoz,340,7,18422,1,2,4,4,10,244,At Risk
9339,James Howard,363,6,15591,0,2,4,4,10,244,At Risk
9351,Cassandra Koch,733,5,17204,0,1,3,4,8,134,At Risk
9368,Angelica Farley MD,325,6,16376,0,2,4,4,10,244,At Risk
9375,Melissa Shepard,585,6,19257,0,1,4,4,9,144,At Risk
9376,Lance Powell,248,6,17357,0,2,4,4,10,244,At Risk
9377,John Wilson,255,7,21585,0,2,4,5,11,245,At Risk
9416,David Peters,306,8,27733,0,2,5,5,12,255,At Risk
9428,Samantha Robinson,341,6,18913,0,2,4,4,10,244,At Risk
9429,Jennifer Hayes,305,8,20877,0,2,5,5,12,255,At Risk
9439,John Mullins,632,5,15661,0,1,3,4,8,134,At Risk
9475,Lindsey Hudson,295,7,24784,0,2,4,5,11,245,At Risk
9481,Christina Moore,603,6,22077,1,1,4,5,10,145,At Risk
9482,Heather Johnson,648,6,20280,1,1,4,5,10,145,At Risk
9492,Thomas Lewis,308,8,23652,0,2,5,5,12,255,At Risk
9499,Vanessa Mosley,244,5,16358,1,2,3,4,9,234,At Risk
9502,Sandy Krause,407,6,16452,0,2,4,4,10,244,At Risk
9506,Dennis Dixon,524,5,12043,0,1,3,3,7,133,At Risk
9507,Felicia Garcia,374,10,28090,0,2,5,5,12,255,At Risk
9540,David Hicks,468,5,18772,0,1,3,4,8,134,At Risk
9548,Margaret Hoffman,337,5,14916,0,2,3,4,9,234,At Risk
9558,Julia Howe,279,6,21278,1,2,4,5,11,245,At Risk
9574,Robert Mitchell,261,6,16287,0,2,4,4,10,244,At Risk
9575,Christopher Jackson,366,10,27648,1,2,5,5,12,255,At Risk
9581,Christopher Sullivan,247,6,19896,0,2,4,5,11,245,At Risk
9591,Annette Adams,271,7,13864,0,2,4,3,9,243,At Risk
9593,Denise Garcia,372,5,13888,0,2,3,3,8,233,At Risk
9596,Michael Fox,274,8,22773,1,2,5,5,12,255,At Risk
9602,Alexander Garcia,343,5,12301,0,2,3,3,8,233,At Risk
9605,Matthew Garrison,624,5,11844,0,1,3,3,7,133,At Risk
9615,Robert Carpenter,264,8,21804,0,2,5,5,12,255,At Risk
9628,Danielle Garcia,288,5,18543,0,2,3,4,9,234,At Risk
9647,Linda Smith,734,7,17498,0,1,4,4,9,144,At Risk
9662,Blake Perkins,260,7,23166,0,2,4,5,11,245,At Risk
9667,William Dillon,688,8,22483,0,1,5,5,11,155,At Risk
9675,William Elliott,462,6,13802,0,1,4,3,8,143,At Risk
9683,Carrie Wright,428,5,16530,0,1,3,4,8,134,At Risk
9685,Jamie Lee,461,5,20533,0,1,3,5,9,135,At Risk
9688,Emily Rivera,415,5,13685,1,2,3,3,8,233,At Risk
9700,Jason Oneal,433,7,21927,0,1,4,5,10,145,At Risk
9703,Nicole Jackson,1112,5,15244,0,1,3,4,8,134,At Risk
9705,Justin Fleming,263,6,13881,0,2,4,3,9,243,At Risk
9734,Richard Rose,431,6,21702,0,1,4,5,10,145,At Risk
9750,Mrs. Mary Lane,321,5,16894,0,2,3,4,9,234,At Risk
9759,Jennifer Montes,386,5,14469,0,2,3,3,8,233,At Risk
9765,Christopher Rose,672,8,26659,0,1,5,5,11,155,At Risk
9775,Alan Jensen,380,11,36166,0,2,5,5,12,255,At Risk
9778,Karen White,347,7,16034,0,2,4,4,10,244,At Risk
9794,Heidi Wilson,318,9,27084,0,2,5,5,12,255,At Risk
9804,Allison Spencer,419,5,11541,1,2,3,3,8,233,At Risk
9811,Jennifer Martinez,324,7,21462,0,2,4,5,11,245,At Risk
9815,Jessica Tucker,546,6,20946,0,1,4,5,10,145,At Risk
9828,Richard Johnson DDS,314,10,35793,1,2,5,5,12,255,At Risk
9837,Mark Bauer,439,8,18144,0,1,5,4,10,154,At Risk
9840,David Hernandez,268,6,19875,1,2,4,5,11,245,At Risk
9842,Michael Sparks,404,5,14995,1,2,3,4,9,234,At Risk
9843,Michael Cruz,452,5,12629,1,1,3,3,7,133,At Risk
9847,Jennifer Gibbs,438,6,13350,0,1,4,3,8,143,At Risk
9854,Dr. Taylor Brady,298,6,15547,0,2,4,4,10,244,At Risk
9868,Greg Castro,1066,6,18368,0,1,4,4,9,144,At Risk
9871,Brian Key,244,5,13507,1,2,3,3,8,233,At Risk
9873,Emily Mann,315,5,13322,0,2,3,3,8,233,At Risk
9882,Brad Brown,276,11,28506,0,2,5,5,12,255,At Risk
9886,Laura Vaughn,344,6,17859,0,2,4,4,10,244,At Risk
9905,Kimberly Atkinson,347,8,22397,0,2,5,5,12,255,At Risk
9907,Brady Marshall,258,7,18597,0,2,4,4,10,244,At Risk
9915,Ricardo Campbell,412,6,13567,0,2,4,3,9,243,At Risk
9927,Dr. Rebecca King,255,9,18169,0,2,5,4,11,254,At Risk
9929,Chelsea Brewer,302,8,17560,0,2,5,4,11,254,At Risk
9932,Cameron Peterson,464,5,16176,1,1,3,4,8,134,At Risk
9936,Samantha Wright,305,5,14477,0,2,3,3,8,233,At Risk
9941,Edward Jones,455,8,24563,0,1,5,5,11,155,At Risk
9956,Kimberly Manning,434,6,14297,0,1,4,3,8,143,At Risk
9957,Nicholas Smith,408,6,13417,0,2,4,3,9,243,At Risk
9960,Janet Singh,285,5,12464,0,2,3,3,8,233,At Risk
9966,Steven Baker,607,9,19175,0,1,5,4,10,154,At Risk
9967,Joshua Martin,977,6,15606,0,1,4,4,9,144,At Risk
9968,Ronald Pena,537,7,15142,0,1,4,4,9,144,At Risk
9976,Nancy Kelly,253,7,18117,0,2,4,4,10,244,At Risk
9978,Elizabeth Mcintosh,831,6,12704,1,1,4,3,8,143,At Risk
9984,Christine Jackson,362,5,16222,0,2,3,4,9,234,At Risk
9985,John Kidd,281,6,14927,0,2,4,4,10,244,At Risk
9997,Ryan Olson,561,5,12705,0,1,3,3,7,133,At Risk
9998,James Lopez,269,7,17730,0,2,4,4,10,244,At Risk
10009,Nicholas Rodriguez,367,6,13574,0,2,4,3,9,243,At Risk
10015,Stephanie Mclaughlin,306,5,11649,0,2,3,3,8,233,At Risk
10017,Alicia Liu,445,6,14695,0,1,4,3,8,143,At Risk
10018,Sarah Wallace,520,6,14412,0,1,4,3,8,143,At Risk
10022,Mrs. Jeanne Schmitt,546,5,15625,0,1,3,4,8,134,At Risk
10026,Jonathan Young,822,5,19334,0,1,3,5,9,135,At Risk
10039,Amy Wilkinson,278,9,21283,0,2,5,5,12,255,At Risk
10041,Jeffrey Bates,295,6,13742,0,2,4,3,9,243,At Risk
10054,Monica Jordan,263,9,26034,1,2,5,5,12,255,At Risk
10055,Jeffrey Hamilton,419,8,23964,1,2,5,5,12,255,At Risk
10065,Jason Davis,287,5,14742,0,2,3,3,8,233,At Risk
10071,Kara Flores,326,5,17253,0,2,3,4,9,234,At Risk
10078,Michael Phillips,668,6,15395,0,1,4,4,9,144,At Risk
10089,Jennifer White MD,365,9,24148,0,2,5,5,12,255,At Risk
10096,Elaine Cline,554,5,13509,1,1,3,3,7,133,At Risk
10113,Chelsea Higgins,266,5,14807,0,2,3,4,9,234,At Risk
10122,Jessica Garcia,305,6,14977,0,2,4,4,10,244,At Risk
10129,Nicholas Harris,579,7,11364,0,1,4,3,8,143,At Risk
10134,Sandra Melendez,402,6,15593,0,2,4,4,10,244,At Risk
10135,Zachary Kelly,291,6,18010,0,2,4,4,10,244,At Risk
10136,Susan Walker,536,8,22314,0,1,5,5,11,155,At Risk
10160,Brooke Burns,298,6,19752,0,2,4,5,11,245,At Risk
10176,Reginald Abbott,394,8,20933,0,2,5,5,12,255,At Risk
10181,Amy Hutchinson,383,7,27562,1,2,4,5,11,245,At Risk
10186,Sarah Wilson,598,8,19778,0,1,5,5,11,155,At Risk
10200,Joyce Lindsey,545,5,15955,0,1,3,4,8,134,At Risk
10210,David Conner,251,6,12958,0,2,4,3,9,243,At Risk
10221,Michael Butler,369,5,15353,0,2,3,4,9,234,At Risk
10227,Pamela Roberson,300,6,15846,0,2,4,4,10,244,At Risk
10243,Deborah Montes,435,5,22887,0,1,3,5,9,135,At Risk
10264,Kristen Bell,254,10,21223,0,2,5,5,12,255,At Risk
10268,Erin Carlson,315,5,12324,0,2,3,3,8,233,At Risk
10272,Stephanie Malone,378,5,11664,1,2,3,3,8,233,At Risk
10283,Lori Roberts,331,5,20510,0,2,3,5,10,235,At Risk
10288,Todd Lucas,270,5,19638,0,2,3,5,10,235,At Risk
10292,Eric Craig,568,5,12397,0,1,3,3,7,133,At Risk
10318,Timothy Moore,418,5,13832,0,2,3,3,8,233,At Risk
10324,Jenny Miller,385,6,20269,0,2,4,5,11,245,At Risk
10340,Miss Virginia Randall,780,5,12826,0,1,3,3,7,133,At Risk
10354,Casey Mercer,509,7,24190,1,1,4,5,10,145,At Risk
10371,Michael Ramirez,303,6,20318,0,2,4,5,11,245,At Risk
10374,Jaime Pope,280,5,13693,0,2,3,3,8,233,At Risk
10376,Kyle Rodriguez,400,6,17198,0,2,4,4,10,244,At Risk
10382,Sue Garcia,353,5,16737,0,2,3,4,9,234,At Risk
10387,Cynthia Herrera,261,7,17584,0,2,4,4,10,244,At Risk
10390,Thomas Green,633,5,17447,0,1,3,4,8,134,At Risk
10393,Julie Nelson,416,6,17466,1,2,4,4,10,244,At Risk
10395,Nicholas Marshall,460,6,19918,0,1,4,5,10,145,At Risk
10397,Dr. Erica Glass,465,5,16319,0,1,3,4,8,134,At Risk
10403,Joseph Johnson,388,5,16088,1,2,3,4,9,234,At Risk
10407,Jesse Mueller,384,8,19570,0,2,5,5,12,255,At Risk
10409,Rita Johnston,390,7,15431,1,2,4,4,10,244,At Risk
10420,Abigail Martinez,302,7,14523,1,2,4,3,9,243,At Risk
10422,Natalie Wright MD,254,7,18954,0,2,4,4,10,244,At Risk
10423,Darlene Smith,478,5,11424,0,1,3,3,7,133,At Risk
10430,Charles Davis,255,5,12281,0,2,3,3,8,233,At Risk
10435,Dawn Ross,246,7,15724,0,2,4,4,10,244,At Risk
10436,Brooke Everett,428,6,17354,0,1,4,4,9,144,At Risk
10444,Jessica Stanley,625,5,15194,0,1,3,4,8,134,At Risk
10453,Kim Meza,621,6,18001,0,1,4,4,9,144,At Risk
10454,Antonio Becker,523,5,14510,0,1,3,3,7,133,At Risk
10462,Tonya Ward,295,6,17511,0,2,4,4,10,244,At Risk
10467,Tonya Adams,450,5,15927,0,1,3,4,8,134,At Risk
10472,Ashley Smith,567,5,18969,0,1,3,4,8,134,At Risk
10473,Audrey Mata,274,5,20709,0,2,3,5,10,235,At Risk
10477,Cody Clark,274,5,14778,0,2,3,3,8,233,At Risk
10489,Andrew Johnson,521,8,22712,0,1,5,5,11,155,At Risk
10497,Michele Cain,526,5,16671,0,1,3,4,8,134,At Risk
10499,Jennifer Stark,337,5,13983,0,2,3,3,8,233,At Risk
10518,Maria Duncan,307,8,21551,0,2,5,5,12,255,At Risk
10524,Adrian Roberts,386,5,17511,0,2,3,4,9,234,At Risk
10526,Tracey Murphy,253,10,27525,0,2,5,5,12,255,At Risk
10530,Jessica Valdez,269,6,16912,0,2,4,4,10,244,At Risk
10531,Melissa Cooper,310,5,12289,0,2,3,3,8,233,At Risk
10541,Tiffany Williams,402,6,11665,0,2,4,3,9,243,At Risk
10543,Taylor Butler,268,5,12792,0,2,3,3,8,233,At Risk
10547,Shannon Larsen,403,5,14862,0,2,3,4,9,234,At Risk
10559,Elijah Wilkerson,427,6,20501,0,2,4,5,11,245,At Risk
10564,Kimberly Franklin,267,6,15243,0,2,4,4,10,244,At Risk
10569,Anna Bennett,448,5,20397,0,1,3,5,9,135,At Risk
10580,Erin Walker,295,6,14463,0,2,4,3,9,243,At Risk
10587,Miguel Cummings,255,5,18480,0,2,3,4,9,234,At Risk
10607,Alexis Shah,393,8,19886,0,2,5,5,12,255,At Risk
10614,Shirley Krueger,317,6,18356,0,2,4,4,10,244,At Risk
10616,Jonathan Sullivan,690,5,14167,0,1,3,3,7,133,At Risk
10627,Deborah Riddle,331,8,18544,0,2,5,4,11,254,At Risk
10629,Margaret Heath,323,9,27445,0,2,5,5,12,255,At Risk
10636,Megan Alexander DDS,563,5,13222,0,1,3,3,7,133,At Risk
10642,Laura Watson,275,8,24179,0,2,5,5,12,255,At Risk
10645,Randall Brown,300,8,19257,1,2,5,4,11,254,At Risk
10646,James Salazar,287,8,22905,0,2,5,5,12,255,At Risk
10651,Charles Benitez,736,7,15588,0,1,4,4,9,144,At Risk
10661,Patrick Brown,269,6,21386,0,2,4,5,11,245,At Risk
10671,Anthony Lopez,328,7,18894,0,2,4,4,10,244,At Risk
10672,Amy Brown,475,5,18336,0,1,3,4,8,134,At Risk
10694,Jacob King,485,6,15426,0,1,4,4,9,144,At Risk
10704,Melissa Bell,595,5,12643,0,1,3,3,7,133,At Risk
10711,Jose Carr,789,5,15541,0,1,3,4,8,134,At Risk
10714,Terri Roberts PhD,411,5,12965,1,2,3,3,8,233,At Risk
10741,Autumn Owens,256,7,22847,0,2,4,5,11,245,At Risk
10750,John Pearson,263,6,13762,0,2,4,3,9,243,At Risk
10767,Christopher Gonzalez,313,5,14021,0,2,3,3,8,233,At Risk
10771,Christian Ayers,458,5,11620,1,1,3,3,7,133,At Risk
10773,David Rogers,341,5,14450,0,2,3,3,8,233,At Risk
10778,Steven Cole,411,5,11961,0,2,3,3,8,233,At Risk
10781,Shannon Harris,397,6,15117,0,2,4,4,10,244,At Risk
10791,Robert Leach,417,6,17645,0,2,4,4,10,244,At Risk
10793,Mr. Zachary Baker,601,5,12854,0,1,3,3,7,133,At Risk
10799,Bradley Wyatt,592,5,19137,0,1,3,4,8,134,At Risk
10806,Dakota Mcneil,384,5,16816,0,2,3,4,9,234,At Risk
10824,Grace Hanson,409,5,12064,0,2,3,3,8,233,At Risk
10825,Amanda Reyes,694,5,14406,0,1,3,3,7,133,At Risk
10830,Matthew Castro,301,8,23461,0,2,5,5,12,255,At Risk
10831,Karl Yoder,424,5,13864,0,2,3,3,8,233,At Risk
10841,Kristin Kelly,291,7,20854,0,2,4,5,11,245,At Risk
10842,Julie Richmond,605,5,22333,1,1,3,5,9,135,At Risk
10846,Ashley York,608,5,11996,0,1,3,3,7,133,At Risk
10853,Deborah Wilson,251,6,16455,0,2,4,4,10,244,At Risk
10854,Amber Spence,489,5,13810,1,1,3,3,7,133,At Risk
10863,Carl Lewis,396,5,14834,0,2,3,4,9,234,At Risk
10869,Wayne Johnson,274,8,22679,0,2,5,5,12,255,At Risk
10874,Lisa Curry,252,6,15294,0,2,4,4,10,244,At Risk
10878,Jody Hernandez,474,6,16150,1,1,4,4,9,144,At Risk
10883,Eugene Romero,322,9,21899,0,2,5,5,12,255,At Risk
10888,Nicole Gutierrez,322,5,14637,0,2,3,3,8,233,At Risk
10900,Emily Deleon,706,7,17994,0,1,4,4,9,144,At Risk
10901,Harold Cox,470,7,14710,1,1,4,3,8,143,At Risk
10904,Colton Dominguez,333,5,15764,0,2,3,4,9,234,At Risk
10905,Anna Shelton,268,6,11545,0,2,4,3,9,243,At Risk
10908,David Wilson,432,9,22138,0,1,5,5,11,155,At Risk
10911,Monica Hill,321,6,17916,0,2,4,4,10,244,At Risk
10915,Jeffrey Nelson,526,8,20192,0,1,5,5,11,155,At Risk
10940,Michael Blackburn,553,6,16854,0,1,4,4,9,144,At Risk
10947,Peggy Craig,271,8,17210,0,2,5,4,11,254,At Risk
10948,Judith Stanton,263,6,19126,1,2,4,4,10,244,At Risk
10972,Erica Hernandez,394,7,17657,0,2,4,4,10,244,At Risk
10975,Cody Davis,286,10,21731,0,2,5,5,12,255,At Risk
10983,Nancy Luna,699,5,13363,1,1,3,3,7,133,At Risk
10984,Wanda Perez,676,7,22046,0,1,4,5,10,145,At Risk
10986,Kristin Webster,808,5,11596,1,1,3,3,7,133,At Risk
10990,Kenneth Tanner,300,5,13887,0,2,3,3,8,233,At Risk
10995,Tanya Campbell,280,7,17218,0,2,4,4,10,244,At Risk
10998,Pamela Campbell,685,6,16564,0,1,4,4,9,144,At Risk
11000,Alisha Mccullough,340,5,16550,0,2,3,4,9,234,At Risk
11002,Ronald Flores,262,7,16647,0,2,4,4,10,244,At Risk
11023,Michele Miller,262,8,17726,0,2,5,4,11,254,At Risk
11025,Brenda Willis,510,7,26104,0,1,4,5,10,145,At Risk
11032,Corey Mathis,534,8,17432,0,1,5,4,10,154,At Risk
11033,Samuel Murphy,279,5,17708,0,2,3,4,9,234,At Risk
11057,Michael Cruz,263,6,13044,0,2,4,3,9,243,At Risk
11067,Nathan Rivera,304,5,12836,0,2,3,3,8,233,At Risk
11088,Sara Chandler,330,5,15437,1,2,3,4,9,234,At Risk
11092,Pamela Drake,667,5,13991,0,1,3,3,7,133,At Risk
11095,Gregory Mccormick,257,8,24333,0,2,5,5,12,255,At Risk
11098,Morgan Taylor,251,6,11517,0,2,4,3,9,243,At Risk
11099,Andrew Ellis,294,6,18151,0,2,4,4,10,244,At Risk
11106,Mitchell Burch,312,6,15088,0,2,4,4,10,244,At Risk
11109,Pamela French,770,5,12186,0,1,3,3,7,133,At Risk
11118,Brian Powell,336,5,13862,1,2,3,3,8,233,At Risk
11124,Karen Hunter,452,7,20497,1,1,4,5,10,145,At Risk
11127,Christine Lee,287,5,13585,0,2,3,3,8,233,At Risk
11131,Jason Wilson,255,8,20294,0,2,5,5,12,255,At Risk
11134,Michael Walsh,432,7,14452,0,1,4,3,8,143,At Risk
11156,Timothy Fowler,638,5,11778,0,1,3,3,7,133,At Risk
11161,Chad Sanders,476,6,12590,0,1,4,3,8,143,At Risk
11178,John Moore,404,5,18062,0,2,3,4,9,234,At Risk
11199,Brittany Ruiz,281,10,20539,0,2,5,5,12,255,At Risk
11204,Derek Liu,457,8,12017,0,1,5,3,9,153,At Risk
11223,Bradley Simmons,321,5,11338,0,2,3,3,8,233,At Risk
11224,Mary Owens,622,5,17143,0,1,3,4,8,134,At Risk
11225,Andrea Oliver,256,6,17405,0,2,4,4,10,244,At Risk
11229,Colleen Cox,344,5,15595,0,2,3,4,9,234,At Risk
11231,Kimberly Gray,280,6,13066,0,2,4,3,9,243,At Risk
11239,Colleen Adams,368,5,17533,0,2,3,4,9,234,At Risk
11249,Christopher Smith,659,6,21426,0,1,4,5,10,145,At Risk
11254,Alexis Hodges,385,11,37233,0,2,5,5,12,255,At Risk
11256,Michael Nielsen,345,7,20100,0,2,4,5,11,245,At Risk
11264,Michael Anderson,331,6,11351,0,2,4,3,9,243,At Risk
11266,Michelle Adams,306,7,16026,1,2,4,4,10,244,At Risk
11270,Julian Dudley,283,5,12974,0,2,3,3,8,233,At Risk
11272,Gabrielle Horton,277,6,16165,0,2,4,4,10,244,At Risk
11274,Mary Jones,352,5,13698,0,2,3,3,8,233,At Risk
11280,Bruce Roberts,467,6,16546,1,1,4,4,9,144,At Risk
11283,Catherine Frank,281,8,20892,0,2,5,5,12,255,At Risk
11304,Lauren Little,549,6,20780,0,1,4,5,10,145,At Risk
11309,Mary Benton,325,7,19255,0,2,4,4,10,244,At Risk
11312,Joshua Robinson,245,7,19044,0,2,4,4,10,244,At Risk
11313,Joseph Moore,346,7,19841,0,2,4,5,11,245,At Risk
11329,Diane Miller,458,8,16430,0,1,5,4,10,154,At Risk
11335,Sabrina Rodriguez,423,5,11665,0,2,3,3,8,233,At Risk
11336,David Bennett,369,5,14227,0,2,3,3,8,233,At Risk
11339,Brenda Thompson,286,5,12540,0,2,3,3,8,233,At Risk
11351,Kelly Lynch,409,9,21225,0,2,5,5,12,255,At Risk
11354,Ricky Cline,461,5,12366,0,1,3,3,7,133,At Risk
11363,Andre Johnson,245,7,19260,0,2,4,4,10,244,At Risk
11372,Jermaine Myers,297,6,19941,0,2,4,5,11,245,At Risk
11386,Stephanie Deleon,263,6,18601,1,2,4,4,10,244,At Risk
11388,Elizabeth Lester,286,11,26881,0,2,5,5,12,255,At Risk
11390,Yolanda Becker,386,11,29146,0,2,5,5,12,255,At Risk
11408,Aaron Chapman,562,5,14751,0,1,3,3,7,133,At Risk
11410,Jose May,341,6,17673,0,2,4,4,10,244,At Risk
11414,William Fuller,514,6,16112,0,1,4,4,9,144,At Risk
11415,Maria Reyes,443,6,15453,1,1,4,4,9,144,At Risk
11416,Jessica Smith,271,8,16281,0,2,5,4,11,254,At Risk
11422,Ashley Alvarez,263,5,12504,0,2,3,3,8,233,At Risk
11434,David Pierce,284,5,19808,1,2,3,5,10,235,At Risk
11449,Alexis Morris,470,7,20442,0,1,4,5,10,145,At Risk
11456,Tracy Casey,431,8,24644,0,1,5,5,11,155,At Risk
11494,Cole Rubio,272,7,15537,0,2,4,4,10,244,At Risk
11495,Jillian Morrison,247,7,23259,0,2,4,5,11,245,At Risk
11496,Dominique Williams,264,8,24069,0,2,5,5,12,255,At Risk
11506,Edward Duncan,717,6,21169,0,1,4,5,10,145,At Risk
11508,Veronica Nelson,281,6,15620,1,2,4,4,10,244,At Risk
11509,Michael Lindsey,387,7,28718,0,2,4,5,11,245,At Risk
11512,Mary Kaufman,281,8,14012,0,2,5,3,10,253,At Risk
11516,Diamond Peterson,911,5,18586,0,1,3,4,8,134,At Risk
11540,Patrick Knight,286,5,17984,1,2,3,4,9,234,At Risk
11569,Julian Howard,301,5,11809,0,2,3,3,8,233,At Risk
11581,Rebekah Nixon,250,6,19303,1,2,4,5,11,245,At Risk
11586,Kayla Maynard,411,7,22332,0,2,4,5,11,245,At Risk
11603,Michelle Thompson,244,6,12545,1,2,4,3,9,243,At Risk
11619,Jamie Raymond,244,8,20859,0,2,5,5,12,255,At Risk
11641,Kathryn Hayes,357,7,24333,0,2,4,5,11,245,At Risk
11649,Kimberly Martinez,256,5,12291,1,2,3,3,8,233,At Risk
11654,Timothy Hendricks,254,6,20560,1,2,4,5,11,245,At Risk
11670,Jose Williams,537,5,13587,0,1,3,3,7,133,At Risk
11673,Frank Mendoza,373,5,13475,0,2,3,3,8,233,At Risk
11678,Julie Walker,281,5,12568,0,2,3,3,8,233,At Risk
11698,Roy Mendoza,608,5,17187,1,1,3,4,8,134,At Risk
11701,Chad Williams Jr.,584,5,16214,0,1,3,4,8,134,At Risk
11713,Teresa Fritz,299,5,17364,0,2,3,4,9,234,At Risk
11716,Lisa Hunter,326,8,22877,1,2,5,5,12,255,At Risk
11727,Madison Berry,244,7,17910,0,2,4,4,10,244,At Risk
11728,Michael Scott,344,8,26702,0,2,5,5,12,255,At Risk
11729,Laurie Donovan,425,6,19927,0,2,4,5,11,245,At Risk
11738,Sarah Evans,339,5,19438,0,2,3,5,10,235,At Risk
11743,Sydney Foster,441,7,16641,0,1,4,4,9,144,At Risk
11751,Jason Wolfe,739,7,18642,0,1,4,4,9,144,At Risk
11758,Ronald Long,311,9,29362,0,2,5,5,12,255,At Risk
11766,Lucas Powell Jr.,303,9,27031,0,2,5,5,12,255,At Risk
11774,Sarah Mckinney,644,8,22408,0,1,5,5,11,155,At Risk
11779,Tammy Shaw,474,5,12293,0,1,3,3,7,133,At Risk
11796,Elizabeth Mendez,502,6,17202,0,1,4,4,9,144,At Risk
11797,Holly Mills,254,5,12048,0,2,3,3,8,233,At Risk
11799,Lisa Burnett,349,5,19152,0,2,3,4,9,234,At Risk
11802,Joseph Bauer,452,8,25629,0,1,5,5,11,155,At Risk
11811,Marilyn Lopez,324,7,22776,0,2,4,5,11,245,At Risk
11820,Susan Brown,271,6,11970,0,2,4,3,9,243,At Risk
11858,Jerry Scott,327,6,11634,1,2,4,3,9,243,At Risk
11863,Kathleen Brooks,394,5,12676,0,2,3,3,8,233,At Risk
11865,Jeremy Heath,552,6,17780,0,1,4,4,9,144,At Risk
11876,Christopher Parker,398,5,14453,0,2,3,3,8,233,At Risk
11886,Troy Potter,245,8,20323,0,2,5,5,12,255,At Risk
11890,Monique Johnston,332,5,17056,0,2,3,4,9,234,At Risk
11893,Christopher Sharp,531,9,18962,0,1,5,4,10,154,At Risk
11894,James Alvarado,403,8,22623,0,2,5,5,12,255,At Risk
11895,David Chapman,453,8,20305,0,1,5,5,11,155,At Risk
11911,Ronald Rivera,453,5,21139,0,1,3,5,9,135,At Risk
11918,Stacy Black,563,6,12978,1,1,4,3,8,143,At Risk
11922,William Lee,250,9,20645,0,2,5,5,12,255,At Risk
11929,David Figueroa,329,7,18451,0,2,4,4,10,244,At Risk
11944,Ann Warren,328,7,21296,0,2,4,5,11,245,At Risk
11946,Jason Jackson,457,5,12362,0,1,3,3,7,133,At Risk
11960,Donald Taylor,469,6,17644,1,1,4,4,9,144,At Risk
11973,Elizabeth Mason,679,6,17419,1,1,4,4,9,144,At Risk
11979,Sheila May,531,5,16055,0,1,3,4,8,134,At Risk
11990,Kenneth Carrillo,630,5,14490,1,1,3,3,7,133,At Risk
11996,Jeffery Guerra,689,7,21814,0,1,4,5,10,145,At Risk
11998,James Myers,309,5,11684,0,2,3,3,8,233,At Risk
12004,Thomas Hardin DVM,645,5,12565,0,1,3,3,7,133,At Risk
12047,Robert Clark,353,7,17693,0,2,4,4,10,244,At Risk
12080,Leah Carroll,393,7,24297,1,2,4,5,11,245,At Risk
12089,Stephanie Schmidt,299,5,14345,0,2,3,3,8,233,At Risk
12090,Kelly Mathis,269,12,34411,0,2,5,5,12,255,At Risk
12096,Mitchell Moore,602,5,15707,0,1,3,4,8,134,At Risk
12102,Michelle Williams,310,5,14355,0,2,3,3,8,233,At Risk
12110,Timothy Ramirez,300,7,12396,1,2,4,3,9,243,At Risk
12128,Susan Conner,331,6,13837,0,2,4,3,9,243,At Risk
12130,Emily Berry,419,6,15694,0,2,4,4,10,244,At Risk
12132,Heidi Ryan MD,561,6,14851,0,1,4,4,9,144,At Risk
12135,Danielle Murphy,249,6,21202,1,2,4,5,11,245,At Risk
12136,Kyle Mcgrath,281,7,23253,0,2,4,5,11,245,At Risk
12141,Mallory Burns,292,5,13721,0,2,3,3,8,233,At Risk
12143,Patrick Solis,246,7,21773,0,2,4,5,11,245,At Risk
12145,Bruce Ibarra,387,5,11341,0,2,3,3,8,233,At Risk
12147,Lisa Schaefer,650,5,13712,1,1,3,3,7,133,At Risk
12154,Robert Shepard,276,5,14952,1,2,3,4,9,234,At Risk
12158,Amanda Williams,337,6,13668,0,2,4,3,9,243,At Risk
12161,Jennifer Navarro,329,6,13336,0,2,4,3,9,243,At Risk
12162,Miguel Reese,557,7,18610,0,1,4,4,9,144,At Risk
12175,Stephen Young,300,6,18700,0,2,4,4,10,244,At Risk
12179,Anthony Wood,422,8,23520,0,2,5,5,12,255,At Risk
12181,Angela Klein,416,5,17871,0,2,3,4,9,234,At Risk
12189,Travis Carpenter,417,7,19987,0,2,4,5,11,245,At Risk
12191,Jessica Bailey,318,6,16187,0,2,4,4,10,244,At Risk
12193,David Sanchez,286,5,15833,1,2,3,4,9,234,At Risk
12198,Alvin Sanders,310,6,13255,0,2,4,3,9,243,At Risk
12207,Christopher Clark,496,9,29404,0,1,5,5,11,155,At Risk
12215,Alexandra Holland,296,6,13870,0,2,4,3,9,243,At Risk
12226,Ryan Morris,709,6,13689,0,1,4,3,8,143,At Risk
12232,Michael Nielsen,253,7,20732,0,2,4,5,11,245,At Risk
12233,Barbara Perez,459,6,11778,0,1,4,3,8,143,At Risk
12234,Diane Butler,330,6,19465,0,2,4,5,11,245,At Risk
12238,Tyler Adams,294,7,16912,0,2,4,4,10,244,At Risk
12241,William Cervantes,845,5,12660,0,1,3,3,7,133,At Risk
12257,Stacy Anderson,294,6,14112,0,2,4,3,9,243,At Risk
12264,Douglas Nguyen,279,8,18215,1,2,5,4,11,254,At Risk
12265,Catherine Ward DDS,338,10,31475,1,2,5,5,12,255,At Risk
12276,Benjamin Sanchez,268,6,15396,0,2,4,4,10,244,At Risk
12281,Jacqueline Richmond,525,5,16327,1,1,3,4,8,134,At Risk
12285,Thomas Gaines,618,5,15374,0,1,3,4,8,134,At Risk
12297,Anthony Lutz,525,5,17518,1,1,3,4,8,134,At Risk
12298,Raymond Mays,375,9,22264,0,2,5,5,12,255,At Risk
12299,Brandon Jordan,321,5,15009,0,2,3,4,9,234,At Risk
12305,Christina Perez,324,5,11570,0,2,3,3,8,233,At Risk
12306,Frank Anderson,289,5,18143,0,2,3,4,9,234,At Risk
12312,Jerry Fuller,302,6,19235,0,2,4,4,10,244,At Risk
12317,Kayla Lewis,328,6,19110,0,2,4,4,10,244,At Risk
12319,Michael Stewart,282,5,15220,0,2,3,4,9,234,At Risk
12323,George Jones,326,9,23596,0,2,5,5,12,255,At Risk
12326,Richard Reid,377,8,24648,0,2,5,5,12,255,At Risk
12335,Jennifer Richardson,454,5,12395,0,1,3,3,7,133,At Risk
12337,Alicia Barajas,271,8,28214,0,2,5,5,12,255,At Risk
12344,Michael Wise,351,6,11602,0,2,4,3,9,243,At Risk
12354,Peter Smith,378,5,14794,1,2,3,3,8,233,At Risk
12367,Kelly Hughes,352,12,29590,0,2,5,5,12,255,At Risk
12374,Keith Thomas II,311,8,18228,0,2,5,4,11,254,At Risk
12375,Justin Davis,476,10,26538,0,1,5,5,11,155,At Risk
12380,Patricia Silva,327,5,11673,1,2,3,3,8,233,At Risk
12382,Edward Lane,310,5,13197,0,2,3,3,8,233,At Risk
12399,Mrs. Diana Snyder,397,5,11420,1,2,3,3,8,233,At Risk
12403,Rebecca Garza,433,5,18940,1,1,3,4,8,134,At Risk
12407,Joshua Alvarado,434,7,16820,0,1,4,4,9,144,At Risk
12412,Jennifer Waller,271,5,13807,0,2,3,3,8,233,At Risk
12416,George Nelson,280,8,18503,0,2,5,4,11,254,At Risk
12417,Michelle Hernandez,672,5,14861,0,1,3,4,8,134,At Risk
12428,Robert Meza MD,512,5,18563,0,1,3,4,8,134,At Risk
12431,James Zimmerman,297,5,11901,0,2,3,3,8,233,At Risk
12434,Gerald Salinas,369,6,18224,0,2,4,4,10,244,At Risk
12459,Natalie Bean,269,5,16244,0,2,3,4,9,234,At Risk
12463,Todd Floyd,316,6,20600,0,2,4,5,11,245,At Risk
12465,Tammy Casey,398,5,15459,0,2,3,4,9,234,At Risk
12467,Judy Miller,322,7,17771,0,2,4,4,10,244,At Risk
12469,Tina Brooks,452,5,15306,0,1,3,4,8,134,At Risk
12471,Kenneth Myers,559,5,17237,0,1,3,4,8,134,At Risk
12478,Amanda Pope,249,7,23231,0,2,4,5,11,245,At Risk
12481,Lynn Jackson,463,5,16802,1,1,3,4,8,134,At Risk
12486,Andrew Paul,319,6,19107,0,2,4,4,10,244,At Risk
12499,Tristan Schmidt,266,8,23618,0,2,5,5,12,255,At Risk
12503,David Johnson,258,5,12350,1,2,3,3,8,233,At Risk
12510,Thomas White,685,7,21402,0,1,4,5,10,145,At Risk
12518,Isabella Cortez,271,7,22314,0,2,4,5,11,245,At Risk
12523,Dakota Morgan,559,5,13569,0,1,3,3,7,133,At Risk
12533,David Wall,318,5,13356,0,2,3,3,8,233,At Risk
12536,Kelly Miller,741,5,11799,0,1,3,3,7,133,At Risk
12540,Kevin Gutierrez,252,5,13616,1,2,3,3,8,233,At Risk
12543,Cheryl Anderson,363,6,15107,0,2,4,4,10,244,At Risk
12547,Mallory Davis,494,5,13643,0,1,3,3,7,133,At Risk
12551,Tracie Sawyer,342,6,17789,0,2,4,4,10,244,At Risk
12561,Diane Clark,288,6,14845,0,2,4,4,10,244,At Risk
12582,Jeremy Dougherty,1053,5,15411,1,1,3,4,8,134,At Risk
12584,Chelsey Adams,433,6,13944,0,1,4,3,8,143,At Risk
12605,Patricia Walker,500,7,22418,0,1,4,5,10,145,At Risk
12606,Robert Gonzalez,389,5,15093,1,2,3,4,9,234,At Risk
12610,Pamela Washington,288,6,14507,0,2,4,3,9,243,At Risk
12617,Ryan Bond,251,6,12648,0,2,4,3,9,243,At Risk
12624,Michael Stewart,457,5,17153,1,1,3,4,8,134,At Risk
12627,David Joseph,705,5,17729,0,1,3,4,8,134,At Risk
12633,Jill Church,405,5,18867,1,2,3,4,9,234,At Risk
12640,Catherine Trujillo,436,6,11460,0,1,4,3,8,143,At Risk
12650,Pamela Kaiser,466,5,16935,0,1,3,4,8,134,At Risk
12677,Jonathan Sims,359,6,19116,0,2,4,4,10,244,At Risk
12683,Dr. Stephen Weiss,253,6,17700,0,2,4,4,10,244,At Risk
12687,Robert Doyle,302,5,14973,0,2,3,4,9,234,At Risk
12696,Julia Hernandez,392,6,16875,0,2,4,4,10,244,At Risk
12701,Rebekah Blake,390,5,14052,0,2,3,3,8,233,At Risk
12721,Karla Greene,520,5,16713,0,1,3,4,8,134,At Risk
12736,Andrew Snyder,522,6,16142,0,1,4,4,9,144,At Risk
12738,Gabriela Walker,293,8,21544,0,2,5,5,12,255,At Risk
12748,Todd Walls,261,5,16371,0,2,3,4,9,234,At Risk
12749,James Blevins,340,6,16319,0,2,4,4,10,244,At Risk
12750,Michael Pratt,498,6,17238,0,1,4,4,9,144,At Risk
12751,Patricia Cardenas,481,7,16894,0,1,4,4,9,144,At Risk
12755,Vickie Mccoy,420,5,11989,0,2,3,3,8,233,At Risk
12775,Joshua Mcgrath,370,6,15724,0,2,4,4,10,244,At Risk
12785,Sara Williams,306,10,32514,0,2,5,5,12,255,At Risk
12788,Justin Benson,295,6,12683,0,2,4,3,9,243,At Risk
12798,Melinda Hawkins,298,5,15558,1,2,3,4,9,234,At Risk
12804,Thomas Ramirez,319,5,17602,0,2,3,4,9,234,At Risk
12814,Linda Fowler,598,5,13743,0,1,3,3,7,133,At Risk
12827,Heidi Evans,590,6,15977,0,1,4,4,9,144,At Risk
12828,Joanne Esparza,762,6,16198,0,1,4,4,9,144,At Risk
12843,Diane Randall,268,8,18236,1,2,5,4,11,254,At Risk
12866,Eric Lewis,299,8,21655,0,2,5,5,12,255,At Risk
12868,Frank Sherman,302,6,18851,1,2,4,4,10,244,At Risk
12870,Barbara Sutton,436,5,16776,0,1,3,4,8,134,At Risk
12874,Zachary Jackson,557,6,17262,0,1,4,4,9,144,At Risk
12879,Kathy Kemp,357,5,13422,0,2,3,3,8,233,At Risk
12885,Lauren White,488,5,14280,0,1,3,3,7,133,At Risk
12894,Andre Herrera,273,7,21310,1,2,4,5,11,245,At Risk
12911,Larry Miller,815,6,16502,0,1,4,4,9,144,At Risk
12944,Amy Murphy,675,5,14767,1,1,3,3,7,133,At Risk
12946,Justin Moore,857,5,16982,1,1,3,4,8,134,At Risk
12963,Bryan Sanford,510,7,18991,0,1,4,4,9,144,At Risk
12966,Larry Guerrero,339,5,14989,1,2,3,4,9,234,At Risk
12968,April Martinez,646,7,23681,0,1,4,5,10,145,At Risk
12969,Ashley Morris,662,5,15355,1,1,3,4,8,134,At Risk
12979,Sharon Murray,304,6,12327,1,2,4,3,9,243,At Risk
12983,Tiffany Rhodes,432,5,11929,0,1,3,3,7,133,At Risk
13005,David Collins,534,6,13602,0,1,4,3,8,143,At Risk
13007,Marissa Wolfe,333,7,21104,0,2,4,5,11,245,At Risk
13022,Shannon White,385,7,15221,0,2,4,4,10,244,At Risk
13031,Michael Mccoy,448,6,20720,0,1,4,5,10,145,At Risk
13049,Mrs. Samantha Singleton DVM,735,5,13840,0,1,3,3,7,133,At Risk
13054,Jared Ramirez Jr.,402,5,14906,0,2,3,4,9,234,At Risk
13055,Robert Rogers,638,8,19304,0,1,5,5,11,155,At Risk
13059,Brian Miller,392,9,30066,1,2,5,5,12,255,At Risk
13067,Steven Smith,262,5,14476,0,2,3,3,8,233,At Risk
13069,Michelle Bryant,318,8,16939,1,2,5,4,11,254,At Risk
13076,Mark Clark,495,5,17401,0,1,3,4,8,134,At Risk
13092,Amanda Franco,458,6,17794,0,1,4,4,9,144,At Risk
13095,Wayne Miller,300,6,15180,0,2,4,4,10,244,At Risk
13100,Ashley Roberts,337,7,16638,0,2,4,4,10,244,At Risk
13101,Matthew Daniels,564,6,24068,0,1,4,5,10,145,At Risk
13106,Joseph Marquez,247,7,25948,0,2,4,5,11,245,At Risk
13108,Julie Reeves,404,7,24998,1,2,4,5,11,245,At Risk
13117,Claudia Bailey,451,6,20746,0,1,4,5,10,145,At Risk
13146,Emily Farmer,285,6,17108,1,2,4,4,10,244,At Risk
13149,Valerie Drake,255,5,14152,0,2,3,3,8,233,At Risk
13160,Andrew Johnson,396,5,16491,0,2,3,4,9,234,At Risk
13164,Anne Harrell,444,5,15716,0,1,3,4,8,134,At Risk
13175,Kimberly Reed PhD,244,6,16878,0,2,4,4,10,244,At Risk
13176,Beth Park,323,7,16772,0,2,4,4,10,244,At Risk
13177,Justin Chandler,387,8,23351,0,2,5,5,12,255,At Risk
13178,Jessica Olson,346,8,21232,0,2,5,5,12,255,At Risk
13193,Michael Ellis,258,5,13449,0,2,3,3,8,233,At Risk
13223,Kevin Downs,245,6,17805,0,2,4,4,10,244,At Risk
13225,Sharon Johns,274,7,20368,1,2,4,5,11,245,At Risk
13233,Ryan Jackson,545,5,16340,0,1,3,4,8,134,At Risk
13256,Kathy Donovan,385,6,14165,0,2,4,3,9,243,At Risk
13271,Jessica Cunningham DDS,292,7,20082,0,2,4,5,11,245,At Risk
13282,Kimberly Olson,360,7,23267,0,2,4,5,11,245,At Risk
13318,Raymond Serrano,289,7,18635,0,2,4,4,10,244,At Risk
13326,Jonathan Martin,339,5,12679,0,2,3,3,8,233,At Risk
13337,Jennifer Williams,323,6,14125,0,2,4,3,9,243,At Risk
13338,Tonya Robinson,307,6,20861,1,2,4,5,11,245,At Risk
13340,Eric Greene,293,7,15525,1,2,4,4,10,244,At Risk
13362,Elizabeth Lewis,333,6,18498,1,2,4,4,10,244,At Risk
13369,Alex Yoder,392,5,12408,0,2,3,3,8,233,At Risk
13375,Jennifer French,472,8,16615,0,1,5,4,10,154,At Risk
13380,Whitney Roberts,250,6,14479,0,2,4,3,9,243,At Risk
13390,Daniel Hanson,373,5,14804,0,2,3,3,8,233,At Risk
13393,Michael Hunt,250,7,21495,0,2,4,5,11,245,At Risk
13394,Joshua Taylor,449,5,15550,0,1,3,4,8,134,At Risk
13399,John Taylor,480,5,11719,0,1,3,3,7,133,At Risk
13407,Joseph Jones,436,5,11362,0,1,3,3,7,133,At Risk
13417,Edward Coleman,487,5,12429,0,1,3,3,7,133,At Risk
13441,Debbie Watson,311,7,19033,0,2,4,4,10,244,At Risk
13443,Christina Rose,546,5,14520,0,1,3,3,7,133,At Risk
13448,Michele Cox DDS,663,8,19557,0,1,5,5,11,155,At Risk
13449,Garrett Snow,292,6,18490,1,2,4,4,10,244,At Risk
13452,Brittany Barton,256,9,20689,1,2,5,5,12,255,At Risk
13456,Denise Gibson,382,9,16594,1,2,5,4,11,254,At Risk
13459,Michelle Booker,334,5,17375,0,2,3,4,9,234,At Risk
13466,Matthew Brown,553,7,20286,0,1,4,5,10,145,At Risk
13490,Tamara Cook,642,6,11645,1,1,4,3,8,143,At Risk
13502,Luis Carroll,432,6,17109,1,1,4,4,9,144,At Risk
13505,Isabella Roberts,306,8,24157,0,2,5,5,12,255,At Risk
13506,Amanda Hayes,363,7,14832,0,2,4,4,10,244,At Risk
13517,John Sherman,363,6,13165,0,2,4,3,9,243,At Risk
13518,Erica Turner,507,9,20653,0,1,5,5,11,155,At Risk
13522,Roger Gamble,519,7,12184,1,1,4,3,8,143,At Risk
13525,Teresa Harris,365,5,14673,0,2,3,3,8,233,At Risk
13535,Jasmine Giles,296,8,20374,0,2,5,5,12,255,At Risk
13539,Alejandro Mitchell,456,5,13080,1,1,3,3,7,133,At Risk
13548,Christopher Jones,718,7,15957,0,1,4,4,9,144,At Risk
13567,Kelly Molina,325,6,20651,0,2,4,5,11,245,At Risk
13594,Pamela Watson,497,7,24726,0,1,4,5,10,145,At Risk
13611,Chad Michael,915,5,14100,0,1,3,3,7,133,At Risk
13616,Kenneth Summers,703,6,15979,1,1,4,4,9,144,At Risk
13619,Brian Allen DDS,245,5,19133,0,2,3,4,9,234,At Risk
13627,David Gardner,249,6,13614,0,2,4,3,9,243,At Risk
13628,Kerri George,282,5,11459,0,2,3,3,8,233,At Risk
13653,Nicole Smith,304,9,16112,0,2,5,4,11,254,At Risk
13669,Angela Barnes,477,5,16706,0,1,3,4,8,134,At Risk
13681,Anthony Stevenson,372,11,26399,1,2,5,5,12,255,At Risk
13682,Christina Howard,400,7,20172,1,2,4,5,11,245,At Risk
13696,Gary Elliott,531,5,12026,1,1,3,3,7,133,At Risk
13702,David Hicks,383,7,23908,1,2,4,5,11,245,At Risk
13712,Kathryn Mcdaniel,249,7,20637,1,2,4,5,11,245,At Risk
13721,Mr. Kevin Anderson,300,5,18652,0,2,3,4,9,234,At Risk
13726,Anthony Golden,388,5,18303,0,2,3,4,9,234,At Risk
13728,Matthew Preston,376,6,19322,1,2,4,5,11,245,At Risk
13732,Jordan Ho,739,7,13527,1,1,4,3,8,143,At Risk
13749,Allison Stevens,402,5,12514,1,2,3,3,8,233,At Risk
13752,William Lindsey,442,9,20145,0,1,5,5,11,155,At Risk
13767,Brandon Jones,296,6,17013,1,2,4,4,10,244,At Risk
13772,Patrick Elliott,275,6,13986,0,2,4,3,9,243,At Risk
13779,Ms. Debra Mendez,558,7,19633,0,1,4,5,10,145,At Risk
13797,Susan Evans,612,6,18096,0,1,4,4,9,144,At Risk
13806,Alice Rose MD,452,5,17321,0,1,3,4,8,134,At Risk
13814,Chad Thomas,322,5,11930,0,2,3,3,8,233,At Risk
13830,David Garcia,499,6,25105,1,1,4,5,10,145,At Risk
13840,Annette Walls,292,8,23243,0,2,5,5,12,255,At Risk
13859,Joshua Robinson,283,5,12015,0,2,3,3,8,233,At Risk
13862,Amanda Neal,392,9,30822,0,2,5,5,12,255,At Risk
13864,Scott Jennings,678,7,24996,0,1,4,5,10,145,At Risk
13874,Marcus Greene,367,8,25068,0,2,5,5,12,255,At Risk
13878,Mr. Jerry Koch,735,5,14337,1,1,3,3,7,133,At Risk
13879,Margaret Perkins,393,7,16703,0,2,4,4,10,244,At Risk
13893,Jodi Gonzalez,637,6,20752,0,1,4,5,10,145,At Risk
13900,Daniel Ross,311,6,16384,0,2,4,4,10,244,At Risk
13902,Brenda Cruz,418,6,16526,0,2,4,4,10,244,At Risk
13925,Jason Stevenson,341,6,17704,0,2,4,4,10,244,At Risk
13929,Paul Collins,411,8,15712,0,2,5,4,11,254,At Risk
13940,Matthew Spencer,250,6,14763,0,2,4,3,9,243,At Risk
13942,Stephen Henry,634,5,15511,0,1,3,4,8,134,At Risk
13945,Jacob Avery,647,6,15973,0,1,4,4,9,144,At Risk
13947,Christian Duncan,291,7,21705,0,2,4,5,11,245,At Risk
13951,Todd Guzman,599,8,15133,0,1,5,4,10,154,At Risk
13954,Jason Massey,291,8,20035,0,2,5,5,12,255,At Risk
13955,Heather Woods,428,6,12284,0,1,4,3,8,143,At Risk
13960,Justin Moore,247,7,20312,0,2,4,5,11,245,At Risk
13963,Michael Griffin,356,6,19110,0,2,4,4,10,244,At Risk
13966,Kenneth Woods,261,7,15949,0,2,4,4,10,244,At Risk
13967,Catherine Nguyen,298,5,12888,1,2,3,3,8,233,At Risk
13983,Marc White,270,5,13232,0,2,3,3,8,233,At Risk
13987,Joshua Gutierrez,488,7,12733,0,1,4,3,8,143,At Risk
13993,Gregory Deleon,404,6,16440,0,2,4,4,10,244,At Risk
13994,Nathan Tanner,263,6,19511,0,2,4,5,11,245,At Risk
14005,Bradley Camacho,388,5,13790,0,2,3,3,8,233,At Risk
14006,Christina Phelps,399,7,21027,0,2,4,5,11,245,At Risk
14008,Richard Henderson,501,5,19976,0,1,3,5,9,135,At Risk
14017,Jeffery Pena,272,6,17840,0,2,4,4,10,244,At Risk
14020,Carmen Hoffman,630,5,13641,0,1,3,3,7,133,At Risk
14025,Ruth Castro,498,6,15284,0,1,4,4,9,144,At Risk
14035,Nathan Gonzalez,266,6,18547,0,2,4,4,10,244,At Risk
14039,Joshua Osborne,428,5,16005,0,1,3,4,8,134,At Risk
14044,Robert Collier,409,8,23453,0,2,5,5,12,255,At Risk
14053,Brandy Benson,691,5,18452,1,1,3,4,8,134,At Risk
14056,Kristin Green,273,6,22670,0,2,4,5,11,245,At Risk
14061,Richard George,493,8,18102,0,1,5,4,10,154,At Risk
14078,William Rivers,552,9,25173,1,1,5,5,11,155,At Risk
14097,Elizabeth Jarvis,334,5,17390,0,2,3,4,9,234,At Risk
14099,Ms. Kelly Cruz,268,7,20395,1,2,4,5,11,245,At Risk
14105,Heather Maldonado,514,5,17737,0,1,3,4,8,134,At Risk
14108,Lynn Page,315,6,14803,0,2,4,3,9,243,At Risk
14109,Christine Mills,289,7,17116,0,2,4,4,10,244,At Risk
14111,Russell Owen,516,7,20095,0,1,4,5,10,145,At Risk
14114,Jill Wolfe,274,8,29886,0,2,5,5,12,255,At Risk
14127,Shannon Kemp,302,5,15944,0,2,3,4,9,234,At Risk
14139,Peter Mayer,452,7,15704,0,1,4,4,9,144,At Risk
14147,Krista Hoover,276,5,12157,0,2,3,3,8,233,At Risk
14149,Charles Barton,304,6,13991,0,2,4,3,9,243,At Risk
14153,Amber Jackson,251,5,13461,0,2,3,3,8,233,At Risk
14166,Brianna Contreras,281,6,20967,0,2,4,5,11,245,At Risk
14175,Matthew Yates,616,5,13029,1,1,3,3,7,133,At Risk
14177,Lisa Mcpherson,502,6,11898,0,1,4,3,8,143,At Risk
14183,Daniel Day,508,5,16301,1,1,3,4,8,134,At Risk
14190,David Fitzpatrick,365,5,18193,0,2,3,4,9,234,At Risk
14207,Dakota Sparks,369,5,14140,0,2,3,3,8,233,At Risk
14213,Adam Short,392,6,13693,1,2,4,3,9,243,At Risk
14216,Dr. William Ford,244,7,16485,0,2,4,4,10,244,At Risk
14221,Michael Rush,335,8,22597,0,2,5,5,12,255,At Risk
14231,Nicole Warren,415,8,18691,0,2,5,4,11,254,At Risk
14235,Jessica Sharp,274,10,26541,0,2,5,5,12,255,At Risk
14238,Robert Foley,392,5,12587,0,2,3,3,8,233,At Risk
14244,Allison Short,376,5,17688,0,2,3,4,9,234,At Risk
14250,Jonathan Dawson,528,6,15986,1,1,4,4,9,144,At Risk
14252,James Peterson,339,7,18741,0,2,4,4,10,244,At Risk
14258,Ariana Anderson,458,7,14398,0,1,4,3,8,143,At Risk
14263,Bruce Greene,298,6,14721,0,2,4,3,9,243,At Risk
14266,Luke Lewis,287,5,13636,0,2,3,3,8,233,At Risk
14271,Patrick Stevenson,456,6,13254,0,1,4,3,8,143,At Risk
14273,James Cox,254,7,17804,0,2,4,4,10,244,At Risk
14278,Robert Johnson,309,9,23697,0,2,5,5,12,255,At Risk
14282,Yolanda Aguilar,434,7,22226,0,1,4,5,10,145,At Risk
14294,Jeremy Friedman,272,5,12854,0,2,3,3,8,233,At Risk
14295,Vanessa Stokes,372,6,11374,0,2,4,3,9,243,At Risk
14301,Rebecca Williams,449,8,26318,1,1,5,5,11,155,At Risk
14310,Jacob Wilson,250,6,11478,0,2,4,3,9,243,At Risk
14332,Linda Williams,406,10,25690,0,2,5,5,12,255,At Risk
14334,Jennifer Wilson,584,8,16256,1,1,5,4,10,154,At Risk
14346,Tiffany Freeman,333,7,15719,0,2,4,4,10,244,At Risk
14354,Tyler Smith,263,5,13563,1,2,3,3,8,233,At Risk
14357,Perry Baker,435,8,28863,1,1,5,5,11,155,At Risk
14365,Kristen Thompson,262,6,17138,0,2,4,4,10,244,At Risk
14387,Cynthia Parker,288,5,17319,1,2,3,4,9,234,At Risk
14388,Thomas Cross,266,7,14436,0,2,4,3,9,243,At Risk
14404,Hannah Young,266,5,16408,0,2,3,4,9,234,At Risk
14408,Mrs. Leslie Ortiz DDS,418,8,15897,0,2,5,4,11,254,At Risk
14415,Julie Phillips,381,5,12726,0,2,3,3,8,233,At Risk
14420,Raymond Gonzalez,659,6,13932,0,1,4,3,8,143,At Risk
14435,Randy Wheeler,393,8,25160,0,2,5,5,12,255,At Risk
14444,John Smith,726,6,15888,0,1,4,4,9,144,At Risk
14449,Kathleen Lambert,409,5,18449,0,2,3,4,9,234,At Risk
14453,Michael Mcdowell,245,5,15382,0,2,3,4,9,234,At Risk
14463,Christine Fields,256,7,21737,0,2,4,5,11,245,At Risk
14474,Courtney Harper,312,5,18476,0,2,3,4,9,234,At Risk
14484,Kelly Brown,259,5,13768,0,2,3,3,8,233,At Risk
14486,Carlos Anderson,520,6,17025,0,1,4,4,9,144,At Risk
14490,Jimmy Miller DDS,292,5,17036,0,2,3,4,9,234,At Risk
14491,Thomas Cooper,244,7,23102,1,2,4,5,11,245,At Risk
14501,Timothy Stewart,340,5,16169,1,2,3,4,9,234,At Risk
14506,Cindy Henry,276,6,15503,1,2,4,4,10,244,At Risk
14520,Hannah Gonzalez,244,8,22786,0,2,5,5,12,255,At Risk
14521,Jonathan Choi,515,5,14549,0,1,3,3,7,133,At Risk
14527,Margaret Jones,328,6,17060,0,2,4,4,10,244,At Risk
14538,Sean Pope,557,6,21744,0,1,4,5,10,145,At Risk
14564,John Harper,306,6,15903,1,2,4,4,10,244,At Risk
14566,Melissa Alexander,401,6,18550,0,2,4,4,10,244,At Risk
14580,Gregory Cruz,383,5,14618,0,2,3,3,8,233,At Risk
14592,Laura Long,315,7,18494,0,2,4,4,10,244,At Risk
14593,Darren Knapp,292,5,12402,0,2,3,3,8,233,At Risk
14598,Robin Swanson,249,9,26459,1,2,5,5,12,255,At Risk
14599,Richard Wright,311,7,19001,0,2,4,4,10,244,At Risk
14600,Kimberly Jenkins,275,7,25175,0,2,4,5,11,245,At Risk
14616,Cassandra Harris,535,5,15632,0,1,3,4,8,134,At Risk
14626,William Dickerson,335,9,19797,1,2,5,5,12,255,At Risk
14631,Joseph Boyd,396,7,16345,0,2,4,4,10,244,At Risk
14632,Jesse Delgado,534,6,15201,0,1,4,4,9,144,At Risk
14633,Jill Hoffman,428,5,18857,0,1,3,4,8,134,At Risk
14635,Brian Martin,338,6,20663,1,2,4,5,11,245,At Risk
14636,Elizabeth Kemp,382,5,13480,0,2,3,3,8,233,At Risk
14641,Danielle Morales,258,7,14388,0,2,4,3,9,243,At Risk
14649,Amanda Johnson,383,6,14014,0,2,4,3,9,243,At Risk
14651,Lawrence Hood,436,7,23684,0,1,4,5,10,145,At Risk
14660,Robert Wheeler,323,10,18704,0,2,5,4,11,254,At Risk
14665,Bryce Harrison,624,6,14201,0,1,4,3,8,143,At Risk
14675,Thomas Chavez,434,7,18200,0,1,4,4,9,144,At Risk
14679,Ryan Young,309,9,15846,0,2,5,4,11,254,At Risk
14687,Anthony King,466,5,14970,0,1,3,4,8,134,At Risk
14688,Cheryl Carroll,250,7,23827,0,2,4,5,11,245,At Risk
14689,Tiffany Hamilton,298,7,15455,1,2,4,4,10,244,At Risk
14702,Scott Spence,430,8,26309,0,1,5,5,11,155,At Risk
14703,Jessica Reynolds,282,6,17571,1,2,4,4,10,244,At Risk
14709,Kayla Lee,363,5,18039,1,2,3,4,9,234,At Risk
14713,Martin Compton,353,9,20443,0,2,5,5,12,255,At Risk
14715,Ross Mills,406,5,17537,0,2,3,4,9,234,At Risk
14718,Charles Romero,340,5,17359,0,2,3,4,9,234,At Risk
14734,David Saunders,413,7,22356,0,2,4,5,11,245,At Risk
14738,Emma Gardner,415,5,13438,0,2,3,3,8,233,At Risk
14739,Jeffrey Bell,360,9,20973,0,2,5,5,12,255,At Risk
14753,Nicole Lopez,640,6,11569,0,1,4,3,8,143,At Risk
14758,Nancy Reed,250,5,14716,0,2,3,3,8,233,At Risk
14767,Joan Butler,282,7,15974,1,2,4,4,10,244,At Risk
14790,Rebecca Wallace,372,8,23363,0,2,5,5,12,255,At Risk
14797,William West,252,5,15840,0,2,3,4,9,234,At Risk
14803,Joel Miller,292,6,13673,1,2,4,3,9,243,At Risk
14812,Jenna Thompson,434,6,16919,0,1,4,4,9,144,At Risk
14814,George Rodriguez,390,6,19106,0,2,4,4,10,244,At Risk
14819,Jonathan Nguyen,364,7,19777,0,2,4,5,11,245,At Risk
14821,Thomas Adams,315,5,11507,0,2,3,3,8,233,At Risk
14838,Kyle Gallagher,434,6,14018,0,1,4,3,8,143,At Risk
14839,Maria Thomas,327,5,13981,0,2,3,3,8,233,At Risk
14841,Melinda Lopez,405,6,21868,0,2,4,5,11,245,At Risk
14843,Courtney Fuller,257,5,19747,0,2,3,5,10,235,At Risk
14874,Justin Simpson,404,7,17910,0,2,4,4,10,244,At Risk
14894,Robert Wong,508,6,16221,1,1,4,4,9,144,At Risk
14896,Amanda Ibarra,553,6,22218,0,1,4,5,10,145,At Risk
14899,Valerie Edwards,472,6,12976,0,1,4,3,8,143,At Risk
14907,Steven White,460,5,11732,0,1,3,3,7,133,At Risk
14912,Peter Fleming,289,7,13364,0,2,4,3,9,243,At Risk
14916,Jessica White,494,7,19828,0,1,4,5,10,145,At Risk
14918,Erik Hudson,276,9,26549,0,2,5,5,12,255,At Risk
14922,Leslie Norris,260,5,15826,0,2,3,4,9,234,At Risk
14937,Mark Garcia,270,8,15419,0,2,5,4,11,254,At Risk
14952,Tammy Cooke,264,7,13489,0,2,4,3,9,243,At Risk
14962,Jordan Cruz,317,5,18451,0,2,3,4,9,234,At Risk
14968,Justin Knox,313,8,23623,0,2,5,5,12,255,At Risk
14980,Brandy Romero,394,6,15155,0,2,4,4,10,244,At Risk
14982,Audrey Kaufman,266,5,14044,0,2,3,3,8,233,At Risk
14985,Michael Herrera,260,6,19107,1,2,4,4,10,244,At Risk
14996,Regina Jones,693,5,15719,0,1,3,4,8,134,At Risk
14999,Gina Nelson,697,7,21494,0,1,4,5,10,145,At Risk
15004,Jennifer Welch,297,6,12575,1,2,4,3,9,243,At Risk
15008,Todd Arroyo,299,7,18475,0,2,4,4,10,244,At Risk
15024,Sergio Clark,379,7,23358,0,2,4,5,11,245,At Risk
15031,Sean Hall,351,5,13682,0,2,3,3,8,233,At Risk
15033,Michael Porter,354,5,15432,1,2,3,4,9,234,At Risk
15043,Jeffrey Barton,282,10,28024,1,2,5,5,12,255,At Risk
15047,Bryce Vasquez,246,7,11901,0,2,4,3,9,243,At Risk
15048,Nancy Smith,256,6,15540,0,2,4,4,10,244,At Risk
15056,Nicholas Thompson,317,8,22818,0,2,5,5,12,255,At Risk
15058,Kimberly Collins,292,6,15055,0,2,4,4,10,244,At Risk
15062,Stephen Ingram,514,6,16544,0,1,4,4,9,144,At Risk
15063,Cory Rodriguez,452,6,16761,0,1,4,4,9,144,At Risk
15065,Jack King,498,6,18524,1,1,4,4,9,144,At Risk
15081,Colton Young,446,5,13279,0,1,3,3,7,133,At Risk
15088,Katrina Long,669,6,11951,0,1,4,3,8,143,At Risk
15098,Ashley Whitehead,351,5,14306,0,2,3,3,8,233,At Risk
15110,Christina Nguyen,244,6,23203,0,2,4,5,11,245,At Risk
15113,Albert Harris,426,6,16371,0,2,4,4,10,244,At Risk
15125,Casey Ochoa,357,10,29516,0,2,5,5,12,255,At Risk
15137,Stephanie Yoder,480,6,14439,1,1,4,3,8,143,At Risk
15146,Rebecca Miller,382,5,20437,0,2,3,5,10,235,At Risk
15161,James Young,404,6,14232,0,2,4,3,9,243,At Risk
15168,Jack Snyder,388,7,12926,1,2,4,3,9,243,At Risk
15173,Kristi Williams,770,5,16279,0,1,3,4,8,134,At Risk
15174,Zachary Murray,264,6,19456,1,2,4,5,11,245,At Risk
15180,Juan Gay,435,5,16210,0,1,3,4,8,134,At Risk
15181,John Bailey,816,5,18458,0,1,3,4,8,134,At Risk
15195,Rebecca Case,292,6,11785,0,2,4,3,9,243,At Risk
15209,Erin Anderson,463,6,13320,0,1,4,3,8,143,At Risk
15210,Jeremy Ortiz,447,9,14610,0,1,5,3,9,153,At Risk
15212,Candice Boyd,388,9,22268,0,2,5,5,12,255,At Risk
15218,Jennifer Burgess,334,8,23337,0,2,5,5,12,255,At Risk
15239,James Smith,1013,5,12533,0,1,3,3,7,133,At Risk
15240,Tiffany Gomez,409,6,22805,0,2,4,5,11,245,At Risk
15243,Dawn Franklin,257,6,18356,0,2,4,4,10,244,At Risk
15245,Louis Donaldson,252,6,21398,0,2,4,5,11,245,At Risk
15251,Sarah Martinez,309,6,14243,1,2,4,3,9,243,At Risk
15262,Jamie Miller,289,7,21925,0,2,4,5,11,245,At Risk
15272,Laura Jones,485,8,17169,0,1,5,4,10,154,At Risk
15283,Shawna Hanson,259,7,17515,1,2,4,4,10,244,At Risk
15285,Laura Patton,596,6,18674,0,1,4,4,9,144,At Risk
15309,Amy Camacho,430,6,24262,0,1,4,5,10,145,At Risk
15315,Aaron Fields,380,5,14874,1,2,3,4,9,234,At Risk
15320,Zachary Rollins,250,5,15007,0,2,3,4,9,234,At Risk
15327,John Patton,259,6,14937,0,2,4,4,10,244,At Risk
15343,Travis Norton,301,5,15534,1,2,3,4,9,234,At Risk
15344,Ms. Jennifer Davis,290,9,21391,0,2,5,5,12,255,At Risk
15348,Natalie Henderson,551,5,13884,0,1,3,3,7,133,At Risk
15366,Timothy Lucero,486,5,12020,0,1,3,3,7,133,At Risk
15373,Sara Riley,718,5,13082,0,1,3,3,7,133,At Risk
15382,Wendy Jones,410,8,22398,1,2,5,5,12,255,At Risk
15390,Madison Oconnor,797,8,23560,1,1,5,5,11,155,At Risk
15405,Bill Webb,915,5,15181,0,1,3,4,8,134,At Risk
15410,Timothy Mejia,707,6,14695,0,1,4,3,8,143,At Risk
15417,Ashley Rodriguez,248,6,16134,0,2,4,4,10,244,At Risk
15423,Tony Jones,309,5,16188,0,2,3,4,9,234,At Risk
15424,Justin Stevenson,255,5,11977,0,2,3,3,8,233,At Risk
15438,Charles Mueller,395,6,11622,0,2,4,3,9,243,At Risk
15441,Abigail Clayton,292,7,31002,0,2,4,5,11,245,At Risk
15446,Haley Baker,387,7,19632,0,2,4,5,11,245,At Risk
15449,Jill Juarez,386,7,17786,0,2,4,4,10,244,At Risk
15458,Erika Rodriguez,325,6,18214,0,2,4,4,10,244,At Risk
15470,Angela Davidson,277,5,16260,0,2,3,4,9,234,At Risk
15484,John Jimenez,288,7,21921,0,2,4,5,11,245,At Risk
15487,Kevin Davis,308,5,15619,0,2,3,4,9,234,At Risk
15493,Shannon Carter,287,7,20504,0,2,4,5,11,245,At Risk
15498,Philip Brown,749,6,17510,1,1,4,4,9,144,At Risk
15505,Gerald Rodgers,309,7,21078,0,2,4,5,11,245,At Risk
15509,Kathryn Salas,303,5,15123,0,2,3,4,9,234,At Risk
15513,Erin Williams,333,6,16048,0,2,4,4,10,244,At Risk
15518,Craig Ramos,627,6,18896,0,1,4,4,9,144,At Risk
15536,Kelly Suarez,371,6,18462,1,2,4,4,10,244,At Risk
15543,Joel Howard,675,5,18642,1,1,3,4,8,134,At Risk
15545,Shannon Griffith,286,6,16405,0,2,4,4,10,244,At Risk
15565,Jennifer Mckinney,553,6,16029,0,1,4,4,9,144,At Risk
15567,Patrick Jones,405,7,18724,0,2,4,4,10,244,At Risk
15571,Angela Hubbard,643,5,16350,0,1,3,4,8,134,At Risk
15572,Jenny Higgins,275,5,15466,0,2,3,4,9,234,At Risk
15581,Mr. John Jimenez,325,5,19652,0,2,3,5,10,235,At Risk
15587,Roberto Anderson,286,7,27781,0,2,4,5,11,245,At Risk
15599,Lisa Hicks,315,5,15805,0,2,3,4,9,234,At Risk
15603,Dawn Harris,383,5,13327,0,2,3,3,8,233,At Risk
15605,Daniel Jones,328,8,28135,0,2,5,5,12,255,At Risk
15624,Matthew Lewis,397,6,18122,0,2,4,4,10,244,At Risk
15650,Mackenzie Gibson,333,8,22172,0,2,5,5,12,255,At Risk
15656,Andrea Villa MD,336,6,19423,1,2,4,5,11,245,At Risk
15657,Anna Garrett,601,6,17522,0,1,4,4,9,144,At Risk
15658,Diane Waller,450,5,14018,0,1,3,3,7,133,At Risk
15661,Francis Rivera,353,6,14047,0,2,4,3,9,243,At Risk
15667,Gregory Stevenson,350,5,15915,0,2,3,4,9,234,At Risk
15674,Mallory Yang,340,10,24589,0,2,5,5,12,255,At Risk
15677,Hailey Cooke,542,5,18293,0,1,3,4,8,134,At Risk
15697,Michael Bailey,530,5,15615,0,1,3,4,8,134,At Risk
15704,Francisco Nunez,472,5,19680,0,1,3,5,9,135,At Risk
15712,Susan Hensley,590,6,18480,1,1,4,4,9,144,At Risk
15716,James Dixon,965,5,13717,0,1,3,3,7,133,At Risk
15718,Andrew Medina,684,8,28391,0,1,5,5,11,155,At Risk
15726,Cheryl Castro,690,5,11348,0,1,3,3,7,133,At Risk
15729,Jacob Malone,374,7,25344,0,2,4,5,11,245,At Risk
15733,Shelly Grant,495,6,17977,0,1,4,4,9,144,At Risk
15735,Melinda Patterson,284,7,20540,0,2,4,5,11,245,At Risk
15740,Martha Lynch,247,6,15054,0,2,4,4,10,244,At Risk
15742,Sarah Wilson,435,7,16329,0,1,4,4,9,144,At Risk
15744,John Valdez,378,5,12241,0,2,3,3,8,233,At Risk
15753,Jessica Todd,607,6,18686,0,1,4,4,9,144,At Risk
15754,David Morgan,357,7,13643,1,2,4,3,9,243,At Risk
15756,Danny Young,356,5,20937,0,2,3,5,10,235,At Risk
15774,Daniel Keller,421,6,14064,0,2,4,3,9,243,At Risk
15777,Jose Cooper,374,7,17777,0,2,4,4,10,244,At Risk
15778,Frank Hines,294,5,14088,0,2,3,3,8,233,At Risk
15796,Manuel Cruz,291,5,17628,1,2,3,4,9,234,At Risk
15807,Elizabeth Clark,282,6,22326,0,2,4,5,11,245,At Risk
15808,Donald Howard,374,7,16691,0,2,4,4,10,244,At Risk
15810,Cassandra Kelly MD,432,5,11963,0,1,3,3,7,133,At Risk
15813,Marc Schmitt,343,5,12282,0,2,3,3,8,233,At Risk
15816,Stephen Larson,436,6,18713,0,1,4,4,9,144,At Risk
15819,Amanda Smith,311,8,18397,0,2,5,4,11,254,At Risk
15822,Sara Mitchell,495,6,21875,0,1,4,5,10,145,At Risk
15831,Robert Murphy,374,5,14598,0,2,3,3,8,233,At Risk
15837,Eric Wall,569,6,16078,0,1,4,4,9,144,At Risk
15844,Robert Baker,264,6,12163,1,2,4,3,9,243,At Risk
15845,Michael Leon,245,9,34015,0,2,5,5,12,255,At Risk
15849,Raymond Wright,302,7,18417,0,2,4,4,10,244,At Risk
15854,Frank White,555,5,18488,0,1,3,4,8,134,At Risk
15877,Laura Hubbard,329,5,15143,0,2,3,4,9,234,At Risk
15889,Renee Allen,340,9,18186,1,2,5,4,11,254,At Risk
15893,Danny Hall,619,5,12939,0,1,3,3,7,133,At Risk
15904,Janet Smith,558,5,14659,0,1,3,3,7,133,At Risk
15924,Adrian Anderson,289,8,15568,0,2,5,4,11,254,At Risk
15939,Joseph Craig,435,5,16710,0,1,3,4,8,134,At Risk
15945,Charles Walker,262,8,20076,0,2,5,5,12,255,At Risk
15948,Jennifer Harris,318,7,12767,0,2,4,3,9,243,At Risk
15951,Travis Taylor,426,7,16450,0,2,4,4,10,244,At Risk
15953,Steve Singh,356,6,17233,0,2,4,4,10,244,At Risk
15962,Mrs. Angelica George,246,5,13541,0,2,3,3,8,233,At Risk
15965,Michael Jones,520,5,17194,0,1,3,4,8,134,At Risk
15966,Benjamin Simmons,362,5,15371,0,2,3,4,9,234,At Risk
15973,Ashley Lewis,253,5,13716,0,2,3,3,8,233,At Risk
15974,Randall Robles,295,7,18182,0,2,4,4,10,244,At Risk
15975,Mark Hill,275,5,19218,0,2,3,4,9,234,At Risk
15979,Angelica Webster,345,8,24174,0,2,5,5,12,255,At Risk
15989,Heather Campbell,495,5,18449,0,1,3,4,8,134,At Risk
15998,Christopher Olson,351,9,23462,0,2,5,5,12,255,At Risk
16000,John Joseph,251,5,13454,0,2,3,3,8,233,At Risk
16027,Matthew Rodriguez,325,7,20978,0,2,4,5,11,245,At Risk
16030,Kevin Adams,278,5,14664,0,2,3,3,8,233,At Risk
16037,Ryan Jones,312,5,16305,1,2,3,4,9,234,At Risk
16040,Kelly Snyder,434,7,18892,1,1,4,4,9,144,At Risk
16044,Charles Johnson,602,5,17647,0,1,3,4,8,134,At Risk
16045,Mark Obrien,535,5,13839,0,1,3,3,7,133,At Risk
16051,Kristin Williams,388,5,13926,0,2,3,3,8,233,At Risk
16063,Kari Sutton,322,7,20592,1,2,4,5,11,245,At Risk
16064,Deborah Sullivan,245,7,20231,0,2,4,5,11,245,At Risk
16067,Dustin Rangel,599,5,12651,1,1,3,3,7,133,At Risk
16074,Tracy Andrews,286,7,16166,0,2,4,4,10,244,At Risk
16076,Russell Fisher,596,7,14697,0,1,4,3,8,143,At Risk
16085,Tina Terry,258,10,33454,0,2,5,5,12,255,At Risk
16086,Manuel Fernandez,532,5,13578,0,1,3,3,7,133,At Risk
16102,Frank Smith,288,7,20759,0,2,4,5,11,245,At Risk
16109,Jennifer Brown DDS,391,5,15178,1,2,3,4,9,234,At Risk
16133,Kevin Johnson,328,5,15519,0,2,3,4,9,234,At Risk
16160,Todd Owens,246,5,13678,0,2,3,3,8,233,At Risk
16161,Nathan Hernandez,502,6,23247,0,1,4,5,10,145,At Risk
16162,Holly Newman,523,5,13897,1,1,3,3,7,133,At Risk
16164,Jonathan Cox,466,7,20042,0,1,4,5,10,145,At Risk
16166,James Webster,303,7,20721,1,2,4,5,11,245,At Risk
16182,Gregory Hernandez,256,9,24024,0,2,5,5,12,255,At Risk
16184,John Bell,636,5,11660,0,1,3,3,7,133,At Risk
16185,Eric Harris,298,5,20323,0,2,3,5,10,235,At Risk
16188,Kaitlyn Chapman,310,9,19392,1,2,5,5,12,255,At Risk
16209,Sarah Green,402,6,20944,1,2,4,5,11,245,At Risk
16214,Briana Richards,333,5,16887,0,2,3,4,9,234,At Risk
16223,Amy Benson,507,6,20153,0,1,4,5,10,145,At Risk
16244,Victoria Guzman,308,8,21445,0,2,5,5,12,255,At Risk
16252,John Lewis,327,5,13448,1,2,3,3,8,233,At Risk
16253,Philip Reyes,274,8,22056,0,2,5,5,12,255,At Risk
16259,Cory Kim,441,7,17874,1,1,4,4,9,144,At Risk
16260,Angela Jordan,280,6,13666,0,2,4,3,9,243,At Risk
16264,Judy Meyers,249,5,12937,0,2,3,3,8,233,At Risk
16266,Frederick Thompson,556,5,13872,0,1,3,3,7,133,At Risk
16279,Oscar Miller,251,6,17801,0,2,4,4,10,244,At Risk
16280,Nathan Smith,731,7,20217,0,1,4,5,10,145,At Risk
16293,Bianca Martin,733,5,11499,0,1,3,3,7,133,At Risk
16306,Carl Rodriguez,261,7,19300,0,2,4,5,11,245,At Risk
16328,Amber Gonzalez,506,8,18503,1,1,5,4,10,154,At Risk
16343,Michael Atkins,388,8,26477,0,2,5,5,12,255,At Risk
16351,Nancy Harvey,462,5,19589,0,1,3,5,9,135,At Risk
16361,Katherine Wall,303,6,23456,0,2,4,5,11,245,At Risk
16363,Wayne Henderson,357,8,17878,0,2,5,4,11,254,At Risk
16364,David Oliver,660,5,15016,0,1,3,4,8,134,At Risk
16384,Michael Martinez,691,6,12646,0,1,4,3,8,143,At Risk
16389,Christopher Pennington,420,5,12733,1,2,3,3,8,233,At Risk
16396,Teresa Burton,313,6,20699,0,2,4,5,11,245,At Risk
16414,Laura Lee,349,5,16893,1,2,3,4,9,234,At Risk
16416,Dustin Gould,589,5,16383,0,1,3,4,8,134,At Risk
16417,Julie Suarez,402,7,19686,0,2,4,5,11,245,At Risk
16420,John Mcdaniel,317,7,23189,0,2,4,5,11,245,At Risk
16425,Todd Reid,338,8,16809,0,2,5,4,11,254,At Risk
16429,Sheri Carpenter,348,5,15487,0,2,3,4,9,234,At Risk
16441,Andrew Cervantes,267,5,14131,0,2,3,3,8,233,At Risk
16447,Michael Morgan,340,5,14947,0,2,3,4,9,234,At Risk
16451,Randy Carpenter,260,7,16343,0,2,4,4,10,244,At Risk
16453,Dwayne Dunn,334,5,18530,0,2,3,4,9,234,At Risk
16460,Kevin Hernandez,448,7,20031,0,1,4,5,10,145,At Risk
16468,Jennifer House,290,7,16233,0,2,4,4,10,244,At Risk
16469,Gina Barrett,483,5,15288,1,1,3,4,8,134,At Risk
16484,Rachael Murphy,597,5,15913,0,1,3,4,8,134,At Risk
16493,Timothy Beck,323,5,17465,0,2,3,4,9,234,At Risk
16502,Sherri Glenn,408,7,21826,0,2,4,5,11,245,At Risk
16510,Kristy Thomas,631,5,14148,0,1,3,3,7,133,At Risk
16522,Anita Flynn,276,7,20234,0,2,4,5,11,245,At Risk
16525,Justin Stout,309,8,21275,1,2,5,5,12,255,At Risk
16526,Sandra White,388,5,14828,0,2,3,4,9,234,At Risk
16531,Mary Clay,256,10,33317,1,2,5,5,12,255,At Risk
16539,Tara Porter,786,5,14908,1,1,3,4,8,134,At Risk
16541,Mark Burch,313,6,18091,0,2,4,4,10,244,At Risk
16546,Taylor Moore,517,7,21060,0,1,4,5,10,145,At Risk
16547,Colleen Rhodes,451,7,17106,0,1,4,4,9,144,At Risk
16554,Derek Harrington,471,5,18130,0,1,3,4,8,134,At Risk
16560,Daniel Mendez,284,7,25825,0,2,4,5,11,245,At Risk
16563,Michael Richards,259,5,17019,0,2,3,4,9,234,At Risk
16565,Charlene White,692,6,20490,0,1,4,5,10,145,At Risk
16570,Gregory Whitney,263,6,16295,0,2,4,4,10,244,At Risk
16608,Heather Chapman,333,5,14644,0,2,3,3,8,233,At Risk
16616,John Dillon,391,6,22614,1,2,4,5,11,245,At Risk
16636,Joshua Larsen,569,6,13406,0,1,4,3,8,143,At Risk
16638,John Wilson,358,6,19815,1,2,4,5,11,245,At Risk
16641,Timothy Phelps,380,5,11721,0,2,3,3,8,233,At Risk
16644,Ashley Bryant,460,5,16635,1,1,3,4,8,134,At Risk
16645,Joshua Larson,364,5,19558,0,2,3,5,10,235,At Risk
16647,Autumn Shelton,681,6,14254,0,1,4,3,8,143,At Risk
16648,Lauren Murphy,889,5,15564,1,1,3,4,8,134,At Risk
16668,Tom Valenzuela,264,5,14304,0,2,3,3,8,233,At Risk
16682,David Bishop,415,6,18953,1,2,4,4,10,244,At Risk
16701,Bryan Bullock,331,6,14588,0,2,4,3,9,243,At Risk
16715,Beth Franklin,259,5,16315,0,2,3,4,9,234,At Risk
16719,Rhonda Stanley,417,8,22477,1,2,5,5,12,255,At Risk
16720,April Berg,515,5,13209,0,1,3,3,7,133,At Risk
16721,Christopher Wood,620,5,16309,1,1,3,4,8,134,At Risk
16731,Albert Lee,417,9,25970,0,2,5,5,12,255,At Risk
16732,Bailey Perez,297,6,17538,0,2,4,4,10,244,At Risk
16739,Paige Mitchell,350,5,14281,0,2,3,3,8,233,At Risk
16755,Sandra Kelly,338,5,13540,0,2,3,3,8,233,At Risk
16757,Joe Adkins,421,7,23930,1,2,4,5,11,245,At Risk
16766,James Burnett,314,7,22196,1,2,4,5,11,245,At Risk
16770,Cynthia Washington,434,6,18840,0,1,4,4,9,144,At Risk
16786,Kyle Hernandez,336,7,23933,0,2,4,5,11,245,At Risk
16799,Kara Carter,459,7,18713,0,1,4,4,9,144,At Risk
16807,Jeffrey Santos,555,5,14341,0,1,3,3,7,133,At Risk
16817,Alyssa Meyer,602,5,13044,1,1,3,3,7,133,At Risk
16827,Brandon Myers,317,5,15770,0,2,3,4,9,234,At Risk
16834,Leonard Williamson,255,5,15807,0,2,3,4,9,234,At Risk
16837,Richard Haney,384,6,17029,0,2,4,4,10,244,At Risk
16843,Timothy Warren,433,5,12495,0,1,3,3,7,133,At Risk
16849,Kristine Jenkins,302,5,14602,0,2,3,3,8,233,At Risk
16850,Mary Joyce,442,5,16179,0,1,3,4,8,134,At Risk
16860,David Porter,332,9,20368,0,2,5,5,12,255,At Risk
16871,Robert Dunlap,348,6,19952,0,2,4,5,11,245,At Risk
16875,Jessica Ortiz,368,7,16900,1,2,4,4,10,244,At Risk
16877,Sean Bowman MD,535,5,15601,0,1,3,4,8,134,At Risk
16888,Travis Fischer,279,6,16899,0,2,4,4,10,244,At Risk
16897,Cynthia Hill,319,6,12588,0,2,4,3,9,243,At Risk
16898,John Anderson,266,8,25156,0,2,5,5,12,255,At Risk
16910,Robert Cruz,324,5,15907,0,2,3,4,9,234,At Risk
16916,Deborah Gonzalez,542,6,14594,0,1,4,3,8,143,At Risk
16920,Douglas Romero,578,5,12668,0,1,3,3,7,133,At Risk
16921,Marilyn French,543,8,17210,1,1,5,4,10,154,At Risk
16923,Jacob Martin,425,6,14091,0,2,4,3,9,243,At Risk
16949,Antonio Werner,490,5,17293,0,1,3,4,8,134,At Risk
16954,Sara Chandler,468,6,12023,0,1,4,3,8,143,At Risk
16988,Patricia Sanders,274,7,20587,0,2,4,5,11,245,At Risk
16994,Richard Collins,599,6,13945,0,1,4,3,8,143,At Risk
16997,Tara Campbell,464,6,24990,0,1,4,5,10,145,At Risk
17004,Vicki Cruz,460,6,17870,0,1,4,4,9,144,At Risk
17006,Michelle Clark,356,6,20713,0,2,4,5,11,245,At Risk
17022,Amanda Nelson,508,7,18942,0,1,4,4,9,144,At Risk
17025,Angela Smith,287,7,16833,0,2,4,4,10,244,At Risk
17028,Katie Johnson,396,6,19034,0,2,4,4,10,244,At Risk
17031,George Roberts,281,6,18821,1,2,4,4,10,244,At Risk
17038,James Haynes,346,6,20090,0,2,4,5,11,245,At Risk
17042,Jennifer Moreno,526,6,18545,0,1,4,4,9,144,At Risk
17053,Sandra Brown,428,6,21075,0,1,4,5,10,145,At Risk
17058,Kathy Smith,500,7,18848,0,1,4,4,9,144,At Risk
17062,Amy Potts,258,6,15047,0,2,4,4,10,244,At Risk
17073,Roy Peterson,502,5,11629,0,1,3,3,7,133,At Risk
17084,Samuel Barnes,458,5,18102,0,1,3,4,8,134,At Risk
17086,Walter Kim,323,9,20060,1,2,5,5,12,255,At Risk
17106,Patrick Obrien,316,5,14512,1,2,3,3,8,233,At Risk
17114,Charles Harrell,267,6,13900,1,2,4,3,9,243,At Risk
17154,Shawn Johnson,414,7,16350,0,2,4,4,10,244,At Risk
17167,Bryan Benjamin,519,5,15750,1,1,3,4,8,134,At Risk
17179,Evelyn Adams,490,7,15795,0,1,4,4,9,144,At Risk
17200,Kathryn Lewis,497,5,19443,0,1,3,5,9,135,At Risk
17205,Michael Taylor,259,5,21001,0,2,3,5,10,235,At Risk
17213,Jacob Boyd,306,7,19429,0,2,4,5,11,245,At Risk
17217,Alexis Garza,269,8,23201,0,2,5,5,12,255,At Risk
17223,John Hunt,332,5,12616,0,2,3,3,8,233,At Risk
17235,Alan Tucker,317,5,12938,0,2,3,3,8,233,At Risk
17236,Kevin Ray,288,7,16755,0,2,4,4,10,244,At Risk
17242,Cody Phillips,330,6,12710,0,2,4,3,9,243,At Risk
17257,Jeffrey Mccarthy,395,6,12577,0,2,4,3,9,243,At Risk
17262,Holly Ellis,272,5,17324,0,2,3,4,9,234,At Risk
17263,Janet Powers,661,8,23522,0,1,5,5,11,155,At Risk
17266,Lisa Salazar,748,6,13190,0,1,4,3,8,143,At Risk
17271,Kathryn Black,247,8,21796,1,2,5,5,12,255,At Risk
17273,Daniel Park,432,5,12278,1,1,3,3,7,133,At Risk
17278,Travis Jackson,249,7,17364,0,2,4,4,10,244,At Risk
17291,Courtney Carlson,253,8,23379,0,2,5,5,12,255,At Risk
17293,Rachel Myers,501,8,24603,1,1,5,5,11,155,At Risk
17302,Robert Hodges,402,6,19241,0,2,4,4,10,244,At Risk
17303,Kristin Armstrong,258,8,25423,0,2,5,5,12,255,At Risk
17304,Jennifer Freeman,369,6,16657,0,2,4,4,10,244,At Risk
17313,Daniel Orozco,334,8,20532,0,2,5,5,12,255,At Risk
17327,Yvette Edwards,294,5,15981,1,2,3,4,9,234,At Risk
17333,Jennifer Payne,613,5,14852,0,1,3,4,8,134,At Risk
17334,Mr. Daniel Taylor,380,6,16820,0,2,4,4,10,244,At Risk
17341,William Pratt,254,6,19658,0,2,4,5,11,245,At Risk
17342,Heather Cox,373,5,17700,0,2,3,4,9,234,At Risk
17344,Joshua Montgomery,380,5,13118,0,2,3,3,8,233,At Risk
17351,Travis Ferrell,383,5,12650,0,2,3,3,8,233,At Risk
17354,Alan Turner,325,9,24770,0,2,5,5,12,255,At Risk
17358,Destiny Rice,375,8,20179,0,2,5,5,12,255,At Risk
17362,Austin Fry,246,7,19544,0,2,4,5,11,245,At Risk
17365,Jonathon Collins,296,8,28595,1,2,5,5,12,255,At Risk
17374,Stephanie Vance,378,5,13923,0,2,3,3,8,233,At Risk
17384,Steven Mullen,440,6,15257,1,1,4,4,9,144,At Risk
17389,Deanna Hughes,279,6,17269,0,2,4,4,10,244,At Risk
17397,Victor Beltran,299,5,13865,0,2,3,3,8,233,At Risk
17412,Daniel Jacobs,267,8,27908,1,2,5,5,12,255,At Risk
17421,David Montes,379,5,14329,0,2,3,3,8,233,At Risk
17428,Rebecca Bowers,254,6,19747,0,2,4,5,11,245,At Risk
17445,Diana Grant,260,8,14711,0,2,5,3,10,253,At Risk
17448,Corey James,468,8,16674,0,1,5,4,10,154,At Risk
17456,Lori Mccann,383,5,16587,0,2,3,4,9,234,At Risk
17461,Mackenzie Soto,299,9,27869,0,2,5,5,12,255,At Risk
17466,James Hudson,370,8,20260,0,2,5,5,12,255,At Risk
17471,Andrew Fox,331,7,17515,0,2,4,4,10,244,At Risk
17472,Daniel Bell,308,7,22781,0,2,4,5,11,245,At Risk
17474,Timothy Watson,244,5,15609,0,2,3,4,9,234,At Risk
17479,Justin Dalton,250,6,21855,1,2,4,5,11,245,At Risk
17494,Roberto Lee,563,5,19238,1,1,3,4,8,134,At Risk
17497,Jose Adams,657,5,17277,0,1,3,4,8,134,At Risk
17503,Mark Davis,624,7,19336,0,1,4,5,10,145,At Risk
17504,Andrea Kelly,425,5,15631,0,2,3,4,9,234,At Risk
17508,Richard Baker,282,10,24170,0,2,5,5,12,255,At Risk
17509,Chloe Flores,503,6,19288,0,1,4,5,10,145,At Risk
17514,Steven Sloan,305,6,18610,0,2,4,4,10,244,At Risk
17518,Courtney Rich,341,8,24492,0,2,5,5,12,255,At Risk
17539,Taylor Lloyd,493,5,12088,0,1,3,3,7,133,At Risk
17542,Cody Vasquez,608,8,17558,0,1,5,4,10,154,At Risk
17549,Mrs. Annette Lopez,615,5,16079,1,1,3,4,8,134,At Risk
17555,Nicole Jordan,248,6,14792,0,2,4,3,9,243,At Risk
17562,Shelby Anderson,309,5,16700,1,2,3,4,9,234,At Risk
17597,Erica Davis,307,5,13920,0,2,3,3,8,233,At Risk
17599,Amanda Gallegos,669,7,15487,0,1,4,4,9,144,At Risk
17602,Theresa Thompson,300,9,28568,0,2,5,5,12,255,At Risk
17614,Mark Dunn,363,6,17081,0,2,4,4,10,244,At Risk
17619,Victoria Santiago,270,6,13940,0,2,4,3,9,243,At Risk
17626,Bruce Watson,245,8,23648,0,2,5,5,12,255,At Risk
17633,Nicholas Martinez,698,6,28193,1,1,4,5,10,145,At Risk
17635,Shirley Graham,474,6,14502,0,1,4,3,8,143,At Risk
17638,Katherine Curry,361,9,22806,1,2,5,5,12,255,At Risk
17646,Taylor Dean,292,5,11460,0,2,3,3,8,233,At Risk
17653,Shawn Brewer,308,5,13784,0,2,3,3,8,233,At Risk
17663,Ruth Bender,436,9,24058,0,1,5,5,11,155,At Risk
17675,Brian Holden,264,7,21843,0,2,4,5,11,245,At Risk
17699,Sandra Hernandez,254,6,11424,1,2,4,3,9,243,At Risk
17702,Gabriel Brown,419,5,16076,1,2,3,4,9,234,At Risk
17714,Karen Hughes,296,6,18093,0,2,4,4,10,244,At Risk
17721,David Contreras,263,7,19690,0,2,4,5,11,245,At Risk
17723,Cristian Ponce,267,5,12107,0,2,3,3,8,233,At Risk
17725,Megan Baxter,310,8,28521,0,2,5,5,12,255,At Risk
17727,David Contreras,526,6,24593,0,1,4,5,10,145,At Risk
17731,Tamara Reed,438,6,20270,0,1,4,5,10,145,At Risk
17758,Jessica Nguyen,378,8,28520,0,2,5,5,12,255,At Risk
17766,William Rush,474,8,19649,1,1,5,5,11,155,At Risk
17769,Sara Anderson,363,7,14753,0,2,4,3,9,243,At Risk
17771,Larry Long,619,6,19326,1,1,4,5,10,145,At Risk
17781,Vanessa Jimenez,255,7,15165,0,2,4,4,10,244,At Risk
17786,Lauren Holmes,387,7,22778,0,2,4,5,11,245,At Risk
17790,Michelle Brown,368,8,30074,0,2,5,5,12,255,At Risk
17800,Jackson Jordan,289,7,20464,0,2,4,5,11,245,At Risk
17803,Diana Johnson,256,6,18997,0,2,4,4,10,244,At Risk
17809,Robert Patton,609,6,27920,1,1,4,5,10,145,At Risk
17826,Sandra Wiley,286,5,17225,0,2,3,4,9,234,At Risk
17827,Christopher Edwards,574,8,22689,0,1,5,5,11,155,At Risk
17831,Amanda Hill,272,6,20098,0,2,4,5,11,245,At Risk
17834,Nathan Stone,325,5,18255,0,2,3,4,9,234,At Risk
17839,Gina Stevenson,264,6,13605,0,2,4,3,9,243,At Risk
17841,Mark Simon,280,8,26198,0,2,5,5,12,255,At Risk
17842,Rebecca Perkins,374,8,15227,0,2,5,4,11,254,At Risk
17849,Ashley Ramos,531,6,14124,0,1,4,3,8,143,At Risk
17854,Amanda Thompson,289,6,18812,0,2,4,4,10,244,At Risk
17862,David Thomas,262,5,12207,0,2,3,3,8,233,At Risk
17863,Audrey Johnson,597,6,17629,0,1,4,4,9,144,At Risk
17874,Natalie Sanchez,289,7,15199,0,2,4,4,10,244,At Risk
17888,Evelyn Cooper,332,7,26211,0,2,4,5,11,245,At Risk
17891,Julia Anderson,351,9,28571,0,2,5,5,12,255,At Risk
17903,Dale Barnett,255,6,21179,0,2,4,5,11,245,At Risk
17918,Troy Flores Jr.,433,8,21592,0,1,5,5,11,155,At Risk
17929,Sandra Murphy,292,7,22516,0,2,4,5,11,245,At Risk
17934,Mr. Steven Roberson,396,6,16851,0,2,4,4,10,244,At Risk
17936,Casey Allen,324,10,24340,0,2,5,5,12,255,At Risk
17940,Joseph Li,535,6,19438,0,1,4,5,10,145,At Risk
17941,Jacqueline Allen,257,5,17627,0,2,3,4,9,234,At Risk
17945,David Garcia,334,7,26970,0,2,4,5,11,245,At Risk
17955,Paul Lopez,302,5,15146,0,2,3,4,9,234,At Risk
17960,Andrew Larson,320,5,14947,0,2,3,4,9,234,At Risk
17970,Paul Sanchez,688,5,17523,0,1,3,4,8,134,At Risk
17975,James Cuevas,398,5,17575,1,2,3,4,9,234,At Risk
17976,April Willis,305,7,19032,0,2,4,4,10,244,At Risk
17978,Tricia Solis,313,8,23557,1,2,5,5,12,255,At Risk
17983,Michelle Smith,313,6,19020,0,2,4,4,10,244,At Risk
17984,Michael Robinson,489,5,16353,0,1,3,4,8,134,At Risk
17988,Natalie Mcknight,365,5,13597,0,2,3,3,8,233,At Risk
17993,Heather Williams,352,6,17823,0,2,4,4,10,244,At Risk
18008,Gail Schultz,305,5,11882,0,2,3,3,8,233,At Risk
18017,Richard Hill,467,10,28584,0,1,5,5,11,155,At Risk
18020,Maria Morris,694,6,25657,0,1,4,5,10,145,At Risk
18025,Robin Lynch,321,5,17302,0,2,3,4,9,234,At Risk
18031,Ruben Harrison,405,6,16995,0,2,4,4,10,244,At Risk
18039,Jasmine Schaefer,308,7,21059,1,2,4,5,11,245,At Risk
18040,Mark Hernandez,287,7,16780,0,2,4,4,10,244,At Risk
18047,Renee Murray,572,6,18281,1,1,4,4,9,144,At Risk
18070,Heather Scott,271,8,19784,0,2,5,5,12,255,At Risk
18072,Lisa Jefferson,252,6,15554,0,2,4,4,10,244,At Risk
18075,Tony Norris,772,5,11568,1,1,3,3,7,133,At Risk
18090,John Hodges,349,5,14497,0,2,3,3,8,233,At Risk
18094,Lindsey Mathews,311,7,19449,0,2,4,5,11,245,At Risk
18110,Donald Daniels,428,5,19751,0,1,3,5,9,135,At Risk
18112,Christopher Greene,641,5,14835,1,1,3,4,8,134,At Risk
18114,Rebecca Robinson,838,7,20311,0,1,4,5,10,145,At Risk
18135,Sara Anderson,365,7,18981,0,2,4,4,10,244,At Risk
18156,Tiffany Lyons,811,5,15445,1,1,3,4,8,134,At Risk
18158,Claire Duran,310,7,20741,1,2,4,5,11,245,At Risk
18167,Carol Wells,269,7,17597,0,2,4,4,10,244,At Risk
18179,Madeline Parker,610,5,14471,0,1,3,3,7,133,At Risk
18194,Christian Washington,293,8,18368,0,2,5,4,11,254,At Risk
18201,Joanne Montoya,296,6,13497,1,2,4,3,9,243,At Risk
18213,Kimberly Morgan,740,7,22613,0,1,4,5,10,145,At Risk
18214,Christopher Lewis,293,6,18164,0,2,4,4,10,244,At Risk
18216,Kevin Sanford,384,11,31589,0,2,5,5,12,255,At Risk
18220,Manuel Greene,280,5,17176,1,2,3,4,9,234,At Risk
18227,Jennifer Wilson,647,5,12689,0,1,3,3,7,133,At Risk
18232,Eric Hess,427,8,15652,0,2,5,4,11,254,At Risk
18235,Michael Ortega,428,5,19011,1,1,3,4,8,134,At Risk
18236,Kristen Cummings,398,5,14025,0,2,3,3,8,233,At Risk
18238,Oscar Pratt,319,6,18878,0,2,4,4,10,244,At Risk
18263,Matthew Ruiz,252,8,25255,0,2,5,5,12,255,At Risk
18269,Darryl Allen,422,7,22851,0,2,4,5,11,245,At Risk
18270,Isabella Gibson,306,6,13756,1,2,4,3,9,243,At Risk
18271,Tina Edwards,266,8,25924,0,2,5,5,12,255,At Risk
18281,John Olson,307,6,17917,0,2,4,4,10,244,At Risk
18285,Crystal Lewis,462,6,14385,1,1,4,3,8,143,At Risk
18289,Kayla James,576,5,16502,0,1,3,4,8,134,At Risk
18305,Kimberly Serrano,273,7,17842,1,2,4,4,10,244,At Risk
18311,Chris Carter,268,10,24418,0,2,5,5,12,255,At Risk
18350,Gregory Stokes,293,7,24902,0,2,4,5,11,245,At Risk
18352,Michael Fowler,401,7,15118,0,2,4,4,10,244,At Risk
18359,Jennifer Romero,844,5,14259,0,1,3,3,7,133,At Risk
18364,Thomas Lopez,479,5,18933,0,1,3,4,8,134,At Risk
18384,John Gonzalez,408,5,14050,0,2,3,3,8,233,At Risk
18386,James Baker,557,5,16855,0,1,3,4,8,134,At Risk
18387,Michael Davis,297,7,21620,0,2,4,5,11,245,At Risk
18389,Nicole Hicks,452,7,19801,1,1,4,5,10,145,At Risk
18390,Brittney Ryan,284,10,26087,0,2,5,5,12,255,At Risk
18391,Morgan Romero,388,5,13270,0,2,3,3,8,233,At Risk
18394,Ms. Stacy Wilson,543,7,13575,0,1,4,3,8,143,At Risk
18399,Theodore Taylor,521,6,18127,0,1,4,4,9,144,At Risk
18410,Michael Barrett,431,5,16818,0,1,3,4,8,134,At Risk
18417,Cynthia Bruce,403,5,15123,1,2,3,4,9,234,At Risk
18421,Jay Melendez,442,7,14719,0,1,4,3,8,143,At Risk
18432,Mary Petersen,274,7,16664,1,2,4,4,10,244,At Risk
18436,Ryan Powell,296,5,14549,0,2,3,3,8,233,At Risk
18441,Ashley Ellis,328,6,20820,0,2,4,5,11,245,At Risk
18452,Katie Allen,509,6,22559,0,1,4,5,10,145,At Risk
18455,Mary Johnson,345,6,16736,0,2,4,4,10,244,At Risk
18465,Andrew Koch,669,5,18187,0,1,3,4,8,134,At Risk
18476,Paul Martinez,488,7,17262,1,1,4,4,9,144,At Risk
18478,Amanda Williams,323,5,19406,0,2,3,5,10,235,At Risk
18501,Kenneth Fuentes,284,7,19528,0,2,4,5,11,245,At Risk
18503,Bruce Dyer,462,8,20478,0,1,5,5,11,155,At Risk
18504,Lauren Miller,282,6,21275,0,2,4,5,11,245,At Risk
18506,Kristina Hudson,605,5,11663,1,1,3,3,7,133,At Risk
18510,Timothy Simon,758,6,22771,0,1,4,5,10,145,At Risk
18512,Kimberly Mitchell,637,8,17423,0,1,5,4,10,154,At Risk
18514,Jeffrey Thomas,322,6,12312,0,2,4,3,9,243,At Risk
18529,John Burns,553,9,28696,1,1,5,5,11,155,At Risk
18531,Lee Hernandez,289,11,30015,1,2,5,5,12,255,At Risk
18543,Cynthia Wheeler,257,6,19262,0,2,4,4,10,244,At Risk
18550,Timothy Moss,462,5,13013,0,1,3,3,7,133,At Risk
18556,Jerome Orozco,269,9,24982,0,2,5,5,12,255,At Risk
18561,Kathryn Collins,478,5,14636,0,1,3,3,7,133,At Risk
18566,Brooke Bailey,479,7,16512,1,1,4,4,9,144,At Risk
18570,Diane Phillips,558,6,15806,0,1,4,4,9,144,At Risk
18582,David Ramirez,308,7,18163,1,2,4,4,10,244,At Risk
18602,Sarah Walters,369,5,14746,0,2,3,3,8,233,At Risk
18606,Edward Taylor,336,6,15337,0,2,4,4,10,244,At Risk
18637,Jane Kirby,246,9,26612,0,2,5,5,12,255,At Risk
18638,Cody Robinson,244,7,16980,1,2,4,4,10,244,At Risk
18646,Elizabeth Evans,343,7,18546,0,2,4,4,10,244,At Risk
18653,Jerome Allen,528,5,17757,0,1,3,4,8,134,At Risk
18656,Casey Thomas,364,6,13225,0,2,4,3,9,243,At Risk
18667,Eugene Howell,313,6,18976,0,2,4,4,10,244,At Risk
18669,Desiree Garcia,414,5,13136,0,2,3,3,8,233,At Risk
18676,Brittany Smith,511,6,12664,0,1,4,3,8,143,At Risk
18683,Sara Murphy,250,5,13199,0,2,3,3,8,233,At Risk
18686,Dave Hernandez,356,5,11805,0,2,3,3,8,233,At Risk
18688,Cynthia Christian,245,5,13928,0,2,3,3,8,233,At Risk
18705,David Myers,491,6,13017,0,1,4,3,8,143,At Risk
18707,Steven Ward,404,6,14283,0,2,4,3,9,243,At Risk
18736,Ryan Pacheco,396,7,18496,0,2,4,4,10,244,At Risk
18762,Tanya Byrd,939,5,18240,1,1,3,4,8,134,At Risk
18764,Marvin Taylor,762,6,16106,0,1,4,4,9,144,At Risk
18768,Gregory Clark II,325,6,16539,0,2,4,4,10,244,At Risk
18777,Michael Snyder,315,6,16525,0,2,4,4,10,244,At Risk
18778,Katherine Poole,288,9,24069,0,2,5,5,12,255,At Risk
18783,George Clayton,259,5,15375,0,2,3,4,9,234,At Risk
18796,Michael Gibson,530,5,14076,1,1,3,3,7,133,At Risk
18813,Matthew Burton,281,6,17618,0,2,4,4,10,244,At Risk
18817,Kelly Kim,465,6,19694,0,1,4,5,10,145,At Risk
18825,Emily Hogan,295,6,17250,0,2,4,4,10,244,At Risk
18828,Stephen Green,247,8,27618,0,2,5,5,12,255,At Risk
18839,Carol French,561,8,22552,0,1,5,5,11,155,At Risk
18846,Cody Davis,326,6,12238,0,2,4,3,9,243,At Risk
18848,Eric Smith,352,7,14214,0,2,4,3,9,243,At Risk
18863,Damon Ellison,601,5,14153,0,1,3,3,7,133,At Risk
18864,Fernando Patterson,354,6,19185,0,2,4,4,10,244,At Risk
18872,Gina Santiago,470,5,16544,0,1,3,4,8,134,At Risk
18877,Brittany Romero,247,8,21451,1,2,5,5,12,255,At Risk
18878,Michael Garcia Jr.,336,5,12200,0,2,3,3,8,233,At Risk
18887,Gary Burns Jr.,429,5,11406,0,1,3,3,7,133,At Risk
18898,Randy Morales,621,5,23161,0,1,3,5,9,135,At Risk
18908,Matthew Campbell,497,7,25105,0,1,4,5,10,145,At Risk
18910,Amanda Anderson,290,6,17059,0,2,4,4,10,244,At Risk
18917,Michelle Watts,339,7,19372,0,2,4,5,11,245,At Risk
18925,Chris Burke,277,12,33316,0,2,5,5,12,255,At Risk
18930,Christine Stone,358,5,18441,0,2,3,4,9,234,At Risk
18936,Scott Williams,260,5,14458,0,2,3,3,8,233,At Risk
18947,Vincent Williams,330,5,18966,0,2,3,4,9,234,At Risk
18950,Michael Barr,537,5,13612,1,1,3,3,7,133,At Risk
18956,Brandi Mccoy,510,6,19184,0,1,4,4,9,144,At Risk
18961,Kimberly Mckee,836,5,18193,0,1,3,4,8,134,At Risk
18971,Judy Beasley,293,7,13312,0,2,4,3,9,243,At Risk
18974,Debra Mack,294,6,15619,0,2,4,4,10,244,At Risk
18977,Connie Lewis,369,9,30119,0,2,5,5,12,255,At Risk
18995,Jose Howard,282,8,20854,1,2,5,5,12,255,At Risk
18999,Alexis Rose,284,8,20467,0,2,5,5,12,255,At Risk
19008,Ronald Soto,282,9,16731,0,2,5,4,11,254,At Risk
19013,Lisa Brown,339,8,22472,0,2,5,5,12,255,At Risk
19028,Justin Butler,388,7,14124,0,2,4,3,9,243,At Risk
19039,Kimberly Rogers,545,5,15125,1,1,3,4,8,134,At Risk
19040,Jose Gates,339,6,11958,1,2,4,3,9,243,At Risk
19063,Mario Saunders,369,5,18232,0,2,3,4,9,234,At Risk
19067,Kaitlin Brown,318,7,20982,1,2,4,5,11,245,At Risk
19074,Trevor Hickman,263,5,16419,0,2,3,4,9,234,At Risk
19083,Renee Lawson,456,7,27008,1,1,4,5,10,145,At Risk
19103,Cindy Miller,396,7,25171,0,2,4,5,11,245,At Risk
19113,Marcus Lyons,268,7,25422,1,2,4,5,11,245,At Risk
19116,Leah Mills,324,6,20250,0,2,4,5,11,245,At Risk
19118,Rhonda Good,598,6,14817,0,1,4,4,9,144,At Risk
19125,Matthew Baker,269,6,17615,0,2,4,4,10,244,At Risk
19131,Susan Melton,345,5,11524,0,2,3,3,8,233,At Risk
19136,Randy Bailey,803,5,16743,0,1,3,4,8,134,At Risk
19151,Garrett Rubio,266,8,21039,0,2,5,5,12,255,At Risk
19159,Brian Wallace,350,9,22466,0,2,5,5,12,255,At Risk
19165,Eric Thomas,250,7,15578,0,2,4,4,10,244,At Risk
19168,John Holmes,304,9,24553,0,2,5,5,12,255,At Risk
19171,Tiffany Stevens,819,7,17173,0,1,4,4,9,144,At Risk
19175,Lisa Hernandez,376,7,19773,0,2,4,5,11,245,At Risk
19185,Elizabeth Mccarthy,368,5,14573,0,2,3,3,8,233,At Risk
19186,Leah Kelley,630,6,13529,0,1,4,3,8,143,At Risk
19190,Deanna Mullen,338,5,17297,1,2,3,4,9,234,At Risk
19191,John Harris,318,6,21870,0,2,4,5,11,245,At Risk
19193,Krystal Carter,269,6,16288,0,2,4,4,10,244,At Risk
19233,Alexander Mendez,276,8,21674,0,2,5,5,12,255,At Risk
19242,Sierra Matthews,404,8,20087,0,2,5,5,12,255,At Risk
19243,Jon Rivera,398,6,15821,0,2,4,4,10,244,At Risk
19246,Robert White,358,7,18760,0,2,5,4,11,254,At Risk
19262,Daniel Walker,466,6,19672,0,1,4,5,10,145,At Risk
19276,Brian Ward,415,7,23777,0,2,5,5,12,255,At Risk
19281,James Knight,367,5,14137,0,2,3,3,8,233,At Risk
19283,Kevin Lara,274,6,16120,0,2,4,4,10,244,At Risk
19287,Steven Harris,340,5,14850,0,2,3,4,9,234,At Risk
19290,Tonya Ferrell,688,6,19565,0,1,4,5,10,145,At Risk
19337,Terry Williams,984,5,13833,1,1,3,3,7,133,At Risk
19339,Gregory Watson,404,5,14749,1,2,3,3,8,233,At Risk
19346,Devin Wolf,345,8,21418,0,2,5,5,12,255,At Risk
19348,Amy Medina,358,5,15606,0,2,3,4,9,234,At Risk
19354,Corey Mcguire,280,6,14446,0,2,4,3,9,243,At Risk
19356,Angie Fitzgerald,356,9,34420,0,2,5,5,12,255,At Risk
19363,Mark Brown,374,7,18265,0,2,5,4,11,254,At Risk
19368,Austin Pena,355,7,13832,0,2,5,3,10,253,At Risk
19370,Heather Lester,288,5,20092,0,2,3,5,10,235,At Risk
19375,Eileen Bailey,423,6,18579,0,2,4,4,10,244,At Risk
19384,Stephanie Lucas,468,7,17451,1,1,5,4,10,154,At Risk
19388,John Evans,316,7,20799,0,2,5,5,12,255,At Risk
19391,Jennifer Haynes,623,5,13992,0,1,3,3,7,133,At Risk
19393,Michael Baker,301,10,21157,1,2,5,5,12,255,At Risk
19398,Jennifer Miller,514,6,17331,0,1,4,4,9,144,At Risk
19403,Shannon Robinson,323,10,29544,0,2,5,5,12,255,At Risk
19421,Kylie Garcia,526,5,15536,1,1,3,4,8,134,At Risk
19427,David Murphy,528,6,16933,1,1,4,4,9,144,At Risk
19430,Gary Boyle,255,6,13879,0,2,4,3,9,243,At Risk
19434,Mark Salazar,276,5,11522,0,2,3,3,8,233,At Risk
19465,Mr. Christian Fernandez,597,6,19671,0,1,4,5,10,145,At Risk
19471,Ian Moreno,521,8,25772,0,1,5,5,11,155,At Risk
19474,Marcus Thompson,985,5,12152,0,1,3,3,7,133,At Risk
19488,Lisa Davis,368,9,27894,0,2,5,5,12,255,At Risk
19506,Joel Browning,401,7,23755,1,2,5,5,12,255,At Risk
19517,Abigail Wall,595,5,20717,0,1,3,5,9,135,At Risk
19525,John Green,712,5,16551,1,1,3,4,8,134,At Risk
19530,Jennifer Hernandez,557,7,22252,0,1,5,5,11,155,At Risk
19538,Erik Anderson,300,6,11877,0,2,4,3,9,243,At Risk
19543,Rodney Odonnell,377,7,19606,1,2,5,5,12,255,At Risk
19545,Nichole Reyes,870,5,18134,0,1,3,4,8,134,At Risk
19553,Dominic Fletcher,395,5,13754,0,2,3,3,8,233,At Risk
19556,Mindy Phillips,299,6,14500,0,2,4,3,9,243,At Risk
19572,Richard Thompson,509,5,14829,1,1,3,4,8,134,At Risk
19582,Sharon Jones,260,7,20084,1,2,5,5,12,255,At Risk
19583,Andrew Wheeler,435,6,14470,0,1,4,3,8,143,At Risk
19597,Jennifer Sullivan,325,6,14781,0,2,4,3,9,243,At Risk
19605,Barbara Baker,447,5,13016,0,1,3,3,7,133,At Risk
19616,Nathaniel Hamilton,341,9,13859,0,2,5,3,10,253,At Risk
19620,Tyler Lawrence,291,5,11944,1,2,3,3,8,233,At Risk
19621,John Walker,250,5,14002,0,2,3,3,8,233,At Risk
19623,Alexis Barnett,341,5,15642,0,2,3,4,9,234,At Risk
19631,Daniel Garrett,340,6,15330,0,2,4,4,10,244,At Risk
19637,Lorraine Price,501,8,16444,0,1,5,4,10,154,At Risk
19653,Amanda Landry,248,5,16069,0,2,3,4,9,234,At Risk
19655,Leslie Cantrell,840,5,13434,0,1,3,3,7,133,At Risk
19673,Ashley Lawson,257,5,13958,0,2,3,3,8,233,At Risk
19674,Jennifer Schmidt,521,5,13548,0,1,3,3,7,133,At Risk
19691,Samuel Bradley,261,9,27409,0,2,5,5,12,255,At Risk
19698,Kelsey Scott,406,5,14447,0,2,3,3,8,233,At Risk
19703,Michele King,323,7,23430,0,2,5,5,12,255,At Risk
19704,Michael Carrillo,383,5,13005,0,2,3,3,8,233,At Risk
19705,Thomas Ali,369,7,23077,1,2,5,5,12,255,At Risk
19708,Michael Snyder,269,5,11338,0,2,3,3,8,233,At Risk
19709,Timothy Huerta,474,6,19554,0,1,4,5,10,145,At Risk
19712,Shawn Strong,301,8,28396,0,2,5,5,12,255,At Risk
19721,Adriana Thomas,255,7,21157,0,2,5,5,12,255,At Risk
19724,Colleen Brown,308,7,20290,1,2,5,5,12,255,At Risk
19727,Mary Davis,259,8,24019,0,2,5,5,12,255,At Risk
19729,Kimberly Shepard,508,6,13931,0,1,4,3,8,143,At Risk
19732,Paul Vazquez,614,8,24242,1,1,5,5,11,155,At Risk
19733,Patricia Le,251,5,12038,0,2,3,3,8,233,At Risk
19739,Gregory Davis,868,6,19860,0,1,4,5,10,145,At Risk
19747,Scott York,604,6,17150,0,1,4,4,9,144,At Risk
19750,Tiffany Rodriguez,283,9,20051,0,2,5,5,12,255,At Risk
19766,Holly Jackson,385,8,16654,0,2,5,4,11,254,At Risk
19771,Jennifer Brown,359,5,14267,0,2,3,3,8,233,At Risk
19781,Kevin Arias,605,5,14423,0,1,3,3,7,133,At Risk
19795,Maureen Richardson,413,6,15696,0,2,4,4,10,244,At Risk
19796,George Santos,424,7,19673,0,2,5,5,12,255,At Risk
19797,Barbara Palmer,542,5,15839,0,1,3,4,8,134,At Risk
19799,Ashley Alvarado MD,620,6,12708,1,1,4,3,8,143,At Risk
19803,Eric Franklin,327,6,22840,1,2,4,5,11,245,At Risk
19807,Cindy Stein,646,6,21028,0,1,4,5,10,145,At Risk
19814,Christina Flores,353,5,15403,0,2,3,4,9,234,At Risk
19824,Kevin Brown,285,5,13431,0,2,3,3,8,233,At Risk
19839,Samantha Phillips,451,5,14792,0,1,3,3,7,133,At Risk
19840,Alexandria Swanson,384,5,12180,0,2,3,3,8,233,At Risk
19854,Sean Powers,414,5,13942,0,2,3,3,8,233,At Risk
19860,Kelly Riggs,654,7,16060,0,1,5,4,10,154,At Risk
19894,Tina Christian,247,8,27769,0,2,5,5,12,255,At Risk
19903,Terri Cooper,310,7,17788,0,2,5,4,11,254,At Risk
19916,Elaine Mcmillan,567,6,12906,0,1,4,3,8,143,At Risk
19922,Randy Becker,406,7,22767,0,2,5,5,12,255,At Risk
19927,Shannon Campbell,357,9,27260,0,2,5,5,12,255,At Risk
19940,Cameron Miller,669,5,12659,0,1,3,3,7,133,At Risk
19960,Debra Hamilton,251,6,14651,0,2,4,3,9,243,At Risk
19976,Katrina Morgan,612,5,17186,0,1,3,4,8,134,At Risk
19980,Rachel Strickland,332,6,23111,0,2,4,5,11,245,At Risk
19988,Shane Morales PhD,404,6,12787,1,2,4,3,9,243,At Risk
19991,Mrs. Alexandra Walker,322,6,20888,0,2,4,5,11,245,At Risk
19993,Juan Chandler,357,8,29440,0,2,5,5,12,255,At Risk
19996,Kim Williams,273,5,11416,0,2,3,3,8,233,At Risk
20006,John Stanley,342,7,17653,0,2,5,4,11,254,At Risk
20007,Bruce Johnson,445,5,14715,0,1,3,3,7,133,At Risk
20009,Laura Lewis,446,6,17101,0,1,4,4,9,144,At Risk
20012,Shelby Carter,423,9,22992,0,2,5,5,12,255,At Risk
20018,Jennifer Harris,457,5,12596,0,1,3,3,7,133,At Risk
20028,Nicole Wells,358,6,17849,0,2,4,4,10,244,At Risk
20041,Karen Murray,383,5,12367,0,2,3,3,8,233,At Risk
20044,Beth Brown,352,8,20610,0,2,5,5,12,255,At Risk
20045,Rebecca Henry,263,5,15428,0,2,3,4,9,234,At Risk
20054,Brandon Hall,400,6,21616,0,2,4,5,11,245,At Risk
20067,Gloria Ramos,253,6,19597,0,2,4,5,11,245,At Risk
20074,Russell Benson,779,5,14529,0,1,3,3,7,133,At Risk
20082,John Russell,247,6,18784,0,2,4,4,10,244,At Risk
20086,Dawn Adkins,402,9,27080,1,2,5,5,12,255,At Risk
20088,Kristopher Mcdowell,279,7,20970,0,2,5,5,12,255,At Risk
20096,Joshua Jacobs,422,6,18632,0,2,4,4,10,244,At Risk
20110,Jeremy Webb,514,7,23218,1,1,5,5,11,155,At Risk
20113,Seth Sanford,661,5,14469,0,1,3,3,7,133,At Risk
20121,Kenneth Martin,253,6,15104,0,2,4,4,10,244,At Risk
20134,David Myers,388,6,20725,0,2,4,5,11,245,At Risk
20136,Susan Moore DVM,289,6,12535,0,2,4,3,9,243,At Risk
20138,Kevin Carter,316,6,18908,0,2,4,4,10,244,At Risk
20149,Lisa Sanchez,491,6,15474,0,1,4,4,9,144,At Risk
20156,Sherry Drake,251,5,11418,1,2,3,3,8,233,At Risk
20174,Gloria White,305,9,18405,0,2,5,4,11,254,At Risk
20176,Mary Romero,525,7,16689,0,1,5,4,10,154,At Risk
20181,Caroline Pham,655,5,19602,0,1,3,5,9,135,At Risk
20182,Jamie Williams,482,8,20312,0,1,5,5,11,155,At Risk
20184,David Graves,268,6,18266,0,2,4,4,10,244,At Risk
20188,Whitney Johnson,323,6,18563,0,2,4,4,10,244,At Risk
20205,Cindy Mcmahon,300,5,12493,0,2,3,3,8,233,At Risk
20206,Ryan Smith,272,5,16876,1,2,3,4,9,234,At Risk
20208,Tracy Caldwell,579,5,12307,0,1,3,3,7,133,At Risk
20212,Wendy Torres,275,7,18670,0,2,5,4,11,254,At Risk
20231,Derrick Jones,263,7,18526,0,2,5,4,11,254,At Risk
20244,Alec Brown,402,7,24362,0,2,5,5,12,255,At Risk
20248,Andrew Owens,255,5,14011,0,2,3,3,8,233,At Risk
20267,Harold Allen,250,7,20834,0,2,5,5,12,255,At Risk
20274,Terrence Anderson,391,5,18522,0,2,3,4,9,234,At Risk
20278,Brendan Nguyen,268,5,13807,1,2,3,3,8,233,At Risk
20282,Erik Rojas,259,7,19026,0,2,5,4,11,254,At Risk
20290,David Bailey,323,5,11513,0,2,3,3,8,233,At Risk
20316,William Conley,279,7,20013,0,2,5,5,12,255,At Risk
20317,John Gardner,329,7,19043,0,2,5,4,11,254,At Risk
20320,Tanner Washington,262,11,34627,0,2,5,5,12,255,At Risk
20331,Nicholas Murphy,434,5,12548,1,1,3,3,7,133,At Risk
20333,Angela Anderson,425,8,25542,0,2,5,5,12,255,At Risk
20336,Jacqueline Smith,347,6,13637,0,2,4,3,9,243,At Risk
20338,Vincent Davis,496,6,13652,1,1,4,3,8,143,At Risk
20339,Jesus Watts,421,6,16016,0,2,4,4,10,244,At Risk
20340,Scott Silva,338,6,21054,0,2,4,5,11,245,At Risk
20341,Shawn Ruiz,260,6,20874,0,2,4,5,11,245,At Risk
20351,Amber Wilkinson,302,7,19530,0,2,5,5,12,255,At Risk
20367,Oscar Wiggins,471,7,24482,0,1,5,5,11,155,At Risk
20371,Heather Howard,260,6,22857,0,2,4,5,11,245,At Risk
20372,Kristen Allen,452,5,16459,0,1,3,4,8,134,At Risk
20383,Omar Ramsey,321,7,15166,1,2,5,4,11,254,At Risk
20391,Carol Jacobson,287,7,23364,0,2,5,5,12,255,At Risk
20401,Caleb Lewis,249,8,28852,0,2,5,5,12,255,At Risk
20421,Helen Miranda,301,6,13642,0,2,4,3,9,243,At Risk
20425,Blake Bradley,399,5,14608,1,2,3,3,8,233,At Risk
20446,Shannon Robinson,336,7,17826,0,2,5,4,11,254,At Risk
20468,Julie Gilbert,419,7,17604,0,2,5,4,11,254,At Risk
20476,Robert Duke,338,9,24476,1,2,5,5,12,255,At Risk
20477,Jordan Reyes,723,5,11922,0,1,3,3,7,133,At Risk
20482,Curtis Frost,464,6,11518,0,1,4,3,8,143,At Risk
20494,Holly Patrick,415,9,30915,0,2,5,5,12,255,At Risk
20502,Laura Copeland,325,5,15901,0,2,3,4,9,234,At Risk
20509,Christopher Morris,313,6,14043,0,2,4,3,9,243,At Risk
20510,David Lopez,339,5,12240,1,2,3,3,8,233,At Risk
20511,Mark Hamilton,244,9,28353,1,2,5,5,12,255,At Risk
20525,Jimmy Taylor,676,6,17173,1,1,4,4,9,144,At Risk
20529,Elizabeth Patel,321,6,18954,0,2,4,4,10,244,At Risk
20542,Alfred Mccarthy Jr.,461,7,19572,0,1,5,5,11,155,At Risk
20548,Margaret Thomas,371,6,19391,0,2,4,5,11,245,At Risk
20558,John White,516,5,15882,1,1,3,4,8,134,At Risk
20563,Patricia Mclean,409,6,18207,0,2,4,4,10,244,At Risk
20564,Janet Davis,258,6,20145,0,2,4,5,11,245,At Risk
20583,Sara Miller,437,6,17282,0,1,4,4,9,144,At Risk
20589,Sandra Reed,963,5,13892,0,1,3,3,7,133,At Risk
20594,Vanessa Willis,355,8,25393,0,2,5,5,12,255,At Risk
20597,Andrew Lewis,572,5,16261,1,1,3,4,8,134,At Risk
20598,Donald Powers,252,6,16195,1,2,4,4,10,244,At Risk
20600,Stephen Estrada,352,5,13453,1,2,3,3,8,233,At Risk
20605,Alan Coleman,309,5,19859,0,2,3,5,10,235,At Risk
20611,Garrett Green,277,6,18944,0,2,4,4,10,244,At Risk
20615,David Clark,482,9,28160,0,1,5,5,11,155,At Risk
20617,Jonathan Johnson,370,7,18313,0,2,5,4,11,254,At Risk
20625,Brian Graves,381,5,14091,0,2,3,3,8,233,At Risk
20636,Sara Montgomery,447,5,21503,0,1,3,5,9,135,At Risk
20642,John Walls,313,8,21786,0,2,5,5,12,255,At Risk
20643,David Clayton,626,6,12496,0,1,4,3,8,143,At Risk
20645,Martha Mitchell,418,5,16508,0,2,3,4,9,234,At Risk
20649,Erin Young,313,9,24823,0,2,5,5,12,255,At Risk
20653,Elizabeth Roach,259,10,29838,0,2,5,5,12,255,At Risk
20671,Bryan Meyers,460,8,24535,1,1,5,5,11,155,At Risk
20685,Jill Welch,540,5,17291,1,1,3,4,8,134,At Risk
20686,Nancy Chandler,457,6,24262,0,1,4,5,10,145,At Risk
20688,Marcus Welch,313,7,22118,0,2,5,5,12,255,At Risk
20696,John Hill,369,12,27567,0,2,5,5,12,255,At Risk
20701,Destiny Bowman,478,7,20134,0,1,5,5,11,155,At Risk
20705,Carmen Huynh,269,6,11351,0,2,4,3,9,243,At Risk
20711,Kristen Fischer,407,6,14760,0,2,4,3,9,243,At Risk
20712,Karina Moyer,452,5,14942,0,1,3,4,8,134,At Risk
20720,Megan Davis,295,10,29333,0,2,5,5,12,255,At Risk
20725,Joseph Wong,608,7,13094,0,1,5,3,9,153,At Risk
20729,Melanie Smith,379,5,11830,0,2,3,3,8,233,At Risk
20733,Sherri Moore,419,8,26593,0,2,5,5,12,255,At Risk
20735,Patricia Russell,295,7,16706,0,2,5,4,11,254,At Risk
20736,Cody West,448,10,32217,0,1,5,5,11,155,At Risk
20738,David Young,474,5,15790,0,1,3,4,8,134,At Risk
20743,Ryan Green,430,7,17587,1,1,5,4,10,154,At Risk
20758,Jennifer Lawrence,415,7,23165,1,2,5,5,12,255,At Risk
20759,Angela Cole,464,8,25722,0,1,5,5,11,155,At Risk
20783,Taylor Baker,345,8,22346,0,2,5,5,12,255,At Risk
20791,Ann Taylor,248,6,17155,0,2,4,4,10,244,At Risk
20808,Stacey Nelson,284,5,15978,0,2,3,4,9,234,At Risk
20813,Jordan Logan,337,5,12622,0,2,3,3,8,233,At Risk
20819,Cristina Cooper,395,5,16001,0,2,3,4,9,234,At Risk
20824,Jillian Fisher,311,8,18641,0,2,5,4,11,254,At Risk
20826,Jennifer Williams,422,5,15282,0,2,3,4,9,234,At Risk
20834,Rebecca Townsend,269,7,15253,0,2,5,4,11,254,At Risk
20836,James Velazquez,292,8,16989,0,2,5,4,11,254,At Risk
20841,Edward Velasquez,335,7,15860,0,2,5,4,11,254,At Risk
20847,Mary Cole,322,5,14658,0,2,3,3,8,233,At Risk
20851,John Weber,311,7,13979,0,2,5,3,10,253,At Risk
20857,Daniel Chandler,346,5,16903,0,2,3,4,9,234,At Risk
20863,William Hunt,244,7,16974,0,2,5,4,11,254,At Risk
20867,Nathan Jimenez,306,7,22262,0,2,5,5,12,255,At Risk
20886,Ashley Baker,406,6,13050,0,2,4,3,9,243,At Risk
20888,Jamie Diaz,413,5,14020,0,2,3,3,8,233,At Risk
20890,Justin Gomez,334,7,20390,0,2,5,5,12,255,At Risk
20892,Lindsey Ray,393,7,15020,0,2,5,4,11,254,At Risk
20899,Shirley Drake,376,6,19734,0,2,4,5,11,245,At Risk
20907,Matthew Rodriguez,331,8,17225,0,2,5,4,11,254,At Risk
20915,Julie Leach,332,5,18888,1,2,3,4,9,234,At Risk
20917,Anthony Rodriguez,425,6,15994,1,2,4,4,10,244,At Risk
20919,Joshua Mullins,498,5,15264,0,1,3,4,8,134,At Risk
20921,Jessica Huynh,270,5,16127,0,2,3,4,9,234,At Risk
20924,Mckenzie Warren,604,7,20854,0,1,5,5,11,155,At Risk
20943,Lawrence Ochoa,511,8,17837,0,1,5,4,10,154,At Risk
20950,Edward Stark,546,6,15392,0,1,4,4,9,144,At Risk
20955,Vincent Smith,248,6,14635,0,2,4,3,9,243,At Risk
20959,Stefanie Brown,998,5,12473,1,1,3,3,7,133,At Risk
20965,Barbara King,442,7,16932,1,1,5,4,10,154,At Risk
20986,Amber Peterson,377,5,13302,0,2,3,3,8,233,At Risk
20988,Christina Pena,250,6,25693,0,2,4,5,11,245,At Risk
20991,Anita Fernandez,504,6,19531,0,1,4,5,10,145,At Risk
21011,Adam Miller,258,5,13135,0,2,3,3,8,233,At Risk
21012,Zachary Hansen,689,5,14071,0,1,3,3,7,133,At Risk
21020,Judy Orozco,263,8,14444,0,2,5,3,10,253,At Risk
21052,Marcia Smith,364,6,14105,0,2,4,3,9,243,At Risk
21058,Joshua Osborne,342,5,14018,0,2,3,3,8,233,At Risk
21083,Michael Jones,334,8,23195,0,2,5,5,12,255,At Risk
21084,Jessica Jimenez,464,6,12260,0,1,4,3,8,143,At Risk
21091,Nathan Whitaker,287,5,14643,0,2,3,3,8,233,At Risk
21105,Nicole Levine,512,7,19785,0,1,5,5,11,155,At Risk
21122,Christy Harmon,292,8,18490,0,2,5,4,11,254,At Risk
21135,Karla Powell,272,5,11404,1,2,3,3,8,233,At Risk
21136,Sharon Taylor,481,5,15692,0,1,3,4,8,134,At Risk
21139,Mathew Lowery,479,8,22873,1,1,5,5,11,155,At Risk
21146,Aaron Waters,404,6,21320,1,2,4,5,11,245,At Risk
21156,Joe Mckenzie,378,10,25106,0,2,5,5,12,255,At Risk
21157,Betty Johnson,301,6,19965,0,2,4,5,11,245,At Risk
21162,Roger Fuller,253,7,14997,0,2,5,4,11,254,At Risk
21165,Jennifer Griffith,351,6,20663,0,2,4,5,11,245,At Risk
21172,Leonard Smith,413,6,15074,0,2,4,4,10,244,At Risk
21175,Jason Clements,248,5,22451,0,2,3,5,10,235,At Risk
21181,Christian Brown,300,6,14743,1,2,4,3,9,243,At Risk
21182,Megan Williams,345,6,23275,0,2,4,5,11,245,At Risk
21186,Colleen White,264,7,24113,0,2,5,5,12,255,At Risk
21188,Holly Walsh,515,8,19807,0,1,5,5,11,155,At Risk
21197,James Schroeder,559,5,13895,0,1,3,3,7,133,At Risk
21209,Emily Lee,278,6,16002,0,2,4,4,10,244,At Risk
21212,Kayla Allison,256,7,23616,0,2,5,5,12,255,At Risk
21214,Hannah Newman,284,9,27605,0,2,5,5,12,255,At Risk
21219,Nicholas Hampton,276,5,17113,0,2,3,4,9,234,At Risk
21221,Paul Ingram,467,6,15642,0,1,4,4,9,144,At Risk
21242,Christopher Gilbert,416,5,12042,0,2,3,3,8,233,At Risk
21245,Amber Nunez,426,7,18103,1,2,5,4,11,254,At Risk
21252,Amy Tran,253,6,17662,1,2,4,4,10,244,At Risk
21254,Stephanie Watkins,266,5,14248,1,2,3,3,8,233,At Risk
21269,Denise Simpson,349,6,13434,0,2,4,3,9,243,At Risk
21271,Michael Serrano,385,10,37985,1,2,5,5,12,255,At Risk
21274,Danielle Moreno,361,9,15535,0,2,5,4,11,254,At Risk
21291,Erin Adams,506,6,14214,0,1,4,3,8,143,At Risk
21293,Kevin Delgado,258,6,14821,0,2,4,4,10,244,At Risk
21295,Jessica Moore,380,5,11426,1,2,3,3,8,233,At Risk
21304,Hannah Obrien,287,6,19985,1,2,4,5,11,245,At Risk
21307,Joseph Harper MD,335,5,18690,0,2,3,4,9,234,At Risk
21310,Alison Freeman,245,5,18405,1,2,3,4,9,234,At Risk
21329,Carol Aguilar,287,5,17460,1,2,3,4,9,234,At Risk
21336,Jennifer Martinez,509,8,23239,0,1,5,5,11,155,At Risk
21345,Pamela Wood,309,8,31912,0,2,5,5,12,255,At Risk
21346,Tonya Howard,266,5,15719,0,2,3,4,9,234,At Risk
21353,Shelley Foster,338,6,12802,0,2,4,3,9,243,At Risk
21368,Katherine Lane,658,7,18770,0,1,5,4,10,154,At Risk
21381,Debra Evans,258,6,12681,0,2,4,3,9,243,At Risk
21419,Ricky Jones,344,6,16627,0,2,4,4,10,244,At Risk
21425,Amber Greene,615,7,18675,0,1,5,4,10,154,At Risk
21435,Taylor Rhodes,918,5,13346,0,1,3,3,7,133,At Risk
21439,Erin Williams,293,7,17596,0,2,5,4,11,254,At Risk
21448,April Berry,412,7,18970,0,2,5,4,11,254,At Risk
21463,Peter Griffin,262,7,14962,0,2,5,4,11,254,At Risk
21472,Jessica Cooper,514,5,13708,0,1,3,3,7,133,At Risk
21482,Jill Beltran,272,7,22783,0,2,5,5,12,255,At Risk
21485,Ryan Johnson,431,6,20656,0,1,4,5,10,145,At Risk
21491,Brett Austin,621,5,15772,0,1,3,4,8,134,At Risk
21494,Matthew Beltran,259,6,14130,0,2,4,3,9,243,At Risk
21503,Michele Scott,254,7,19925,0,2,5,5,12,255,At Risk
21529,Mason Smith,323,7,17818,0,2,5,4,11,254,At Risk
21530,Nicole Wade,542,6,13775,1,1,4,3,8,143,At Risk
21531,Timothy Henderson,257,6,12814,0,2,4,3,9,243,At Risk
21534,Russell Logan,515,7,20679,0,1,5,5,11,155,At Risk
21547,Billy Patterson,877,5,19973,0,1,3,5,9,135,At Risk
21558,Amy Hawkins,430,6,27647,1,1,4,5,10,145,At Risk
21563,Caroline Mcclain,304,7,24602,0,2,5,5,12,255,At Risk
21565,Kendra Jones,259,7,25130,0,2,5,5,12,255,At Risk
21577,Mary Hart,262,8,17206,0,2,5,4,11,254,At Risk
21586,Scott Meyer,413,6,18637,0,2,4,4,10,244,At Risk
21589,Becky Phillips,355,6,13136,0,2,4,3,9,243,At Risk
21594,Mark Smith,365,7,19768,0,2,5,5,12,255,At Risk
21599,Connor Ross,493,6,16850,0,1,4,4,9,144,At Risk
21601,Lisa Crawford,422,7,17445,0,2,5,4,11,254,At Risk
21605,Jessica Jones,609,5,21454,0,1,3,5,9,135,At Risk
21607,Melanie Harris,305,7,19302,0,2,5,5,12,255,At Risk
21610,Melissa Kent,349,8,24302,0,2,5,5,12,255,At Risk
21615,Emily Hays,360,6,17694,0,2,4,4,10,244,At Risk
21622,Vicki Perez,409,5,11857,0,2,3,3,8,233,At Risk
21646,Benjamin Garcia,320,10,31998,0,2,5,5,12,255,At Risk
21662,David Kramer,333,11,32484,0,2,5,5,12,255,At Risk
21668,Veronica Rodriguez,344,6,22734,0,2,4,5,11,245,At Risk
21670,Kyle Jackson,474,5,12915,0,1,3,3,7,133,At Risk
21673,Monique Clark,360,5,11883,0,2,3,3,8,233,At Risk
21675,Lisa Anderson,615,6,21914,0,1,4,5,10,145,At Risk
21699,Deborah Vance,269,10,21005,0,2,5,5,12,255,At Risk
21705,Theresa Moore,379,9,27434,0,2,5,5,12,255,At Risk
21706,Christopher Archer,298,5,12964,0,2,3,3,8,233,At Risk
21729,Michelle Robinson,393,7,24578,0,2,5,5,12,255,At Risk
21733,Kristen Page,291,6,23907,0,2,4,5,11,245,At Risk
21738,Brandy Baldwin,375,6,13858,0,2,4,3,9,243,At Risk
21758,Brian Russell,256,5,15831,0,2,3,4,9,234,At Risk
21762,Mark Burton,522,7,19614,0,1,5,5,11,155,At Risk
21764,Robin Manning,284,5,11425,0,2,3,3,8,233,At Risk
21775,Elizabeth Bryan,513,6,16750,0,1,4,4,9,144,At Risk
21777,Jennifer Banks,357,9,22267,0,2,5,5,12,255,At Risk
21784,Ashley Stewart,292,5,12175,0,2,3,3,8,233,At Risk
21786,Lisa Ramirez,269,7,14483,0,2,5,3,10,253,At Risk
21795,Jesse Johnson,563,5,11539,0,1,3,3,7,133,At Risk
21799,Joseph Wang,246,6,14416,0,2,4,3,9,243,At Risk
21801,Micheal Berry,734,7,17898,0,1,5,4,10,154,At Risk
21802,Edward Clements,249,10,24366,0,2,5,5,12,255,At Risk
21805,John Oconnor,369,5,11440,1,2,3,3,8,233,At Risk
21808,Anthony Estrada,289,6,17164,0,2,4,4,10,244,At Risk
21820,Felicia Daniels,600,5,12590,0,1,3,3,7,133,At Risk
21832,Robin Cherry,459,5,13514,1,1,3,3,7,133,At Risk
21840,Mary Sanchez,398,6,12840,0,2,4,3,9,243,At Risk
21842,Dr. Martin Brennan,346,8,23757,0,2,5,5,12,255,At Risk
21849,Darrell Reynolds,297,6,17768,0,2,4,4,10,244,At Risk
21858,Anthony Garrison,449,10,26315,0,1,5,5,11,155,At Risk
21863,Christopher Miller,679,6,19509,1,1,4,5,10,145,At Risk
21869,Richard Baker,610,5,17991,0,1,3,4,8,134,At Risk
21875,Richard Coleman,251,8,22042,1,2,5,5,12,255,At Risk
21877,Kathy Mitchell,478,7,18888,0,1,5,4,10,154,At Risk
21880,Christopher Jones,339,7,22697,0,2,5,5,12,255,At Risk
21884,Meghan Diaz,319,5,13647,0,2,3,3,8,233,At Risk
21893,Dennis Anderson,581,8,25256,0,1,5,5,11,155,At Risk
21897,Jeremy Costa,313,9,22103,0,2,5,5,12,255,At Risk
21924,Sherry Riddle,244,5,16592,0,2,3,4,9,234,At Risk
21927,Virginia Moran,426,5,16257,0,2,3,4,9,234,At Risk
21929,Brian Calhoun,444,5,12883,0,1,3,3,7,133,At Risk
21935,Luke Lewis,379,5,15918,0,2,3,4,9,234,At Risk
21942,Nicholas Ramirez,513,5,14015,0,1,3,3,7,133,At Risk
21943,Shane Calderon,446,6,17788,0,1,4,4,9,144,At Risk
21954,Richard Olson,469,8,25571,0,1,5,5,11,155,At Risk
21955,Corey Mcconnell,291,5,14545,0,2,3,3,8,233,At Risk
21959,Dean Christian,323,6,21253,0,2,4,5,11,245,At Risk
21972,Geoffrey Leach,396,6,19702,0,2,4,5,11,245,At Risk
21982,Brandon Pacheco,399,7,20949,1,2,5,5,12,255,At Risk
21994,Cheryl Brown,385,10,22414,1,2,5,5,12,255,At Risk
22004,Linda Mclaughlin,532,5,12569,0,1,3,3,7,133,At Risk
22005,Amy Watkins,353,6,15787,0,2,4,4,10,244,At Risk
22021,Andres Perez,271,5,15166,0,2,3,4,9,234,At Risk
22032,Brandy Brown,344,7,21929,0,2,5,5,12,255,At Risk
22033,Jerry Miller,483,5,13343,1,1,3,3,7,133,At Risk
22038,Emily Morris,335,5,11622,1,2,3,3,8,233,At Risk
22049,Jamie Wright,774,5,12697,0,1,3,3,7,133,At Risk
22051,Christopher Rogers,290,5,15585,0,2,3,4,9,234,At Risk
22052,Gail Rubio,513,5,20620,0,1,3,5,9,135,At Risk
22058,Mark Roberts,336,9,28720,0,2,5,5,12,255,At Risk
22091,Julie Burch,493,5,15206,0,1,3,4,8,134,At Risk
22099,Dylan White,365,7,20703,0,2,5,5,12,255,At Risk
22105,Megan Smith,506,9,23080,0,1,5,5,11,155,At Risk
22109,Cheryl Carney,276,7,14444,0,2,5,3,10,253,At Risk
22113,Brittney Gonzales,280,5,16480,0,2,3,4,9,234,At Risk
22162,Bethany Garcia,317,6,22813,0,2,4,5,11,245,At Risk
22174,Alfred Daniel,261,6,16721,0,2,4,4,10,244,At Risk
22188,Brandon Williams,286,8,20587,0,2,5,5,12,255,At Risk
22190,Briana Rose,353,6,18815,0,2,4,4,10,244,At Risk
22195,Raymond Wilson,428,7,18578,0,1,5,4,10,154,At Risk
22196,Justin Floyd,557,5,16470,0,1,3,4,8,134,At Risk
22219,Karen Kennedy,352,5,16510,0,2,3,4,9,234,At Risk
22245,Amanda Flores,328,5,18785,0,2,3,4,9,234,At Risk
22248,Philip Wilson,496,7,14820,0,1,5,4,10,154,At Risk
22252,Latasha Padilla,334,8,20497,0,2,5,5,12,255,At Risk
22256,Timothy Thompson,663,5,14241,0,1,3,3,7,133,At Risk
22264,John Shepard,503,6,14544,0,1,4,3,8,143,At Risk
22269,Cynthia Baker,347,10,31760,0,2,5,5,12,255,At Risk
22274,Richard Ware,447,6,18566,0,1,4,4,9,144,At Risk
22299,Veronica Young,560,6,18126,0,1,4,4,9,144,At Risk
22317,Robert Castillo,308,5,14579,0,2,3,3,8,233,At Risk
22322,Kyle Porter,274,5,14883,0,2,3,4,9,234,At Risk
22331,Chelsea Grant,607,6,17518,0,1,4,4,9,144,At Risk
22333,Shari Decker,648,7,24391,1,1,5,5,11,155,At Risk
22373,Megan Garcia,267,7,19111,0,2,5,4,11,254,At Risk
22386,Stephanie Lee,257,5,17201,0,2,3,4,9,234,At Risk
22388,Nicholas Johnson,276,5,14388,0,2,3,3,8,233,At Risk
22390,Jason Harper,253,8,23634,0,2,5,5,12,255,At Risk
22395,Kevin Stanley,305,8,19298,0,2,5,5,12,255,At Risk
22406,Kayla Weiss,383,7,13986,0,2,5,3,10,253,At Risk
22408,Nicholas Tanner,804,6,20996,0,1,4,5,10,145,At Risk
22412,Mark Garcia,745,6,18502,1,1,4,4,9,144,At Risk
22413,Linda Hodge,512,6,20455,1,1,4,5,10,145,At Risk
22429,Gloria Woods,361,9,25587,1,2,5,5,12,255,At Risk
22440,Michael Hammond,258,7,22081,1,2,5,5,12,255,At Risk
22441,Mrs. Rebecca Hughes,248,5,14657,1,2,3,3,8,233,At Risk
22444,Kenneth Lewis,828,6,15030,0,1,4,4,9,144,At Risk
22449,Christina Harris,548,5,14120,0,1,3,3,7,133,At Risk
22464,Jasmine Cherry,282,7,20345,0,2,5,5,12,255,At Risk
22467,Patricia Clark,329,7,25670,1,2,5,5,12,255,At Risk
22472,Tara Barry,310,5,17244,0,2,3,4,9,234,At Risk
22489,Teresa Booker,487,5,12882,0,1,3,3,7,133,At Risk
22491,Jessica Williams,303,5,14605,0,2,3,3,8,233,At Risk
22499,Jennifer Warren,294,5,16698,1,2,3,4,9,234,At Risk
22509,Mary Garrett,317,9,18042,0,2,5,4,11,254,At Risk
22512,Jack Kim,411,8,16809,0,2,5,4,11,254,At Risk
22528,Andrew Powers,412,6,18984,0,2,4,4,10,244,At Risk
22539,Jason Ramsey,447,7,20003,0,1,5,5,11,155,At Risk
22541,Teresa Carr,304,6,16662,0,2,4,4,10,244,At Risk
22559,Bryan Bauer,279,6,16765,0,2,4,4,10,244,At Risk
22566,Tyler Arroyo,347,5,14982,0,2,3,4,9,234,At Risk
22572,John Williams,385,6,16397,0,2,4,4,10,244,At Risk
22576,Kaylee Hernandez,252,5,11721,1,2,3,3,8,233,At Risk
22580,Steven Graham,250,7,25830,1,2,5,5,12,255,At Risk
22582,Jonathan Garcia,342,5,16526,0,2,3,4,9,234,At Risk
22594,Michael Rivera,660,6,15526,0,1,4,4,9,144,At Risk
22599,Amy Carson,1007,5,14963,0,1,3,4,8,134,At Risk
22600,John Smith,656,5,14533,0,1,3,3,7,133,At Risk
22617,James Hall,323,5,14286,1,2,3,3,8,233,At Risk
22630,Julia Reese,562,5,14666,1,1,3,3,7,133,At Risk
22643,Jessica Watson,345,5,13198,0,2,3,3,8,233,At Risk
22644,Alexandria Velez,268,7,19183,0,2,5,4,11,254,At Risk
22650,Brandon Torres,244,8,18487,0,2,5,4,11,254,At Risk
22658,Luis Maynard,461,8,27819,0,1,5,5,11,155,At Risk
22676,Jeffery Duarte,287,9,22265,0,2,5,5,12,255,At Risk
22681,Joseph Branch,455,7,16500,0,1,5,4,10,154,At Risk
22689,Jennifer Powers,293,7,23314,0,2,5,5,12,255,At Risk
22690,Jamie Mckenzie,401,6,16007,0,2,4,4,10,244,At Risk
22694,Danielle Collier,419,7,21543,1,2,5,5,12,255,At Risk
22705,Charles Baldwin,471,7,20316,0,1,5,5,11,155,At Risk
22720,Brian House,408,7,13977,0,2,5,3,10,253,At Risk
22729,Lori Meyer,338,6,19760,0,2,4,5,11,245,At Risk
22731,Marcus Davis,265,5,16016,0,2,3,4,9,234,At Risk
22735,Emily Erickson,316,9,25062,0,2,5,5,12,255,At Risk
22742,Jaclyn Robinson,380,6,15844,1,2,4,4,10,244,At Risk
22750,Tonya Oneill,388,5,16125,0,2,3,4,9,234,At Risk
22753,William Page,313,6,19870,0,2,4,5,11,245,At Risk
22757,Abigail Allen,783,5,16831,0,1,3,4,8,134,At Risk
22760,Rebecca Brown,325,7,23124,0,2,5,5,12,255,At Risk
22770,Danielle Park,317,8,22858,1,2,5,5,12,255,At Risk
22773,Kristen Porter,264,6,13761,0,2,4,3,9,243,At Risk
22785,William Wang,407,9,23514,0,2,5,5,12,255,At Risk
22787,Nicholas Smith,256,9,19297,0,2,5,5,12,255,At Risk
22792,Michael Yu,483,5,16621,0,1,3,4,8,134,At Risk
22795,Robert Davis,260,6,16715,0,2,4,4,10,244,At Risk
22796,Christopher Johnson,371,5,17847,0,2,3,4,9,234,At Risk
22799,Kari Sanchez,306,5,14187,0,2,3,3,8,233,At Risk
22801,Ebony Soto,315,8,24080,0,2,5,5,12,255,At Risk
22805,Sharon Melton,290,6,17256,0,2,4,4,10,244,At Risk
22808,Matthew Garcia,506,5,13846,0,1,3,3,7,133,At Risk
22809,Terry Rosales,249,6,11431,0,2,4,3,9,243,At Risk
22826,Mary Smith,742,7,11502,0,1,5,3,9,153,At Risk
22832,Erin Dean,379,7,14714,0,2,5,3,10,253,At Risk
22840,Amy Brooks,608,6,23040,0,1,4,5,10,145,At Risk
22843,Scott Bailey,337,8,22352,0,2,5,5,12,255,At Risk
22851,William Armstrong,315,9,25158,0,2,5,5,12,255,At Risk
22853,Janet Davidson,259,6,15404,0,2,4,4,10,244,At Risk
22856,Michele Lee,504,7,18816,0,1,5,4,10,154,At Risk
22872,Brent Bennett,381,6,11844,1,2,4,3,9,243,At Risk
22885,Jennifer Mcdonald,349,6,13023,0,2,4,3,9,243,At Risk
22891,Danielle Moore,340,6,14157,0,2,4,3,9,243,At Risk
22903,Teresa Swanson MD,435,6,16371,0,1,4,4,9,144,At Risk
22906,Gregg Sharp,548,6,14620,0,1,4,3,8,143,At Risk
22908,Sarah Walters,345,8,25300,0,2,5,5,12,255,At Risk
22909,Austin Foley,393,5,14730,0,2,3,3,8,233,At Risk
22928,Peter Butler,280,6,16405,0,2,4,4,10,244,At Risk
22935,David Taylor,286,7,19889,0,2,5,5,12,255,At Risk
22936,Lisa Cruz,363,7,14780,1,2,5,3,10,253,At Risk
22949,Brandon Smith,272,8,19805,0,2,5,5,12,255,At Risk
22954,Christine Kim,373,5,12168,0,2,3,3,8,233,At Risk
22955,John Richards,396,5,16879,1,2,3,4,9,234,At Risk
22956,Carla Hayes,412,5,13916,0,2,3,3,8,233,At Risk
22961,James Coffey Jr.,408,7,12883,0,2,5,3,10,253,At Risk
22962,Mary Torres,441,8,25025,1,1,5,5,11,155,At Risk
22982,David Trevino,262,6,21155,0,2,4,5,11,245,At Risk
22988,Anthony Ferguson,273,6,14481,0,2,4,3,9,243,At Risk
22992,Kevin Torres,339,6,14373,0,2,4,3,9,243,At Risk
22998,Jeremiah Thornton,288,5,13712,0,2,3,3,8,233,At Risk
23000,Ashley Hamilton,245,5,12297,0,2,3,3,8,233,At Risk
23011,Samuel Hernandez,338,6,19906,0,2,4,5,11,245,At Risk
23012,Kaitlin Jones,637,5,14246,1,1,3,3,7,133,At Risk
23016,Karl Boyd,565,5,12206,0,1,3,3,7,133,At Risk
23017,Julie Smith,551,5,14812,1,1,3,4,8,134,At Risk
23022,Laura Flores,479,5,13956,0,1,3,3,7,133,At Risk
23027,Donna Townsend,797,7,24290,0,1,5,5,11,155,At Risk
23029,Bethany Johnson,548,6,18138,0,1,4,4,9,144,At Risk
23031,Keith Kim,281,8,23442,0,2,5,5,12,255,At Risk
23032,Crystal Becker,258,5,18484,0,2,3,4,9,234,At Risk
23035,Travis Moss,277,5,17197,1,2,3,4,9,234,At Risk
23039,Krista Butler,333,7,20327,0,2,5,5,12,255,At Risk
23042,Paul Hall,346,5,18929,0,2,3,4,9,234,At Risk
23047,Leslie Ramirez,383,5,16289,0,2,3,4,9,234,At Risk
23049,Frederick Giles,751,5,14075,1,1,3,3,7,133,At Risk
23051,Ashley Perez,394,9,31266,0,2,5,5,12,255,At Risk
23063,Charles Gardner,466,5,14894,0,1,3,4,8,134,At Risk
23064,Amy Garcia,303,7,15093,1,2,5,4,11,254,At Risk
23075,William Dougherty,263,5,15306,0,2,3,4,9,234,At Risk
23077,Alexandra Johnson,279,6,15520,0,2,4,4,10,244,At Risk
23078,Michael Bridges,367,5,14548,0,2,3,3,8,233,At Risk
23088,Christian Montoya,431,6,16626,0,1,4,4,9,144,At Risk
23090,Gregory Coleman,322,5,19070,0,2,3,4,9,234,At Risk
23091,Michael Morales,401,5,11538,1,2,3,3,8,233,At Risk
23110,Carolyn Pugh,647,5,19992,0,1,3,5,9,135,At Risk
23115,Mary Martin,648,5,17575,1,1,3,4,8,134,At Risk
23116,Katelyn Olson,581,5,13863,1,1,3,3,7,133,At Risk
23118,Tara Hill,322,7,16003,0,2,5,4,11,254,At Risk
23124,Jessica Robinson,301,5,12557,1,2,3,3,8,233,At Risk
23140,Jennifer Davis,735,5,14846,0,1,3,4,8,134,At Risk
23144,Megan Johnson,273,6,15663,0,2,4,4,10,244,At Risk
23154,Anita Simon,424,6,12485,0,2,4,3,9,243,At Risk
23159,Samuel Gutierrez,724,6,13257,1,1,4,3,8,143,At Risk
23166,Amy Lee,382,6,20717,0,2,4,5,11,245,At Risk
23174,Michelle Roberts,254,5,15662,0,2,3,4,9,234,At Risk
23181,Phillip White,383,5,12570,0,2,3,3,8,233,At Risk
23182,Denise Tyler,413,5,13495,0,2,3,3,8,233,At Risk
23185,Justin Montoya,549,6,16202,0,1,4,4,9,144,At Risk
23191,Christopher Torres,610,6,17710,0,1,4,4,9,144,At Risk
23198,Mr. Ryan Paul,264,9,29602,1,2,5,5,12,255,At Risk
23200,Troy Barton,346,5,17730,0,2,3,4,9,234,At Risk
23203,Kimberly Fitzpatrick,746,6,17745,1,1,4,4,9,144,At Risk
23209,Anthony Sanchez,262,9,28532,0,2,5,5,12,255,At Risk
23211,Claudia Roman,273,5,17292,0,2,3,4,9,234,At Risk
23230,Anthony Harmon,416,5,11707,1,2,3,3,8,233,At Risk
23252,Maureen Bailey,366,8,19258,0,2,5,4,11,254,At Risk
23258,Amy Mcdonald,662,5,14857,0,1,3,4,8,134,At Risk
23263,Richard Goodman,512,5,11711,0,1,3,3,7,133,At Risk
23269,Mary Wood,526,5,12638,0,1,3,3,7,133,At Risk
23273,Ann Phillips,471,6,25508,0,1,4,5,10,145,At Risk
23278,Brandy Garza,414,5,13977,0,2,3,3,8,233,At Risk
23289,Michael Burns,337,7,21109,0,2,5,5,12,255,At Risk
23290,Reginald Allen,421,8,22105,1,2,5,5,12,255,At Risk
23292,Carlos Mckenzie,322,8,22190,0,2,5,5,12,255,At Risk
23295,Jennifer Mcmillan,258,5,15037,1,2,3,4,9,234,At Risk
23301,Emily Mason,407,5,12544,0,2,3,3,8,233,At Risk
23306,Derek Cook,263,7,19950,0,2,5,5,12,255,At Risk
23318,Amber Barton,275,6,18316,1,2,4,4,10,244,At Risk
23319,Gabrielle Shaw,255,6,19534,0,2,4,5,11,245,At Risk
23326,Tanya Waters,370,5,14122,1,2,3,3,8,233,At Risk
23330,Maria Kim,586,11,30781,0,1,5,5,11,155,At Risk
23332,Donna Cox,450,6,15574,0,1,4,4,9,144,At Risk
23336,Ashley Delacruz,288,8,20360,0,2,5,5,12,255,At Risk
23343,Jessica Olson,246,7,21011,1,2,5,5,12,255,At Risk
23364,Nathaniel Griffith,354,8,21593,0,2,5,5,12,255,At Risk
23392,Colleen Gilbert,319,8,20853,0,2,5,5,12,255,At Risk
23405,Matthew Rose,432,5,16205,0,1,3,4,8,134,At Risk
23423,Hannah Kelley,262,7,15046,0,2,5,4,11,254,At Risk
23430,Erin Smith,450,7,15321,0,1,5,4,10,154,At Risk
23441,Andrew Crawford,475,5,18454,0,1,3,4,8,134,At Risk
23453,David Winters,289,6,18434,0,2,4,4,10,244,At Risk
23461,Ricardo Levy,423,6,17523,0,2,4,4,10,244,At Risk
23465,James Melton,565,6,16363,0,1,4,4,9,144,At Risk
23474,Douglas Dennis,269,9,32048,0,2,5,5,12,255,At Risk
23480,Paul Merritt,367,5,14136,1,2,3,3,8,233,At Risk
23497,Jonathan Cook,381,8,16274,0,2,5,4,11,254,At Risk
23498,Becky Smith,259,7,20315,0,2,5,5,12,255,At Risk
23501,Nicholas Valentine,361,7,18766,0,2,5,4,11,254,At Risk
23511,Jessica Morales,405,6,11840,0,2,4,3,9,243,At Risk
23526,Thomas Torres,472,9,29290,0,1,5,5,11,155,At Risk
23567,William Rodriguez,631,6,15950,1,1,4,4,9,144,At Risk
23568,Stacey Martinez,280,7,23044,1,2,5,5,12,255,At Risk
23580,Jessica Morris,245,5,12993,0,2,3,3,8,233,At Risk
23582,Annette Marsh,336,5,17438,0,2,3,4,9,234,At Risk
23623,Pamela Mcintyre,687,5,16313,0,1,3,4,8,134,At Risk
23628,Joel Valentine III,591,5,13064,0,1,3,3,7,133,At Risk
23632,Emily Bonilla,407,9,21903,0,2,5,5,12,255,At Risk
23648,Robert Reynolds,261,6,13112,0,2,4,3,9,243,At Risk
23671,Chad White,672,6,19627,0,1,4,5,10,145,At Risk
23672,William Carter,318,6,19822,0,2,4,5,11,245,At Risk
23675,Yolanda Martinez,371,6,18212,0,2,4,4,10,244,At Risk
23676,Roger Gilbert,362,7,19994,0,2,5,5,12,255,At Risk
23687,Maria Caldwell,283,8,22411,0,2,5,5,12,255,At Risk
23690,Mr. Joshua Price,266,6,14703,1,2,4,3,9,243,At Risk
23693,Elaine Compton,521,9,19476,0,1,5,5,11,155,At Risk
23697,Elizabeth Hoffman,758,5,15286,0,1,3,4,8,134,At Risk
23700,Laura Walker,385,9,15529,0,2,5,4,11,254,At Risk
23707,Abigail Small,262,8,27203,0,2,5,5,12,255,At Risk
23711,Jill Cummings,735,5,13742,0,1,3,3,7,133,At Risk
23727,Thomas Murphy,294,7,19687,0,2,5,5,12,255,At Risk
23729,Rita Sims,278,6,19999,0,2,4,5,11,245,At Risk
23751,Alexander Cruz,551,8,20023,0,1,5,5,11,155,At Risk
23758,Kimberly Clark,313,7,19997,0,2,5,5,12,255,At Risk
23775,Nathan Crane,364,8,22304,0,2,5,5,12,255,At Risk
23786,Mark Ramos,343,5,12434,1,2,3,3,8,233,At Risk
23790,Andrew Townsend,524,6,18790,0,1,4,4,9,144,At Risk
23795,Vincent Lopez,585,6,17508,1,1,4,4,9,144,At Risk
23806,Joseph Garcia,476,6,12029,0,1,4,3,8,143,At Risk
23820,Lisa Morrison,345,5,12848,1,2,3,3,8,233,At Risk
23822,Megan Bowers,476,6,20079,1,1,4,5,10,145,At Risk
23826,Jeffery Keith,932,5,17124,0,1,3,4,8,134,At Risk
23850,Susan Brooks,263,7,15562,0,2,5,4,11,254,At Risk
23852,Derrick Williams,350,7,21007,0,2,5,5,12,255,At Risk
23856,Charles Bush,322,6,19419,1,2,4,5,11,245,At Risk
23871,Juan White,284,7,17781,0,2,5,4,11,254,At Risk
23875,Kevin Weiss,302,5,16477,0,2,3,4,9,234,At Risk
23892,Casey Morris,483,6,14245,0,1,4,3,8,143,At Risk
23893,Christopher Munoz,298,7,24184,1,2,5,5,12,255,At Risk
23895,Mrs. Cynthia Boyd DDS,663,5,18624,0,1,3,4,8,134,At Risk
23897,Mary Cooper,268,7,15787,0,2,5,4,11,254,At Risk
23902,Daniel Patterson,378,5,15527,0,2,3,4,9,234,At Risk
23903,Michele Johnson,245,6,16061,0,2,4,4,10,244,At Risk
23909,Melissa West,342,8,25199,0,2,5,5,12,255,At Risk
23917,Debra Hodge,285,7,18558,0,2,5,4,11,254,At Risk
23925,Richard Hardy,358,6,17408,1,2,4,4,10,244,At Risk
23926,Timothy Palmer,413,5,15052,1,2,3,4,9,234,At Risk
23927,Amy Day,289,5,18587,0,2,3,4,9,234,At Risk
23931,Robert Beck,367,9,19435,0,2,5,5,12,255,At Risk
23936,Brian Chaney,588,7,22385,0,1,5,5,11,155,At Risk
23937,Tamara Gallegos,465,8,19751,1,1,5,5,11,155,At Risk
23944,Jennifer Brooks,654,6,16186,0,1,4,4,9,144,At Risk
23946,William Gutierrez,257,7,15081,0,2,5,4,11,254,At Risk
23947,Jeff Moon,393,5,17234,1,2,3,4,9,234,At Risk
23952,Christy Holland,479,6,18946,0,1,4,4,9,144,At Risk
23953,Devin Montoya,305,8,14924,0,2,5,4,11,254,At Risk
23957,Robert Martinez,287,7,18225,1,2,5,4,11,254,At Risk
23958,Joseph Wolfe,289,6,12006,0,2,4,3,9,243,At Risk
23966,Kristin Garcia,519,5,11356,0,1,3,3,7,133,At Risk
23970,George Andrews,348,6,14199,0,2,4,3,9,243,At Risk
23977,Kayla Gray,514,5,18523,0,1,3,4,8,134,At Risk
23990,Alexis Kennedy,598,5,12978,1,1,3,3,7,133,At Risk
24001,Todd Williams,274,5,14769,0,2,3,3,8,233,At Risk
24014,Kristen Ellis,278,6,11971,1,2,4,3,9,243,At Risk
24029,Jennifer Lucas,249,6,15855,0,2,4,4,10,244,At Risk
24031,Hayden Taylor,376,6,14872,0,2,4,4,10,244,At Risk
24050,Rachael Acosta,289,6,16025,0,2,4,4,10,244,At Risk
24051,Michelle Swanson,574,6,18103,0,1,4,4,9,144,At Risk
24061,Lisa Stewart,346,5,17592,0,2,3,4,9,234,At Risk
24064,Maria White,367,6,20107,0,2,4,5,11,245,At Risk
24070,Cindy Harris,455,5,11777,0,1,3,3,7,133,At Risk
24071,Jeremy Schroeder,246,11,31395,0,2,5,5,12,255,At Risk
24076,Michelle Ferguson,539,5,13734,0,1,3,3,7,133,At Risk
24088,Andrea Perez,389,7,26003,0,2,5,5,12,255,At Risk
24089,Suzanne Mitchell,415,5,12241,0,2,3,3,8,233,At Risk
24090,Logan Scott,269,12,28662,0,2,5,5,12,255,At Risk
24094,Austin Brown,264,6,22828,0,2,4,5,11,245,At Risk
24099,Teresa Schultz,335,8,23039,0,2,5,5,12,255,At Risk
24105,Alexander Thomas,269,5,11975,0,2,3,3,8,233,At Risk
24118,Rebecca Tyler,349,5,19697,0,2,3,5,10,235,At Risk
24121,John Pearson,431,5,18744,0,1,3,4,8,134,At Risk
24122,Richard Lowery,268,7,22553,0,2,5,5,12,255,At Risk
24124,Steven Clark,326,5,13536,1,2,3,3,8,233,At Risk
24125,Lydia Hughes,429,7,23852,0,1,5,5,11,155,At Risk
24130,Jane Wright,322,7,19093,0,2,5,4,11,254,At Risk
24136,John Cunningham,313,5,17202,0,2,3,4,9,234,At Risk
24138,Zachary Roberts,360,7,24102,0,2,5,5,12,255,At Risk
24152,Charles Ferguson,475,6,13907,1,1,4,3,8,143,At Risk
24154,Cindy Thomas,298,8,23429,1,2,5,5,12,255,At Risk
24161,Danny Wilkins,389,6,17402,1,2,4,4,10,244,At Risk
24166,Mary Cohen,327,6,24026,0,2,4,5,11,245,At Risk
24172,Mary Ponce,495,6,17839,0,1,4,4,9,144,At Risk
24186,Heather Williams,461,7,17313,0,1,5,4,10,154,At Risk
24187,Kathleen Rodriguez,586,6,20017,1,1,4,5,10,145,At Risk
24202,Thomas Lambert,330,6,16491,0,2,4,4,10,244,At Risk
24223,Rhonda Branch,325,5,19368,0,2,3,5,10,235,At Risk
24227,Mr. Shawn Pierce,394,5,19062,1,2,3,4,9,234,At Risk
24228,Courtney Rogers,456,6,18796,1,1,4,4,9,144,At Risk
24232,Brian Clark,383,5,12565,0,2,3,3,8,233,At Risk
24236,Michael Martinez,457,7,25926,0,1,5,5,11,155,At Risk
24239,Stephanie Harris,255,9,32671,0,2,5,5,12,255,At Risk
24249,Brenda Morgan,280,5,13987,0,2,3,3,8,233,At Risk
24256,Phillip Freeman,360,6,12974,0,2,4,3,9,243,At Risk
24260,Linda Williams,359,12,22782,0,2,5,5,12,255,At Risk
24261,Teresa Rangel,531,6,12509,0,1,4,3,8,143,At Risk
24266,Rodney Jackson,377,7,25019,0,2,5,5,12,255,At Risk
24267,Rebecca Russo,303,6,16087,0,2,4,4,10,244,At Risk
24280,Joshua Thomas,594,5,14316,1,1,3,3,7,133,At Risk
24284,Trevor Crawford,432,8,16459,0,1,5,4,10,154,At Risk
24287,Jason Jackson,551,5,13616,0,1,3,3,7,133,At Risk
24301,Stephanie Jenkins,373,6,20130,0,2,4,5,11,245,At Risk
24313,Matthew Moses,403,5,19718,0,2,3,5,10,235,At Risk
24318,William Webster,317,7,22443,1,2,5,5,12,255,At Risk
24330,Julian Parker,248,6,19857,0,2,4,5,11,245,At Risk
24337,Jennifer Fernandez,321,7,23733,0,2,5,5,12,255,At Risk
24355,Brian Ortega,279,9,30209,0,2,5,5,12,255,At Risk
24357,Valerie Mann,311,6,15976,0,2,4,4,10,244,At Risk
24367,Tonya Randolph,303,6,20398,0,2,4,5,11,245,At Risk
24368,Richard Mueller,279,8,15204,0,2,5,4,11,254,At Risk
24377,Troy Gomez,281,5,12934,0,2,3,3,8,233,At Risk
24381,William Ellison,342,5,17720,0,2,3,4,9,234,At Risk
24392,Christina Kerr,451,5,12222,0,1,3,3,7,133,At Risk
24394,William Macias,438,7,18150,0,1,5,4,10,154,At Risk
24395,Lisa Maxwell,418,6,21202,1,2,4,5,11,245,At Risk
24399,Daniel Sullivan Jr.,306,7,20556,0,2,5,5,12,255,At Risk
24400,Lance Ballard,319,7,23515,0,2,5,5,12,255,At Risk
24407,Matthew Robinson,463,7,15542,0,1,5,4,10,154,At Risk
24433,Anna Lopez,370,5,14322,0,2,3,3,8,233,At Risk
24436,Erik Montgomery,294,7,17648,0,2,5,4,11,254,At Risk
24438,Robin Miller,272,5,17031,0,2,3,4,9,234,At Risk
24461,Bobby Moore,262,7,21237,1,2,5,5,12,255,At Risk
24467,Doris Stout,708,5,13177,1,1,3,3,7,133,At Risk
24477,Joanna Delgado,446,5,15792,1,1,3,4,8,134,At Risk
24488,Ashley Love,387,9,26245,0,2,5,5,12,255,At Risk
24497,Jeremy Porter,259,8,20346,0,2,5,5,12,255,At Risk
24500,Angela Yates,270,5,15952,1,2,3,4,9,234,At Risk
24505,Lauren Lewis,389,5,19416,0,2,3,5,10,235,At Risk
24506,Sarah Mitchell,363,5,14309,0,2,3,3,8,233,At Risk
24521,Christina Bradley,428,9,20702,0,1,5,5,11,155,At Risk
24522,Anthony Mccoy,530,8,19683,0,1,5,5,11,155,At Risk
24524,Robert Anderson,353,6,17657,1,2,4,4,10,244,At Risk
24527,Robert Miller,299,5,15150,0,2,3,4,9,234,At Risk
24528,Amber Sullivan,428,5,13497,0,1,3,3,7,133,At Risk
24530,Deborah Mack,245,8,22726,0,2,5,5,12,255,At Risk
24550,Michelle Sanchez,330,7,16206,0,2,5,4,11,254,At Risk
24558,Joshua Smith,248,6,19945,0,2,4,5,11,245,At Risk
24567,Michelle Tate,259,7,23453,0,2,5,5,12,255,At Risk
24583,Kelsey Diaz,260,8,20141,0,2,5,5,12,255,At Risk
24587,Michael Roberts,253,7,24752,0,2,5,5,12,255,At Risk
24592,Isaac Savage,339,5,14121,0,2,3,3,8,233,At Risk
24594,Aaron York,283,7,14774,0,2,5,3,10,253,At Risk
24605,Anna Buchanan,419,8,22793,0,2,5,5,12,255,At Risk
24609,Nancy Gardner,386,7,25017,0,2,5,5,12,255,At Risk
24615,Steven Wallace,388,6,14974,0,2,4,4,10,244,At Risk
24618,Melinda Wilson,321,6,19057,0,2,4,4,10,244,At Risk
24629,Stephanie Franco,492,8,22616,0,1,5,5,11,155,At Risk
24660,Karen Bray,259,7,18020,0,2,5,4,11,254,At Risk
24662,James Clayton,333,5,11889,0,2,3,3,8,233,At Risk
24666,Anna Cox,383,6,12359,0,2,4,3,9,243,At Risk
24667,Mike Howard,283,5,15121,0,2,3,4,9,234,At Risk
24684,Courtney Mann,555,5,14062,0,1,3,3,7,133,At Risk
24692,David Meyer,395,6,16605,1,2,4,4,10,244,At Risk
24696,Jennifer Edwards,351,8,18141,0,2,5,4,11,254,At Risk
24701,Howard Smith,407,7,17348,0,2,5,4,11,254,At Risk
24707,Monica Pierce,358,7,21966,0,2,5,5,12,255,At Risk
24709,Mathew Sanchez,276,5,17599,1,2,3,4,9,234,At Risk
24726,Diane Wheeler,429,5,15475,0,1,3,4,8,134,At Risk
24727,Debra Welch,394,7,19602,0,2,5,5,12,255,At Risk
24746,Kerri Madden,328,5,12657,0,2,3,3,8,233,At Risk
24765,Blake Fox,255,5,17335,0,2,3,4,9,234,At Risk
24771,David Wade,343,10,25527,0,2,5,5,12,255,At Risk
24777,Pamela Freeman,419,5,13439,0,2,3,3,8,233,At Risk
24784,Kristen Spencer,380,6,17395,1,2,4,4,10,244,At Risk
24786,Christopher Lewis,286,7,19694,1,2,5,5,12,255,At Risk
24788,Mercedes Boyer,302,6,11846,1,2,4,3,9,243,At Risk
24789,Gregory Jimenez,423,9,27230,0,2,5,5,12,255,At Risk
24791,Sheila Le,368,11,33049,0,2,5,5,12,255,At Risk
24794,Kari Adams,344,5,15983,0,2,3,4,9,234,At Risk
24798,Brian Gray,257,7,20790,0,2,5,5,12,255,At Risk
24810,Rhonda Bishop,552,5,11937,1,1,3,3,7,133,At Risk
24812,Susan Cunningham,400,9,17624,0,2,5,4,11,254,At Risk
24829,Steven Carter,388,5,15155,0,2,3,4,9,234,At Risk
24837,David Mata,405,5,16425,0,2,3,4,9,234,At Risk
24845,David Meadows,361,5,14534,0,2,3,3,8,233,At Risk
24854,Daniel Patton,490,5,22229,0,1,3,5,9,135,At Risk
24859,Tammy Thompson,555,6,17179,0,1,4,4,9,144,At Risk
24872,Carolyn Bates,490,6,18759,0,1,4,4,9,144,At Risk
24874,Clarence Maddox,309,6,14821,0,2,4,4,10,244,At Risk
24876,Cheryl Smith,390,5,11683,1,2,3,3,8,233,At Risk
24883,Angela Snyder,323,9,21593,1,2,5,5,12,255,At Risk
24893,Jeffrey Hawkins,268,6,20215,0,2,4,5,11,245,At Risk
24895,David Rivera,364,8,27385,0,2,5,5,12,255,At Risk
24906,Timothy Watts,602,6,24114,0,1,4,5,10,145,At Risk
24936,Kenneth Mullen,342,5,12510,1,2,3,3,8,233,At Risk
24946,Jermaine James,246,7,19989,0,2,5,5,12,255,At Risk
24949,Keith Patterson,287,5,17018,0,2,3,4,9,234,At Risk
24950,Ashley Stone MD,326,10,30573,0,2,5,5,12,255,At Risk
24968,Omar Charles,365,6,15961,0,2,4,4,10,244,At Risk
24977,Jason Murray,344,5,16468,0,2,3,4,9,234,At Risk
24981,Samuel Lopez PhD,307,11,38511,0,2,5,5,12,255,At Risk
24993,Krista Donovan,449,6,18253,0,1,4,4,9,144,At Risk
24997,Nancy Rodriguez,246,8,22421,0,2,5,5,12,255,At Risk
25009,Russell Mitchell,258,6,12987,0,2,4,3,9,243,At Risk
25015,James Jacobson,359,5,16838,0,2,3,4,9,234,At Risk
25018,Michael Sullivan,325,6,15104,1,2,4,4,10,244,At Risk
25024,Elizabeth Robinson MD,522,8,23673,0,1,5,5,11,155,At Risk
25033,Mr. Daniel Rivera,418,5,14683,0,2,3,3,8,233,At Risk
25034,Monique Miller,278,8,15498,0,2,5,4,11,254,At Risk
25052,Adriana Powell,411,5,16247,0,2,3,4,9,234,At Risk
25064,Christopher Cooley,250,5,12417,1,2,3,3,8,233,At Risk
25077,Curtis Cabrera,604,6,13852,0,1,4,3,8,143,At Risk
25080,Paige Hernandez,587,5,14794,1,1,3,3,7,133,At Risk
25089,Jessica Crane,736,6,18223,0,1,4,4,9,144,At Risk
25108,Shannon Brown,322,6,14037,0,2,4,3,9,243,At Risk
25111,Brian Stark,471,7,20385,1,1,5,5,11,155,At Risk
25130,Carla Baxter,327,5,15952,0,2,3,4,9,234,At Risk
25141,Tony Mann,466,5,14637,0,1,3,3,7,133,At Risk
25142,Holly Herring,275,7,16258,1,2,5,4,11,254,At Risk
25174,Jennifer Frazier,289,8,21672,0,2,5,5,12,255,At Risk
25183,Kristen Lopez PhD,337,6,12269,0,2,4,3,9,243,At Risk
25187,Lauren Allen,393,7,15120,0,2,5,4,11,254,At Risk
25189,Jackson Obrien,310,5,12185,0,2,3,3,8,233,At Risk
25204,Jessica Calderon,707,5,11783,0,1,3,3,7,133,At Risk
25234,Lisa Garrett,277,5,13635,1,2,3,3,8,233,At Risk
25247,Taylor Ellison,579,6,18104,0,1,4,4,9,144,At Risk
25265,Joshua Mathis,300,6,16095,0,2,4,4,10,244,At Risk
25268,Andrew Garcia,372,5,15084,0,2,3,4,9,234,At Risk
25271,Daniel Atkins,319,5,15420,0,2,3,4,9,234,At Risk
25277,Daniel Collins,250,6,20730,0,2,4,5,11,245,At Risk
25285,David Acosta,743,5,15719,0,1,3,4,8,134,At Risk
25286,Victoria Carey,477,6,15698,0,1,4,4,9,144,At Risk
25290,Sara Gonzalez,249,8,29485,0,2,5,5,12,255,At Risk
25303,Larry Murillo,1018,6,11507,0,1,4,3,8,143,At Risk
25305,Ashley Gonzalez,377,5,12801,1,2,3,3,8,233,At Risk
25310,Karen Webb,267,5,15667,0,2,3,4,9,234,At Risk
25318,Amy Lawrence,421,7,14480,0,2,5,3,10,253,At Risk
25327,Rachel Marsh,349,6,16202,0,2,4,4,10,244,At Risk
25332,Angela Riley,357,5,14572,0,2,3,3,8,233,At Risk
25338,Paul Bush,373,7,14361,0,2,5,3,10,253,At Risk
25342,Kelly Jordan,632,6,17814,1,1,4,4,9,144,At Risk
25343,Johnny Neal,374,6,14426,1,2,4,3,9,243,At Risk
25363,Christopher Murphy,363,6,17416,0,2,4,4,10,244,At Risk
25365,Kenneth Hunt,279,6,14028,0,2,4,3,9,243,At Risk
25381,Stephanie Pennington,261,6,20481,0,2,4,5,11,245,At Risk
25388,Alicia Stewart,376,7,15357,1,2,5,4,11,254,At Risk
25389,Lance Riley,249,9,30588,0,2,5,5,12,255,At Risk
25412,Scott Green,251,5,16993,1,2,3,4,9,234,At Risk
25413,Jennifer Lee,433,5,14864,1,1,3,4,8,134,At Risk
25418,Samuel Nguyen,493,7,13834,1,1,5,3,9,153,At Risk
25421,Gary Watson,482,5,12461,0,1,3,3,7,133,At Risk
25425,Mrs. Stephanie Rogers,347,6,17156,0,2,4,4,10,244,At Risk
25427,Laura Hall,297,6,23088,0,2,4,5,11,245,At Risk
25433,Michelle George,479,6,18029,1,1,4,4,9,144,At Risk
25435,Dustin Ellison,325,5,14228,0,2,3,3,8,233,At Risk
25445,Alexandria Erickson,273,5,16285,0,2,3,4,9,234,At Risk
25456,Diane Collins,369,8,15950,0,2,5,4,11,254,At Risk
25467,William Padilla,270,5,18410,0,2,3,4,9,234,At Risk
25471,William Martinez,379,8,18487,0,2,5,4,11,254,At Risk
25483,Melinda Stevens,355,6,18205,0,2,4,4,10,244,At Risk
25487,Eric Thompson,289,7,21678,0,2,5,5,12,255,At Risk
25494,Jonathan Johnson,423,6,12846,0,2,4,3,9,243,At Risk
25496,Ryan Harrington,927,5,15822,0,1,3,4,8,134,At Risk
25502,Stacey Peters,527,7,14309,0,1,5,3,9,153,At Risk
25512,Megan Parker,299,5,13038,0,2,3,3,8,233,At Risk
25516,Zachary Murray,326,7,15266,0,2,5,4,11,254,At Risk
25518,Linda Morrow,426,8,20725,0,2,5,5,12,255,At Risk
25523,Maurice Webb,648,8,17585,0,1,5,4,10,154,At Risk
25534,Samantha Davis,289,5,14868,0,2,3,4,9,234,At Risk
25535,Manuel Kelly,298,6,15871,0,2,4,4,10,244,At Risk
25538,Suzanne Mccall,348,7,14739,0,2,5,3,10,253,At Risk
25540,Richard Clark,358,5,11755,0,2,3,3,8,233,At Risk
25545,Jessica Gomez,485,5,15943,0,1,3,4,8,134,At Risk
25566,Aaron Martinez,544,5,12853,0,1,3,3,7,133,At Risk
25573,Donna Cummings,491,5,12344,1,1,3,3,7,133,At Risk
25606,Kevin Nelson,457,10,30636,0,1,5,5,11,155,At Risk
25607,Seth Baker,296,7,12211,0,2,5,3,10,253,At Risk
25608,Monica Schneider,584,5,11782,0,1,3,3,7,133,At Risk
25611,Bruce White,520,7,19748,0,1,5,5,11,155,At Risk
25615,Katrina Wilson,343,8,17585,0,2,5,4,11,254,At Risk
25623,Julie White,340,5,11341,0,2,3,3,8,233,At Risk
25628,Tracy Rodriguez,661,5,12825,1,1,3,3,7,133,At Risk
25633,Jennifer Kerr,611,7,17957,1,1,5,4,10,154,At Risk
25644,Joyce Shelton,330,5,13724,0,2,3,3,8,233,At Risk
25646,Deborah Howard,265,6,17527,0,2,4,4,10,244,At Risk
25648,Steven Wright MD,367,6,11785,0,2,4,3,9,243,At Risk
25653,Rachel Burton,245,7,15448,0,2,5,4,11,254,At Risk
25656,Rhonda Jarvis,416,5,14778,0,2,3,3,8,233,At Risk
25678,Megan Richardson,739,6,12276,0,1,4,3,8,143,At Risk
25684,Natalie Castaneda,435,9,22639,0,1,5,5,11,155,At Risk
25708,Angela Hickman,282,11,24772,0,2,5,5,12,255,At Risk
25728,Elizabeth Chapman,425,7,21043,0,2,5,5,12,255,At Risk
25733,Amanda Brown,272,6,11453,0,2,4,3,9,243,At Risk
25750,Ann Ortiz,614,6,20075,0,1,4,5,10,145,At Risk
25752,Sierra Daniel,437,5,12716,0,1,3,3,7,133,At Risk
25755,Denise Baldwin,245,6,19312,0,2,4,5,11,245,At Risk
25758,Christopher Long,331,6,13598,0,2,4,3,9,243,At Risk
25766,Aaron Mcneil,708,7,18603,0,1,5,4,10,154,At Risk
25767,David Harris,273,6,11464,1,2,4,3,9,243,At Risk
25771,Dana Scott,352,5,13450,0,2,3,3,8,233,At Risk
25777,Paul Sims,386,8,24795,0,2,5,5,12,255,At Risk
25785,Theresa Lopez,318,8,20567,0,2,5,5,12,255,At Risk
25786,Juan Navarro,262,5,16895,0,2,3,4,9,234,At Risk
25840,Mark Harrison,293,5,12872,0,2,3,3,8,233,At Risk
25846,Patty Wong,277,7,26605,0,2,5,5,12,255,At Risk
25856,Amy Hunter,291,7,14317,0,2,5,3,10,253,At Risk
25871,Courtney May,399,6,16347,1,2,4,4,10,244,At Risk
25893,Amanda Dennis,395,7,16832,0,2,5,4,11,254,At Risk
25894,Reginald Harper,281,6,15807,0,2,4,4,10,244,At Risk
25896,Gregory Lee,364,6,13326,0,2,4,3,9,243,At Risk
25909,Mark Walters,545,6,24183,0,1,4,5,10,145,At Risk
25910,Robert Cantrell,412,6,15313,0,2,4,4,10,244,At Risk
25912,Dennis Lane Jr.,505,7,17413,1,1,5,4,10,154,At Risk
25916,Ronald Shepherd,362,8,15475,1,2,5,4,11,254,At Risk
25918,Jordan Woodward,295,5,13839,0,2,3,3,8,233,At Risk
25919,Paul Smith,458,6,14401,1,1,4,3,8,143,At Risk
25924,Donald Smith,517,7,20385,0,1,5,5,11,155,At Risk
25935,Elizabeth Fields,504,7,23899,0,1,5,5,11,155,At Risk
25940,Zachary Anderson,283,7,14467,1,2,5,3,10,253,At Risk
25949,Stephen Hunter,780,10,17031,0,1,5,4,10,154,At Risk
25953,Kimberly Sampson,320,6,19649,0,2,4,5,11,245,At Risk
25954,Bradley Brown,316,5,19044,0,2,3,4,9,234,At Risk
25963,Gabrielle Walters,270,5,12217,0,2,3,3,8,233,At Risk
25964,Steven Williams,444,6,14449,0,1,4,3,8,143,At Risk
25965,Lisa Rhodes,493,6,17101,0,1,4,4,9,144,At Risk
25974,Erica Ortiz,441,6,21147,0,1,4,5,10,145,At Risk
25978,Tyler Nelson,721,6,16985,1,1,4,4,9,144,At Risk
25985,Elizabeth Spears,548,7,24353,0,1,5,5,11,155,At Risk
25988,Samuel Carpenter,287,6,12776,0,2,4,3,9,243,At Risk
26000,Mr. Tony King,564,7,15993,0,1,5,4,10,154,At Risk
26001,Dana Pollard,298,6,12659,0,2,4,3,9,243,At Risk
26006,Joel Miller,402,6,11372,0,2,4,3,9,243,At Risk
26011,Kyle Mack,388,7,18799,0,2,5,4,11,254,At Risk
26020,Lee Smith,256,5,16723,0,2,3,4,9,234,At Risk
26022,Michael Marshall,330,7,19131,0,2,5,4,11,254,At Risk
26035,Timothy Delacruz,607,6,13676,0,1,4,3,8,143,At Risk
26037,Lauren Jones,345,5,11863,0,2,3,3,8,233,At Risk
26039,Robin Clark,585,7,17329,0,1,5,4,10,154,At Risk
26041,John Miller,471,5,17193,0,1,3,4,8,134,At Risk
26050,Colton Thompson,248,5,12544,0,2,3,3,8,233,At Risk
26057,Steven Hill,427,8,22764,0,1,5,5,11,155,At Risk
26063,Jason Garcia,244,9,26648,0,2,5,5,12,255,At Risk
26079,Joshua Solomon,255,6,15878,0,2,4,4,10,244,At Risk
26086,Jennifer Ross,523,6,12851,0,1,4,3,8,143,At Risk
26090,Samuel Wilcox,247,7,17858,0,2,5,4,11,254,At Risk
26106,Maria Hernandez,276,7,19261,0,2,5,4,11,254,At Risk
26111,Scott Banks,500,6,17352,0,1,4,4,9,144,At Risk
26116,Rebecca Davis,332,5,11523,0,2,3,3,8,233,At Risk
26124,Donna Ruiz,329,6,18361,0,2,4,4,10,244,At Risk
26128,Ronald Mann,370,5,12347,1,2,3,3,8,233,At Risk
26133,Mr. David Short,269,11,24087,0,2,5,5,12,255,At Risk
26143,Joanne Hernandez,472,5,15471,0,1,3,4,8,134,At Risk
26144,Daniel Smith,368,5,11767,0,2,3,3,8,233,At Risk
26156,David Price,818,5,16594,1,1,3,4,8,134,At Risk
26170,Claudia Meyer,349,5,15448,0,2,3,4,9,234,At Risk
26175,Linda Newton,405,6,20072,0,2,4,5,11,245,At Risk
26180,Jason Jackson,904,7,17149,1,1,5,4,10,154,At Risk
26184,Bradley Wells,534,8,16577,0,1,5,4,10,154,At Risk
26190,Eric Brewer,267,7,18959,0,2,5,4,11,254,At Risk
26192,Matthew Jones,484,7,20075,0,1,5,5,11,155,At Risk
26195,Austin Harmon,311,8,19244,0,2,5,4,11,254,At Risk
26196,Marissa Medina,626,6,12629,0,1,4,3,8,143,At Risk
26197,Dwayne Ramirez,346,5,13675,0,2,3,3,8,233,At Risk
26198,Tiffany Arnold,270,6,13949,0,2,4,3,9,243,At Risk
26201,Darlene Bennett,246,9,24839,0,2,5,5,12,255,At Risk
26209,Mitchell Blackwell,262,5,12598,1,2,3,3,8,233,At Risk
26215,Deborah Rogers,243,6,12984,0,2,4,3,9,243,At Risk
26217,Ryan Castillo,259,9,25235,1,2,5,5,12,255,At Risk
26223,Gregory Pena,464,5,14624,0,1,3,3,7,133,At Risk
26230,Mark Smith,396,6,16815,0,2,4,4,10,244,At Risk
26234,Jon Wells,344,7,20913,0,2,5,5,12,255,At Risk
26257,Kimberly Roberts,283,9,21517,1,2,5,5,12,255,At Risk
26281,Regina Montes,283,8,30869,0,2,5,5,12,255,At Risk
26284,Hannah Campbell,248,5,15622,0,2,3,4,9,234,At Risk
26287,Gabriel Moss,375,5,13850,0,2,3,3,8,233,At Risk
26295,Nicholas Matthews,428,6,18510,1,1,4,4,9,144,At Risk
26297,Lisa Wall,324,6,15781,1,2,4,4,10,244,At Risk
26301,Calvin Lucas,259,5,13149,0,2,3,3,8,233,At Risk
26317,Russell Beck,274,6,16964,0,2,4,4,10,244,At Risk
26324,Morgan Gregory,463,5,12676,0,1,3,3,7,133,At Risk
26326,Sandra Murphy,243,5,16307,1,2,3,4,9,234,At Risk
26328,Eugene King,319,13,37519,0,2,5,5,12,255,At Risk
26336,Jacqueline Carlson,611,8,14102,1,1,5,3,9,153,At Risk
26347,James Fox,461,7,21299,1,1,5,5,11,155,At Risk
26354,Judy Gibson,306,5,13346,0,2,3,3,8,233,At Risk
26361,Andrew Ramirez,283,5,12643,0,2,3,3,8,233,At Risk
26371,Jessica Collins,255,5,11489,0,2,3,3,8,233,At Risk
26383,Lauren Reynolds,399,5,18064,0,2,3,4,9,234,At Risk
26386,John Keith,428,6,15286,0,1,4,4,9,144,At Risk
26396,Thomas Wilson,243,5,16071,0,2,3,4,9,234,At Risk
26398,Mary Sullivan,347,6,12367,0,2,4,3,9,243,At Risk
26399,Audrey Warner,311,8,23774,0,2,5,5,12,255,At Risk
26405,Sarah Williams,479,5,13824,1,1,3,3,7,133,At Risk
26429,Andrew Hensley,407,7,18575,0,2,5,4,11,254,At Risk
26433,Yvonne Jones MD,293,6,15461,0,2,4,4,10,244,At Risk
26442,Anna Wilson,365,6,14326,0,2,4,3,9,243,At Risk
26453,Jenna Gordon,620,7,18191,0,1,5,4,10,154,At Risk
26457,Chris Silva MD,255,8,20099,0,2,5,5,12,255,At Risk
26458,Michael Brown,571,5,11760,0,1,3,3,7,133,At Risk
26491,Joshua Roberts,264,5,14238,1,2,3,3,8,233,At Risk
26497,Sarah Davis,566,7,12565,0,1,5,3,9,153,At Risk
26501,Amber Bradley PhD,330,5,18810,0,2,3,4,9,234,At Risk
26516,Mr. Ian Ramirez,684,8,23807,0,1,5,5,11,155,At Risk
26527,Richard Valdez,396,8,26416,0,2,5,5,12,255,At Risk
26528,Jose Cruz,314,6,12405,0,2,4,3,9,243,At Risk
26530,Christopher Moreno,250,5,12698,0,2,3,3,8,233,At Risk
26541,Guy Page,379,9,26898,1,2,5,5,12,255,At Risk
26545,William Johnston,685,6,22462,1,1,4,5,10,145,At Risk
26558,Jennifer Wallace,246,5,13895,0,2,3,3,8,233,At Risk
26559,Kenneth Gonzalez,432,7,11986,1,1,5,3,9,153,At Risk
26570,Kimberly Holland,243,6,21548,0,2,4,5,11,245,At Risk
26573,Mark Ruiz,859,6,20748,0,1,4,5,10,145,At Risk
26577,Ryan Paul,427,7,22009,0,1,5,5,11,155,At Risk
26597,Deborah Long,327,7,14448,0,2,5,3,10,253,At Risk
26605,Lauren Carrillo,309,5,13977,0,2,3,3,8,233,At Risk
26627,Brittany Ross,535,7,14990,0,1,5,4,10,154,At Risk
26631,Mathew King,530,9,28498,0,1,5,5,11,155,At Risk
26641,Andrew Harrison,350,8,18345,0,2,5,4,11,254,At Risk
26647,Raymond Thornton,503,5,11950,0,1,3,3,7,133,At Risk
26656,Bailey Davidson,327,7,12588,0,2,5,3,10,253,At Risk
26658,Dr. Nicole Travis,283,7,18915,0,2,5,4,11,254,At Risk
26662,Heather Franklin,285,7,12335,1,2,5,3,10,253,At Risk
26672,Desiree Adams,305,6,19862,0,2,4,5,11,245,At Risk
26676,Justin Olson,386,5,17399,0,2,3,4,9,234,At Risk
26683,Jeffrey Griffin,410,8,17266,0,2,5,4,11,254,At Risk
26684,Sara Craig MD,467,7,13605,0,1,5,3,9,153,At Risk
26688,April Merritt,459,6,12168,0,1,4,3,8,143,At Risk
26691,Catherine Morrison,270,5,12328,0,2,3,3,8,233,At Risk
26696,Gregory Cunningham,429,6,21532,0,1,4,5,10,145,At Risk
26707,Jennifer Hill,325,9,28952,1,2,5,5,12,255,At Risk
26711,Leslie Berger MD,317,6,15003,0,2,4,4,10,244,At Risk
26715,Antonio Harrison,320,5,15524,0,2,3,4,9,234,At Risk
26716,Terri Fernandez,419,6,17899,0,2,4,4,10,244,At Risk
26717,Matthew Reyes,487,5,18241,0,1,3,4,8,134,At Risk
26730,Cristina Medina,407,5,16104,1,2,3,4,9,234,At Risk
26733,Courtney Williams,307,5,16831,0,2,3,4,9,234,At Risk
26761,Steve Thomas,368,5,18017,0,2,3,4,9,234,At Risk
26764,Richard Bell,482,5,11372,0,1,3,3,7,133,At Risk
26771,Michael Garza,263,9,28117,0,2,5,5,12,255,At Risk
26787,Kathleen Robinson,385,7,21118,0,2,5,5,12,255,At Risk
26796,William Calderon DVM,245,6,16514,0,2,4,4,10,244,At Risk
26800,Amanda Alvarado,245,6,22563,1,2,4,5,11,245,At Risk
26806,Sheila Ruiz,356,7,22654,0,2,5,5,12,255,At Risk
26815,Elizabeth Johnson,631,10,26261,1,1,5,5,11,155,At Risk
26821,Rachel Robbins,334,5,14443,0,2,3,3,8,233,At Risk
26822,Tammy Perez,381,5,15383,1,2,3,4,9,234,At Risk
26832,Michael Lee,447,6,15532,0,1,4,4,9,144,At Risk
26833,Elizabeth Vargas,679,5,17470,0,1,3,4,8,134,At Risk
26837,Albert Christensen,258,7,21436,0,2,5,5,12,255,At Risk
26841,Steven Roberts,280,6,14524,0,2,4,3,9,243,At Risk
26848,Mr. Duane Hughes,836,7,24004,0,1,5,5,11,155,At Risk
26856,Connor Morgan,367,5,18226,0,2,3,4,9,234,At Risk
26858,Doris Jenkins,427,7,22535,0,1,5,5,11,155,At Risk
26859,Courtney Dunlap,610,5,15138,0,1,3,4,8,134,At Risk
26862,Sarah Stewart,439,6,16443,0,1,4,4,9,144,At Risk
26867,Kenneth Richmond,826,6,14347,0,1,4,3,8,143,At Risk
26878,Karen Lewis,578,8,18530,0,1,5,4,10,154,At Risk
26881,Ashley Fitzpatrick,258,5,14742,0,2,3,3,8,233,At Risk
26883,James Rogers,284,6,20038,0,2,4,5,11,245,At Risk
26894,Benjamin Johnson,566,6,18529,0,1,4,4,9,144,At Risk
26910,Dana Phillips,673,7,23040,0,1,5,5,11,155,At Risk
26913,Barbara Edwards,319,5,13614,0,2,3,3,8,233,At Risk
26923,Shannon Jordan,318,5,14985,0,2,3,4,9,234,At Risk
26931,Jasmine Adams,298,6,18460,0,2,4,4,10,244,At Risk
26951,Daniel Valdez,402,5,16380,0,2,3,4,9,234,At Risk
26955,Jamie Mullins,429,6,14347,0,1,4,3,8,143,At Risk
26961,Kimberly Smith,277,6,13719,0,2,4,3,9,243,At Risk
26962,Melvin Baker,456,6,26617,1,1,4,5,10,145,At Risk
26963,Marcus Mcgee,287,8,19089,0,2,5,4,11,254,At Risk
26975,Lisa Stevens,311,5,14988,0,2,3,4,9,234,At Risk
26982,Ian Pearson,470,6,21275,0,1,4,5,10,145,At Risk
26997,Michael Raymond,325,6,14665,0,2,4,3,9,243,At Risk
27009,Mary Armstrong,362,7,13545,0,2,5,3,10,253,At Risk
27012,Christina Hickman,285,5,13850,1,2,3,3,8,233,At Risk
27040,Brooke Mata,301,8,18171,0,2,5,4,11,254,At Risk
27044,Timothy Larson,389,6,20494,0,2,4,5,11,245,At Risk
27045,Derek Cook,437,5,20792,0,1,3,5,9,135,At Risk
27048,Timothy Watkins,319,6,13308,1,2,4,3,9,243,At Risk
27051,Willie Gray,314,8,17873,1,2,5,4,11,254,At Risk
27067,Joseph Walters,254,8,25054,0,2,5,5,12,255,At Risk
27081,Natalie Kennedy,637,8,11656,0,1,5,3,9,153,At Risk
27083,Kathleen Rodriguez,275,6,15911,0,2,4,4,10,244,At Risk
27084,Bonnie Brown MD,319,5,12010,0,2,3,3,8,233,At Risk
27093,Renee Bailey,309,6,17333,0,2,4,4,10,244,At Risk
27097,Shirley Ross,322,6,13341,0,2,4,3,9,243,At Risk
27104,Olivia Kennedy,444,5,13128,1,1,3,3,7,133,At Risk
27109,Brian Hogan,573,6,13678,0,1,4,3,8,143,At Risk
27112,Virginia Duncan,532,6,20569,0,1,4,5,10,145,At Risk
27118,Mikayla Atkins,371,6,17560,1,2,4,4,10,244,At Risk
27132,Luis Mitchell,555,6,23979,0,1,4,5,10,145,At Risk
27136,Denise Walters,749,6,16109,0,1,4,4,9,144,At Risk
27138,Cheryl Washington,328,7,21318,0,2,5,5,12,255,At Risk
27139,Rick Buchanan,391,7,21250,0,2,5,5,12,255,At Risk
27141,Anthony James,583,5,13564,0,1,3,3,7,133,At Risk
27142,Janice Rowland,413,5,16731,0,2,3,4,9,234,At Risk
27148,Melissa Oneill,353,8,21084,0,2,5,5,12,255,At Risk
27161,Maria Coleman,286,6,16625,0,2,4,4,10,244,At Risk
27164,Patricia Perry,284,5,11422,0,2,3,3,8,233,At Risk
27166,Angela Combs,418,7,18067,0,2,5,4,11,254,At Risk
27177,Jenna Mata,462,5,18430,0,1,3,4,8,134,At Risk
27182,Barbara Everett,306,7,20618,0,2,5,5,12,255,At Risk
27202,Lori Diaz,990,5,15257,0,1,3,4,8,134,At Risk
27215,Brenda Walker,271,5,16103,0,2,3,4,9,234,At Risk
27222,Jessica Torres,744,5,13287,0,1,3,3,7,133,At Risk
27235,Richard Williams,387,6,15453,0,2,4,4,10,244,At Risk
27236,Jill Walker,675,7,16952,0,1,5,4,10,154,At Risk
27239,Joseph Schroeder,440,7,25960,0,1,5,5,11,155,At Risk
27248,Scott Edwards,326,7,22972,0,2,5,5,12,255,At Risk
27250,Jacqueline Jones,455,6,22210,0,1,4,5,10,145,At Risk
27254,Angela Salinas,419,5,13286,0,2,3,3,8,233,At Risk
27269,Tracy Hernandez,333,5,17895,0,2,3,4,9,234,At Risk
27270,Tiffany Sutton,392,5,17281,1,2,3,4,9,234,At Risk
27272,Crystal Cook,336,7,20418,0,2,5,5,12,255,At Risk
27289,Rhonda Bishop,397,6,16002,0,2,4,4,10,244,At Risk
27301,Jeremy Solis,630,5,19707,0,1,3,5,9,135,At Risk
27320,Natasha Martin,286,5,19647,0,2,3,5,10,235,At Risk
27322,Jennifer Jones,549,8,25258,0,1,5,5,11,155,At Risk
27331,Ian Jackson,446,5,13126,0,1,3,3,7,133,At Risk
27337,Mark Rodriguez,255,5,14893,0,2,3,4,9,234,At Risk
27350,Kristen Johnson,304,5,12431,0,2,3,3,8,233,At Risk
27364,Patrick Parsons,559,5,16948,0,1,3,4,8,134,At Risk
27371,Ariana Weber,538,5,12495,0,1,3,3,7,133,At Risk
27381,Megan Reed,334,6,18897,1,2,4,4,10,244,At Risk
27382,Mary Ortiz,287,6,16144,0,2,4,4,10,244,At Risk
27384,Matthew Walsh,268,7,22434,1,2,5,5,12,255,At Risk
27385,Bridget Ward,518,5,14407,0,1,3,3,7,133,At Risk
27388,Paula Sharp,546,5,18701,0,1,3,4,8,134,At Risk
27397,Michelle Singh,309,9,23140,0,2,5,5,12,255,At Risk
27407,Matthew Roberts,336,7,24412,1,2,5,5,12,255,At Risk
27419,Robert Reyes,282,10,26888,1,2,5,5,12,255,At Risk
27428,Jennifer Harmon,772,5,17886,0,1,3,4,8,134,At Risk
27431,Raymond Howard,382,5,16297,0,2,3,4,9,234,At Risk
27433,Steven Olson,378,7,20224,0,2,5,5,12,255,At Risk
27439,Carolyn Hendrix,333,6,14070,0,2,4,3,9,243,At Risk
27441,Michael Martin,400,10,27652,0,2,5,5,12,255,At Risk
27453,Kayla Schultz,395,8,25709,0,2,5,5,12,255,At Risk
27457,Kathryn Mejia,330,6,17216,1,2,4,4,10,244,At Risk
27474,Hector Mccarthy,636,7,24532,0,1,5,5,11,155,At Risk
27476,Andrew Calderon,297,6,21170,0,2,4,5,11,245,At Risk
27481,Joshua Schmidt,484,6,14881,1,1,4,4,9,144,At Risk
27489,Desiree Spencer,267,6,13083,0,2,4,3,9,243,At Risk
27495,Jennifer Owens,383,9,22568,0,2,5,5,12,255,At Risk
27503,Diana Edwards,525,8,22953,0,1,5,5,11,155,At Risk
27512,James Johnson,411,6,15445,0,2,4,4,10,244,At Risk
27515,Christian Buckley,670,6,20115,0,1,4,5,10,145,At Risk
27522,Justin Hooper,620,5,14930,0,1,3,4,8,134,At Risk
27523,Patrick Boone,645,5,14110,0,1,3,3,7,133,At Risk
27526,John Alvarado,381,5,14803,1,2,3,3,8,233,At Risk
27528,Melinda Parker,398,7,17935,0,2,5,4,11,254,At Risk
27530,Paul Andrews,303,5,16124,0,2,3,4,9,234,At Risk
27541,Briana Wright,499,5,15019,0,1,3,4,8,134,At Risk
27546,Jessica Orozco,317,6,14965,0,2,4,4,10,244,At Risk
27552,Joseph Floyd,844,5,13090,0,1,3,3,7,133,At Risk
27571,Peter Cervantes,358,6,15329,0,2,4,4,10,244,At Risk
27572,Becky Brown,268,6,16894,0,2,4,4,10,244,At Risk
27573,Sara Cross,335,5,14658,1,2,3,3,8,233,At Risk
27575,Ryan Smith,319,6,16016,0,2,4,4,10,244,At Risk
27577,Rachael Salazar,344,7,18137,0,2,5,4,11,254,At Risk
27583,Mark Lawrence,391,6,13333,0,2,4,3,9,243,At Risk
27600,Mrs. Jennifer Martin,427,8,22003,0,1,5,5,11,155,At Risk
27610,Diana Henderson,278,5,17123,0,2,3,4,9,234,At Risk
27611,Thomas Dixon,351,5,15670,1,2,3,4,9,234,At Risk
27612,Thomas Brown,248,5,19708,0,2,3,5,10,235,At Risk
27620,Carrie Dean,299,5,18726,0,2,3,4,9,234,At Risk
27631,Julia Stafford,415,6,17161,0,2,4,4,10,244,At Risk
27651,Kelli Sandoval,640,5,11505,0,1,3,3,7,133,At Risk
27655,Richard Ortega,468,5,18365,0,1,3,4,8,134,At Risk
27657,Kevin Brown,366,5,12709,0,2,3,3,8,233,At Risk
27658,Annette Henry,555,7,26160,1,1,5,5,11,155,At Risk
27661,Jacob Carter,282,6,16993,0,2,4,4,10,244,At Risk
27662,Preston Pierce,493,5,12145,1,1,3,3,7,133,At Risk
27685,Melissa Fuller,439,5,13164,0,1,3,3,7,133,At Risk
27688,James Day,304,6,12845,0,2,4,3,9,243,At Risk
27705,Frank Raymond,354,6,16768,0,2,4,4,10,244,At Risk
27707,Casey Sawyer,419,5,16682,0,2,3,4,9,234,At Risk
27711,Amanda Owens,277,6,16878,0,2,4,4,10,244,At Risk
27719,Billy Hurst,605,6,19582,0,1,4,5,10,145,At Risk
27751,Zachary Morris,274,6,20150,0,2,4,5,11,245,At Risk
27761,Jeffrey Patterson,716,6,14872,0,1,4,4,9,144,At Risk
27774,Pamela Ponce,454,9,20993,0,1,5,5,11,155,At Risk
27780,David Rivera,688,5,12100,0,1,3,3,7,133,At Risk
27783,Brian Obrien,246,5,12939,0,2,3,3,8,233,At Risk
27790,Pamela Padilla,279,7,18680,0,2,5,4,11,254,At Risk
27798,Tony Lewis,263,7,14544,0,2,5,3,10,253,At Risk
27817,Christine Richardson,301,5,16927,1,2,3,4,9,234,At Risk
27818,Jeffrey Martin,399,7,16335,0,2,5,4,11,254,At Risk
27824,Scott Sherman,251,7,23500,0,2,5,5,12,255,At Risk
27853,Jerome Rice,585,6,12919,0,1,4,3,8,143,At Risk
27865,Mark Campbell,529,5,17511,1,1,3,4,8,134,At Risk
27873,Jay Collins,373,6,13874,0,2,4,3,9,243,At Risk
27879,Earl Jefferson,411,6,14555,0,2,4,3,9,243,At Risk
27886,Omar Hale,428,6,18880,0,1,4,4,9,144,At Risk
27891,Samuel Kidd,256,8,18696,1,2,5,4,11,254,At Risk
27895,Gavin James,379,5,18322,0,2,3,4,9,234,At Risk
27896,Michael Alexander,390,5,14789,1,2,3,3,8,233,At Risk
27903,Nicole Evans,497,5,12534,0,1,3,3,7,133,At Risk
27905,Eugene Dawson,258,6,15432,0,2,4,4,10,244,At Risk
27919,Stephen Monroe,300,5,19382,0,2,3,5,10,235,At Risk
27920,Christopher Walsh,384,5,11861,0,2,3,3,8,233,At Risk
27927,Samantha Berry,300,8,25203,0,2,5,5,12,255,At Risk
27930,Savannah Short,363,5,17537,0,2,3,4,9,234,At Risk
27931,Leon Sullivan,359,7,19317,0,2,5,5,12,255,At Risk
27939,Gregory Grimes,460,6,12626,0,1,4,3,8,143,At Risk
27940,Brandy Valdez,344,8,29239,1,2,5,5,12,255,At Risk
27941,Christian Becker,412,7,18478,0,2,5,4,11,254,At Risk
27948,Taylor Wilson,741,5,14486,0,1,3,3,7,133,At Risk
27958,Elizabeth Clark,246,6,15923,1,2,4,4,10,244,At Risk
27961,Michael Fleming,259,5,13069,0,2,3,3,8,233,At Risk
27968,Shawn Kelly,266,7,15810,0,2,5,4,11,254,At Risk
27980,Mark Contreras,379,6,13404,0,2,4,3,9,243,At Risk
27981,Frank Gibbs,312,6,18062,0,2,4,4,10,244,At Risk
27982,Hannah Maddox,410,8,20398,0,2,5,5,12,255,At Risk
27984,Robert Hawkins,243,6,16981,0,2,4,4,10,244,At Risk
27988,Patrick Porter,307,6,13471,0,2,4,3,9,243,At Risk
27991,Keith Williams,344,5,15964,0,2,3,4,9,234,At Risk
27998,Nathan Rodriguez,339,7,12775,0,2,5,3,10,253,At Risk
28003,Rachel Gibson,331,5,13923,0,2,3,3,8,233,At Risk
28021,Jacob Hughes,297,6,22663,0,2,4,5,11,245,At Risk
28022,Alexander Perez,555,5,11699,0,1,3,3,7,133,At Risk
28041,Brian Ryan,544,5,15078,0,1,3,4,8,134,At Risk
28042,James Brown,338,6,18029,0,2,4,4,10,244,At Risk
28047,Troy Underwood,267,7,25865,0,2,5,5,12,255,At Risk
28055,Christopher Singh,394,6,17364,0,2,4,4,10,244,At Risk
28078,Michaela Holden,407,5,11775,0,2,3,3,8,233,At Risk
28079,Juan Bentley,243,6,18850,1,2,4,4,10,244,At Risk
28081,Monica Burns,460,6,21271,0,1,4,5,10,145,At Risk
28086,Roger Ruiz,636,5,13430,1,1,3,3,7,133,At Risk
28088,Harry Flowers,401,5,16148,0,2,3,4,9,234,At Risk
28090,Mary Burch,704,7,23575,0,1,5,5,11,155,At Risk
28094,Christopher Lewis,284,7,24120,0,2,5,5,12,255,At Risk
28095,Mary Skinner,764,5,19122,0,1,3,4,8,134,At Risk
28104,Michele Stanton,325,10,28674,0,2,5,5,12,255,At Risk
28110,Alison Hughes,255,7,18799,0,2,5,4,11,254,At Risk
28113,Earl Hernandez,591,5,16343,0,1,3,4,8,134,At Risk
28115,Richard Simon,254,6,14162,0,2,4,3,9,243,At Risk
28126,Susan White,343,9,21238,0,2,5,5,12,255,At Risk
28134,Jared Lambert,430,8,25232,0,1,5,5,11,155,At Risk
28144,Lindsay Morse,315,14,41347,0,2,5,5,12,255,At Risk
28146,April Sweeney,259,5,15337,0,2,3,4,9,234,At Risk
28154,Keith Banks,535,9,24610,0,1,5,5,11,155,At Risk
28162,Peter Jones,252,8,18445,1,2,5,4,11,254,At Risk
28168,Paul Franklin,316,5,13066,0,2,3,3,8,233,At Risk
28183,William Gallagher,350,8,21264,0,2,5,5,12,255,At Risk
28193,David Hester,518,8,23213,1,1,5,5,11,155,At Risk
28214,Christopher Rodriguez,329,7,17842,1,2,5,4,11,254,At Risk
28222,Kyle Adams,630,6,15357,0,1,4,4,9,144,At Risk
28224,Tara Bowman,342,8,31667,0,2,5,5,12,255,At Risk
28237,Brendan Nelson,326,6,12320,0,2,4,3,9,243,At Risk
28253,Natalie Patel,314,5,17281,0,2,3,4,9,234,At Risk
28256,Grace Lucero,805,5,14691,0,1,3,3,7,133,At Risk
28265,William Garza,468,5,14872,1,1,3,4,8,134,At Risk
28266,Joanna Krueger,276,5,11356,0,2,3,3,8,233,At Risk
28268,Amy Richards,341,7,17658,0,2,5,4,11,254,At Risk
28270,Chelsey Hunter,374,8,24107,0,2,5,5,12,255,At Risk
28283,Martha Gonzalez,257,6,18691,1,2,4,4,10,244,At Risk
28294,Michael Ward,268,5,15125,0,2,3,4,9,234,At Risk
28296,Michelle Rose,244,7,25858,1,2,5,5,12,255,At Risk
28297,Anthony Norris,676,7,12792,0,1,5,3,9,153,At Risk
28305,Lindsey Anderson,246,7,18285,0,2,5,4,11,254,At Risk
28306,Alexis Rodriguez,452,7,18858,0,1,5,4,10,154,At Risk
28339,Renee Rivers,276,8,22627,0,2,5,5,12,255,At Risk
28370,Brett Johnson,280,7,19958,1,2,5,5,12,255,At Risk
28371,Brenda Harris,313,5,14515,0,2,3,3,8,233,At Risk
28373,Brian Holloway,291,6,15024,0,2,4,4,10,244,At Risk
28375,Samuel Mueller,269,5,15498,0,2,3,4,9,234,At Risk
28377,Mark Hill,423,7,20299,0,2,5,5,12,255,At Risk
28379,April Johnson,437,8,14708,0,1,5,3,9,153,At Risk
28389,Steven Rodriguez,763,5,11404,1,1,3,3,7,133,At Risk
28393,Brenda Mora,457,10,26415,0,1,5,5,11,155,At Risk
28416,Matthew Brennan,254,5,14852,1,2,3,4,9,234,At Risk
28425,Taylor Curtis,603,5,12804,0,1,3,3,7,133,At Risk
28430,John Bradley,291,8,23811,1,2,5,5,12,255,At Risk
28431,Loretta Sanders,379,6,18478,0,2,4,4,10,244,At Risk
28436,Stephen Martin,371,5,14998,1,2,3,4,9,234,At Risk
28440,Kayla Wall,591,6,16037,0,1,4,4,9,144,At Risk
28444,Lisa Hayes,702,6,16231,0,1,4,4,9,144,At Risk
28448,Jeremy Berg,531,7,20144,1,1,5,5,11,155,At Risk
28459,Angelica Ford,262,7,15372,1,2,5,4,11,254,At Risk
28468,Kristin Hill,370,5,14549,1,2,3,3,8,233,At Risk
28474,Michael Thomas,347,7,17320,0,2,5,4,11,254,At Risk
28481,Barbara Reyes,504,8,23141,0,1,5,5,11,155,At Risk
28482,Joanne Gonzales,309,5,12603,1,2,3,3,8,233,At Risk
28486,Marcus Stout,329,5,14866,0,2,3,4,9,234,At Risk
28488,Timothy Cole,347,5,14707,0,2,3,3,8,233,At Risk
28489,Lucas Luna,500,6,11858,0,1,4,3,8,143,At Risk
28497,Zachary Price,285,6,15403,0,2,4,4,10,244,At Risk
28510,Johnny Brown,741,5,17672,1,1,3,4,8,134,At Risk
28512,Jonathan Wright,347,7,18286,0,2,5,4,11,254,At Risk
28514,Erika Ward,266,5,16402,1,2,3,4,9,234,At Risk
28517,Michael Hamilton,486,7,15211,0,1,5,4,10,154,At Risk
28524,Elizabeth Small,520,6,13156,0,1,4,3,8,143,At Risk
28527,Jennifer Ward,273,5,17560,0,2,3,4,9,234,At Risk
28541,Troy Thomas,650,7,11779,1,1,5,3,9,153,At Risk
28542,Bryan Foster,355,5,16236,0,2,3,4,9,234,At Risk
28547,Natasha Hansen,521,6,22056,1,1,4,5,10,145,At Risk
28549,Allison Lane,281,10,24286,0,2,5,5,12,255,At Risk
28559,Brandon Wallace,428,7,23426,1,1,5,5,11,155,At Risk
28565,Nicole Gonzalez,430,9,32269,0,1,5,5,11,155,At Risk
28573,David Wallace,279,6,17731,0,2,4,4,10,244,At Risk
28595,Sarah Weiss,498,5,14433,0,1,3,3,7,133,At Risk
28598,Erin Johnson,563,5,15448,0,1,3,4,8,134,At Risk
28600,Sarah Hernandez,333,9,30183,0,2,5,5,12,255,At Risk
28607,James Walters,269,6,14570,0,2,4,3,9,243,At Risk
28611,Jennifer Davis,329,6,21234,0,2,4,5,11,245,At Risk
28615,Isabel Ross,299,5,13478,0,2,3,3,8,233,At Risk
28617,Brittany Murray,420,5,11346,0,2,3,3,8,233,At Risk
28618,Carlos Sutton,311,5,14004,0,2,3,3,8,233,At Risk
28621,David Peterson,275,5,12760,0,2,3,3,8,233,At Risk
28624,Alexander Wilson,256,9,24428,0,2,5,5,12,255,At Risk
28644,Michael Thompson,486,9,23900,0,1,5,5,11,155,At Risk
28670,Michelle Johnson,423,5,13152,0,2,3,3,8,233,At Risk
28694,Amy Martin,569,5,12405,0,1,3,3,7,133,At Risk
28696,Gabriela West,312,9,21783,0,2,5,5,12,255,At Risk
28702,Christopher House,294,6,12880,0,2,4,3,9,243,At Risk
28704,April Carter,522,5,12915,1,1,3,3,7,133,At Risk
28714,Wanda Harrell,303,8,23326,0,2,5,5,12,255,At Risk
28735,Brent Wilkerson,469,6,18880,0,1,4,4,9,144,At Risk
28750,Joseph Clark,296,8,16671,0,2,5,4,11,254,At Risk
28779,Richard Palmer,469,5,18179,0,1,3,4,8,134,At Risk
28783,Jessica Robles,603,7,14818,1,1,5,4,10,154,At Risk
28791,Rachel Vaughn,278,9,15321,0,2,5,4,11,254,At Risk
28810,Crystal Paul,260,5,11863,0,2,3,3,8,233,At Risk
28816,Robert Perry,268,8,17322,0,2,5,4,11,254,At Risk
28831,Seth Wright,362,5,16216,0,2,3,4,9,234,At Risk
28839,Michele Wright,269,6,17466,0,2,4,4,10,244,At Risk
28842,Jessica Wong,481,6,14842,0,1,4,4,9,144,At Risk
28846,Adam Andrews,387,7,22985,0,2,5,5,12,255,At Risk
28847,Jeremy Johnson,567,7,26074,1,1,5,5,11,155,At Risk
28849,Paul Hall,247,7,20875,0,2,5,5,12,255,At Risk
28853,Michael Lopez,614,5,18225,1,1,3,4,8,134,At Risk
28855,Julie Thompson,496,7,18971,0,1,5,4,10,154,At Risk
28859,Maria Smith,492,7,18639,0,1,5,4,10,154,At Risk
28865,Alicia Gamble,423,5,12906,0,2,3,3,8,233,At Risk
28875,Shelly Larson,289,6,19996,0,2,4,5,11,245,At Risk
28877,Ashley Wood,291,7,24878,0,2,5,5,12,255,At Risk
28883,Cheryl Townsend,574,6,19998,0,1,4,5,10,145,At Risk
28892,Kenneth Carlson,465,5,15171,1,1,3,4,8,134,At Risk
28902,Ryan Cooper,259,5,11802,0,2,3,3,8,233,At Risk
28916,Lori Hawkins,562,6,23042,1,1,4,5,10,145,At Risk
28917,Dr. Dawn Zhang DVM,429,7,23600,0,1,5,5,11,155,At Risk
28922,Elizabeth Long,795,5,16247,0,1,3,4,8,134,At Risk
28928,Johnny Whitney,286,6,11491,0,2,4,3,9,243,At Risk
28950,Robert Estes,421,5,17634,0,2,3,4,9,234,At Risk
28983,Derek Hall,268,5,13622,0,2,3,3,8,233,At Risk
28990,Vanessa Huynh,439,6,14486,0,1,4,3,8,143,At Risk
29018,Jodi Smith MD,349,5,14006,0,2,3,3,8,233,At Risk
29019,Kenneth Kim,310,7,23229,0,2,5,5,12,255,At Risk
29033,Justin Watson,329,5,12426,0,2,3,3,8,233,At Risk
29039,Joseph Evans,271,8,21247,0,2,5,5,12,255,At Risk
29047,Wesley Smith,447,6,20016,1,1,4,5,10,145,At Risk
29048,Joshua Powell,530,5,16155,1,1,3,4,8,134,At Risk
29051,George Weber,393,5,14415,0,2,3,3,8,233,At Risk
29058,Kelly Mcdaniel,249,5,13147,0,2,3,3,8,233,At Risk
29062,Cynthia Huynh,322,5,13089,0,2,3,3,8,233,At Risk
29063,Joseph Lynch,244,8,29108,0,2,5,5,12,255,At Risk
29064,Robert Clark,275,6,17349,1,2,4,4,10,244,At Risk
29076,Michael Hughes,423,7,19309,0,2,5,5,12,255,At Risk
29078,Richard Wagner,354,5,20790,0,2,3,5,10,235,At Risk
29080,Paul Wade,279,9,25482,0,2,5,5,12,255,At Risk
29089,Jill Cameron,458,7,22233,0,1,5,5,11,155,At Risk
29096,Amy Mitchell,430,13,37978,0,1,5,5,11,155,At Risk
29098,Erin Romero,245,11,37770,0,2,5,5,12,255,At Risk
29102,Anna Evans,557,5,13457,0,1,3,3,7,133,At Risk
29105,Lisa Walls,468,5,15450,0,1,3,4,8,134,At Risk
29106,George Elliott,280,10,23416,0,2,5,5,12,255,At Risk
29113,Christopher Murphy,501,5,14016,0,1,3,3,7,133,At Risk
29123,Ronald White,424,7,19769,0,2,5,5,12,255,At Risk
29128,Alfred Davis,320,6,14487,0,2,4,3,9,243,At Risk
29136,Wanda Hoover,771,7,18179,0,1,5,4,10,154,At Risk
29137,Brittany Henderson,431,6,18519,0,1,4,4,9,144,At Risk
29138,Hannah Gonzalez,310,5,18512,1,2,3,4,9,234,At Risk
29145,Oscar Smith,464,6,19773,0,1,4,5,10,145,At Risk
29157,Jennifer Gilbert,466,5,15694,0,1,3,4,8,134,At Risk
29158,Jose Zhang,530,9,21630,0,1,5,5,11,155,At Risk
29161,Deborah Moreno,356,6,14552,0,2,4,3,9,243,At Risk
29169,Joseph Cooper,284,5,14296,0,2,3,3,8,233,At Risk
29185,Gina Cherry,327,5,13609,0,2,3,3,8,233,At Risk
29194,Lori Wolfe,290,7,22528,1,2,5,5,12,255,At Risk
29196,Elizabeth Owen,438,6,16828,0,1,4,4,9,144,At Risk
29197,Lori Chambers,342,7,19793,1,2,5,5,12,255,At Risk
29210,Alexander Brown,782,5,19234,0,1,3,4,8,134,At Risk
29221,Sandra Kirby,358,6,20290,1,2,4,5,11,245,At Risk
29230,Nicholas Williams,262,7,14894,1,2,5,4,11,254,At Risk
29233,Jeremy Mendoza,243,10,23990,0,2,5,5,12,255,At Risk
29255,Julie Levy,364,7,20048,0,2,5,5,12,255,At Risk
29257,Shawn Pearson,703,6,16213,0,1,4,4,9,144,At Risk
29263,Bradley Leon,316,5,13205,1,2,3,3,8,233,At Risk
29266,Kelsey Miller,576,5,12516,0,1,3,3,7,133,At Risk
29272,Lisa Lyons,301,8,28041,1,2,5,5,12,255,At Risk
29284,Cheryl Wilson,248,7,23481,0,2,5,5,12,255,At Risk
29285,Susan Smith,283,8,21986,1,2,5,5,12,255,At Risk
29286,Deborah Schwartz,282,11,37958,0,2,5,5,12,255,At Risk
29292,Daniel Garcia,379,7,15854,0,2,5,4,11,254,At Risk
29294,Joshua Thomas,418,6,12518,0,2,4,3,9,243,At Risk
29301,Shane Hartman,243,5,12987,0,2,3,3,8,233,At Risk
29302,Sarah Ali,250,7,11744,0,2,5,3,10,253,At Risk
29305,William Williams,750,5,16184,0,1,3,4,8,134,At Risk
29307,Betty Smith,319,6,13934,0,2,4,3,9,243,At Risk
29314,Matthew Lambert,327,5,12186,0,2,3,3,8,233,At Risk
29317,Glenn Martinez,420,7,27030,0,2,5,5,12,255,At Risk
29339,Tammy Watson,514,6,13749,0,1,4,3,8,143,At Risk
29343,Ryan Pittman,301,7,16520,0,2,5,4,11,254,At Risk
29356,Ariel Johnson,417,5,14303,0,2,3,3,8,233,At Risk
29357,Miranda Stewart,639,6,15507,0,1,4,4,9,144,At Risk
29371,Mary Brown,345,8,13135,1,2,5,3,10,253,At Risk
29373,Jesse Miller,291,5,15234,0,2,3,4,9,234,At Risk
29376,Denise Perez,283,5,15245,0,2,3,4,9,234,At Risk
29398,Johnny Sullivan,803,7,18302,0,1,5,4,10,154,At Risk
29408,Robert Wilson,621,7,21847,0,1,5,5,11,155,At Risk
29415,Nicole Pham,483,5,13990,0,1,3,3,7,133,At Risk
29417,Jillian Sanchez,248,5,16015,0,2,3,4,9,234,At Risk
29421,Kelly Rodriguez PhD,401,7,20204,1,2,5,5,12,255,At Risk
29439,Rachel Haney,408,6,14164,0,2,4,3,9,243,At Risk
29443,Alan Peters,539,9,22542,1,1,5,5,11,155,At Risk
29451,Christy Morales,506,5,12955,0,1,3,3,7,133,At Risk
29456,Eric Roberts,589,5,12842,1,1,3,3,7,133,At Risk
29464,Juan Nguyen,329,7,29737,0,2,5,5,12,255,At Risk
29470,Anthony Mitchell DDS,275,7,20599,0,2,5,5,12,255,At Risk
29483,Jimmy Odom,303,5,12214,0,2,3,3,8,233,At Risk
29484,Beth Giles,530,5,13138,1,1,3,3,7,133,At Risk
29489,William Ray,542,5,15738,0,1,3,4,8,134,At Risk
29490,Susan Hernandez,284,8,24652,0,2,5,5,12,255,At Risk
29502,Emily Kaufman,753,5,12083,1,1,3,3,7,133,At Risk
29505,Bradley Ponce,497,6,17339,0,1,4,4,9,144,At Risk
29506,Jose Hansen,303,11,24191,0,2,5,5,12,255,At Risk
29508,Lisa Rodriguez,344,5,13908,0,2,3,3,8,233,At Risk
29511,James Parrish,377,7,21184,0,2,5,5,12,255,At Risk
29530,Crystal Bond,416,6,15561,0,2,4,4,10,244,At Risk
29531,Laura Young,269,5,14537,0,2,3,3,8,233,At Risk
29545,Carolyn Arnold,245,6,12409,0,2,4,3,9,243,At Risk
29558,Kimberly Smith,790,5,18400,0,1,3,4,8,134,At Risk
29562,Christopher Hart,520,5,14007,0,1,3,3,7,133,At Risk
29565,Christopher Ballard,397,10,27651,1,2,5,5,12,255,At Risk
29566,Patricia Nelson,282,6,15120,0,2,4,4,10,244,At Risk
29572,Lynn Hood,528,6,16707,0,1,4,4,9,144,At Risk
29575,Craig Ingram,574,8,21484,0,1,5,5,11,155,At Risk
29576,Nicole Walker,366,7,21338,0,2,5,5,12,255,At Risk
29583,Sheri Boone,696,6,13894,0,1,4,3,8,143,At Risk
29588,Christian Lopez,354,5,11550,0,2,3,3,8,233,At Risk
29599,Alicia Massey,265,6,19193,0,2,4,4,10,244,At Risk
29600,Russell Montes,628,5,19672,1,1,3,5,9,135,At Risk
29609,Matthew Yates,833,6,19877,0,1,4,5,10,145,At Risk
29612,Jennifer Brown,340,11,33241,1,2,5,5,12,255,At Risk
29613,Sarah Fernandez,412,6,18327,0,2,4,4,10,244,At Risk
29620,Kathleen Jackson,292,7,18106,0,2,5,4,11,254,At Risk
29627,Amanda Phillips,606,5,13486,0,1,3,3,7,133,At Risk
29630,Henry Reese,278,7,11744,0,2,5,3,10,253,At Risk
29641,Heather Clark,723,5,15603,0,1,3,4,8,134,At Risk
29651,Mary Meyer,352,7,17785,0,2,5,4,11,254,At Risk
29652,Lisa Harrington,248,6,14119,0,2,4,3,9,243,At Risk
29653,Jacob Murray,379,5,17684,0,2,3,4,9,234,At Risk
29659,Amber Coleman,369,7,16748,0,2,5,4,11,254,At Risk
29662,David Russo,357,5,13442,0,2,3,3,8,233,At Risk
29663,Kathy Shields,370,9,30123,0,2,5,5,12,255,At Risk
29676,Jerry Gilmore,768,5,13664,0,1,3,3,7,133,At Risk
29680,Mary Webb,517,5,18123,0,1,3,4,8,134,At Risk
29687,Glen Fry,268,7,20046,0,2,5,5,12,255,At Risk
29690,Erika Baker,253,10,28730,0,2,5,5,12,255,At Risk
29702,Dorothy Moore,466,5,12644,0,1,3,3,7,133,At Risk
29710,Charles Woodward,330,7,25369,0,2,5,5,12,255,At Risk
29712,Martin Moreno,281,6,14078,0,2,4,3,9,243,At Risk
29718,Daniel Gonzalez,289,6,13620,0,2,4,3,9,243,At Risk
29719,Kyle Garcia,435,7,15462,0,1,5,4,10,154,At Risk
29724,Jason Johnson,298,8,18714,1,2,5,4,11,254,At Risk
29729,Melissa Best,466,7,17214,0,1,5,4,10,154,At Risk
29749,Ashley Owens,403,5,12127,0,2,3,3,8,233,At Risk
29760,Jerry Rojas,381,5,14428,0,2,3,3,8,233,At Risk
29764,Jennifer Wood,534,6,13742,1,1,4,3,8,143,At Risk
29765,Mark Bryant,485,6,12440,0,1,4,3,8,143,At Risk
29767,Kerry Diaz,542,6,14111,1,1,4,3,8,143,At Risk
29768,Marissa Rivas,309,5,12937,0,2,3,3,8,233,At Risk
29786,Scott Jenkins,498,5,13512,0,1,3,3,7,133,At Risk
29796,Jesse Allen,416,5,17927,0,2,3,4,9,234,At Risk
29807,Autumn Sullivan,263,5,13374,0,2,3,3,8,233,At Risk
29811,Jennifer Odom,429,5,12729,0,1,3,3,7,133,At Risk
29814,Vickie Singh,278,7,22628,0,2,5,5,12,255,At Risk
29817,Jacob Robinson,899,5,13151,0,1,3,3,7,133,At Risk
29826,Willie Cruz,461,6,15319,1,1,4,4,9,144,At Risk
29830,Sara Shaw,641,5,11757,0,1,3,3,7,133,At Risk
29836,Christina Taylor,467,5,12644,0,1,3,3,7,133,At Risk
29841,Ashley Pace,837,5,14473,0,1,3,3,7,133,At Risk
29850,Kristin Williams,260,6,16163,0,2,4,4,10,244,At Risk
29858,Karl Graham,514,6,19167,0,1,4,4,9,144,At Risk
29862,Gabrielle Bray,263,6,18057,0,2,4,4,10,244,At Risk
29883,Julia Gutierrez,344,7,13662,0,2,5,3,10,253,At Risk
29885,Kaitlyn Rowland,614,5,16713,0,1,3,4,8,134,At Risk
29891,Sean Lowe,327,7,14098,1,2,5,3,10,253,At Risk
29898,Tyler Rose,372,5,15232,0,2,3,4,9,234,At Risk
29902,Jennifer Hale,409,6,15146,1,2,4,4,10,244,At Risk
29904,Cynthia Thompson,344,7,15729,0,2,5,4,11,254,At Risk
29913,Shawn Shepard,521,6,17789,0,1,4,4,9,144,At Risk
29928,Michael Foster,360,6,11921,0,2,4,3,9,243,At Risk
29929,Judith Morris,351,5,17798,0,2,3,4,9,234,At Risk
29932,Sara Cruz,498,5,16523,0,1,3,4,8,134,At Risk
29933,Denise Ramirez,281,6,14765,0,2,4,3,9,243,At Risk
29934,Carol Brown,302,6,14269,0,2,4,3,9,243,At Risk
29935,Chelsea Roberts,520,6,22605,0,1,4,5,10,145,At Risk
29945,Anita Fowler,272,6,12397,0,2,4,3,9,243,At Risk
29951,Felicia Sampson,336,5,12262,0,2,3,3,8,233,At Risk
29957,Michelle Smith,340,6,20653,0,2,4,5,11,245,At Risk
29971,Mary Wilson,446,6,16634,0,1,4,4,9,144,At Risk
29976,David Bradley,351,7,22540,1,2,5,5,12,255,At Risk
29978,Teresa Garner,246,5,16274,0,2,3,4,9,234,At Risk
29979,Melanie Bailey,373,6,18649,1,2,4,4,10,244,At Risk
29984,Megan Roth,287,8,17939,0,2,5,4,11,254,At Risk
30006,Jeremy Benitez,331,6,19846,0,2,4,5,11,245,At Risk
30014,Erika Poole,384,9,19028,0,2,5,4,11,254,At Risk
30016,Mason Russell PhD,537,5,14501,1,1,3,3,7,133,At Risk
30032,Michael Maldonado,254,5,12912,0,2,3,3,8,233,At Risk
30059,Deborah Cain,531,5,11870,0,1,3,3,7,133,At Risk
30061,George Burns,446,7,13713,0,1,5,3,9,153,At Risk
30069,Tiffany Clayton,681,5,16160,0,1,3,4,8,134,At Risk
30074,Rachel Robinson,259,8,24844,0,2,5,5,12,255,At Risk
30076,Joseph West,399,8,19879,0,2,5,5,12,255,At Risk
30090,Katie Bright,433,5,17462,0,1,3,4,8,134,At Risk
30091,William Carlson,466,7,21565,0,1,5,5,11,155,At Risk
30094,Michelle Williams,485,6,13288,0,1,4,3,8,143,At Risk
30095,Mr. Joseph Mills MD,418,5,14582,1,2,3,3,8,233,At Risk
30105,Laura Hill,251,9,34286,1,2,5,5,12,255,At Risk
30112,Michael Jones,905,5,13607,0,1,3,3,7,133,At Risk
30132,Garrett Roberts,365,10,21267,0,2,5,5,12,255,At Risk
30142,Ashley Estrada,294,6,19526,0,2,4,5,11,245,At Risk
30145,Mark Baker,447,7,23061,0,1,5,5,11,155,At Risk
30159,Jonathan Barnes,261,6,20250,0,2,4,5,11,245,At Risk
30160,Renee Ochoa,279,6,17819,0,2,4,4,10,244,At Risk
30166,Linda Paul,359,6,15211,0,2,4,4,10,244,At Risk
30170,Juan Austin,535,5,16785,0,1,3,4,8,134,At Risk
30188,Linda Long,332,9,20003,0,2,5,5,12,255,At Risk
30193,Amber Perez,701,6,13824,0,1,4,3,8,143,At Risk
30196,Tiffany Fox,280,5,18185,0,2,3,4,9,234,At Risk
30197,Cassandra Foster,478,5,17266,0,1,3,4,8,134,At Risk
30199,Jay Brown,375,7,26583,1,2,5,5,12,255,At Risk
30202,Emma Arnold,307,6,16048,0,2,4,4,10,244,At Risk
30211,Kerri Cox,279,5,13980,0,2,3,3,8,233,At Risk
30214,Timothy Curry,252,8,24903,0,2,5,5,12,255,At Risk
30218,Sara Johnson,641,5,13945,0,1,3,3,7,133,At Risk
30223,Daniel Cruz,443,7,17778,0,1,5,4,10,154,At Risk
30226,Jill Stanley,285,6,19544,0,2,4,5,11,245,At Risk
30231,Elaine Duarte,458,6,16465,0,1,4,4,9,144,At Risk
30239,Alexander Wilson,336,9,26336,0,2,5,5,12,255,At Risk
30260,Jessica Ellison,495,5,11681,1,1,3,3,7,133,At Risk
30270,Ellen Morales,304,7,18075,0,2,5,4,11,254,At Risk
30272,Brian Rios,317,5,14644,0,2,3,3,8,233,At Risk
30273,Michael House,258,8,27787,0,2,5,5,12,255,At Risk
30283,Jamie Smith,279,7,19594,1,2,5,5,12,255,At Risk
30287,John Parker,355,6,15869,0,2,4,4,10,244,At Risk
30292,Eric Smith,421,5,17627,0,2,3,4,9,234,At Risk
30299,Cynthia Brown,304,8,20599,0,2,5,5,12,255,At Risk
30302,Richard Richards,251,5,13729,0,2,3,3,8,233,At Risk
30303,Joseph Hoover,291,8,20495,0,2,5,5,12,255,At Risk
30323,William Gutierrez,259,5,15398,0,2,3,4,9,234,At Risk
30331,Elijah Mcdonald,419,5,15569,1,2,3,4,9,234,At Risk
30336,Pamela Dyer,738,5,18836,0,1,3,4,8,134,At Risk
30344,Steven Jensen,256,9,19654,0,2,5,5,12,255,At Risk
30347,Steven Hall,478,6,18884,1,1,4,4,9,144,At Risk
30352,Kathleen Burgess,421,5,17260,0,2,3,4,9,234,At Risk
30356,James Martinez,453,5,13660,0,1,3,3,7,133,At Risk
30357,Hannah Roberts,309,7,21498,0,2,5,5,12,255,At Risk
30368,Russell Wilson,345,5,15408,0,2,3,4,9,234,At Risk
30369,Donald Edwards,413,5,13026,1,2,3,3,8,233,At Risk
30375,William Hernandez,327,5,20792,0,2,3,5,10,235,At Risk
30376,Jeffrey Martin,282,8,16406,0,2,5,4,11,254,At Risk
30383,Anthony Novak,303,5,18152,0,2,3,4,9,234,At Risk
30385,Travis Sims,713,5,17111,0,1,3,4,8,134,At Risk
30393,Kimberly Morgan,581,6,16090,0,1,4,4,9,144,At Risk
30401,Peter Donovan,256,7,16137,1,2,5,4,11,254,At Risk
30415,Carmen Miller,678,5,14898,1,1,3,4,8,134,At Risk
30420,James Ward,291,6,19634,0,2,4,5,11,245,At Risk
30449,Roy Daniels,280,6,16985,0,2,4,4,10,244,At Risk
30452,Kathryn Andersen,288,6,16414,1,2,4,4,10,244,At Risk
30463,Barbara Sims,290,6,20736,0,2,4,5,11,245,At Risk
30466,Harold Oconnell,515,8,23087,0,1,5,5,11,155,At Risk
30476,Dylan Ingram,430,6,20280,0,1,4,5,10,145,At Risk
30499,Melissa Wheeler,338,5,14339,0,2,3,3,8,233,At Risk
30506,Randy Gardner MD,604,8,17272,0,1,5,4,10,154,At Risk
30508,Steven Mcdaniel,297,8,16796,0,2,5,4,11,254,At Risk
30512,Brian Kirk,414,7,17266,0,2,5,4,11,254,At Risk
30515,Amanda Payne,295,6,22490,1,2,4,5,11,245,At Risk
30519,Bradley Preston,257,5,12450,1,2,3,3,8,233,At Risk
30529,Tamara Williams,381,7,23663,0,2,5,5,12,255,At Risk
30533,Richard Diaz,352,6,16635,1,2,4,4,10,244,At Risk
30542,Ruben Payne,354,6,15289,0,2,4,4,10,244,At Risk
30544,Spencer Bass,357,5,13487,0,2,3,3,8,233,At Risk
30551,Sarah Hall,255,6,18344,0,2,4,4,10,244,At Risk
30563,Katherine Bond,250,5,14202,0,2,3,3,8,233,At Risk
30565,Mark White,375,6,15332,0,2,4,4,10,244,At Risk
30572,Christina Patton DDS,483,5,19759,0,1,3,5,9,135,At Risk
30581,Alice Brown,583,5,14432,0,1,3,3,7,133,At Risk
30589,Gregory Webb,465,6,15118,1,1,4,4,9,144,At Risk
30590,Alan Davies,279,5,13303,0,2,3,3,8,233,At Risk
30592,Crystal Blake,519,6,18709,0,1,4,4,9,144,At Risk
30605,Janet Sanders,392,5,12982,0,2,3,3,8,233,At Risk
30628,Lee Adams,374,6,17140,0,2,4,4,10,244,At Risk
30640,Anne Reynolds,297,5,11992,1,2,3,3,8,233,At Risk
30655,Robert Parker PhD,366,5,17680,0,2,3,4,9,234,At Risk
30659,Richard Hoffman,729,6,14506,0,1,4,3,8,143,At Risk
30663,Emily Howard,250,7,19725,0,2,5,5,12,255,At Risk
30666,Patrick Adams,363,8,17831,0,2,5,4,11,254,At Risk
30675,Bridget Mason,490,6,16879,0,1,4,4,9,144,At Risk
30681,Grace Pena,319,5,15286,0,2,3,4,9,234,At Risk
30682,Brian Jensen,346,7,21567,0,2,5,5,12,255,At Risk
30683,Barry Buchanan,251,5,15035,0,2,3,4,9,234,At Risk
30688,Tara Ryan,714,5,18891,1,1,3,4,8,134,At Risk
30699,Heather Whitehead,461,6,16537,0,1,4,4,9,144,At Risk
30711,Mark Woods,345,6,15032,0,2,4,4,10,244,At Risk
30713,Brittany Ramirez,710,7,16179,0,1,5,4,10,154,At Risk
30719,Anna Williams,461,5,15936,0,1,3,4,8,134,At Risk
30724,Jason Wilson,685,6,20429,0,1,4,5,10,145,At Risk
30732,Christopher Hall,733,7,13123,1,1,5,3,9,153,At Risk
30738,Michael Olsen,250,5,16363,0,2,3,4,9,234,At Risk
30739,William Johnson,264,8,25934,0,2,5,5,12,255,At Risk
30740,Kathleen Kim,452,7,15745,0,1,5,4,10,154,At Risk
30759,April Marshall DDS,507,5,21350,1,1,3,5,9,135,At Risk
30774,Lucas Jones,567,5,18337,0,1,3,4,8,134,At Risk
30777,Roberta Sellers,290,6,18531,0,2,4,4,10,244,At Risk
30783,Nathan Foster,409,5,13544,1,2,3,3,8,233,At Risk
30786,Angela Patel,304,8,21281,1,2,5,5,12,255,At Risk
30787,Roy Myers,384,6,12968,0,2,4,3,9,243,At Risk
30790,Jacob Lewis,325,5,12456,0,2,3,3,8,233,At Risk
30800,Brandy Jones,252,7,18962,0,2,5,4,11,254,At Risk
30804,Erin Conley,285,5,15366,0,2,3,4,9,234,At Risk
30808,Chelsea Fletcher,310,7,23467,1,2,5,5,12,255,At Risk
30820,Holly Johnson,443,5,19745,1,1,3,5,9,135,At Risk
30822,Michael Morales,326,5,19725,0,2,3,5,10,235,At Risk
30824,Donna Brown,311,7,19781,0,2,5,5,12,255,At Risk
30836,Dustin Yang,273,5,12275,0,2,3,3,8,233,At Risk
30840,David Frye,382,5,18352,0,2,3,4,9,234,At Risk
30858,Dennis Small,586,6,20650,0,1,4,5,10,145,At Risk
30860,Christopher Dodson,473,6,19005,0,1,4,4,9,144,At Risk
30868,Beverly Delgado,423,7,12947,0,2,5,3,10,253,At Risk
30872,Carlos Harrison,299,7,13029,0,2,5,3,10,253,At Risk
30879,Mitchell Porter,790,5,14740,0,1,3,3,7,133,At Risk
30882,Angel Martin,288,5,13380,0,2,3,3,8,233,At Risk
30885,Sara Aguirre,554,5,14739,0,1,3,3,7,133,At Risk
30890,Andrea Espinoza,268,6,16599,1,2,4,4,10,244,At Risk
30899,Anthony Edwards,572,6,24000,0,1,4,5,10,145,At Risk
30901,Jennifer Mcconnell,351,5,17103,0,2,3,4,9,234,At Risk
30906,Sabrina Welch,359,5,21069,0,2,3,5,10,235,At Risk
30909,Elizabeth Watson,269,6,15291,0,2,4,4,10,244,At Risk
30920,Brian Davis,951,8,23893,0,1,5,5,11,155,At Risk
30922,Thomas Gray,254,5,14823,0,2,3,4,9,234,At Risk
30923,Timothy Peters,370,5,14464,0,2,3,3,8,233,At Risk
30930,Hunter Pearson,271,5,11689,0,2,3,3,8,233,At Risk
30935,Jennifer Reynolds,565,6,17863,0,1,4,4,9,144,At Risk
30936,Ashley Hernandez,274,10,28308,0,2,5,5,12,255,At Risk
30937,William Delacruz,367,5,13879,0,2,3,3,8,233,At Risk
30940,Sean Harris,975,5,12770,0,1,3,3,7,133,At Risk
30945,Linda Bauer,266,5,15294,1,2,3,4,9,234,At Risk
30946,Maria Hale,372,10,25436,0,2,5,5,12,255,At Risk
30953,Tommy Sanders,262,6,13109,0,2,4,3,9,243,At Risk
30956,Alan Moore,330,5,14670,0,2,3,3,8,233,At Risk
30961,William Lawrence,261,10,23082,0,2,5,5,12,255,At Risk
30964,Joe Miller PhD,343,5,13512,1,2,3,3,8,233,At Risk
30974,Maria Lang,324,6,15224,0,2,4,4,10,244,At Risk
30983,Jennifer Ramos,337,5,13433,0,2,3,3,8,233,At Risk
30984,Ryan House,449,6,15354,0,1,4,4,9,144,At Risk
30987,Evelyn Hernandez,415,10,28980,0,2,5,5,12,255,At Risk
30990,Michael Chase,262,5,13820,0,2,3,3,8,233,At Risk
30993,Jessica Keller,267,6,14292,0,2,4,3,9,243,At Risk
30994,Richard Fowler,442,5,17080,0,1,3,4,8,134,At Risk
31001,Lori Ferguson,245,5,17996,1,2,3,4,9,234,At Risk
31003,Annette Bishop,477,7,15130,0,1,5,4,10,154,At Risk
31006,Jacqueline Calhoun,254,5,13379,0,2,3,3,8,233,At Risk
31017,Sherry Phillips,256,11,36309,0,2,5,5,12,255,At Risk
31019,Laura Moran,337,6,18036,0,2,4,4,10,244,At Risk
31021,Julia Davis,567,7,18840,0,1,5,4,10,154,At Risk
31038,Andres Ball,471,6,24501,0,1,4,5,10,145,At Risk
31039,Patrick Pierce,246,8,25016,0,2,5,5,12,255,At Risk
31044,Brian Long,289,6,17828,0,2,4,4,10,244,At Risk
31051,Robert Macias,280,8,18469,0,2,5,4,11,254,At Risk
31053,Jerry Burnett,545,5,12014,1,1,3,3,7,133,At Risk
31061,Justin Phillips,523,5,12155,0,1,3,3,7,133,At Risk
31077,Justin Johns,518,5,14926,0,1,3,4,8,134,At Risk
31085,Ashley Williams MD,470,5,12529,1,1,3,3,7,133,At Risk
31106,Nicolas Walker Jr.,355,5,14859,0,2,3,4,9,234,At Risk
31110,Lisa Richardson,452,5,13073,0,1,3,3,7,133,At Risk
31116,Erik Buckley,250,7,18717,1,2,5,4,11,254,At Risk
31125,Megan Meyers,615,5,15525,1,1,3,4,8,134,At Risk
31134,Walter Carter,317,10,24068,0,2,5,5,12,255,At Risk
31136,Sean Cox,313,7,16767,0,2,5,4,11,254,At Risk
31137,Kimberly Rodriguez,455,6,16303,1,1,4,4,9,144,At Risk
31153,Heather Jones,539,5,16308,0,1,3,4,8,134,At Risk
31156,Jonathan Rose,276,8,24744,0,2,5,5,12,255,At Risk
31161,Margaret Armstrong,728,7,12622,0,1,5,3,9,153,At Risk
31174,Benjamin Austin,338,9,20507,0,2,5,5,12,255,At Risk
31175,Raymond Levine,336,6,18650,0,2,4,4,10,244,At Risk
31186,Eric Brown,267,6,14449,0,2,4,3,9,243,At Risk
31188,David Mclaughlin,475,6,17588,0,1,4,4,9,144,At Risk
31198,Pamela James,404,6,12818,0,2,4,3,9,243,At Risk
31203,Sarah Nguyen,471,5,14913,1,1,3,4,8,134,At Risk
31223,Mark Garcia,585,5,17226,0,1,3,4,8,134,At Risk
31234,Lisa Mccullough,328,5,18867,0,2,3,4,9,234,At Risk
31244,Aimee Hicks,249,9,20986,1,2,5,5,12,255,At Risk
31245,Joseph Whitney,461,5,14822,0,1,3,4,8,134,At Risk
31246,William Garrett,530,6,16690,0,1,4,4,9,144,At Risk
31258,Erika Smith,356,7,16407,0,2,5,4,11,254,At Risk
31268,Anthony Steele,552,6,21097,0,1,4,5,10,145,At Risk
31270,Lisa White,309,8,25478,0,2,5,5,12,255,At Risk
31277,Christian Lamb,264,5,11880,1,2,3,3,8,233,At Risk
31281,April Fisher,311,5,15001,0,2,3,4,9,234,At Risk
31282,Joshua Miller,258,6,13692,1,2,4,3,9,243,At Risk
31294,Kevin Garrison,412,6,15929,0,2,4,4,10,244,At Risk
31299,Samantha Wolfe,321,8,17843,0,2,5,4,11,254,At Risk
31300,Sheila King,502,8,21124,0,1,5,5,11,155,At Risk
31305,Michael Crawford,490,6,15985,0,1,4,4,9,144,At Risk
31306,Jeffrey Hernandez,332,5,14692,0,2,3,3,8,233,At Risk
31309,John Howell,353,7,16328,0,2,5,4,11,254,At Risk
31316,Craig Ross,376,6,24719,0,2,4,5,11,245,At Risk
31321,Colleen Wood,333,7,16934,0,2,5,4,11,254,At Risk
31327,Elizabeth Fox,286,6,21029,0,2,4,5,11,245,At Risk
31337,Matthew Brown,285,8,17193,0,2,5,4,11,254,At Risk
31339,Christine Ho,415,6,16175,1,2,4,4,10,244,At Risk
31340,Larry Hester,277,5,14062,1,2,3,3,8,233,At Risk
31359,Amanda Wilson,715,6,22899,0,1,4,5,10,145,At Risk
31365,Joshua Barnes,298,6,11390,0,2,4,3,9,243,At Risk
31379,Abigail Christensen,340,5,15276,1,2,3,4,9,234,At Risk
31381,Evan Peck,359,5,13657,0,2,3,3,8,233,At Risk
31393,Jessica Woods,528,5,15773,0,1,3,4,8,134,At Risk
31401,Stacey Copeland,254,6,17005,0,2,4,4,10,244,At Risk
31412,Wanda Flores,355,7,19797,0,2,5,5,12,255,At Risk
31416,Ronald Adams,257,6,11470,0,2,4,3,9,243,At Risk
31424,Jacob Ramirez,367,5,14927,0,2,3,4,9,234,At Risk
31442,Richard Velazquez,819,5,11814,1,1,3,3,7,133,At Risk
31450,Taylor Morgan,267,7,19584,0,2,5,5,12,255,At Risk
31467,Roger Lopez,326,5,17692,0,2,3,4,9,234,At Risk
31485,Clifford Alvarado,275,6,15302,0,2,4,4,10,244,At Risk
31493,Walter Robertson,377,5,16604,0,2,3,4,9,234,At Risk
31497,Melissa Holland,749,5,14535,0,1,3,3,7,133,At Risk
31501,Justin Chambers,581,6,15105,0,1,4,4,9,144,At Risk
31506,John Adams,384,5,17936,0,2,3,4,9,234,At Risk
31515,Pam Benson,291,5,13785,0,2,3,3,8,233,At Risk
31516,Lindsey Hernandez,545,5,15730,0,1,3,4,8,134,At Risk
31522,Matthew Gonzalez,355,5,18333,1,2,3,4,9,234,At Risk
31539,Spencer Walker,425,5,13276,0,2,3,3,8,233,At Risk
31551,Stephanie Cook,565,5,16548,0,1,3,4,8,134,At Risk
31556,Justin Hansen,344,5,13391,0,2,3,3,8,233,At Risk
31564,Gerald Arnold,352,9,24732,1,2,5,5,12,255,At Risk
31565,Michael Henderson,283,6,14566,1,2,4,3,9,243,At Risk
31568,Kaitlyn Klein,639,6,22423,0,1,4,5,10,145,At Risk
31570,Heather Reed,596,5,15051,0,1,3,4,8,134,At Risk
31578,Tyler Fernandez,294,8,15312,0,2,5,4,11,254,At Risk
31582,Brian Stanley,366,6,21776,0,2,4,5,11,245,At Risk
31587,Paul Hall,677,5,17172,0,1,3,4,8,134,At Risk
31603,Kristi Macdonald,288,7,20456,0,2,5,5,12,255,At Risk
31607,Emily Munoz,615,6,14833,0,1,4,4,9,144,At Risk
31613,Michael Gordon,369,5,11744,1,2,3,3,8,233,At Risk
31618,Andrew Curtis,389,5,16622,0,2,3,4,9,234,At Risk
31623,Nathan Wilson,501,6,14013,0,1,4,3,8,143,At Risk
31632,Jennifer Jackson,400,6,19117,0,2,4,4,10,244,At Risk
31649,Luis Taylor,531,8,21604,0,1,5,5,11,155,At Risk
31651,Elizabeth Williams,341,5,19989,0,2,3,5,10,235,At Risk
31654,Allen Smith,295,6,20648,0,2,4,5,11,245,At Risk
31659,Thomas Rosales,368,10,39068,0,2,5,5,12,255,At Risk
31676,Kenneth Pierce,491,5,12453,0,1,3,3,7,133,At Risk
31677,Wanda Montgomery,291,7,22510,0,2,5,5,12,255,At Risk
31681,Jessica Chavez,299,6,16246,0,2,4,4,10,244,At Risk
31682,Courtney Woodard,517,6,13015,1,1,4,3,8,143,At Risk
31685,Rebecca Case,360,9,19576,1,2,5,5,12,255,At Risk
31691,Ralph Jones,288,9,20024,0,2,5,5,12,255,At Risk
31722,Beverly Kelly,444,6,12822,0,1,4,3,8,143,At Risk
31729,Andrew Villegas,410,5,14189,0,2,3,3,8,233,At Risk
31734,David Mcgrath,520,6,18619,0,1,4,4,9,144,At Risk
31743,Nathan Walker,304,6,19137,0,2,4,4,10,244,At Risk
31762,Charles Johnson,633,5,16870,0,1,3,4,8,134,At Risk
31767,Andrew Hernandez,546,5,12805,0,1,3,3,7,133,At Risk
31783,Carol Smith,304,6,23495,0,2,4,5,11,245,At Risk
31788,Caroline Stewart,270,6,11439,1,2,4,3,9,243,At Risk
31797,James Turner,315,5,11335,0,2,3,3,8,233,At Risk
31803,Melissa Holder,257,6,19532,0,2,4,5,11,245,At Risk
31815,Lauren Blake,278,7,19638,0,2,5,5,12,255,At Risk
31818,Joseph Gutierrez,505,5,15792,1,1,3,4,8,134,At Risk
31825,Brittany Cunningham,260,5,13884,0,2,3,3,8,233,At Risk
31830,Jamie Hardy,361,6,23863,1,2,4,5,11,245,At Risk
31836,Michael Rivera,338,6,22179,0,2,4,5,11,245,At Risk
31837,Aimee Johnson,274,7,20494,0,2,5,5,12,255,At Risk
31839,Joseph Watkins,575,7,19035,0,1,5,4,10,154,At Risk
31843,Scott Robertson,319,9,22599,0,2,5,5,12,255,At Risk
31846,Brett Spence,259,6,15589,1,2,4,4,10,244,At Risk
31849,Gregory Harris,263,9,21163,0,2,5,5,12,255,At Risk
31865,Jesse Boyle,290,6,21859,0,2,4,5,11,245,At Risk
31870,Kenneth Houston,343,7,22079,0,2,5,5,12,255,At Risk
31875,Timothy Miller,414,6,16551,0,2,4,4,10,244,At Risk
31887,Laura Ramirez,398,5,16742,0,2,3,4,9,234,At Risk
31888,Ryan Carter,904,6,21658,0,1,4,5,10,145,At Risk
31889,Marcus Alexander,452,5,16080,0,1,3,4,8,134,At Risk
31893,Caitlin Miller,318,6,18520,0,2,4,4,10,244,At Risk
31898,Christopher Kennedy,328,6,13579,0,2,4,3,9,243,At Risk
31903,Robert Dawson,372,7,18108,0,2,5,4,11,254,At Risk
31914,Daniel Day,332,5,12818,0,2,3,3,8,233,At Risk
31927,Christopher Clark,285,5,19390,0,2,3,5,10,235,At Risk
31930,Scott Duke,243,5,11899,1,2,3,3,8,233,At Risk
31945,Joseph Anderson,368,5,13279,0,2,3,3,8,233,At Risk
31951,Chad Huber,519,7,18037,0,1,5,4,10,154,At Risk
31953,Kimberly Byrd,285,6,15135,0,2,4,4,10,244,At Risk
31961,Jennifer Jarvis,317,6,18128,1,2,4,4,10,244,At Risk
31967,Stephen Walker,343,7,16629,0,2,5,4,11,254,At Risk
31968,Sarah Mueller,400,8,21329,1,2,5,5,12,255,At Risk
31987,Dr. Susan Hansen,339,5,13732,0,2,3,3,8,233,At Risk
31999,Maria Matthews,493,7,18435,0,1,5,4,10,154,At Risk
32007,Matthew Armstrong,293,7,22326,0,2,5,5,12,255,At Risk
32017,Jeff Anderson,348,7,21503,0,2,5,5,12,255,At Risk
32024,Christopher Lynch,294,9,25908,0,2,5,5,12,255,At Risk
32035,Leah Anderson,665,5,13737,0,1,3,3,7,133,At Risk
32050,Erika Wiley,264,5,12119,1,2,3,3,8,233,At Risk
32056,Carmen Cruz,279,7,26021,0,2,5,5,12,255,At Risk
32059,Megan Taylor,323,5,16596,0,2,3,4,9,234,At Risk
32066,Charles Lee,314,7,20117,0,2,5,5,12,255,At Risk
32067,Carol Rojas,515,6,20940,0,1,4,5,10,145,At Risk
32069,Johnny Harris,809,8,22057,0,1,5,5,11,155,At Risk
32077,Benjamin Austin,386,6,18300,1,2,4,4,10,244,At Risk
32093,Mario Smith,245,7,15787,1,2,5,4,11,254,At Risk
32103,Michelle Cunningham,304,8,19961,0,2,5,5,12,255,At Risk
32107,Kristen Molina,395,6,18100,0,2,4,4,10,244,At Risk
32112,Megan Briggs,355,8,31838,0,2,5,5,12,255,At Risk
32121,Angela Wilson,888,5,12943,0,1,3,3,7,133,At Risk
32133,Leonard Clay,371,5,13666,0,2,3,3,8,233,At Risk
32143,Mrs. Megan Garcia,271,7,15074,0,2,5,4,11,254,At Risk
32147,Timothy Parker,596,6,17521,1,1,4,4,9,144,At Risk
32148,Jeffrey Arnold,299,5,14648,0,2,3,3,8,233,At Risk
32155,Suzanne Davis,275,8,17981,0,2,5,4,11,254,At Risk
32162,Dr. Andrea Kelley MD,389,8,31335,0,2,5,5,12,255,At Risk
32166,Cheryl Nelson,379,8,24176,1,2,5,5,12,255,At Risk
32170,Terri Hernandez,812,5,13392,0,1,3,3,7,133,At Risk
32177,Alejandro Bruce,320,7,15520,0,2,5,4,11,254,At Risk
32179,Curtis Brown,255,5,12345,0,2,3,3,8,233,At Risk
32190,Tanya Melton,305,5,15822,0,2,3,4,9,234,At Risk
32198,Michael Murphy,310,5,16070,1,2,3,4,9,234,At Risk
32211,Julian Morris,308,7,20680,1,2,5,5,12,255,At Risk
32218,Donna May,253,10,36837,0,2,5,5,12,255,At Risk
32220,Jacqueline Davis,516,8,23694,0,1,5,5,11,155,At Risk
32227,Barbara Smith,400,5,13784,0,2,3,3,8,233,At Risk
32233,Jack Sosa,484,7,15576,0,1,5,4,10,154,At Risk
32247,Cindy Kirby,305,8,22642,0,2,5,5,12,255,At Risk
32250,Brent Montgomery,313,5,14076,0,2,3,3,8,233,At Risk
32281,Kim Davenport,339,5,15611,1,2,3,4,9,234,At Risk
32284,Carolyn Alvarado,290,6,16549,0,2,4,4,10,244,At Risk
32299,Susan Leonard,317,7,12556,0,2,5,3,10,253,At Risk
32310,Caleb Lamb,256,8,26571,0,2,5,5,12,255,At Risk
32314,Karen Roth,495,7,22683,0,1,5,5,11,155,At Risk
32326,Charles Pollard,291,7,18971,0,2,5,4,11,254,At Risk
32331,Samuel Jackson,416,10,18667,0,2,5,4,11,254,At Risk
32348,Alexander Griffin,379,8,21357,0,2,5,5,12,255,At Risk
32349,Helen Lozano,596,7,11611,0,1,5,3,9,153,At Risk
32352,Scott Pierce,307,6,16700,0,2,4,4,10,244,At Risk
32363,Elizabeth Stewart,370,5,17583,0,2,3,4,9,234,At Risk
32366,Bruce Hunt,446,6,14760,0,1,4,3,8,143,At Risk
32374,Tammy Brown,344,6,20298,0,2,4,5,11,245,At Risk
32385,Jennifer Taylor,340,5,12756,0,2,3,3,8,233,At Risk
32388,Raymond Reynolds,369,7,21441,0,2,5,5,12,255,At Risk
32406,Edward Klein,249,9,17546,0,2,5,4,11,254,At Risk
32412,Dominic Bowen,384,7,16813,0,2,5,4,11,254,At Risk
32417,Joe Beck,303,8,20938,0,2,5,5,12,255,At Risk
32426,Mr. John Sosa,419,5,16153,0,2,3,4,9,234,At Risk
32428,Travis Smith,669,7,25002,0,1,5,5,11,155,At Risk
32441,Diane Sanchez,324,7,17164,0,2,5,4,11,254,At Risk
32452,Jennifer Brooks,401,6,16803,0,2,4,4,10,244,At Risk
32454,Jodi Lopez,276,6,18263,0,2,4,4,10,244,At Risk
32457,Danielle Butler,326,7,18879,0,2,5,4,11,254,At Risk
32465,Nicole Baldwin,444,6,15461,1,1,4,4,9,144,At Risk
32468,Thomas Salas,335,6,18360,0,2,4,4,10,244,At Risk
32469,Nancy Hayes,307,5,13474,0,2,3,3,8,233,At Risk
32470,Jared Moore,475,8,22635,0,1,5,5,11,155,At Risk
32480,Joe Meyer,261,6,12905,0,2,4,3,9,243,At Risk
32496,Hailey Oneal,380,8,19734,0,2,5,5,12,255,At Risk
32497,Nicole Mendoza,268,7,11627,0,2,5,3,10,253,At Risk
32499,Matthew Henderson,378,8,22353,1,2,5,5,12,255,At Risk
32514,Billy Wright,573,6,21241,0,1,4,5,10,145,At Risk
32517,Paul Robinson,279,6,18444,1,2,4,4,10,244,At Risk
32535,Monica Wilkinson,324,5,18272,1,2,3,4,9,234,At Risk
32572,Anthony Kemp,295,7,16047,0,2,5,4,11,254,At Risk
32581,Janice Oconnor,340,7,14308,1,2,5,3,10,253,At Risk
32589,Robert Garcia DDS,421,5,14833,1,2,3,4,9,234,At Risk
32595,Brittany Daniels,396,7,17551,1,2,5,4,11,254,At Risk
32598,Zachary Zavala,274,5,11819,0,2,3,3,8,233,At Risk
32599,Dr. Jennifer Davis PhD,393,6,14923,0,2,4,4,10,244,At Risk
32608,Karl Mathis,244,7,22311,0,2,5,5,12,255,At Risk
32625,David Flores,243,7,21824,1,2,5,5,12,255,At Risk
32627,Scott Wilson,299,7,21330,0,2,5,5,12,255,At Risk
32637,Ryan Swanson,275,5,13771,0,2,3,3,8,233,At Risk
32640,Russell Cannon,406,5,12281,0,2,3,3,8,233,At Risk
32645,Lori Wagner,274,10,23484,1,2,5,5,12,255,At Risk
32661,Debbie Reed,258,7,14523,0,2,5,3,10,253,At Risk
32668,Lauren Fitzgerald,251,5,17957,0,2,3,4,9,234,At Risk
32673,Steven Myers,334,9,24322,0,2,5,5,12,255,At Risk
32703,Anita Norris,308,8,19865,0,2,5,5,12,255,At Risk
32715,Stephen Edwards,519,7,17986,0,1,5,4,10,154,At Risk
32716,Carolyn Anderson,257,9,31379,0,2,5,5,12,255,At Risk
32731,Yvonne Mcfarland,377,5,12179,0,2,3,3,8,233,At Risk
32732,Mckenzie Livingston,278,6,17274,0,2,4,4,10,244,At Risk
32737,Stephanie Brown,257,5,13619,0,2,3,3,8,233,At Risk
32747,Andrew Burton,552,5,17532,1,1,3,4,8,134,At Risk
32751,Douglas Patel,442,7,17550,0,1,5,4,10,154,At Risk
32758,Brandon Lindsey,510,5,12230,0,1,3,3,7,133,At Risk
32760,Autumn Kim,323,8,17163,1,2,5,4,11,254,At Risk
32765,David Smith,306,6,14788,0,2,4,3,9,243,At Risk
32770,Candace Roberts,409,6,19164,0,2,4,4,10,244,At Risk
32771,Jordan Romero,338,6,17458,1,2,4,4,10,244,At Risk
32773,Richard Martin,474,5,14897,0,1,3,4,8,134,At Risk
32775,Kimberly Montgomery,313,5,19889,0,2,3,5,10,235,At Risk
32794,Nathan Ross,263,6,16915,0,2,4,4,10,244,At Risk
32796,Mr. Cory Vargas,363,6,13936,0,2,4,3,9,243,At Risk
32827,Travis Williams,339,7,14190,0,2,5,3,10,253,At Risk
32834,Larry Good,252,5,12734,0,2,3,3,8,233,At Risk
32846,Kevin Jackson,595,5,16981,0,1,3,4,8,134,At Risk
32847,Ms. Stephanie Shannon,368,5,14718,0,2,3,3,8,233,At Risk
32848,Robin Woods,468,6,20340,1,1,4,5,10,145,At Risk
32850,Kevin Cunningham,354,5,17506,1,2,3,4,9,234,At Risk
32857,Jamie Gray,469,7,12282,0,1,5,3,9,153,At Risk
32865,Heather Allen,339,6,19756,0,2,4,5,11,245,At Risk
32869,Rachel Young,282,5,14822,0,2,3,4,9,234,At Risk
32876,Pamela Dalton,337,7,14966,0,2,5,4,11,254,At Risk
32896,Luis Carter,335,7,13397,1,2,5,3,10,253,At Risk
32917,Stephanie Gross,319,6,17813,0,2,4,4,10,244,At Risk
32927,Kelli Collier,353,5,11441,0,2,3,3,8,233,At Risk
32929,Samantha Mckee,613,6,13627,0,1,4,3,8,143,At Risk
32931,Sylvia Torres,405,6,19791,0,2,4,5,11,245,At Risk
32942,Erin Zuniga,367,6,15434,0,2,4,4,10,244,At Risk
32971,William Stone,246,5,15209,1,2,3,4,9,234,At Risk
32975,Darius Miller,330,7,26705,0,2,5,5,12,255,At Risk
32981,Shannon Cameron,416,5,11454,1,2,3,3,8,233,At Risk
32989,Bradley Mcintyre,283,7,18379,1,2,5,4,11,254,At Risk
32992,Kara Sherman,279,7,22247,0,2,5,5,12,255,At Risk
32997,Anthony Baxter,387,5,15859,0,2,3,4,9,234,At Risk
33001,Grant Bates,308,7,20276,0,2,5,5,12,255,At Risk
33003,Alice Thomas,504,7,19441,0,1,5,5,11,155,At Risk
33009,Lawrence Hall,331,7,18156,0,2,5,4,11,254,At Risk
33010,Stacey Morgan,374,5,12366,0,2,3,3,8,233,At Risk
33013,Stephanie Ashley,337,8,18051,0,2,5,4,11,254,At Risk
33015,Anne Pena,304,5,12950,0,2,3,3,8,233,At Risk
33021,Rebecca Riley,509,5,11646,0,1,3,3,7,133,At Risk
33022,Nicholas Arnold,337,7,17626,1,2,5,4,11,254,At Risk
33023,Sandra Hernandez,305,8,22315,0,2,5,5,12,255,At Risk
33025,Chelsea Wallace,333,5,12741,0,2,3,3,8,233,At Risk
33026,Felicia Cooper,384,5,14338,1,2,3,3,8,233,At Risk
33028,Sharon Smith,351,6,17555,1,2,4,4,10,244,At Risk
33035,Susan Green,469,5,17061,0,1,3,4,8,134,At Risk
33038,Mary Tanner,295,5,19982,0,2,3,5,10,235,At Risk
33043,Gregory Hamilton,405,7,13384,1,2,5,3,10,253,At Risk
33045,Bryan Daniel,744,6,12953,0,1,4,3,8,143,At Risk
33057,Olivia Myers,560,5,14474,1,1,3,3,7,133,At Risk
33064,Kirsten Roberts,261,6,17391,0,2,4,4,10,244,At Risk
33071,Michael Thompson,927,6,18389,0,1,4,4,9,144,At Risk
33074,Dalton Dougherty,428,7,20719,0,1,5,5,11,155,At Risk
33081,Lori Morris,395,5,14240,0,2,3,3,8,233,At Risk
33082,John Gibson,274,6,14050,0,2,4,3,9,243,At Risk
33084,Lauren Hurst,308,6,13378,0,2,4,3,9,243,At Risk
33098,Bryan Johnson,301,5,12741,0,2,3,3,8,233,At Risk
33102,Amy Scott,273,8,18804,0,2,5,4,11,254,At Risk
33103,Richard Bolton,272,5,18425,0,2,3,4,9,234,At Risk
33120,Reginald Anderson,767,5,11435,0,1,3,3,7,133,At Risk
33131,Rachel Davis,305,6,16066,0,2,4,4,10,244,At Risk
33160,Lauren Sharp,276,6,18393,0,2,4,4,10,244,At Risk
33173,Alexander Gonzalez,414,7,20510,0,2,5,5,12,255,At Risk
33175,Jessica Park,666,6,21815,0,1,4,5,10,145,At Risk
33182,Leslie Riggs,536,5,11882,0,1,3,3,7,133,At Risk
33183,Michael Adams,305,7,18106,0,2,5,4,11,254,At Risk
33194,Jeffrey Jackson,602,5,12318,0,1,3,3,7,133,At Risk
33196,Taylor Oliver,433,6,21426,0,1,4,5,10,145,At Risk
33201,Brian Arellano,668,6,23459,0,1,4,5,10,145,At Risk
33203,Jeffrey Walker,247,6,15659,0,2,4,4,10,244,At Risk
33208,Craig Miller,530,9,25489,1,1,5,5,11,155,At Risk
33217,Jordan Perez,293,5,17005,1,2,3,4,9,234,At Risk
33219,Matthew Jones,270,6,17771,0,2,4,4,10,244,At Risk
33231,Ronald Lang,385,7,21336,0,2,5,5,12,255,At Risk
33237,John Carroll,304,7,20072,1,2,5,5,12,255,At Risk
33241,Cody Davis,1022,5,12377,0,1,3,3,7,133,At Risk
33258,Juan Mcdaniel,272,7,19987,0,2,5,5,12,255,At Risk
33263,Christy Potts,254,5,14496,0,2,3,3,8,233,At Risk
33264,Casey Rollins,395,5,14458,0,2,3,3,8,233,At Risk
33294,Carlos Montgomery,402,5,16608,0,2,3,4,9,234,At Risk
33306,Seth Hobbs,439,6,18124,0,1,4,4,9,144,At Risk
33318,Andrea Mcknight,312,6,14289,0,2,4,3,9,243,At Risk
33321,Christopher Boone,315,7,20013,1,2,5,5,12,255,At Risk
33344,Robert Wilson,280,6,14411,0,2,4,3,9,243,At Risk
33352,Robert Nguyen,369,6,22293,0,2,4,5,11,245,At Risk
33365,Carrie Johnson,441,6,24647,0,1,4,5,10,145,At Risk
33375,Julie Nelson,361,6,23075,0,2,4,5,11,245,At Risk
33386,Brenda Hernandez,411,6,13643,0,2,4,3,9,243,At Risk
33388,Alex Brown,436,6,17263,0,1,4,4,9,144,At Risk
33401,Paul Gardner,580,6,14240,0,1,4,3,8,143,At Risk
33421,Jonathon Walker,472,8,20972,0,1,5,5,11,155,At Risk
33425,Nicholas Moore,765,5,12619,0,1,3,3,7,133,At Risk
33430,Erica Fowler,275,6,22109,1,2,4,5,11,245,At Risk
33433,Travis Knox,260,6,18870,1,2,4,4,10,244,At Risk
33434,Cassandra Cruz,379,6,12782,0,2,4,3,9,243,At Risk
33438,Derek Wright,421,6,17104,0,2,4,4,10,244,At Risk
33441,Levi Simpson,306,5,16837,0,2,3,4,9,234,At Risk
33444,Kenneth Brown,321,8,24594,0,2,5,5,12,255,At Risk
33459,Adam Jones,268,7,23552,0,2,5,5,12,255,At Risk
33465,Sydney Williams,685,7,21178,0,1,5,5,11,155,At Risk
33473,Samuel Callahan,324,5,19351,0,2,3,5,10,235,At Risk
33485,Gerald Simmons,249,6,21762,0,2,4,5,11,245,At Risk
33493,Sydney Velasquez,535,5,13431,0,1,3,3,7,133,At Risk
33494,Pamela Clark,397,8,17626,1,2,5,4,11,254,At Risk
33499,Kim Gilbert,347,5,11364,0,2,3,3,8,233,At Risk
33514,William Fitzgerald DDS,243,7,21278,0,2,5,5,12,255,At Risk
33518,Gregory Whitehead,318,7,16896,0,2,5,4,11,254,At Risk
33522,Michael Rowe,267,7,13590,0,2,5,3,10,253,At Risk
33542,Kelly Singh,251,5,21839,0,2,3,5,10,235,At Risk
33561,Timothy Lewis,261,7,17974,0,2,5,4,11,254,At Risk
33566,Brandon Dunn,249,7,21523,1,2,5,5,12,255,At Risk
33573,Mrs. Christy Wiley,552,5,12884,1,1,3,3,7,133,At Risk
33580,Anthony Cooper,479,7,17369,0,1,5,4,10,154,At Risk
33587,Frank Johnson MD,287,6,21046,0,2,4,5,11,245,At Risk
33590,Kristin Neal,271,6,11832,0,2,4,3,9,243,At Risk
33592,Melissa Medina,372,5,14823,0,2,3,4,9,234,At Risk
33597,Jonathan Parker,534,7,22597,0,1,5,5,11,155,At Risk
33603,Becky Fox,368,5,11773,0,2,3,3,8,233,At Risk
33612,Matthew Houston,289,5,13980,0,2,3,3,8,233,At Risk
33617,Timothy Potter,488,5,12218,0,1,3,3,7,133,At Risk
33621,Michelle Gray,450,5,12384,0,1,3,3,7,133,At Risk
33625,Sandra Rosales,277,9,19717,0,2,5,5,12,255,At Risk
33637,Terry Nguyen,331,7,17354,1,2,5,4,11,254,At Risk
33646,Rebecca Olsen,591,6,17449,0,1,4,4,9,144,At Risk
33659,Robert Hicks,358,8,24088,0,2,5,5,12,255,At Risk
33661,Jenna Werner,559,5,14411,0,1,3,3,7,133,At Risk
33667,Jessica Miller,535,6,12282,0,1,4,3,8,143,At Risk
33668,Deborah Ruiz,353,6,16428,1,2,4,4,10,244,At Risk
33685,Joseph Bartlett,397,7,20110,0,2,5,5,12,255,At Risk
33688,Christopher Arias,575,7,13209,0,1,5,3,9,153,At Risk
33691,Morgan Nichols,369,5,13731,0,2,3,3,8,233,At Risk
33695,Steven Sheppard,338,8,20095,0,2,5,5,12,255,At Risk
33712,Lori Huff,270,9,28920,0,2,5,5,12,255,At Risk
33720,Gina George,466,5,11949,0,1,3,3,7,133,At Risk
33724,Phillip Kline,367,5,15578,0,2,3,4,9,234,At Risk
33732,Stephanie Charles,302,8,23934,0,2,5,5,12,255,At Risk
33733,Steven Delgado,585,5,15639,0,1,3,4,8,134,At Risk
33737,Hunter Martinez,404,6,21883,0,2,4,5,11,245,At Risk
33742,Benjamin Jordan,490,6,16545,0,1,4,4,9,144,At Risk
33746,James Johnson,591,5,12627,0,1,3,3,7,133,At Risk
33750,Brandon Banks,465,5,16450,0,1,3,4,8,134,At Risk
33758,Pamela Cain,402,6,16465,0,2,4,4,10,244,At Risk
33759,James Sampson,434,7,14960,0,1,5,4,10,154,At Risk
33764,Denise Marks,725,5,11838,0,1,3,3,7,133,At Risk
33766,Casey Perez,380,7,19033,0,2,5,4,11,254,At Risk
33778,Bonnie Mejia,527,5,13486,0,1,3,3,7,133,At Risk
33785,Aaron Krueger,251,6,14148,0,2,4,3,9,243,At Risk
33798,Annette Cohen,390,6,20192,0,2,4,5,11,245,At Risk
33822,Brandon Simpson,252,9,27861,0,2,5,5,12,255,At Risk
33824,Gregory Norris,361,8,28014,0,2,5,5,12,255,At Risk
33842,Susan Marshall,422,5,13781,0,2,3,3,8,233,At Risk
33872,Miguel Rodriguez,250,7,19095,0,2,5,4,11,254,At Risk
33883,Patricia Castillo,313,6,16852,0,2,4,4,10,244,At Risk
33887,Lisa Myers,486,5,13541,0,1,3,3,7,133,At Risk
33891,Stacey Swanson,397,5,15265,0,2,3,4,9,234,At Risk
33895,Leonard Ford,338,6,12661,1,2,4,3,9,243,At Risk
33902,Kathy Kennedy,295,6,16921,1,2,4,4,10,244,At Risk
33922,Brian Short,621,6,17813,0,1,4,4,9,144,At Risk
33926,Ellen Melton,308,6,20262,0,2,4,5,11,245,At Risk
33930,Brenda Barton,245,7,16447,0,2,5,4,11,254,At Risk
33931,Randall Hatfield,565,6,18236,1,1,4,4,9,144,At Risk
33935,Daniel Jones,348,6,12467,0,2,4,3,9,243,At Risk
33942,Carrie Curry,296,5,15413,0,2,3,4,9,234,At Risk
33954,Shannon Hudson,367,9,27700,0,2,5,5,12,255,At Risk
33971,Jacob Casey,431,5,12233,0,1,3,3,7,133,At Risk
33975,Patricia Brooks,410,5,15324,0,2,3,4,9,234,At Risk
33979,Laura Brown,446,5,15992,0,1,3,4,8,134,At Risk
33988,Laura Lawrence,316,5,12416,1,2,3,3,8,233,At Risk
34000,Shawn Rodriguez,365,5,13867,0,2,3,3,8,233,At Risk
34015,Willie Mclaughlin,433,5,17059,0,1,3,4,8,134,At Risk
34022,Emily Reed,252,8,17010,0,2,5,4,11,254,At Risk
34025,Aaron Morris,291,5,18428,1,2,3,4,9,234,At Risk
34026,Susan Mcneil,540,5,15545,0,1,3,4,8,134,At Risk
34032,Lindsey Hart,504,7,14460,0,1,5,3,9,153,At Risk
34037,Edgar Bullock,614,6,22214,0,1,4,5,10,145,At Risk
34040,Penny Hernandez,392,6,18511,0,2,4,4,10,244,At Risk
34043,Amy Brown,337,8,26931,0,2,5,5,12,255,At Risk
34055,Danielle Bennett,433,5,13489,1,1,3,3,7,133,At Risk
34056,Emily Allen,294,5,13673,0,2,3,3,8,233,At Risk
34069,Joel Porter,299,5,19055,1,2,3,4,9,234,At Risk
34074,John Moss,535,5,14802,0,1,3,3,7,133,At Risk
34081,Andrew Cunningham,271,5,16707,0,2,3,4,9,234,At Risk
34085,John White,291,5,11992,0,2,3,3,8,233,At Risk
34088,Carmen Garcia,314,5,13981,0,2,3,3,8,233,At Risk
34091,Teresa Porter,533,5,13553,1,1,3,3,7,133,At Risk
34093,Mrs. Sarah Grant,575,6,12680,0,1,4,3,8,143,At Risk
34095,Michael Martin,1105,5,14643,0,1,3,3,7,133,At Risk
34102,Dylan Snow,433,6,14594,1,1,4,3,8,143,At Risk
34106,Laura Erickson,401,5,12129,0,2,3,3,8,233,At Risk
34110,Andrea Morris,286,5,14953,0,2,3,4,9,234,At Risk
34113,Melissa Wilson,438,6,20194,0,1,4,5,10,145,At Risk
34118,Donna Rodriguez,360,7,21686,0,2,5,5,12,255,At Risk
34122,Robert Hardy,328,7,16035,0,2,5,4,11,254,At Risk
34137,Paul Calhoun,280,5,14830,0,2,3,4,9,234,At Risk
34153,Ms. Krystal Knight,475,5,12737,0,1,3,3,7,133,At Risk
34155,Bobby Garcia,265,7,24752,0,2,5,5,12,255,At Risk
34175,Crystal Miller,504,6,15926,0,1,4,4,9,144,At Risk
34180,Ashley Scott,671,5,13834,0,1,3,3,7,133,At Risk
34188,Sheila Clark,292,6,17894,0,2,4,4,10,244,At Risk
34195,Laura Berry,251,6,18846,0,2,4,4,10,244,At Risk
34198,Hunter King,255,8,20564,1,2,5,5,12,255,At Risk
34199,Jennifer Mcbride,364,5,15571,0,2,3,4,9,234,At Risk
34212,Ian Jackson,346,9,16983,0,2,5,4,11,254,At Risk
34219,Sylvia Garcia,272,5,15889,0,2,3,4,9,234,At Risk
34234,Samuel Miller,297,5,19650,0,2,3,5,10,235,At Risk
34237,Anthony Williams,264,6,13821,0,2,4,3,9,243,At Risk
34247,Megan Hughes,540,9,17159,0,1,5,4,10,154,At Risk
34260,Courtney Taylor,375,5,11902,0,2,3,3,8,233,At Risk
34271,Dennis Allen,311,6,19913,0,2,4,5,11,245,At Risk
34272,Steven Sanchez,284,5,20967,0,2,3,5,10,235,At Risk
34286,Debra Schmidt,291,5,14234,0,2,3,3,8,233,At Risk
34287,Mrs. Shelley Mcmahon,486,6,21585,0,1,4,5,10,145,At Risk
34288,Charles Singleton,353,8,21745,1,2,5,5,12,255,At Risk
34295,Michael Carter,257,7,18673,1,2,5,4,11,254,At Risk
34297,Maureen Edwards,322,9,26721,0,2,5,5,12,255,At Risk
34298,Christy Houston,401,7,19726,0,2,5,5,12,255,At Risk
34314,Elizabeth Reyes,305,5,16570,0,2,3,4,9,234,At Risk
34325,Ricardo Nichols II,292,10,28451,0,2,5,5,12,255,At Risk
34349,Taylor Nielsen,351,6,15137,0,2,4,4,10,244,At Risk
34351,Jacqueline Garcia,251,8,21556,0,2,5,5,12,255,At Risk
34355,Mckenzie Herrera,366,10,22837,0,2,5,5,12,255,At Risk
34364,Donna Wolf,359,5,14162,0,2,3,3,8,233,At Risk
34373,Lisa Moore,439,6,17558,0,1,4,4,9,144,At Risk
34374,Victor Williams,276,7,18542,1,2,5,4,11,254,At Risk
34378,Crystal Harrell,336,5,11575,0,2,3,3,8,233,At Risk
34391,Melinda Richardson,320,6,16458,0,2,4,4,10,244,At Risk
34398,Andrew Ingram,311,7,16933,1,2,5,4,11,254,At Risk
34406,Denise Michael,837,5,13828,0,1,3,3,7,133,At Risk
34407,Kurt Anderson,937,5,14876,0,1,3,4,8,134,At Risk
34411,Shawn Jimenez,493,5,16730,0,1,3,4,8,134,At Risk
34435,Brendan Rodriguez,322,6,14917,0,2,4,4,10,244,At Risk
34440,Jennifer Bentley,555,5,11461,0,1,3,3,7,133,At Risk
34456,John Flores,256,9,21737,0,2,5,5,12,255,At Risk
34469,Charles Ford,276,5,16965,0,2,3,4,9,234,At Risk
34480,Robert Moon,439,5,16425,0,1,3,4,8,134,At Risk
34483,Audrey Mullen,325,5,19695,0,2,3,5,10,235,At Risk
34504,Darrell Murphy,280,5,16600,0,2,3,4,9,234,At Risk
34507,Hannah Peterson,454,7,15163,1,1,5,4,10,154,At Risk
34516,Cheryl Meyer,287,8,21038,1,2,5,5,12,255,At Risk
34532,Michael Valenzuela,279,7,22733,0,2,5,5,12,255,At Risk
34545,Joseph Ray,321,5,14903,0,2,3,4,9,234,At Risk
34556,Melissa Clay,641,5,18210,0,1,3,4,8,134,At Risk
34565,Dr. Austin Anderson DVM,453,7,13793,0,1,5,3,9,153,At Risk
34570,Maria Christian,503,6,20158,0,1,4,5,10,145,At Risk
34576,Melissa Williams,368,5,14567,0,2,3,3,8,233,At Risk
34580,Zachary Carroll,520,8,28951,1,1,5,5,11,155,At Risk
34596,Linda Herrera,251,6,16710,0,2,4,4,10,244,At Risk
34614,Dylan Hernandez,302,10,24011,1,2,5,5,12,255,At Risk
34616,Erica Henderson,316,8,25057,1,2,5,5,12,255,At Risk
34621,Patrick Wilson,289,8,27214,0,2,5,5,12,255,At Risk
34623,David Chapman,454,7,18430,0,1,5,4,10,154,At Risk
34627,Nathaniel Spears,350,6,21794,0,2,4,5,11,245,At Risk
34632,Jessica Cooper,281,9,21081,0,2,5,5,12,255,At Risk
34636,Natalie Sherman,285,6,19505,0,2,4,5,11,245,At Risk
34641,Jessica Underwood,396,5,14017,0,2,3,3,8,233,At Risk
34642,Elizabeth Hill,485,5,12485,0,1,3,3,7,133,At Risk
34679,Benjamin Miller,433,7,14653,0,1,5,3,9,153,At Risk
34680,Cathy Hall,360,6,15628,0,2,4,4,10,244,At Risk
34682,Tiffany Martinez,260,5,11883,0,2,3,3,8,233,At Risk
34703,Denise Nelson,544,5,20966,0,1,3,5,9,135,At Risk
34720,Jeffrey Blanchard,534,11,36175,0,1,5,5,11,155,At Risk
34730,Angela Garcia,243,5,13121,0,2,3,3,8,233,At Risk
34732,Savannah Ramirez,327,6,18318,0,2,4,4,10,244,At Risk
34733,Kevin Hoover,399,10,32757,0,2,5,5,12,255,At Risk
34735,Greg Lee,368,6,14826,0,2,4,4,10,244,At Risk
34738,Patricia Hood,535,5,13690,0,1,3,3,7,133,At Risk
34749,Kristi Moreno,569,6,14027,0,1,4,3,8,143,At Risk
34755,Thomas Frye,598,5,17635,0,1,3,4,8,134,At Risk
34759,Rachel Palmer,269,8,17437,0,2,5,4,11,254,At Risk
34765,Allen Jackson,279,6,15141,0,2,4,4,10,244,At Risk
34772,Kimberly Burgess,288,8,25300,0,2,5,5,12,255,At Risk
34781,Susan Ayers,266,11,25488,0,2,5,5,12,255,At Risk
34808,Adrienne Lynch,266,6,14306,0,2,4,3,9,243,At Risk
34812,Patricia Morrison,326,9,20347,0,2,5,5,12,255,At Risk
34816,Scott Ibarra,323,5,18079,1,2,3,4,9,234,At Risk
34828,Chad Fisher,558,5,16526,0,1,3,4,8,134,At Risk
34830,Vanessa Wilson,300,6,24359,0,2,4,5,11,245,At Risk
34834,Jeffrey Mclean,519,9,25854,0,1,5,5,11,155,At Risk
34847,Lori Montgomery,279,7,18217,1,2,5,4,11,254,At Risk
34848,Patrick Mendez,579,5,14717,0,1,3,3,7,133,At Risk
34852,Vanessa Barton,531,7,16497,1,1,5,4,10,154,At Risk
34862,Jonathan Evans,344,6,13108,0,2,4,3,9,243,At Risk
34863,Sandra Crawford,243,5,16358,0,2,3,4,9,234,At Risk
34890,Nathan Henson,512,6,16060,0,1,4,4,9,144,At Risk
34900,Julie Rice,305,5,11996,1,2,3,3,8,233,At Risk
34901,Sheryl Dorsey,431,6,22729,1,1,4,5,10,145,At Risk
34904,Jeffrey Vega,337,8,22381,0,2,5,5,12,255,At Risk
34907,Angelica Thompson,502,6,15476,0,1,4,4,9,144,At Risk
34909,Richard Larsen,268,5,13356,1,2,3,3,8,233,At Risk
34910,Laura Salinas,298,6,16278,0,2,4,4,10,244,At Risk
34917,Destiny Brown,350,6,19602,0,2,4,5,11,245,At Risk
34930,Sarah Smith,661,7,15173,0,1,5,4,10,154,At Risk
34931,Jamie Rodriguez,289,12,28634,0,2,5,5,12,255,At Risk
34937,Christopher Johnson,326,7,16628,0,2,5,4,11,254,At Risk
34938,Tina Lawson,243,5,17064,0,2,3,4,9,234,At Risk
34964,David Lynch,308,5,11442,0,2,3,3,8,233,At Risk
34972,Cassandra Wright,687,6,20170,0,1,4,5,10,145,At Risk
34981,Derek Woods,919,5,14343,0,1,3,3,7,133,At Risk
34987,Brian Wright,370,8,21652,0,2,5,5,12,255,At Risk
34994,Derrick Espinoza DVM,462,5,12615,0,1,3,3,7,133,At Risk
35003,Eileen Ruiz,632,5,14413,0,1,3,3,7,133,At Risk
35010,Timothy Fuller,517,5,16111,0,1,3,4,8,134,At Risk
35019,Anthony Mccoy,347,5,13108,0,2,3,3,8,233,At Risk
35035,Jason Aguilar,365,6,18749,0,2,4,4,10,244,At Risk
35037,Mrs. Jennifer Lucas,349,11,41218,1,2,5,5,12,255,At Risk
35039,Brandon Long,593,5,12915,0,1,3,3,7,133,At Risk
35044,Brian Johnson,345,5,15096,1,2,3,4,9,234,At Risk
35054,Sarah Odom,257,5,18329,1,2,3,4,9,234,At Risk
35056,Melissa Roach,416,8,20764,0,2,5,5,12,255,At Risk
35058,Timothy Chapman,263,8,30450,1,2,5,5,12,255,At Risk
35059,Timothy Osborne,252,5,15631,0,2,3,4,9,234,At Risk
35063,Richard Shaw,351,6,20388,0,2,4,5,11,245,At Risk
35066,Calvin Hill,284,7,15905,1,2,5,4,11,254,At Risk
35072,Regina Ortiz,501,7,16513,1,1,5,4,10,154,At Risk
35077,Brenda Mendoza,601,5,14789,0,1,3,3,7,133,At Risk
35079,Pamela Stevens,608,5,14237,0,1,3,3,7,133,At Risk
35084,Justin Lozano,438,5,11438,0,1,3,3,7,133,At Risk
35093,Michelle Cox,252,8,22337,0,2,5,5,12,255,At Risk
35094,Sarah Sims,391,5,16125,0,2,3,4,9,234,At Risk
35105,Joseph Torres,429,5,15320,0,1,3,4,8,134,At Risk
35108,Richard Stein,374,5,16088,0,2,3,4,9,234,At Risk
35130,Kenneth Waters,490,7,21227,0,1,5,5,11,155,At Risk
35132,Mary Thomas,929,6,17689,0,1,4,4,9,144,At Risk
35137,Joseph Miller,754,7,13846,0,1,5,3,9,153,At Risk
35146,Roy Parker,272,7,17961,0,2,5,4,11,254,At Risk
35149,Melanie Hays,455,6,15023,1,1,4,4,9,144,At Risk
35156,Gina Carter,327,6,16702,0,2,4,4,10,244,At Risk
35157,Diane Mcpherson,332,9,26259,1,2,5,5,12,255,At Risk
35172,Terry Davis,353,6,15466,1,2,4,4,10,244,At Risk
35186,Michael Cole,243,11,30646,0,2,5,5,12,255,At Risk
35189,Elizabeth Jones,271,11,27982,0,2,5,5,12,255,At Risk
35210,Colleen King,243,5,13762,0,2,3,3,8,233,At Risk
35219,Andre Coleman,252,6,19347,1,2,4,5,11,245,At Risk
35223,Karen Francis,497,7,21980,0,1,5,5,11,155,At Risk
35234,Mary Navarro,312,7,20144,0,2,5,5,12,255,At Risk
35235,Carmen Moore,289,8,17128,0,2,5,4,11,254,At Risk
35238,George Avila,311,6,14856,1,2,4,4,10,244,At Risk
35241,Lindsay Parker,533,5,12682,0,1,3,3,7,133,At Risk
35256,Joseph Carey,291,11,39268,1,2,5,5,12,255,At Risk
35260,Kimberly Simmons,313,5,17917,1,2,3,4,9,234,At Risk
35270,Brittany Mendoza,561,5,14576,0,1,3,3,7,133,At Risk
35280,Bryan Mclaughlin,313,6,21201,0,2,4,5,11,245,At Risk
35281,Shirley Schwartz,525,8,19086,0,1,5,4,10,154,At Risk
35282,Lisa Brock,286,8,20139,0,2,5,5,12,255,At Risk
35283,Todd Gibson,290,5,14488,0,2,3,3,8,233,At Risk
35285,Eric Taylor,534,5,13267,0,1,3,3,7,133,At Risk
35286,Sharon Lopez,318,9,26506,1,2,5,5,12,255,At Risk
35291,Christopher Jarvis,310,9,30067,0,2,5,5,12,255,At Risk
35296,Andrea Green,583,6,12705,0,1,4,3,8,143,At Risk
35300,Cory Meadows,275,6,11737,0,2,4,3,9,243,At Risk
35305,David Perez,285,6,16175,0,2,4,4,10,244,At Risk
35307,Robert Clark,598,5,16285,0,1,3,4,8,134,At Risk
35312,Katie Flowers,258,8,16767,1,2,5,4,11,254,At Risk
35323,Tiffany Davis,430,5,17552,0,1,3,4,8,134,At Risk
35324,Donald Hill,311,7,21874,0,2,5,5,12,255,At Risk
35326,Mary Maynard,269,5,17776,0,2,3,4,9,234,At Risk
35328,George Henry,628,5,18645,0,1,3,4,8,134,At Risk
35336,Mrs. Zoe Miller,420,6,20746,1,2,4,5,11,245,At Risk
35342,Joseph Rodriguez,487,5,13368,0,1,3,3,7,133,At Risk
35345,Ethan Good,262,7,25902,1,2,5,5,12,255,At Risk
35346,April Dorsey,721,5,13637,1,1,3,3,7,133,At Risk
35356,Dominic Scott,255,7,26434,0,2,5,5,12,255,At Risk
35359,Nicholas Benjamin,294,5,21904,0,2,3,5,10,235,At Risk
35366,Susan Smith,270,5,13384,0,2,3,3,8,233,At Risk
35377,Jose Hernandez,371,5,14511,0,2,3,3,8,233,At Risk
35383,Monica Poole,370,5,17114,1,2,3,4,9,234,At Risk
35389,Brian Sanders,295,5,14938,1,2,3,4,9,234,At Risk
35403,Tony Campbell,280,6,11888,0,2,4,3,9,243,At Risk
35407,Lawrence Huber,273,6,14538,0,2,4,3,9,243,At Risk
35409,Sydney Craig,408,6,23563,0,2,4,5,11,245,At Risk
35410,Jennifer Henderson,271,8,26351,0,2,5,5,12,255,At Risk
35418,Michael Thomas,287,6,18100,0,2,4,4,10,244,At Risk
35426,Philip Espinoza,627,5,13469,0,1,3,3,7,133,At Risk
35429,Sara Osborn,299,6,15563,0,2,4,4,10,244,At Risk
35434,Tyler Lucas,325,5,13935,1,2,3,3,8,233,At Risk
35440,Jane Daniel,299,5,20059,1,2,3,5,10,235,At Risk
35445,Julia Pena,440,5,13425,1,1,3,3,7,133,At Risk
35455,Brian Brown,295,5,18501,0,2,3,4,9,234,At Risk
35463,Rebecca Stokes,686,5,12404,1,1,3,3,7,133,At Risk
35464,Joseph Barrett,315,5,16039,1,2,3,4,9,234,At Risk
35465,Denise Watson,327,6,14027,0,2,4,3,9,243,At Risk
35483,Madison Martin,417,6,18824,0,2,4,4,10,244,At Risk
35497,Linda Cole,774,5,11468,0,1,3,3,7,133,At Risk
35503,Sarah Lopez,593,5,15750,0,1,3,4,8,134,At Risk
35520,Michael Johnson,439,5,15939,1,1,3,4,8,134,At Risk
35524,Jason Shields,493,5,17095,0,1,3,4,8,134,At Risk
35526,Juan Lopez,302,7,26367,0,2,5,5,12,255,At Risk
35536,Mr. Spencer Brown,508,10,29434,0,1,5,5,11,155,At Risk
35548,Robert Garner,385,5,13226,0,2,3,3,8,233,At Risk
35550,Dennis Hunter,524,5,15917,1,1,3,4,8,134,At Risk
35556,Audrey Valentine,379,5,12901,0,2,3,3,8,233,At Risk
35566,David Ferguson,258,6,15305,0,2,4,4,10,244,At Risk
35568,Haley Kelly,397,5,13609,0,2,3,3,8,233,At Risk
35577,Mr. Christopher Gordon II,561,5,13101,0,1,3,3,7,133,At Risk
35578,Michelle Allen,434,5,13937,1,1,3,3,7,133,At Risk
35579,Kristin Cameron,314,9,28208,1,2,5,5,12,255,At Risk
35582,Brandon Gonzalez,383,5,14618,1,2,3,3,8,233,At Risk
35593,Jesse Padilla,492,6,23243,0,1,4,5,10,145,At Risk
35615,Michelle Adams,573,6,14664,1,1,4,3,8,143,At Risk
35630,Elizabeth Sanchez,382,5,17835,0,2,3,4,9,234,At Risk
35638,Lee Wilson,442,7,18117,0,1,5,4,10,154,At Risk
35661,Stacey Torres,415,5,15089,1,2,3,4,9,234,At Risk
35671,Melissa Hill,402,7,20778,0,2,5,5,12,255,At Risk
35672,Ryan Wilson,407,7,23749,0,2,5,5,12,255,At Risk
35705,Joseph Nolan,262,8,24780,0,2,5,5,12,255,At Risk
35706,Henry Kemp,375,5,13698,0,2,3,3,8,233,At Risk
35725,Justin Ray,430,6,21736,0,1,4,5,10,145,At Risk
35728,Dustin Young,374,7,17930,1,2,5,4,11,254,At Risk
35731,Adrian Burch,548,5,16092,0,1,3,4,8,134,At Risk
35737,Michael Morgan,627,5,12103,0,1,3,3,7,133,At Risk
35749,Nicole Johnson,376,5,11863,1,2,3,3,8,233,At Risk
35751,Stuart Fuller,266,6,12855,1,2,4,3,9,243,At Risk
35765,Jacob Carpenter,678,6,12026,0,1,4,3,8,143,At Risk
35767,Bonnie Fritz,301,5,15287,1,2,3,4,9,234,At Risk
35776,Jennifer Andrews,748,6,15283,0,1,4,4,9,144,At Risk
35787,Rachel Gonzalez,708,5,15374,0,1,3,4,8,134,At Risk
35795,Kimberly Hopkins,582,6,13855,0,1,4,3,8,143,At Risk
35809,David Haney,522,9,23453,0,1,5,5,11,155,At Risk
35814,Derek Gardner,280,8,31063,0,2,5,5,12,255,At Risk
35817,Debra Oconnell,319,8,24612,0,2,5,5,12,255,At Risk
35828,Antonio Anderson,309,8,22441,0,2,5,5,12,255,At Risk
35830,Holly Calhoun,335,5,14779,0,2,3,3,8,233,At Risk
35832,Rachel Pratt,328,7,15375,0,2,5,4,11,254,At Risk
35834,Emily Lawson,373,5,16138,0,2,3,4,9,234,At Risk
35849,Jessica Hardy,476,6,14849,0,1,4,4,9,144,At Risk
35852,Aaron Miranda,256,8,19836,0,2,5,5,12,255,At Risk
35874,Alexis Beard,261,5,12813,0,2,3,3,8,233,At Risk
35900,Charles Clark,312,6,17830,0,2,4,4,10,244,At Risk
35914,Jeffrey Heath,283,7,15085,0,2,5,4,11,254,At Risk
35915,Jesus Bell,541,5,18678,0,1,3,4,8,134,At Risk
35926,Jacob Fisher,346,6,21089,0,2,4,5,11,245,At Risk
35934,Corey Carter,555,5,12233,0,1,3,3,7,133,At Risk
35946,Robin Wilson,459,5,22905,0,1,3,5,9,135,At Risk
35958,Janice Carlson,793,6,12760,0,1,4,3,8,143,At Risk
35960,Robin Waller,313,7,16878,0,2,5,4,11,254,At Risk
35962,Amy Allen,273,5,11888,1,2,3,3,8,233,At Risk
35988,Melissa Skinner,288,6,15289,0,2,4,4,10,244,At Risk
35989,Kenneth Bentley,404,7,15410,1,2,5,4,11,254,At Risk
35990,Catherine Miller,264,6,18196,0,2,4,4,10,244,At Risk
36020,Carlos Obrien,256,5,15157,1,2,3,4,9,234,At Risk
36026,Eric Maldonado,313,5,14074,0,2,3,3,8,233,At Risk
36039,Jay Butler,299,8,22095,0,2,5,5,12,255,At Risk
36040,Thomas Downs,252,8,23215,0,2,5,5,12,255,At Risk
36042,Chris Castro,306,6,13291,0,2,4,3,9,243,At Risk
36052,Kimberly Waters,270,8,14446,0,2,5,3,10,253,At Risk
36073,Jamie Escobar MD,796,6,12496,0,1,4,3,8,143,At Risk
36092,Luis Soto,476,5,19171,0,1,3,4,8,134,At Risk
36094,Karen Goodman,497,5,17855,0,1,3,4,8,134,At Risk
36095,Brian Anderson,252,5,16813,0,2,3,4,9,234,At Risk
36101,Anne Thomas,356,8,19332,0,2,5,5,12,255,At Risk
36111,Hannah Morales,357,8,21454,0,2,5,5,12,255,At Risk
36114,Dr. Robert Freeman Jr.,332,6,21858,1,2,4,5,11,245,At Risk
36133,Troy Morgan,244,8,26241,0,2,5,5,12,255,At Risk
36151,Elizabeth Burton,569,7,15718,1,1,5,4,10,154,At Risk
36164,Dr. Thomas Kennedy,413,9,30161,0,2,5,5,12,255,At Risk
36167,Jacob Walker,341,6,14330,1,2,4,3,9,243,At Risk
36168,Craig Garcia,319,6,20486,0,2,4,5,11,245,At Risk
36172,Robert Byrd,269,11,27305,0,2,5,5,12,255,At Risk
36182,Dawn Massey,845,5,13204,0,1,3,3,7,133,At Risk
36193,Anthony Martinez,517,7,24045,0,1,5,5,11,155,At Risk
36195,Mark Wolfe,335,11,32163,1,2,5,5,12,255,At Risk
36198,Joel Carroll,414,6,18237,0,2,4,4,10,244,At Risk
36200,Danielle Hawkins,269,6,14571,1,2,4,3,9,243,At Risk
36201,Jason Cortez,272,5,12245,0,2,3,3,8,233,At Risk
36202,Amanda Larsen,309,10,28048,0,2,5,5,12,255,At Risk
36213,Austin Chavez,260,9,21353,0,2,5,5,12,255,At Risk
36218,Nicole Schultz,459,6,19856,0,1,4,5,10,145,At Risk
36231,Jason Williams,285,7,18312,1,2,5,4,11,254,At Risk
36243,Alexis Bailey,671,5,16467,0,1,3,4,8,134,At Risk
36266,Sue King,349,6,17341,0,2,4,4,10,244,At Risk
36271,Lisa Rojas,435,6,22386,1,1,4,5,10,145,At Risk
36282,Stephen Collins,401,5,20430,1,2,3,5,10,235,At Risk
36285,Kendra Smith,292,6,15326,1,2,4,4,10,244,At Risk
36290,Edward Sims,655,7,14812,0,1,5,4,10,154,At Risk
36293,Cheryl Mcgrath,250,6,15678,1,2,4,4,10,244,At Risk
36300,Rebecca Kennedy,284,6,16343,1,2,4,4,10,244,At Risk
36304,Michael Castillo,508,6,22475,0,1,4,5,10,145,At Risk
36312,Jane Johnson,243,5,11384,1,2,3,3,8,233,At Risk
36329,Diana Thompson,262,7,22642,1,2,5,5,12,255,At Risk
36335,Krystal Taylor,355,8,22280,1,2,5,5,12,255,At Risk
36340,Michelle Park,243,6,15154,0,2,4,4,10,244,At Risk
36362,Ronnie Fletcher,284,5,13227,0,2,3,3,8,233,At Risk
36365,John Garrison,258,6,15453,0,2,4,4,10,244,At Risk
36369,Joseph Fields,324,5,12482,0,2,3,3,8,233,At Risk
36371,Susan Fleming,436,5,16468,1,1,3,4,8,134,At Risk
36376,Christina Johnson,542,7,16518,0,1,5,4,10,154,At Risk
36381,Laura Bryan,349,7,23665,0,2,5,5,12,255,At Risk
36385,Jill Decker,423,7,24833,0,2,5,5,12,255,At Risk
36386,Eric Cooke,399,6,11772,1,2,4,3,9,243,At Risk
36388,Deborah Cruz,403,6,15539,0,2,4,4,10,244,At Risk
36391,Brian Obrien,548,6,19935,0,1,4,5,10,145,At Risk
36418,Elizabeth Walker,485,5,17175,0,1,3,4,8,134,At Risk
36420,Darin Wolf,315,6,14430,0,2,4,3,9,243,At Risk
36426,Richard Spencer,406,6,11610,0,2,4,3,9,243,At Risk
36440,Michael Burns,504,7,12066,1,1,5,3,9,153,At Risk
36464,Rose Davis,449,6,12671,0,1,4,3,8,143,At Risk
36494,Kayla Mack,426,6,16750,0,2,4,4,10,244,At Risk
36497,David Jones,373,6,12660,0,2,4,3,9,243,At Risk
36501,Bethany Knight,372,7,23028,1,2,5,5,12,255,At Risk
36504,Joel Villegas,300,5,15201,0,2,3,4,9,234,At Risk
36505,Kristy Anderson,509,5,12592,0,1,3,3,7,133,At Risk
36509,Brianna Chang,339,10,25375,0,2,5,5,12,255,At Risk
36532,Abigail Salazar,387,5,15739,1,2,3,4,9,234,At Risk
36547,Rachel Bowers,426,5,12522,1,2,3,3,8,233,At Risk
36550,Amanda Morris,287,8,24767,1,2,5,5,12,255,At Risk
36563,Anthony Weber,360,8,21611,0,2,5,5,12,255,At Risk
36565,Andres Garrett,621,6,16751,0,1,4,4,9,144,At Risk
36582,Kevin Bentley,333,7,24403,0,2,5,5,12,255,At Risk
36585,Christine Hamilton,409,8,26866,1,2,5,5,12,255,At Risk
36586,Heather Pratt,325,5,11982,0,2,3,3,8,233,At Risk
36588,Bruce White,597,10,24939,0,1,5,5,11,155,At Risk
36590,Sandra Ross,275,8,25671,0,2,5,5,12,255,At Risk
36594,Lisa Bauer,315,6,17898,1,2,4,4,10,244,At Risk
36602,Jeffrey Rocha,430,8,17950,0,1,5,4,10,154,At Risk
36621,Rachel Huang,367,6,17919,0,2,4,4,10,244,At Risk
36624,Alicia Warren,506,6,19059,0,1,4,4,9,144,At Risk
36630,Stacey Smith MD,591,5,11775,0,1,3,3,7,133,At Risk
36631,Nicole Murphy,674,6,20319,0,1,4,5,10,145,At Risk
36685,Heather Johnson,528,8,25743,0,1,5,5,11,155,At Risk
36686,Rebecca Fowler,733,5,17139,0,1,3,4,8,134,At Risk
36688,Ashley Barrett,257,9,23647,0,2,5,5,12,255,At Risk
36692,Randy Singleton,750,5,16080,0,1,3,4,8,134,At Risk
36708,Christopher Adkins,482,7,16140,0,1,5,4,10,154,At Risk
36714,Louis Thompson,294,7,18812,0,2,5,4,11,254,At Risk
36717,Dawn Andrade,253,5,12834,0,2,3,3,8,233,At Risk
36726,Sharon Whitaker,571,7,13184,0,1,5,3,9,153,At Risk
36729,Christian Hale,552,6,20037,0,1,4,5,10,145,At Risk
36739,Paul Spencer,269,5,13112,0,2,3,3,8,233,At Risk
36740,Jill Benitez,289,5,11723,0,2,3,3,8,233,At Risk
36743,Michael Bartlett,340,6,18330,0,2,4,4,10,244,At Risk
36749,Angela Castro,549,6,16045,0,1,4,4,9,144,At Risk
36753,Christopher Miller,271,5,11665,0,2,3,3,8,233,At Risk
36756,Larry Garcia,361,7,18885,0,2,5,4,11,254,At Risk
36767,Carolyn Moyer,341,7,18069,0,2,5,4,11,254,At Risk
36774,Michael Chen,568,5,13808,0,1,3,3,7,133,At Risk
36790,Thomas Gonzalez,499,6,14768,0,1,4,3,8,143,At Risk
36792,Ms. Barbara Rhodes,594,6,16979,0,1,4,4,9,144,At Risk
36795,Crystal Alvarez,260,7,12993,0,2,5,3,10,253,At Risk
36803,Brittany Smith,532,6,17422,0,1,4,4,9,144,At Risk
36807,Cameron Bates,284,5,15008,0,2,3,4,9,234,At Risk
36812,Brenda Brown,714,5,16556,0,1,3,4,8,134,At Risk
36814,Joanne Smith,272,5,11987,0,2,3,3,8,233,At Risk
36822,Jeffrey Herman,313,6,19567,0,2,4,5,11,245,At Risk
36827,Kelsey Farmer,328,8,31321,0,2,5,5,12,255,At Risk
36833,Austin Rogers,283,6,11531,0,2,4,3,9,243,At Risk
36835,Eric Garcia,355,7,12338,1,2,5,3,10,253,At Risk
36839,Rachel Johnson,285,8,27285,0,2,5,5,12,255,At Risk
36840,Sara Shepard,284,7,18532,0,2,5,4,11,254,At Risk
36841,Marissa Shepherd,443,8,13714,1,1,5,3,9,153,At Risk
36844,Charles Vance,340,7,24543,1,2,5,5,12,255,At Risk
36871,Brittany English,312,5,13925,0,2,3,3,8,233,At Risk
36873,Stacy Martin,403,6,15130,1,2,4,4,10,244,At Risk
36897,Chad Bishop,337,6,14710,0,2,4,3,9,243,At Risk
36905,Kim Mitchell,318,6,15224,0,2,4,4,10,244,At Risk
36913,Jeremy Wilson,304,9,19959,0,2,5,5,12,255,At Risk
36918,April Williams DVM,500,6,13437,1,1,4,3,8,143,At Risk
36927,Joshua Lynn,383,7,14566,0,2,5,3,10,253,At Risk
36931,Heather Rocha,338,5,14844,1,2,3,4,9,234,At Risk
36937,Peter Hinton,525,5,17397,0,1,3,4,8,134,At Risk
36939,Andrew Perry,305,5,12846,0,2,3,3,8,233,At Risk
36940,Danielle Howard,531,5,14488,0,1,3,3,7,133,At Risk
36952,John Dixon,324,10,28761,0,2,5,5,12,255,At Risk
36954,Becky Stevens,333,5,17615,0,2,3,4,9,234,At Risk
36965,Trevor Davis,302,11,35844,0,2,5,5,12,255,At Risk
36968,Kerry Chen,276,6,19521,0,2,4,5,11,245,At Risk
36972,Nicole David,384,5,19722,0,2,3,5,10,235,At Risk
36979,Robert Kline,270,6,21566,0,2,4,5,11,245,At Risk
36992,Heather Herrera,275,6,17268,0,2,4,4,10,244,At Risk
37000,Robin Mora,245,8,20777,0,2,5,5,12,255,At Risk
37001,Brenda Fry,392,5,13419,0,2,3,3,8,233,At Risk
37006,Stephanie Watkins,950,6,14524,0,1,4,3,8,143,At Risk
37009,Jeremiah Bolton,286,8,18191,1,2,5,4,11,254,At Risk
37015,Tiffany Reynolds,362,7,18068,1,2,5,4,11,254,At Risk
37022,Ryan Cervantes,608,5,17455,0,1,3,4,8,134,At Risk
37023,Manuel Colon,286,5,13261,1,2,3,3,8,233,At Risk
37024,James Woods,367,6,16871,0,2,4,4,10,244,At Risk
37040,Erin Murray,603,5,13454,0,1,3,3,7,133,At Risk
37041,Mindy Tate,473,5,13856,0,1,3,3,7,133,At Risk
37045,Christopher Valdez,333,6,16586,0,2,4,4,10,244,At Risk
37047,Lisa Wolfe,364,8,24118,0,2,5,5,12,255,At Risk
37051,David Hendricks,693,5,16834,0,1,3,4,8,134,At Risk
37060,Shannon Hawkins,260,7,25168,0,2,5,5,12,255,At Risk
37063,Michael Owens,434,5,13601,0,1,3,3,7,133,At Risk
37064,Rebecca Pena,525,6,13782,0,1,4,3,8,143,At Risk
37065,Cynthia Boone,259,6,22742,1,2,4,5,11,245,At Risk
37074,Roberta Garcia,348,6,24104,0,2,4,5,11,245,At Risk
37092,Jill Carson,243,6,16238,0,2,4,4,10,244,At Risk
37098,Michelle Bailey,276,7,16365,0,2,5,4,11,254,At Risk
37100,Aaron Hill,276,5,15857,1,2,3,4,9,234,At Risk
37106,Debra Clark,253,5,12601,0,2,3,3,8,233,At Risk
37109,Justin Swanson,398,7,17884,1,2,5,4,11,254,At Risk
37136,Stephanie Sanders,299,7,20221,0,2,5,5,12,255,At Risk
37137,Sean Riley,261,6,12653,0,2,4,3,9,243,At Risk
37166,Erin James,412,6,19091,1,2,4,4,10,244,At Risk
37168,Gene Nunez,575,5,15451,0,1,3,4,8,134,At Risk
37169,Anna Taylor,256,6,17299,1,2,4,4,10,244,At Risk
37179,Nicholas Moore,975,5,14702,0,1,3,3,7,133,At Risk
37194,Brad Graves,377,8,16308,0,2,5,4,11,254,At Risk
37200,Jennifer Owens,245,8,21859,0,2,5,5,12,255,At Risk
37203,Taylor Kelly,424,8,20124,0,2,5,5,12,255,At Risk
37213,Krista Valencia,263,6,15381,0,2,4,4,10,244,At Risk
37228,Megan Velazquez,529,6,19615,0,1,4,5,10,145,At Risk
37235,Jose Wells,570,7,18181,0,1,5,4,10,154,At Risk
37244,Randy Lane,328,5,12699,1,2,3,3,8,233,At Risk
37252,Brittany Thompson,478,5,15733,0,1,3,4,8,134,At Risk
37254,Timothy Stevens,514,5,16110,0,1,3,4,8,134,At Risk
37266,Steven Brown,373,7,22795,0,2,5,5,12,255,At Risk
37279,Christina Delgado,277,5,17877,0,2,3,4,9,234,At Risk
37286,Lisa Evans,368,6,21021,0,2,4,5,11,245,At Risk
37289,Trevor Vaughn,269,8,22511,0,2,5,5,12,255,At Risk
37290,Daniel Griffith,603,5,16717,0,1,3,4,8,134,At Risk
37292,Julia Jones,583,6,17466,0,1,4,4,9,144,At Risk
37293,Aaron Herrera,456,5,12395,0,1,3,3,7,133,At Risk
37304,Michelle Lewis,386,6,17999,1,2,4,4,10,244,At Risk
37308,Alexis Lara,301,6,21569,0,2,4,5,11,245,At Risk
37315,Jennifer Wilson,583,7,20206,0,1,5,5,11,155,At Risk
37319,Alexandria Hendrix,253,5,18452,0,2,3,4,9,234,At Risk
37327,Ricardo Patel,266,9,30770,1,2,5,5,12,255,At Risk
37333,Ashley Graham,323,6,19011,0,2,4,4,10,244,At Risk
37337,Laura Mclaughlin,623,7,17883,0,1,5,4,10,154,At Risk
37353,Nicole Waller,319,7,14474,0,2,5,3,10,253,At Risk
37365,Donald Peterson,314,5,13185,1,2,3,3,8,233,At Risk
37368,Nicholas Simpson,300,5,14141,0,2,3,3,8,233,At Risk
37374,Michelle Soto,334,5,13411,0,2,3,3,8,233,At Risk
37376,Katherine West,723,5,15429,1,1,3,4,8,134,At Risk
37391,Ronald Murray,404,8,25375,0,2,5,5,12,255,At Risk
37394,Melinda Schmidt,658,5,15429,0,1,3,4,8,134,At Risk
37398,Christopher Holmes,243,10,24889,0,2,5,5,12,255,At Risk
37408,Laurie George,424,6,20841,1,2,4,5,11,245,At Risk
37423,Andrea Green,318,5,12167,0,2,3,3,8,233,At Risk
37436,Matthew Richards,457,9,25772,1,1,5,5,11,155,At Risk
37463,Heather Caldwell,370,5,19437,0,2,3,5,10,235,At Risk
37464,Matthew Mitchell,556,7,24144,0,1,5,5,11,155,At Risk
37494,Timothy Hines,424,6,14211,0,2,4,3,9,243,At Risk
37495,Allison Murphy,279,6,12446,1,2,4,3,9,243,At Risk
37504,Michael Schmitt,556,5,13036,0,1,3,3,7,133,At Risk
37519,Christopher Brown,271,6,17406,0,2,4,4,10,244,At Risk
37535,Helen Roberts,290,5,12872,1,2,3,3,8,233,At Risk
37537,Tim White,318,6,15053,0,2,4,4,10,244,At Risk
37542,Ronald Gross,349,7,22167,0,2,5,5,12,255,At Risk
37552,Dwayne Burgess,280,6,15018,0,2,4,4,10,244,At Risk
37555,Christian Ponce,261,8,23816,0,2,5,5,12,255,At Risk
37558,Natalie Hernandez,300,5,12005,0,2,3,3,8,233,At Risk
37564,Larry Brooks,312,6,14733,0,2,4,3,9,243,At Risk
37572,Alan Norton,611,6,12677,0,1,4,3,8,143,At Risk
37575,Sheri Nicholson,375,5,11892,0,2,3,3,8,233,At Risk
37576,Erika Lucero,512,7,14794,0,1,5,3,9,153,At Risk
37587,Ruben Williams,340,7,19936,0,2,5,5,12,255,At Risk
37590,Jennifer Bryant,271,6,14360,0,2,4,3,9,243,At Risk
37598,Jose Martin,483,5,15042,0,1,3,4,8,134,At Risk
37607,Robert Brown,244,5,14923,0,2,3,4,9,234,At Risk
37614,Kelsey Joseph,306,6,14068,0,2,4,3,9,243,At Risk
37616,Shannon Thompson,316,6,16917,0,2,4,4,10,244,At Risk
37637,Mark Smith,732,5,15917,0,1,3,4,8,134,At Risk
37647,Scott Gordon,611,8,20351,0,1,5,5,11,155,At Risk
37653,Autumn Jimenez,281,6,16906,1,2,4,4,10,244,At Risk
37667,Sandra Gonzales,656,5,11449,0,1,3,3,7,133,At Risk
37675,Samuel Moore,478,8,20731,0,1,5,5,11,155,At Risk
37678,Sara Rogers,333,5,13586,0,2,3,3,8,233,At Risk
37684,Christina Welch,250,9,18284,0,2,5,4,11,254,At Risk
37710,Sharon Lloyd,264,8,18150,1,2,5,4,11,254,At Risk
37711,Derrick Roth,371,5,16766,0,2,3,4,9,234,At Risk
37715,Melinda Cole,418,5,12236,0,2,3,3,8,233,At Risk
37726,Dr. Samantha Brown DDS,400,6,15657,0,2,4,4,10,244,At Risk
37732,Kimberly Cook,326,5,13914,1,2,3,3,8,233,At Risk
37739,Stephanie Walker,268,7,28712,0,2,5,5,12,255,At Risk
37780,Rebecca Cochran,245,7,27045,0,2,5,5,12,255,At Risk
37796,James Sharp,274,8,21945,0,2,5,5,12,255,At Risk
37808,Christina Delgado,385,8,17920,0,2,5,4,11,254,At Risk
37811,Sarah Stewart,345,8,28802,0,2,5,5,12,255,At Risk
37818,Benjamin Cain,434,5,12553,0,1,3,3,7,133,At Risk
37820,Carol Johnson PhD,259,5,12472,0,2,3,3,8,233,At Risk
37833,Paul Knight,261,6,11955,0,2,4,3,9,243,At Risk
37837,Jordan Johns,385,5,13989,0,2,3,3,8,233,At Risk
37860,Wendy Smith,298,11,30214,1,2,5,5,12,255,At Risk
37862,Jessica Medina,245,6,14055,0,2,4,3,9,243,At Risk
37872,Cynthia Dunn,358,5,12338,0,2,3,3,8,233,At Risk
37896,Ruben Houston,264,5,12400,0,2,3,3,8,233,At Risk
37904,Connie Mcconnell,704,8,23693,1,1,5,5,11,155,At Risk
37923,Bernard Reese,480,6,13914,0,1,4,3,8,143,At Risk
37928,Mary Martin,325,5,14825,1,2,3,4,9,234,At Risk
37933,Summer Goodwin,370,7,14281,1,2,5,3,10,253,At Risk
37959,Christopher Powers,371,8,23775,1,2,5,5,12,255,At Risk
37969,Nicole Gibson,866,5,16458,0,1,3,4,8,134,At Risk
37984,Michaela Smith,437,6,15361,0,1,4,4,9,144,At Risk
37985,Mark Zavala,421,7,19246,1,2,5,4,11,254,At Risk
37989,Bryan Day,303,5,19665,1,2,3,5,10,235,At Risk
37997,Patty Francis,303,6,13117,0,2,4,3,9,243,At Risk
37998,Alyssa Campos,816,6,15165,0,1,4,4,9,144,At Risk
38020,Nathan Lewis,687,5,13199,0,1,3,3,7,133,At Risk
38034,Belinda Vargas,383,6,14036,0,2,4,3,9,243,At Risk
38040,Dr. Pamela Hess DVM,605,5,17334,0,1,3,4,8,134,At Risk
38047,Joseph Reyes,249,6,20363,0,2,4,5,11,245,At Risk
38052,Derek White,405,6,19259,0,2,4,4,10,244,At Risk
38057,Catherine Pollard,538,9,29925,1,1,5,5,11,155,At Risk
38058,Jonathan Walker,278,7,16914,1,2,5,4,11,254,At Risk
38075,Omar Watkins,297,6,23011,0,2,4,5,11,245,At Risk
38080,Allison Nunez MD,625,5,13095,0,1,3,3,7,133,At Risk
38108,Mr. Jeffrey Fernandez,258,8,23671,0,2,5,5,12,255,At Risk
38110,Brad Raymond,335,5,13344,0,2,3,3,8,233,At Risk
38115,Amy Joyce,351,7,17028,0,2,5,4,11,254,At Risk
38117,Maria Price,590,6,21917,0,1,4,5,10,145,At Risk
38123,Matthew Kelly,333,10,27963,1,2,5,5,12,255,At Risk
38134,Mark Short,284,8,29038,0,2,5,5,12,255,At Risk
38136,Mark Davis,359,5,15537,0,2,3,4,9,234,At Risk
38141,Robin Smith,256,9,22992,1,2,5,5,12,255,At Risk
38146,April Marquez,596,5,15259,0,1,3,4,8,134,At Risk
38149,Shawn Hubbard,496,5,12080,0,1,3,3,7,133,At Risk
38150,Charles Griffin,619,7,19787,0,1,5,5,11,155,At Risk
38160,Melinda Williams,337,10,26702,0,2,5,5,12,255,At Risk
38161,Lauren Burke,341,5,13649,0,2,3,3,8,233,At Risk
38169,James Dalton,245,8,27631,0,2,5,5,12,255,At Risk
38178,Catherine Williams,305,5,16278,0,2,3,4,9,234,At Risk
38181,Lisa Williams,345,7,19165,0,2,5,4,11,254,At Risk
38189,Anna Brown,265,5,14800,0,2,3,3,8,233,At Risk
38199,Eric Anderson,455,5,13115,0,1,3,3,7,133,At Risk
38209,Ronald Martin,564,6,15656,0,1,4,4,9,144,At Risk
38215,Patrick Santos,286,5,16708,0,2,3,4,9,234,At Risk
38221,Charles Davis,252,6,17521,0,2,4,4,10,244,At Risk
38226,Edward Mejia,654,6,16404,0,1,4,4,9,144,At Risk
38230,Kristina Wood,591,6,18078,0,1,4,4,9,144,At Risk
38234,Jennifer Daniels,375,7,11945,0,2,5,3,10,253,At Risk
38239,Samuel Anderson,244,6,17846,1,2,4,4,10,244,At Risk
38252,Travis Mcneil,246,9,30858,0,2,5,5,12,255,At Risk
38255,Pamela Nelson,329,6,11926,1,2,4,3,9,243,At Risk
38258,Jeffrey Gamble,292,6,19399,0,2,4,5,11,245,At Risk
38263,Alisha Mitchell,603,5,17656,0,1,3,4,8,134,At Risk
38266,Michelle Craig MD,529,6,20563,0,1,4,5,10,145,At Risk
38284,Ashley Johnson MD,245,6,11938,0,2,4,3,9,243,At Risk
38285,Danielle Ramos,402,7,18253,0,2,5,4,11,254,At Risk
38286,Tiffany Walsh,417,5,11930,0,2,3,3,8,233,At Risk
38297,Elizabeth Smith,448,5,12264,0,1,3,3,7,133,At Risk
38306,Caitlin Bailey,500,8,24437,0,1,5,5,11,155,At Risk
38309,Brittany Walker,398,5,12499,0,2,3,3,8,233,At Risk
38310,Jessica Wilson,410,5,17847,0,2,3,4,9,234,At Risk
38319,Michelle Henson,419,5,13327,0,2,3,3,8,233,At Risk
38321,Leslie French,290,7,20394,0,2,5,5,12,255,At Risk
38326,Marco Arroyo,347,5,16511,1,2,3,4,9,234,At Risk
38335,Catherine Werner,439,5,14256,0,1,3,3,7,133,At Risk
38340,Katherine Turner,345,7,20723,0,2,5,5,12,255,At Risk
38369,Manuel Boyd,394,8,28236,1,2,5,5,12,255,At Risk
38373,Shirley Howe,276,10,34580,0,2,5,5,12,255,At Risk
38375,Michael Johnson,337,6,15871,0,2,4,4,10,244,At Risk
38387,Barbara Leon,288,6,18894,0,2,4,4,10,244,At Risk
38398,Bobby Watkins,726,6,19666,0,1,4,5,10,145,At Risk
38414,Joe Barrett,299,6,18106,1,2,4,4,10,244,At Risk
38422,Amber Morris,361,9,22229,0,2,5,5,12,255,At Risk
38423,Jeffery Garcia,283,5,12220,0,2,3,3,8,233,At Risk
38438,Tammy Hughes,262,5,13585,0,2,3,3,8,233,At Risk
38443,Michael Anderson,655,8,20444,0,1,5,5,11,155,At Risk
38444,Nicholas Jones,346,5,12666,1,2,3,3,8,233,At Risk
38447,Erin Ramirez MD,307,5,17259,0,2,3,4,9,234,At Risk
38456,Ebony Lowe,250,5,12044,0,2,3,3,8,233,At Risk
38457,Heather Brown,244,6,14126,1,2,4,3,9,243,At Risk
38473,Lisa Gould,660,5,13765,0,1,3,3,7,133,At Risk
38487,Michelle Lawrence,627,6,18301,0,1,4,4,9,144,At Risk
38505,David Patterson,288,7,27123,0,2,5,5,12,255,At Risk
38506,Dustin Fuller,486,6,16450,0,1,4,4,9,144,At Risk
38508,Joshua Butler,325,7,25328,0,2,5,5,12,255,At Risk
38532,Donald Drake,244,7,18197,0,2,5,4,11,254,At Risk
38538,Vanessa Palmer,451,5,14900,0,1,3,4,8,134,At Risk
38542,Timothy Rosales,424,9,22400,0,2,5,5,12,255,At Risk
38548,Mary Wilson,264,6,15444,0,2,4,4,10,244,At Risk
38555,Steve Johnson,323,8,20192,0,2,5,5,12,255,At Risk
38558,Jessica Galloway,272,6,21736,1,2,4,5,11,245,At Risk
38562,Charles Harper,251,9,26379,1,2,5,5,12,255,At Risk
38568,Lori Wells,609,5,16058,0,1,3,4,8,134,At Risk
38571,Heidi Johnson,295,8,18496,0,2,5,4,11,254,At Risk
38572,Nathan Webb,305,7,15471,0,2,5,4,11,254,At Risk
38573,Ricardo Conley,412,6,16061,0,2,4,4,10,244,At Risk
38579,Clifford Williams,524,7,12792,0,1,5,3,9,153,At Risk
38591,Keith Young,363,6,13680,1,2,4,3,9,243,At Risk
38614,Linda Hurley,245,7,19674,0,2,5,5,12,255,At Risk
38618,Tiffany Anderson,270,10,31926,0,2,5,5,12,255,At Risk
38619,Sara Tran,394,9,26016,1,2,5,5,12,255,At Risk
38653,Melissa Leon,307,7,17390,0,2,5,4,11,254,At Risk
38659,Daniel Rowland,472,6,13857,0,1,4,3,8,143,At Risk
38674,Phillip White,489,9,29343,0,1,5,5,11,155,At Risk
38680,Eric Ferguson,300,6,13196,0,2,4,3,9,243,At Risk
38685,Wendy King,293,10,23676,0,2,5,5,12,255,At Risk
38700,Monica Powell,425,5,13543,1,2,3,3,8,233,At Risk
38714,Matthew Simpson,751,5,11912,0,1,3,3,7,133,At Risk
38716,Michael Mosley,268,7,21089,0,2,5,5,12,255,At Risk
38730,Leonard Roberts,506,9,28248,1,1,5,5,11,155,At Risk
38738,Daniel Garrett,397,5,16041,0,2,3,4,9,234,At Risk
38741,David Brooks,292,6,13301,0,2,4,3,9,243,At Risk
38756,Betty Esparza,328,6,21236,0,2,4,5,11,245,At Risk
38758,Kathleen Johnson,444,5,14988,0,1,3,4,8,134,At Risk
38764,Elizabeth Johnson,365,6,12555,0,2,4,3,9,243,At Risk
38781,Janet West DDS,556,5,13602,0,1,3,3,7,133,At Risk
38788,Charles Roth,433,6,12747,0,1,4,3,8,143,At Risk
38790,Erin Leblanc,464,6,17786,0,1,4,4,9,144,At Risk
38809,Vanessa Walker,310,6,17009,0,2,4,4,10,244,At Risk
38811,Jennifer Cisneros,306,5,13492,0,2,3,3,8,233,At Risk
38824,Daniel Kelly,427,5,15282,0,1,3,4,8,134,At Risk
38845,Christopher Lane,499,6,21677,0,1,4,5,10,145,At Risk
38854,Lindsey Evans,610,5,14035,0,1,3,3,7,133,At Risk
38860,Anthony Olsen,482,8,25719,0,1,5,5,11,155,At Risk
38865,Christy Wheeler,654,5,13697,0,1,3,3,7,133,At Risk
38880,John Smith,366,7,14048,1,2,5,3,10,253,At Risk
38885,Eric Robinson,323,6,15975,0,2,4,4,10,244,At Risk
38890,Donald Shea,488,6,15962,1,1,4,4,9,144,At Risk
38900,Bradley Austin,568,5,16832,0,1,3,4,8,134,At Risk
38918,Mikayla Castillo,468,6,18171,1,1,4,4,9,144,At Risk
38923,Nicole Ramirez,279,6,23593,0,2,4,5,11,245,At Risk
38930,Karina Ray,367,8,15723,0,2,5,4,11,254,At Risk
38931,Stuart Stanton,470,5,12153,1,1,3,3,7,133,At Risk
38942,Andrew Stewart,655,5,15045,0,1,3,4,8,134,At Risk
38943,Jennifer Curry,259,6,14591,0,2,4,3,9,243,At Risk
38946,Joseph Callahan,363,5,18013,0,2,3,4,9,234,At Risk
38947,Mary Orozco,665,6,17439,0,1,4,4,9,144,At Risk
38954,James Jones,326,5,13933,1,2,3,3,8,233,At Risk
38957,Sara Mcclure,568,5,16997,0,1,3,4,8,134,At Risk
38965,Erin Crawford,282,5,11362,0,2,3,3,8,233,At Risk
38977,Theresa Andrews,832,5,13793,0,1,3,3,7,133,At Risk
38987,Sarah Brown,369,5,11539,0,2,3,3,8,233,At Risk
38988,David Walker,524,5,18366,1,1,3,4,8,134,At Risk
38992,Lauren Williams,432,9,28517,1,1,5,5,11,155,At Risk
38994,Gregory Martin,274,5,19930,0,2,3,5,10,235,At Risk
39019,James Carroll,425,8,26255,0,2,5,5,12,255,At Risk
39032,Betty Jones,424,6,13343,0,2,4,3,9,243,At Risk
39034,Ms. Eileen Flores,382,5,15917,0,2,3,4,9,234,At Risk
39053,Joshua Ferguson,260,6,12469,0,2,4,3,9,243,At Risk
39059,Peter Bass,475,8,24076,1,1,5,5,11,155,At Risk
39068,Jeremy Campbell,446,7,23107,0,1,5,5,11,155,At Risk
39070,Troy Wallace,368,5,18439,0,2,3,4,9,234,At Risk
39090,Sara Griffin,501,6,18943,1,1,4,4,9,144,At Risk
39153,Jeffrey Johnson,436,8,22026,1,1,5,5,11,155,At Risk
39157,Danielle Barnett,340,5,13160,0,2,3,3,8,233,At Risk
39165,Samantha Wright,368,6,19121,1,2,4,4,10,244,At Risk
39168,Erika Bowen,317,7,17018,0,2,5,4,11,254,At Risk
39180,Dr. Jesus Riley,344,10,27734,0,2,5,5,12,255,At Risk
39182,Stacey Dean,253,6,12650,0,2,4,3,9,243,At Risk
39195,April Weaver,301,5,18464,1,2,3,4,9,234,At Risk
39201,Hannah Harding,486,5,15260,1,1,3,4,8,134,At Risk
39219,Andrew Nichols,270,9,22854,0,2,5,5,12,255,At Risk
39220,David Ellison,286,7,19254,1,2,5,4,11,254,At Risk
39227,Elizabeth Simon,260,5,12661,0,2,3,3,8,233,At Risk
39240,Mrs. Mary Smith,373,8,20460,0,2,5,5,12,255,At Risk
39253,Stephanie Hicks,285,5,12725,0,2,3,3,8,233,At Risk
39254,Craig Page,411,5,14988,0,2,3,4,9,234,At Risk
39264,Mr. Damon Knapp,255,5,13638,0,2,3,3,8,233,At Risk
39287,Holly Harper,543,7,14847,0,1,5,4,10,154,At Risk
39290,Amanda Gardner,455,6,13483,0,1,4,3,8,143,At Risk
39298,Matthew Stewart,366,7,19390,0,2,5,5,12,255,At Risk
39302,Ashley Weaver,263,5,12764,0,2,3,3,8,233,At Risk
39306,Cory Rodriguez,656,5,12965,0,1,3,3,7,133,At Risk
39320,Jerry Mendez,301,8,15066,0,2,5,4,11,254,At Risk
39328,Donna Phillips,569,7,24458,1,1,5,5,11,155,At Risk
39333,Jennifer Richard,306,5,11337,1,2,3,3,8,233,At Risk
39343,Suzanne Williamson,389,5,12685,0,2,3,3,8,233,At Risk
39350,Christopher Morgan,776,5,11698,1,1,3,3,7,133,At Risk
39361,Sara Young,626,5,19913,0,1,3,5,9,135,At Risk
39362,Eric Hawkins PhD,435,5,20185,0,1,3,5,9,135,At Risk
39363,Kevin Perkins,636,6,14685,0,1,4,3,8,143,At Risk
39365,Aaron Robbins,347,6,14060,0,2,4,3,9,243,At Risk
39380,Timothy Morris,344,5,11907,0,2,3,3,8,233,At Risk
39381,Michael Allen,381,5,15442,0,2,3,4,9,234,At Risk
39383,Thomas Johnson,455,6,20485,0,1,4,5,10,145,At Risk
39387,Cindy Ramirez,282,6,20982,0,2,4,5,11,245,At Risk
39401,Curtis Lyons,619,5,12819,0,1,3,3,7,133,At Risk
39411,Mr. John Stephens,353,6,18058,0,2,4,4,10,244,At Risk
39419,Mr. Mathew Grimes,246,6,20624,1,2,4,5,11,245,At Risk
39438,Tara Kelly,441,5,13729,0,1,3,3,7,133,At Risk
39440,Casey Orr,396,8,21121,0,2,5,5,12,255,At Risk
39467,Jerry Cook,545,5,13487,0,1,3,3,7,133,At Risk
39470,Eric Davis,394,7,17807,0,2,5,4,11,254,At Risk
39473,Sarah Bennett,435,5,15879,0,1,3,4,8,134,At Risk
39478,Christine White,418,7,12423,1,2,5,3,10,253,At Risk
39496,Tracy Bailey,478,6,15661,0,1,4,4,9,144,At Risk
39500,Kyle Johnson,472,6,16171,0,1,4,4,9,144,At Risk
39501,Mary Jenkins,301,5,11620,0,2,3,3,8,233,At Risk
39522,Lisa Gonzales,389,6,17422,0,2,4,4,10,244,At Risk
39549,Sylvia Lopez,401,6,15559,0,2,4,4,10,244,At Risk
39569,Tony Garcia,572,6,12162,1,1,4,3,8,143,At Risk
39574,Jessica Rowe,275,5,12223,0,2,3,3,8,233,At Risk
39585,Samantha Edwards,395,5,16878,0,2,3,4,9,234,At Risk
39588,Jenny Wells,363,7,19643,1,2,5,5,12,255,At Risk
39589,Christopher Rowe,324,7,23322,0,2,5,5,12,255,At Risk
39596,Edward Watson,297,5,18653,0,2,3,4,9,234,At Risk
39605,Julian Johnson,258,6,15552,0,2,4,4,10,244,At Risk
39606,Billy Edwards,278,8,18438,0,2,5,4,11,254,At Risk
39617,Madison Vasquez,849,6,22763,0,1,4,5,10,145,At Risk
39620,Cody King,316,5,17669,0,2,3,4,9,234,At Risk
39631,Jacob Rios,359,5,14227,0,2,3,3,8,233,At Risk
39640,Kelly Ford,250,7,13135,0,2,5,3,10,253,At Risk
39647,Melanie Lee,257,8,21048,0,2,5,5,12,255,At Risk
39650,Scott Alvarado,339,9,25341,0,2,5,5,12,255,At Risk
39657,Timothy Kim,244,5,12674,0,2,3,3,8,233,At Risk
39681,Steven Rivera,323,7,20007,1,2,5,5,12,255,At Risk
39684,Julie Forbes MD,386,6,15933,0,2,4,4,10,244,At Risk
39685,Katrina Brown,296,7,13390,0,2,5,3,10,253,At Risk
39694,Sydney Torres,514,5,15212,0,1,3,4,8,134,At Risk
39700,Makayla Gibson,487,7,25360,0,1,5,5,11,155,At Risk
39703,Wanda Garcia,269,5,20209,0,2,3,5,10,235,At Risk
39710,Holly Thomas,454,7,14363,0,1,5,3,9,153,At Risk
39712,Amy Olson,432,6,12502,0,1,4,3,8,143,At Risk
39715,Leslie Watson,281,6,12783,0,2,4,3,9,243,At Risk
39724,John Stephenson,357,5,16410,0,2,3,4,9,234,At Risk
39729,Melissa Parrish,278,7,27379,0,2,5,5,12,255,At Risk
39735,Alexander Garrett,302,7,20286,0,2,5,5,12,255,At Risk
39736,Sergio Avila,262,9,20565,0,2,5,5,12,255,At Risk
39740,Mary Bernard,462,5,15336,0,1,3,4,8,134,At Risk
39759,Michael Hicks,264,7,24760,0,2,5,5,12,255,At Risk
39765,Steven Foster,391,5,14624,1,2,3,3,8,233,At Risk
39775,Anthony Johnson,534,5,13086,0,1,3,3,7,133,At Risk
39776,Michael Holmes,282,7,13303,0,2,5,3,10,253,At Risk
39787,Jasmine Patrick,249,5,15348,1,2,3,4,9,234,At Risk
39796,Nicholas Gibbs,704,6,21191,0,1,4,5,10,145,At Risk
39798,Lisa Wilcox,252,7,21484,0,2,5,5,12,255,At Risk
39821,Matthew Everett,439,5,13253,0,1,3,3,7,133,At Risk
39825,Melissa Frey,278,7,21365,1,2,5,5,12,255,At Risk
39835,Bethany Sanchez,672,5,15673,0,1,3,4,8,134,At Risk
39849,Billy Norman,293,8,14984,0,2,5,4,11,254,At Risk
39876,Anthony Rodgers,619,7,15493,0,1,5,4,10,154,At Risk
39877,Erika Bell,405,5,12637,0,2,3,3,8,233,At Risk
39881,Javier Taylor,306,5,15632,0,2,3,4,9,234,At Risk
39890,Laurie House,386,6,17418,0,2,4,4,10,244,At Risk
39896,Stacey Moore,506,6,16980,1,1,4,4,9,144,At Risk
39899,Michael Watkins,514,6,17858,0,1,4,4,9,144,At Risk
39930,Laura Lee,412,8,26779,0,2,5,5,12,255,At Risk
39942,Katrina James,275,10,32921,0,2,5,5,12,255,At Risk
39944,Joseph Schmitt,361,9,23182,0,2,5,5,12,255,At Risk
39947,Ashley Hoffman,246,8,20282,1,2,5,5,12,255,At Risk
39950,April Diaz,315,5,12160,0,2,3,3,8,233,At Risk
39972,Sherry Pineda,592,7,19872,0,1,5,5,11,155,At Risk
39983,Samantha Fields,243,10,26943,0,2,5,5,12,255,At Risk
39993,Timothy Adams,402,5,12264,0,2,3,3,8,233,At Risk
39995,Kyle Kennedy,391,7,23383,0,2,5,5,12,255,At Risk
40018,Catherine White,274,4,12772,1,2,3,3,8,233,At Risk
40023,Kristy Roman,310,4,12170,0,2,3,3,8,233,At Risk
40035,David Patton,351,6,15698,0,2,4,4,10,244,At Risk
40050,Bryan Drake,288,6,16999,1,2,4,4,10,244,At Risk
40051,Megan Mann,622,8,17999,0,1,5,4,10,154,At Risk
40060,Sean Wilson,265,5,13435,1,2,3,3,8,233,At Risk
40070,Rose Best,341,6,13563,0,2,4,3,9,243,At Risk
40075,Darren Rodriguez,335,9,28923,0,2,5,5,12,255,At Risk
40086,Erin Patterson,297,4,12225,0,2,3,3,8,233,At Risk
40088,Meghan Adams,284,5,16961,0,2,3,4,9,234,At Risk
40094,Maria Anderson,382,7,22197,0,2,5,5,12,255,At Risk
40101,Diane Hughes,425,7,16761,0,2,5,4,11,254,At Risk
40128,Pamela Whitehead,510,4,15319,0,1,3,4,8,134,At Risk
40130,John Smith,398,4,12703,0,2,3,3,8,233,At Risk
40141,Joseph Clark,327,8,19107,0,2,5,4,11,254,At Risk
40143,Thomas Marshall,609,6,12748,0,1,4,3,8,143,At Risk
40145,Kaylee Petty,520,6,14346,0,1,4,3,8,143,At Risk
40150,Jasmine Green,423,8,22835,0,2,5,5,12,255,At Risk
40157,Eric Daniels,836,4,15758,1,1,3,4,8,134,At Risk
40161,William Weber,376,4,11913,0,2,3,3,8,233,At Risk
40171,Lindsay Patterson,456,4,11940,1,1,3,3,7,133,At Risk
40172,Sonya Mcclure,362,4,17306,0,2,3,4,9,234,At Risk
40182,Hannah Branch,363,5,13831,0,2,3,3,8,233,At Risk
40185,Kristin Williams,617,5,13534,0,1,3,3,7,133,At Risk
40193,Gwendolyn Ross,267,5,14990,0,2,3,4,9,234,At Risk
40195,Kenneth Miller,439,8,16647,0,1,5,4,10,154,At Risk
40203,Renee Evans,394,5,15175,0,2,3,4,9,234,At Risk
40211,Kelly Hunt,270,8,24957,0,2,5,5,12,255,At Risk
40214,Richard Phillips,258,6,16056,0,2,4,4,10,244,At Risk
40218,Dr. Ryan Ellis,247,5,17789,0,2,3,4,9,234,At Risk
40226,Jeffrey Baker,360,6,16517,0,2,4,4,10,244,At Risk
40234,Kelli Rodriguez,341,7,18130,0,2,5,4,11,254,At Risk
40252,Monica Bryan,368,6,19996,1,2,4,5,11,245,At Risk
40268,Jodi Moore,452,6,20023,0,1,4,5,10,145,At Risk
40286,Nicole Spears,493,4,14303,1,1,3,3,7,133,At Risk
40289,Kyle Hull,445,6,21038,0,1,4,5,10,145,At Risk
40290,Sean Flores,329,7,19893,0,2,5,5,12,255,At Risk
40301,Eric Nixon,360,9,22833,0,2,5,5,12,255,At Risk
40302,Suzanne Ross,364,6,23805,0,2,4,5,11,245,At Risk
40309,Angelica Lane,476,8,21848,0,1,5,5,11,155,At Risk
40315,Haley Torres,357,5,14661,0,2,3,3,8,233,At Risk
40320,Ryan Wilson,284,7,14162,0,2,5,3,10,253,At Risk
40329,Daniel Meyer,249,6,18170,0,2,4,4,10,244,At Risk
40333,Dean Smith,521,6,14555,1,1,4,3,8,143,At Risk
40341,Theresa Mason,538,4,12069,0,1,3,3,7,133,At Risk
40343,Kristen Silva,572,4,13656,0,1,3,3,7,133,At Risk
40345,Kimberly Kelley,305,8,21543,0,2,5,5,12,255,At Risk
40348,Michelle Fuentes,361,4,13015,0,2,3,3,8,233,At Risk
40349,Gregory Harris,438,4,13291,1,1,3,3,7,133,At Risk
40351,Jeffrey Thomas,255,5,18462,0,2,3,4,9,234,At Risk
40354,Eric Brown,423,7,22324,0,2,5,5,12,255,At Risk
40362,Wayne Ramirez,257,6,22217,0,2,4,5,11,245,At Risk
40363,Craig Turner,277,8,32976,0,2,5,5,12,255,At Risk
40374,Phyllis Smith,401,8,16571,0,2,5,4,11,254,At Risk
40388,Dr. Daniel Bowman,588,7,24012,0,1,5,5,11,155,At Risk
40389,William Smith,274,4,16112,0,2,3,4,9,234,At Risk
40392,Elijah Cordova,787,6,16089,0,1,4,4,9,144,At Risk
40394,Matthew Park,375,6,16156,0,2,4,4,10,244,At Risk
40401,Felicia Schwartz,665,7,13131,1,1,5,3,9,153,At Risk
40412,Cody Bryan,283,6,16858,0,2,4,4,10,244,At Risk
40416,Danielle Miller,247,5,16541,0,2,3,4,9,234,At Risk
40425,Jacob Tucker,492,6,16219,0,1,4,4,9,144,At Risk
40443,Jonathan Richards,522,4,11438,1,1,3,3,7,133,At Risk
40450,Leslie Lee,454,6,21394,0,1,4,5,10,145,At Risk
40460,Melanie Carlson,381,5,11606,1,2,3,3,8,233,At Risk
40469,Joshua Sharp,247,6,13223,0,2,4,3,9,243,At Risk
40475,Claudia Jacobson,715,6,18055,0,1,4,4,9,144,At Risk
40481,Daniel Summers,579,4,16298,1,1,3,4,8,134,At Risk
40496,Gabrielle Ramirez,382,7,16260,0,2,5,4,11,254,At Risk
40501,Stephen Dominguez,316,5,18411,0,2,3,4,9,234,At Risk
40504,David Dunn,446,11,37019,0,1,5,5,11,155,At Risk
40509,Joy Vance,327,5,13223,0,2,3,3,8,233,At Risk
40511,Shawn Flores,397,6,15381,0,2,4,4,10,244,At Risk
40512,Emily Campbell,897,5,18538,0,1,3,4,8,134,At Risk
40513,Mark Foley,452,6,19437,1,1,4,5,10,145,At Risk
40518,David White DVM,436,6,22326,1,1,4,5,10,145,At Risk
40540,Brian Christian,320,10,27655,0,2,5,5,12,255,At Risk
40541,Brian Stewart,258,9,28623,0,2,5,5,12,255,At Risk
40545,Christopher Burke,519,4,11427,0,1,3,3,7,133,At Risk
40550,Alejandro Shepard,277,7,16940,0,2,5,4,11,254,At Risk
40551,James Lopez,306,7,23915,0,2,5,5,12,255,At Risk
40552,Emily Wilson,599,6,17681,0,1,4,4,9,144,At Risk
40560,Gina Sandoval,266,6,11418,0,2,4,3,9,243,At Risk
40562,Brandi Edwards,282,6,11526,0,2,4,3,9,243,At Risk
40594,Shannon Thornton,253,5,13164,0,2,3,3,8,233,At Risk
40605,Robin Ortiz,661,4,12432,0,1,3,3,7,133,At Risk
40619,Crystal Leonard,601,4,13073,0,1,3,3,7,133,At Risk
40632,April Schmidt,348,5,12065,0,2,3,3,8,233,At Risk
40636,Keith Wall,532,7,17057,0,1,5,4,10,154,At Risk
40645,Amanda Odom,598,5,16276,0,1,3,4,8,134,At Risk
40657,Melissa Brown,423,4,14624,0,2,3,3,8,233,At Risk
40667,Amy George,332,9,26962,0,2,5,5,12,255,At Risk
40669,Cheryl Fuller,365,4,14501,1,2,3,3,8,233,At Risk
40672,Vanessa Watson,279,5,15120,0,2,3,4,9,234,At Risk
40674,Melissa Rivas,272,7,14550,1,2,5,3,10,253,At Risk
40677,Alejandro Nixon,643,4,11582,0,1,3,3,7,133,At Risk
40687,Dwayne Hill,347,5,18245,0,2,3,4,9,234,At Risk
40689,Paul James,662,5,18014,1,1,3,4,8,134,At Risk
40698,Stephen Kelley,397,10,22853,0,2,5,5,12,255,At Risk
40706,Angela Chambers,246,5,12002,0,2,3,3,8,233,At Risk
40707,Michael Hicks,481,4,13488,0,1,3,3,7,133,At Risk
40710,Christine Simon,306,8,24523,1,2,5,5,12,255,At Risk
40721,Thomas Turner,1183,5,18906,0,1,3,4,8,134,At Risk
40722,Michelle Walker,257,6,14884,0,2,4,4,10,244,At Risk
40726,Susan Spencer,327,4,11992,1,2,3,3,8,233,At Risk
40730,Joy Perry,340,5,18643,1,2,3,4,9,234,At Risk
40732,Dominique Clark,384,8,24150,0,2,5,5,12,255,At Risk
40756,Tammy Garcia,631,4,16099,0,1,3,4,8,134,At Risk
40757,Elizabeth Edwards,292,8,26447,0,2,5,5,12,255,At Risk
40769,Sara Olson,268,4,16838,0,2,3,4,9,234,At Risk
40770,Crystal Stevens,709,5,15959,0,1,3,4,8,134,At Risk
40776,Billy Lewis,318,6,23078,0,2,4,5,11,245,At Risk
40778,April Austin DDS,432,6,22409,1,1,4,5,10,145,At Risk
40784,Mark Zimmerman,496,5,16860,1,1,3,4,8,134,At Risk
40789,Brenda Smith,641,6,12564,0,1,4,3,8,143,At Risk
40792,Andrew Jones,314,6,13771,0,2,4,3,9,243,At Risk
40802,James Allen,266,5,14254,1,2,3,3,8,233,At Risk
40815,Mark Moody,302,8,23794,1,2,5,5,12,255,At Risk
40816,William Lynn,518,4,14741,0,1,3,3,7,133,At Risk
40824,Kathleen Hayes,523,5,15412,0,1,3,4,8,134,At Risk
40836,Robin Moore,365,4,13890,0,2,3,3,8,233,At Risk
40863,Scott Palmer,312,9,22868,1,2,5,5,12,255,At Risk
40864,Jennifer Thornton,304,8,13748,0,2,5,3,10,253,At Risk
40865,Joseph Newman,588,4,14758,0,1,3,3,7,133,At Risk
40868,Tina Wright,403,5,11699,0,2,3,3,8,233,At Risk
40871,Rebekah Burgess,379,4,12878,1,2,3,3,8,233,At Risk
40881,Gail Garcia,317,5,12321,0,2,3,3,8,233,At Risk
40903,Angel Parker,457,4,17004,0,1,3,4,8,134,At Risk
40905,Alexis Baker,508,6,15244,1,1,4,4,9,144,At Risk
40907,Adriana Hale,323,5,11707,0,2,3,3,8,233,At Risk
40909,Andrew Black,404,7,18494,1,2,5,4,11,254,At Risk
40911,Timothy Ibarra,270,7,16078,0,2,5,4,11,254,At Risk
40913,Michelle Johnson,594,6,15890,0,1,4,4,9,144,At Risk
40923,Christian Wang,467,5,13709,1,1,3,3,7,133,At Risk
40935,Andre Wang,381,6,16492,1,2,4,4,10,244,At Risk
40939,Anthony Espinoza,430,5,13216,0,1,3,3,7,133,At Risk
40941,Alexandra White,287,8,20053,0,2,5,5,12,255,At Risk
40961,Anita Newton,281,9,20850,0,2,5,5,12,255,At Risk
40970,Melvin Walker,325,5,15890,0,2,3,4,9,234,At Risk
40975,Kiara Lucas,291,6,16388,0,2,4,4,10,244,At Risk
40976,Austin Mitchell,272,7,18401,0,2,5,4,11,254,At Risk
40985,Kathy Nelson,347,13,28063,1,2,5,5,12,255,At Risk
40986,Donald Obrien,291,4,15157,1,2,3,4,9,234,At Risk
40994,Kelly Carlson,819,4,12315,0,1,3,3,7,133,At Risk
40995,Denise Lopez,277,6,20210,0,2,4,5,11,245,At Risk
41004,Cody Martinez,850,5,13174,0,1,3,3,7,133,At Risk
41013,Elizabeth Miller,327,6,15359,0,2,4,4,10,244,At Risk
41014,Laura Walters,271,6,17394,0,2,4,4,10,244,At Risk
41018,Stephen Hill,310,6,21923,1,2,4,5,11,245,At Risk
41021,Ann Williamson,379,6,15034,0,2,4,4,10,244,At Risk
41031,Patrick Gonzales,286,5,17360,0,2,3,4,9,234,At Risk
41042,Richard Garza,325,9,24382,0,2,5,5,12,255,At Risk
41044,Eric Fernandez,323,6,12261,0,2,4,3,9,243,At Risk
41045,Robert Tran,414,4,15889,1,2,3,4,9,234,At Risk
41050,Brandon Pope,684,4,13775,0,1,3,3,7,133,At Risk
41057,Carla Mitchell,250,7,15735,1,2,5,4,11,254,At Risk
41059,Jessica Gallagher,470,4,15149,0,1,3,4,8,134,At Risk
41061,Nicole Taylor MD,394,4,16425,0,2,3,4,9,234,At Risk
41066,Robert Rogers,252,7,25496,1,2,5,5,12,255,At Risk
41072,Alex Jensen,688,4,12923,0,1,3,3,7,133,At Risk
41075,Debbie Gordon,678,4,11997,0,1,3,3,7,133,At Risk
41080,Susan Mendez,514,5,20139,1,1,3,5,9,135,At Risk
41098,Christina Sullivan,403,8,30034,1,2,5,5,12,255,At Risk
41108,Jeffrey Murray,286,9,22240,0,2,5,5,12,255,At Risk
41111,Richard Williams,312,4,12298,1,2,3,3,8,233,At Risk
41120,Shannon Bennett,482,7,17184,1,1,5,4,10,154,At Risk
41122,Michael Schwartz,307,6,18197,0,2,4,4,10,244,At Risk
41127,Kaitlyn Meyer,379,6,17926,0,2,4,4,10,244,At Risk
41132,Ashley Swanson,418,7,23823,1,2,5,5,12,255,At Risk
41134,Devon Hurst,534,6,14062,0,1,4,3,8,143,At Risk
41141,Darrell Diaz,342,6,15521,0,2,4,4,10,244,At Risk
41146,Martin Schaefer,520,4,15977,0,1,3,4,8,134,At Risk
41149,Donald Mahoney,274,5,15847,0,2,3,4,9,234,At Risk
41151,Kenneth Hess,455,4,13551,0,1,3,3,7,133,At Risk
41152,Andrew Smith,391,9,24838,0,2,5,5,12,255,At Risk
41154,Donald Simmons,280,9,22440,0,2,5,5,12,255,At Risk
41156,Melvin Ramos,256,7,21411,0,2,5,5,12,255,At Risk
41159,John Rich,354,4,12847,0,2,3,3,8,233,At Risk
41161,Kenneth Beck,369,6,14843,0,2,4,4,10,244,At Risk
41163,Nicole Green,316,5,16012,0,2,3,4,9,234,At Risk
41173,Michael Smith,290,7,19659,0,2,5,5,12,255,At Risk
41188,Sandy Edwards,291,7,13875,0,2,5,3,10,253,At Risk
41192,Hannah Schmidt,291,4,15021,1,2,3,4,9,234,At Risk
41200,Jennifer Compton,662,6,19942,0,1,4,5,10,145,At Risk
41235,Kyle Flowers,431,7,26045,0,1,5,5,11,155,At Risk
41240,Jeffery Wagner,318,7,16977,0,2,5,4,11,254,At Risk
41241,Marissa Nelson,293,6,17910,0,2,4,4,10,244,At Risk
41254,Mitchell Jordan,254,4,11358,0,2,3,3,8,233,At Risk
41256,David Washington,577,4,11632,0,1,3,3,7,133,At Risk
41258,Brandon Nichols,609,4,13107,0,1,3,3,7,133,At Risk
41262,Cheryl Johnson,368,7,22027,0,2,5,5,12,255,At Risk
41263,Laurie Miller,386,7,17363,0,2,5,4,11,254,At Risk
41264,Mallory Fox,283,7,13994,0,2,5,3,10,253,At Risk
41267,Shawn Gomez,554,4,11478,0,1,3,3,7,133,At Risk
41271,Linda Brown,712,5,17165,0,1,3,4,8,134,At Risk
41272,Regina Beck,472,5,13869,0,1,3,3,7,133,At Risk
41277,Jason Smith,270,7,20596,0,2,5,5,12,255,At Risk
41280,William Gray,285,7,20586,0,2,5,5,12,255,At Risk
41283,Emily Taylor,324,5,13167,0,2,3,3,8,233,At Risk
41285,Renee Jacobs,300,8,26800,0,2,5,5,12,255,At Risk
41292,Sabrina Abbott,596,4,14180,0,1,3,3,7,133,At Risk
41298,Mallory Cordova,421,6,17805,0,2,4,4,10,244,At Risk
41301,Benjamin Wall,466,5,12476,0,1,3,3,7,133,At Risk
41302,Jackie Williams,445,6,14031,0,1,4,3,8,143,At Risk
41310,Maria Christensen,274,6,16939,0,2,4,4,10,244,At Risk
41319,Stacey Phelps,510,6,20705,0,1,4,5,10,145,At Risk
41321,Kathy Rios,264,4,18485,0,2,3,4,9,234,At Risk
41327,William Wilson,407,8,14711,0,2,5,3,10,253,At Risk
41337,Michael Rojas,250,6,20534,0,2,4,5,11,245,At Risk
41350,Brenda Moses,710,5,12390,0,1,3,3,7,133,At Risk
41351,Christopher Nguyen,304,6,12258,0,2,4,3,9,243,At Risk
41353,Scott Brown,633,6,16731,0,1,4,4,9,144,At Risk
41355,Matthew Flowers,307,4,11552,0,2,3,3,8,233,At Risk
41363,Evan Morgan,275,4,14293,0,2,3,3,8,233,At Risk
41368,Brian Fry,469,4,13235,1,1,3,3,7,133,At Risk
41386,Carrie Mason,1011,4,13412,1,1,3,3,7,133,At Risk
41412,Amy Williams,248,6,19577,1,2,4,5,11,245,At Risk
41419,Jeanne Chavez,761,5,14640,0,1,3,3,7,133,At Risk
41424,Thomas Lee,300,6,17390,0,2,4,4,10,244,At Risk
41435,Christopher Robertson,265,7,18182,0,2,5,4,11,254,At Risk
41438,George Johnson,335,8,24010,0,2,5,5,12,255,At Risk
41460,Jordan Ramirez,846,7,14569,0,1,5,3,9,153,At Risk
41463,Mrs. Melissa Hill,256,5,16991,0,2,3,4,9,234,At Risk
41468,Justin Valentine,274,6,13176,1,2,4,3,9,243,At Risk
41473,Shawn Rich,253,8,17538,0,2,5,4,11,254,At Risk
41475,Annette Ashley,351,4,14440,0,2,3,3,8,233,At Risk
41476,Jaime Carter,258,5,14519,0,2,3,3,8,233,At Risk
41477,Jeffrey Hernandez,259,4,12861,1,2,3,3,8,233,At Risk
41481,Sarah Garcia,256,7,24656,0,2,5,5,12,255,At Risk
41484,Alexandra Flores,344,4,11379,1,2,3,3,8,233,At Risk
41491,Karen Smith,608,10,21568,0,1,5,5,11,155,At Risk
41495,Kim Hunt,248,4,12392,1,2,3,3,8,233,At Risk
41498,Kelly Taylor,282,7,20137,1,2,5,5,12,255,At Risk
41500,Cynthia Clarke,876,4,14081,1,1,3,3,7,133,At Risk
41513,Christopher Jones,267,6,19041,0,2,4,4,10,244,At Risk
41519,Haley King,306,5,13314,0,2,3,3,8,233,At Risk
41520,Andrew Hicks,264,5,14638,0,2,3,3,8,233,At Risk
41524,Kyle Stout,292,4,17527,0,2,3,4,9,234,At Risk
41528,Heather Lee,533,5,19006,0,1,3,4,8,134,At Risk
41539,Alexander Miller,357,4,16349,0,2,3,4,9,234,At Risk
41540,Katelyn Gray,266,5,16093,0,2,3,4,9,234,At Risk
41543,Melissa Beard,452,8,16835,0,1,5,4,10,154,At Risk
41559,Ariana Phillips,278,8,15866,1,2,5,4,11,254,At Risk
41569,Kimberly Mcconnell,413,6,23226,0,2,4,5,11,245,At Risk
41581,Patrick Farrell,283,6,18624,0,2,4,4,10,244,At Risk
41582,Joan Daniel,429,6,11477,0,1,4,3,8,143,At Risk
41583,Mr. Jeff Brady,466,6,13373,0,1,4,3,8,143,At Risk
41584,Paul Drake,278,5,13776,1,2,3,3,8,233,At Risk
41589,Kevin Phillips,554,5,14269,0,1,3,3,7,133,At Risk
41596,Elizabeth Flores DVM,322,9,18248,0,2,5,4,11,254,At Risk
41600,David Owens,370,7,17305,0,2,5,4,11,254,At Risk
41601,Karen Harvey,258,7,21428,0,2,5,5,12,255,At Risk
41606,Samantha Mckenzie,395,6,12703,0,2,4,3,9,243,At Risk
41607,Steven Johnston,576,4,11824,0,1,3,3,7,133,At Risk
41611,Jonathan Scott,496,6,14390,0,1,4,3,8,143,At Risk
41613,Beth Higgins,392,5,11912,0,2,3,3,8,233,At Risk
41619,Cheyenne Calderon,385,5,15471,0,2,3,4,9,234,At Risk
41627,Jenna Cox,505,5,13806,0,1,3,3,7,133,At Risk
41629,Mrs. Heidi Smith MD,429,4,11502,0,1,3,3,7,133,At Risk
41633,Wayne Suarez,374,4,13260,0,2,3,3,8,233,At Risk
41638,Kyle Petersen,423,7,22834,0,2,5,5,12,255,At Risk
41643,Richard Martinez DDS,319,6,18701,0,2,4,4,10,244,At Risk
41647,Cody Perez,488,6,22325,0,1,4,5,10,145,At Risk
41654,Curtis Mejia,287,8,26717,0,2,5,5,12,255,At Risk
41659,Justin Michael,333,5,14472,0,2,3,3,8,233,At Risk
41664,Jessica Price,388,8,18599,0,2,5,4,11,254,At Risk
41671,Teresa Davis,413,6,13222,1,2,4,3,9,243,At Risk
41676,Kristina Mccoy,308,8,23215,0,2,5,5,12,255,At Risk
41679,Jennifer Cowan,331,10,31156,1,2,5,5,12,255,At Risk
41694,Anthony Reyes,547,6,16774,0,1,4,4,9,144,At Risk
41700,Amy Schmitt,256,5,19966,0,2,3,5,10,235,At Risk
41701,Michael Roberts,296,5,11991,0,2,3,3,8,233,At Risk
41705,Sonya Frank,481,4,14226,0,1,3,3,7,133,At Risk
41707,Michael Blair,563,5,12194,0,1,3,3,7,133,At Risk
41709,Lisa Perkins,764,8,23705,0,1,5,5,11,155,At Risk
41721,Patrick Mclaughlin,709,4,17786,0,1,3,4,8,134,At Risk
41726,Zachary Williams,492,5,13498,1,1,3,3,7,133,At Risk
41754,Theresa Fuller DDS,268,6,13502,0,2,4,3,9,243,At Risk
41757,Kevin Patel,432,6,13330,0,1,4,3,8,143,At Risk
41759,Curtis Singh,313,6,16314,0,2,4,4,10,244,At Risk
41769,Tiffany Rhodes,330,5,17107,0,2,3,4,9,234,At Risk
41770,Linda Simmons,534,5,15030,0,1,3,4,8,134,At Risk
41772,Brenda Gilbert,351,5,14760,0,2,3,3,8,233,At Risk
41785,Alexander Cline,658,6,12158,0,1,4,3,8,143,At Risk
41793,James Garcia,511,5,14603,0,1,3,3,7,133,At Risk
41808,Kelly Rivers,917,6,17607,0,1,4,4,9,144,At Risk
41819,Mathew Leon,248,4,12535,0,2,3,3,8,233,At Risk
41821,Brian Cook,257,10,25474,0,2,5,5,12,255,At Risk
41823,Julia Bryant,293,7,15335,0,2,5,4,11,254,At Risk
41827,John Smith,266,5,13606,0,2,3,3,8,233,At Risk
41833,Bradley Duarte II,396,6,14129,0,2,4,3,9,243,At Risk
41845,Jason Hunter,595,5,16687,0,1,3,4,8,134,At Risk
41850,Daniel Peterson,249,8,15150,0,2,5,4,11,254,At Risk
41860,Jared Andrews,432,4,14426,0,1,3,3,7,133,At Risk
41861,Lydia Mendoza,298,4,11731,1,2,3,3,8,233,At Risk
41866,Brett Jones,280,5,19495,0,2,3,5,10,235,At Risk
41869,Jordan Castillo,253,6,17077,0,2,4,4,10,244,At Risk
41872,Jessica Sheppard,287,8,23880,0,2,5,5,12,255,At Risk
41875,Sarah White,367,5,12424,0,2,3,3,8,233,At Risk
41880,Samuel Myers,449,6,14407,0,1,4,3,8,143,At Risk
41884,Jacqueline Taylor,283,7,16248,0,2,5,4,11,254,At Risk
41898,Barbara Johnson,310,8,15351,1,2,5,4,11,254,At Risk
41910,Ryan Brown,560,4,12387,0,1,3,3,7,133,At Risk
41912,Jessica Johnson,414,6,17696,0,2,4,4,10,244,At Risk
41919,Casey Bridges,670,5,17038,0,1,3,4,8,134,At Risk
41928,Todd Collins,516,5,17596,0,1,3,4,8,134,At Risk
41934,Luke Moon,305,7,22357,0,2,5,5,12,255,At Risk
41937,Ronald Baker,296,5,14574,0,2,3,3,8,233,At Risk
41938,David Atkinson,456,6,14721,0,1,4,3,8,143,At Risk
41939,Elizabeth Stuart,556,6,13918,0,1,4,3,8,143,At Risk
41941,Benjamin Horn,596,5,12336,0,1,3,3,7,133,At Risk
41942,Elaine Anderson,342,4,15331,0,2,3,4,9,234,At Risk
41946,Joshua Glenn,247,6,22237,0,2,4,5,11,245,At Risk
41957,Joshua Woodard,333,4,15160,0,2,3,4,9,234,At Risk
41958,Jaime Dixon,271,8,23006,0,2,5,5,12,255,At Risk
41967,Joshua Jackson,706,5,14092,0,1,3,3,7,133,At Risk
41970,Neil Bennett,380,6,12628,0,2,4,3,9,243,At Risk
41971,Denise Mathews,321,6,14045,1,2,4,3,9,243,At Risk
41979,Joshua Patterson,342,6,19821,0,2,4,5,11,245,At Risk
41992,Cristian Hancock DVM,312,4,11828,0,2,3,3,8,233,At Risk
42000,James Pacheco,616,9,24011,0,1,5,5,11,155,At Risk
42001,Frank Boyd,426,6,14373,0,2,4,3,9,243,At Risk
42012,Anthony Ward,394,6,17482,0,2,4,4,10,244,At Risk
42019,Christian Spears,385,5,12088,0,2,3,3,8,233,At Risk
42021,Paul Leonard,552,5,14431,0,1,3,3,7,133,At Risk
42024,Brian Richards,530,5,14224,1,1,3,3,7,133,At Risk
42026,Debra Webb,279,8,18652,0,2,5,4,11,254,At Risk
42029,Brett Cooper,457,8,23819,0,1,5,5,11,155,At Risk
42039,Brett Jones,479,6,19631,1,1,4,5,10,145,At Risk
42046,Sheila Stark,273,7,25901,0,2,5,5,12,255,At Risk
42053,Melanie Shaw,378,7,25713,0,2,5,5,12,255,At Risk
42082,Leslie Hickman,318,8,22323,0,2,5,5,12,255,At Risk
42088,Sandra Wood,728,5,16726,0,1,3,4,8,134,At Risk
42092,Lindsay Miller,967,4,13997,0,1,3,3,7,133,At Risk
42108,Marissa Lucero,668,4,14234,0,1,3,3,7,133,At Risk
42111,Eric Ward,628,4,13162,1,1,3,3,7,133,At Risk
42116,Logan Pope,251,6,17525,0,2,4,4,10,244,At Risk
42123,Shane Nixon,832,8,19038,0,1,5,4,10,154,At Risk
42128,Laura Burns,341,6,21343,0,2,4,5,11,245,At Risk
42136,Dawn Johnson,322,4,14367,0,2,3,3,8,233,At Risk
42139,Crystal Baker,521,4,12641,0,1,3,3,7,133,At Risk
42140,David Ponce,307,5,13550,0,2,3,3,8,233,At Risk
42141,Sarah Mitchell,326,5,11950,0,2,3,3,8,233,At Risk
42145,Kristina Fernandez,657,6,14404,0,1,4,3,8,143,At Risk
42152,Jose Oconnor,342,6,17351,0,2,4,4,10,244,At Risk
42161,John Davis,268,13,35469,0,2,5,5,12,255,At Risk
42163,Aaron Perez,372,6,15588,0,2,4,4,10,244,At Risk
42182,Victoria Horn,371,7,18263,0,2,5,4,11,254,At Risk
42183,Stephen Fletcher,277,4,15372,0,2,3,4,9,234,At Risk
42198,David Lopez,303,8,19143,0,2,5,4,11,254,At Risk
42203,Amanda Klein,374,9,19742,1,2,5,5,12,255,At Risk
42210,Anthony Daniels,350,5,13015,0,2,3,3,8,233,At Risk
42217,Samantha Chavez,435,6,17241,0,1,4,4,9,144,At Risk
42221,Joshua Cooley,294,7,15090,0,2,5,4,11,254,At Risk
42231,Robert Miller,245,9,23427,1,2,5,5,12,255,At Risk
42241,Nathaniel Flores,281,7,19609,0,2,5,5,12,255,At Risk
42249,Jennifer Michael,281,4,11616,0,2,3,3,8,233,At Risk
42253,Peter Gonzalez,713,6,12555,0,1,4,3,8,143,At Risk
42255,Rodney Anderson,500,5,15830,0,1,3,4,8,134,At Risk
42257,Hannah Aguirre,585,5,18593,0,1,3,4,8,134,At Risk
42269,Lisa Garcia,349,7,17750,0,2,5,4,11,254,At Risk
42270,Jason Hanson,825,4,14673,0,1,3,3,7,133,At Risk
42276,Christine Williams,359,6,19954,0,2,4,5,11,245,At Risk
42280,Tiffany Davis,597,7,17030,1,1,5,4,10,154,At Risk
42284,Tammy Whitehead,554,6,12155,1,1,4,3,8,143,At Risk
42287,Lawrence Jackson,267,8,19143,0,2,5,4,11,254,At Risk
42289,Jeffrey Rose,342,4,12161,0,2,3,3,8,233,At Risk
42295,Amanda Hunt,485,5,16033,0,1,3,4,8,134,At Risk
42298,Brandon Roman,285,7,22191,0,2,5,5,12,255,At Risk
42300,Virginia May,257,9,18775,0,2,5,4,11,254,At Risk
42304,Timothy Spencer,350,6,12064,0,2,4,3,9,243,At Risk
42307,Amber Carter,313,7,16972,1,2,5,4,11,254,At Risk
42313,Christopher Shaw,377,4,12369,1,2,3,3,8,233,At Risk
42315,Stacey Elliott,264,6,14483,1,2,4,3,9,243,At Risk
42318,Veronica Hernandez,329,4,14250,0,2,3,3,8,233,At Risk
42322,Nancy Ward,481,10,22557,0,1,5,5,11,155,At Risk
42323,Donna Horton,350,8,18236,1,2,5,4,11,254,At Risk
42325,Manuel Walker,305,8,14339,1,2,5,3,10,253,At Risk
42333,Timothy Porter,424,4,12460,0,2,3,3,8,233,At Risk
42339,Brian Grimes,370,6,14137,0,2,4,3,9,243,At Risk
42340,Caitlin Johnson,285,7,14237,0,2,5,3,10,253,At Risk
42341,Daniel Harris,258,7,21027,0,2,5,5,12,255,At Risk
42347,Jonathan Ramos,354,6,21791,0,2,4,5,11,245,At Risk
42355,Maria Shaw,404,4,14687,0,2,3,3,8,233,At Risk
42361,Matthew Vazquez,270,9,22139,1,2,5,5,12,255,At Risk
42366,Lori Stevenson,317,4,13399,0,2,3,3,8,233,At Risk
42368,Lee Webb,406,5,13414,1,2,3,3,8,233,At Risk
42374,Allison Mcclure,294,4,12570,0,2,3,3,8,233,At Risk
42380,David Larson,250,4,12139,0,2,3,3,8,233,At Risk
42382,Daniel Haley,273,4,12377,0,2,3,3,8,233,At Risk
42388,Amanda Maxwell,311,5,14308,0,2,3,3,8,233,At Risk
42395,John Mcintyre,256,7,21180,1,2,5,5,12,255,At Risk
42400,Paul Freeman,657,5,18589,0,1,3,4,8,134,At Risk
42401,Laura Mayo,279,5,15725,0,2,3,4,9,234,At Risk
42402,Linda Webb,280,5,14041,0,2,3,3,8,233,At Risk
42408,Brianna Franklin,692,6,17751,0,1,4,4,9,144,At Risk
42416,Jack Sanford,342,8,28332,0,2,5,5,12,255,At Risk
42422,Donna Shaffer,247,4,12200,0,2,3,3,8,233,At Risk
42429,Frances Mcfarland,261,5,14557,0,2,3,3,8,233,At Risk
42431,Brenda Baxter,336,6,12470,0,2,4,3,9,243,At Risk
42432,Rick West,302,5,11889,0,2,3,3,8,233,At Risk
42433,Seth Martinez,547,5,12686,0,1,3,3,7,133,At Risk
42444,Ashley Martin,560,8,20262,0,1,5,5,11,155,At Risk
42451,Mary Barnett,274,6,11890,0,2,4,3,9,243,At Risk
42458,Jonathan Hale,473,6,20921,0,1,4,5,10,145,At Risk
42469,Danielle Logan,288,4,16503,0,2,3,4,9,234,At Risk
42483,Maria Wyatt,318,5,20814,0,2,3,5,10,235,At Risk
42488,Stephen Turner,325,5,16588,1,2,3,4,9,234,At Risk
42492,Connie Arias,450,4,11421,0,1,3,3,7,133,At Risk
42494,Joshua Miller,363,6,15648,0,2,4,4,10,244,At Risk
42497,Heather Flores DVM,292,7,12622,0,2,5,3,10,253,At Risk
42526,Dana Miller,519,5,13468,1,1,3,3,7,133,At Risk
42530,Matthew Walker,372,8,17201,0,2,5,4,11,254,At Risk
42537,Krystal Williams,405,5,12257,0,2,3,3,8,233,At Risk
42546,Sylvia Ford,583,6,17794,1,1,4,4,9,144,At Risk
42548,Mr. Joseph Brown,285,8,21557,0,2,5,5,12,255,At Risk
42549,Timothy Wallace,326,5,14077,0,2,3,3,8,233,At Risk
42554,Amy Velez,389,5,11385,0,2,3,3,8,233,At Risk
42556,Jorge Galloway,479,7,24939,1,1,5,5,11,155,At Risk
42568,Melissa Morales,249,8,15003,0,2,5,4,11,254,At Risk
42585,Timothy Fields,280,5,13347,0,2,3,3,8,233,At Risk
42587,Kyle Banks,270,4,14008,0,2,3,3,8,233,At Risk
42588,Sharon Robinson,640,4,13289,0,1,3,3,7,133,At Risk
42589,Kyle Mccann,713,6,16453,0,1,4,4,9,144,At Risk
42592,William Brown,253,4,12017,0,2,3,3,8,233,At Risk
42606,Sharon Kim,397,6,15320,1,2,4,4,10,244,At Risk
42611,Lindsay Vega,510,5,13175,1,1,3,3,7,133,At Risk
42612,Sharon West,282,8,30717,0,2,5,5,12,255,At Risk
42623,David Gonzalez,585,7,17505,0,1,5,4,10,154,At Risk
42634,Sonya Gordon,367,10,26725,0,2,5,5,12,255,At Risk
42636,Laura Nixon,306,11,33249,0,2,5,5,12,255,At Risk
42638,Leslie Bowers,331,5,12809,0,2,3,3,8,233,At Risk
42640,Steven Hoffman,362,7,16478,0,2,5,4,11,254,At Risk
42644,Joseph Jones,373,5,12390,0,2,3,3,8,233,At Risk
42647,Tim Cox,366,6,15814,1,2,4,4,10,244,At Risk
42651,Miguel Pearson,291,5,11701,0,2,3,3,8,233,At Risk
42652,Thomas Myers,387,4,12262,0,2,3,3,8,233,At Risk
42655,Christopher Fisher,436,5,20093,0,1,3,5,9,135,At Risk
42660,William Collins,325,9,27975,0,2,5,5,12,255,At Risk
42663,Taylor Lambert,463,10,29604,0,1,5,5,11,155,At Risk
42664,Kenneth Thompson,484,5,15922,0,1,3,4,8,134,At Risk
42681,Maria Martinez,346,6,13068,0,2,4,3,9,243,At Risk
42683,Keith May,366,4,14507,1,2,3,3,8,233,At Risk
42685,John Gray,271,4,12492,0,2,3,3,8,233,At Risk
42688,Zachary Bond,249,9,26125,0,2,5,5,12,255,At Risk
42691,James Martin,324,6,16408,1,2,4,4,10,244,At Risk
42706,Kristen Kent,368,7,18748,1,2,5,4,11,254,At Risk
42713,Daniel Gomez,256,4,12251,0,2,3,3,8,233,At Risk
42719,Jessica Stout,326,8,22570,0,2,5,5,12,255,At Risk
42723,Kent Miles,297,5,18209,1,2,3,4,9,234,At Risk
42726,Christopher Bray,410,5,13614,0,2,3,3,8,233,At Risk
42730,Sarah Garcia,347,7,23879,0,2,5,5,12,255,At Risk
42736,Michelle White,264,6,16913,0,2,4,4,10,244,At Risk
42739,Scott Schmidt,520,6,16497,0,1,4,4,9,144,At Risk
42743,Ashley Hernandez,246,4,12840,1,2,3,3,8,233,At Risk
42744,Sean Woods,584,7,20905,0,1,5,5,11,155,At Risk
42755,Brian Holder,307,5,14020,1,2,3,3,8,233,At Risk
42757,Johnny Smith,597,5,14169,0,1,3,3,7,133,At Risk
42764,Amanda Howard,244,8,16157,0,2,5,4,11,254,At Risk
42767,Michael Reyes,304,8,19482,0,2,5,5,12,255,At Risk
42769,Emily Castillo,394,5,12194,1,2,3,3,8,233,At Risk
42775,Alexandra Harris,269,4,15622,0,2,3,4,9,234,At Risk
42779,Derek Cummings,298,7,18255,0,2,5,4,11,254,At Risk
42781,David Finley,462,4,13892,0,1,3,3,7,133,At Risk
42790,Alex Graham,319,5,19893,0,2,3,5,10,235,At Risk
42807,Anna Stevens,678,5,11672,0,1,3,3,7,133,At Risk
42810,Jesus Powell,628,4,12834,0,1,3,3,7,133,At Risk
42813,Toni Mcdaniel,537,6,18009,0,1,4,4,9,144,At Risk
42818,Christie Guzman,339,5,14999,0,2,3,4,9,234,At Risk
42824,Laura Hall,339,4,11590,1,2,3,3,8,233,At Risk
42828,Daniel Meyers,495,7,22070,0,1,5,5,11,155,At Risk
42833,Vickie Harris,784,6,12137,0,1,4,3,8,143,At Risk
42835,David Rivera,589,6,14393,0,1,4,3,8,143,At Risk
42841,Sabrina Wolf,375,8,12705,0,2,5,3,10,253,At Risk
42845,Mark Grimes,526,6,14059,0,1,4,3,8,143,At Risk
42850,Jessica Williams,323,7,16727,0,2,5,4,11,254,At Risk
42851,William Terry,736,7,17221,0,1,5,4,10,154,At Risk
42872,Kathryn Adams,243,4,16396,0,2,3,4,9,234,At Risk
42881,Tony Powell,302,8,34249,0,2,5,5,12,255,At Risk
42885,Kimberly Burton,409,7,14585,0,2,5,3,10,253,At Risk
42886,Rachel Mooney,287,5,14048,1,2,3,3,8,233,At Risk
42890,Daniel Gardner,586,6,21137,0,1,4,5,10,145,At Risk
42895,Vincent Norris,472,5,11926,0,1,3,3,7,133,At Risk
42896,Mark Graves,269,9,27388,0,2,5,5,12,255,At Risk
42903,Amanda Maldonado,447,5,15329,0,1,3,4,8,134,At Risk
42907,Daniel Delacruz,288,7,14292,0,2,5,3,10,253,At Risk
42909,Adam Anderson,286,8,26617,0,2,5,5,12,255,At Risk
42912,Hannah Larson,326,6,18358,0,2,4,4,10,244,At Risk
42919,James Bowman,304,5,20698,0,2,3,5,10,235,At Risk
42928,Steven Cole,701,5,16045,0,1,3,4,8,134,At Risk
42938,Annette Guerra,317,6,15827,0,2,4,4,10,244,At Risk
42940,Margaret Cruz,380,4,11466,1,2,3,3,8,233,At Risk
42942,Jeffrey Gould,573,5,14011,1,1,3,3,7,133,At Risk
42950,Shannon Smith,413,4,11490,0,2,3,3,8,233,At Risk
42951,Gary Huber,343,11,29260,0,2,5,5,12,255,At Risk
42955,Jay Hernandez,283,5,11726,0,2,3,3,8,233,At Risk
42957,Lori Howell,335,9,19969,0,2,5,5,12,255,At Risk
42962,Debra Rose,860,6,13212,1,1,4,3,8,143,At Risk
42963,Austin Cooper,701,5,11985,0,1,3,3,7,133,At Risk
42965,Jeffrey Davis,554,7,16290,0,1,5,4,10,154,At Risk
42967,Jake Smith,446,5,17923,0,1,3,4,8,134,At Risk
42968,Douglas Garcia,600,7,18864,0,1,5,4,10,154,At Risk
42969,Jennifer Adams,300,8,24634,0,2,5,5,12,255,At Risk
42974,Ryan Martin,395,5,13914,0,2,3,3,8,233,At Risk
42985,Amanda Murphy,290,6,16096,0,2,4,4,10,244,At Risk
42988,Donald Thomas,269,10,26749,0,2,5,5,12,255,At Risk
42991,Richard Carter,337,7,23244,0,2,5,5,12,255,At Risk
42995,Ricky Rogers,525,5,15662,0,1,3,4,8,134,At Risk
42999,Christina Quinn,573,6,17507,0,1,4,4,9,144,At Risk
43008,Susan Roberts,487,5,19832,0,1,3,5,9,135,At Risk
43012,Mark Clark,293,9,27237,0,2,5,5,12,255,At Risk
43016,Albert Sherman,243,6,14737,0,2,4,3,9,243,At Risk
43020,Julia Carlson,284,6,16992,0,2,4,4,10,244,At Risk
43024,Teresa Reed,327,8,26964,0,2,5,5,12,255,At Risk
43028,Deborah James,468,4,16049,0,1,3,4,8,134,At Risk
43029,Ryan Cooke,598,4,13593,1,1,3,3,7,133,At Risk
43031,Karen Crawford,277,7,14818,1,2,5,4,11,254,At Risk
43033,Allison Mayo,258,8,16884,1,2,5,4,11,254,At Risk
43035,Jacob Hubbard,708,7,20103,0,1,5,5,11,155,At Risk
43046,Ryan Small,682,4,14015,0,1,3,3,7,133,At Risk
43048,Zachary Perry,426,6,19225,0,2,4,4,10,244,At Risk
43052,Rachel Thomas,345,5,15294,0,2,3,4,9,234,At Risk
43054,Jorge Alvarado,556,5,14644,0,1,3,3,7,133,At Risk
43067,Jasmin Lewis,631,5,13016,0,1,3,3,7,133,At Risk
43071,Christopher Dorsey,569,4,14437,0,1,3,3,7,133,At Risk
43082,Logan Grant,365,5,14142,0,2,3,3,8,233,At Risk
43084,Shane Nicholson,607,5,14613,1,1,3,3,7,133,At Risk
43085,Eric Carter,555,6,22087,0,1,4,5,10,145,At Risk
43091,Bobby Reeves,830,5,17060,1,1,3,4,8,134,At Risk
43092,Yvonne Bryan,468,4,13459,0,1,3,3,7,133,At Risk
43095,Deborah Daniels,261,6,16599,1,2,4,4,10,244,At Risk
43099,Krista Atkins,466,4,12140,0,1,3,3,7,133,At Risk
43102,Kathy Gonzalez,277,6,15211,0,2,4,4,10,244,At Risk
43106,Michael Pace,406,7,17735,0,2,5,4,11,254,At Risk
43113,Nicole Clark,377,6,20377,0,2,4,5,11,245,At Risk
43115,James Fletcher,822,5,14469,0,1,3,3,7,133,At Risk
43117,Diane Olson,397,4,13278,0,2,3,3,8,233,At Risk
43122,Jeffrey Page,412,5,13461,0,2,3,3,8,233,At Risk
43124,Angel Campbell,264,7,16851,0,2,5,4,11,254,At Risk
43128,Christopher Barnes,323,7,18293,0,2,5,4,11,254,At Risk
43129,Richard Patterson,308,8,28391,0,2,5,5,12,255,At Risk
43133,Jonathon Clark,354,8,20218,0,2,5,5,12,255,At Risk
43134,Casey Ferguson DVM,327,7,21246,0,2,5,5,12,255,At Risk
43139,Kimberly Cuevas,718,6,19811,0,1,4,5,10,145,At Risk
43154,Dwayne Shelton,281,5,15337,1,2,3,4,9,234,At Risk
43157,Tabitha Holder,298,6,18970,0,2,4,4,10,244,At Risk
43169,Leonard Robertson,460,6,20815,0,1,4,5,10,145,At Risk
43171,Edward Beck,369,5,14882,0,2,3,4,9,234,At Risk
43179,Devin Hardy II,375,4,13068,0,2,3,3,8,233,At Risk
43181,Edward Dean,716,5,16678,0,1,3,4,8,134,At Risk
43184,Erik Marshall,351,7,18718,0,2,5,4,11,254,At Risk
43188,Anthony Ellis,438,6,16955,0,1,4,4,9,144,At Risk
43189,William Davenport PhD,261,6,18184,1,2,4,4,10,244,At Risk
43195,Ronald Cruz,268,6,14609,0,2,4,3,9,243,At Risk
43196,Brandi Moore,724,7,22488,1,1,5,5,11,155,At Risk
43201,Michele Suarez,286,7,20246,0,2,5,5,12,255,At Risk
43206,Theresa Cervantes,461,8,22887,0,1,5,5,11,155,At Risk
43224,Charles Kelly,388,5,13655,0,2,3,3,8,233,At Risk
43226,Ronald Campos,369,5,12631,0,2,3,3,8,233,At Risk
43240,Joseph Jones,408,5,12147,1,2,3,3,8,233,At Risk
43241,Jacqueline Fisher,493,6,13707,1,1,4,3,8,143,At Risk
43247,Devin Price,501,5,13488,0,1,3,3,7,133,At Risk
43251,Eric Reed,398,5,12062,0,2,3,3,8,233,At Risk
43252,Stephen Anderson,289,5,15415,0,2,3,4,9,234,At Risk
43257,Ashley Smith,760,4,11519,0,1,3,3,7,133,At Risk
43262,Anthony Walker,256,4,12963,0,2,3,3,8,233,At Risk
43269,Alyssa Wilson,257,7,18672,0,2,5,4,11,254,At Risk
43271,Jennifer Patterson,410,6,20709,0,2,4,5,11,245,At Risk
43273,Christine Palmer,371,5,14447,0,2,3,3,8,233,At Risk
43283,Christopher Bell,291,8,19008,1,2,5,4,11,254,At Risk
43286,Allen Vaughn,523,5,17399,0,1,3,4,8,134,At Risk
43295,Jennifer Sims,466,6,13310,0,1,4,3,8,143,At Risk
43296,Maureen Perez,356,5,15840,0,2,3,4,9,234,At Risk
43299,Jonathan Davis,410,4,16082,0,2,3,4,9,234,At Risk
43300,David Fuentes,540,5,12076,0,1,3,3,7,133,At Risk
43324,Amanda Cain,269,5,15818,0,2,3,4,9,234,At Risk
43332,Carrie Johnson,333,5,11668,0,2,3,3,8,233,At Risk
43334,Amanda Moss,250,5,13900,0,2,3,3,8,233,At Risk
43342,Andrew Mcpherson,342,9,24269,1,2,5,5,12,255,At Risk
43344,Juan Smith,311,12,36083,0,2,5,5,12,255,At Risk
43348,Steven Webb,495,4,14633,0,1,3,3,7,133,At Risk
43350,Tina Steele,515,6,19166,0,1,4,4,9,144,At Risk
43351,Albert Alexander,392,9,23021,0,2,5,5,12,255,At Risk
43353,Kathryn Shannon,610,4,12245,0,1,3,3,7,133,At Risk
43354,Robin Hutchinson,413,7,24597,1,2,5,5,12,255,At Risk
43357,Megan Mack,610,5,17536,0,1,3,4,8,134,At Risk
43359,David Hart,589,4,15028,0,1,3,4,8,134,At Risk
43360,Sarah Garcia,624,5,14113,0,1,3,3,7,133,At Risk
43365,Patrick Newman,536,4,16175,0,1,3,4,8,134,At Risk
43367,Gail Dominguez,368,6,15534,1,2,4,4,10,244,At Risk
43368,Julie Carey,439,7,17430,0,1,5,4,10,154,At Risk
43375,Travis Fernandez,288,6,16111,0,2,4,4,10,244,At Risk
43386,Michael Gonzalez,410,6,16109,0,2,4,4,10,244,At Risk
43387,Daniel Riley,662,4,13515,1,1,3,3,7,133,At Risk
43400,Francis Schwartz,578,4,12908,0,1,3,3,7,133,At Risk
43401,Brittney Ford,438,7,18774,0,1,5,4,10,154,At Risk
43403,Laura Payne,722,4,12413,0,1,3,3,7,133,At Risk
43404,Erik Clark,276,7,24830,0,2,5,5,12,255,At Risk
43418,Judy Shepherd,310,4,11977,1,2,3,3,8,233,At Risk
43419,Amanda Nelson,248,5,13596,0,2,3,3,8,233,At Risk
43430,Samantha Smith,445,7,22668,1,1,5,5,11,155,At Risk
43431,Christina Reilly,943,4,14048,1,1,3,3,7,133,At Risk
43434,Michael Smith,337,6,16613,0,2,4,4,10,244,At Risk
43436,James Rogers,378,10,25479,0,2,5,5,12,255,At Risk
43437,William Smith,312,5,17581,0,2,3,4,9,234,At Risk
43443,Patrick Allen,528,5,16347,0,1,3,4,8,134,At Risk
43444,Michael Holden,319,4,12768,0,2,3,3,8,233,At Risk
43449,Trevor Castro,662,7,17555,0,1,5,4,10,154,At Risk
43456,Sara Hayes,369,4,12697,1,2,3,3,8,233,At Risk
43457,Tammy Rodriguez,537,7,17588,0,1,5,4,10,154,At Risk
43471,Sabrina Mccoy,407,5,11985,0,2,3,3,8,233,At Risk
43479,Stacy Kelly,335,5,15790,1,2,3,4,9,234,At Risk
43483,Diana Murray,288,4,15494,0,2,3,4,9,234,At Risk
43485,Melissa Johnson,488,4,15018,0,1,3,4,8,134,At Risk
43489,Brenda Turner,384,5,14538,0,2,3,3,8,233,At Risk
43497,Leslie Johnson,551,6,19953,0,1,4,5,10,145,At Risk
43502,Laura Park,279,4,12613,1,2,3,3,8,233,At Risk
43504,Jennifer Rogers,356,8,15280,0,2,5,4,11,254,At Risk
43509,Kimberly Allen,262,5,21133,0,2,3,5,10,235,At Risk
43513,Casey Holmes,467,9,29751,1,1,5,5,11,155,At Risk
43515,Lisa Pitts,328,9,29256,0,2,5,5,12,255,At Risk
43516,Dr. Charles Snow,416,5,14820,0,2,3,4,9,234,At Risk
43522,Jeffrey Roberts,420,7,16181,0,2,5,4,11,254,At Risk
43523,Katherine Ali,418,4,11470,0,2,3,3,8,233,At Risk
43524,Nathaniel Sanchez,346,4,12771,0,2,3,3,8,233,At Risk
43525,Sarah Osborn,885,4,11579,0,1,3,3,7,133,At Risk
43531,Casey Thomas,374,6,21292,0,2,4,5,11,245,At Risk
43532,Jason Kelley,251,5,14449,1,2,3,3,8,233,At Risk
43534,Seth Hammond,910,6,23666,1,1,4,5,10,145,At Risk
43539,Kristen Carter,754,5,13714,1,1,3,3,7,133,At Risk
43546,Tom Thomas,522,9,24455,0,1,5,5,11,155,At Risk
43552,Paul Wilson,709,6,12840,0,1,4,3,8,143,At Risk
43567,Sean Park,892,4,14271,1,1,3,3,7,133,At Risk
43571,Jill Jacobs,460,5,16821,0,1,3,4,8,134,At Risk
43591,Shelly Yates,571,7,14660,0,1,5,3,9,153,At Risk
43595,Valerie Patel,477,5,14870,0,1,3,4,8,134,At Risk
43598,Todd Pittman,508,6,18458,0,1,4,4,9,144,At Risk
43610,Sharon Torres,371,5,14364,0,2,3,3,8,233,At Risk
43612,Michael Lane,551,5,18994,0,1,3,4,8,134,At Risk
43620,Terri Hines,385,6,17712,0,2,4,4,10,244,At Risk
43630,Anthony Doyle,383,6,13781,1,2,4,3,9,243,At Risk
43633,Elizabeth Lopez,661,4,13955,0,1,3,3,7,133,At Risk
43634,Curtis Rios,633,5,12457,1,1,3,3,7,133,At Risk
43643,Aaron Kelly,569,4,12364,0,1,3,3,7,133,At Risk
43647,Daisy White,496,4,16031,1,1,3,4,8,134,At Risk
43658,Elizabeth Davis,262,4,13788,0,2,3,3,8,233,At Risk
43662,Beth Rojas,299,6,14951,0,2,4,4,10,244,At Risk
43664,Daniel Joseph,435,4,12834,1,1,3,3,7,133,At Risk
43666,Brandi Zuniga,395,6,17937,1,2,4,4,10,244,At Risk
43669,Thomas Andrews,469,7,17058,1,1,5,4,10,154,At Risk
43681,Nicholas Jacobson,770,5,14644,0,1,3,3,7,133,At Risk
43683,Cody Flynn,280,6,16112,1,2,4,4,10,244,At Risk
43684,Jennifer Sutton,245,9,25146,1,2,5,5,12,255,At Risk
43685,Amber Cooper,288,7,15743,0,2,5,4,11,254,At Risk
43700,Carlos Perez,513,6,16974,0,1,4,4,9,144,At Risk
43701,Donna Sawyer,331,6,22758,0,2,4,5,11,245,At Risk
43704,Kelly Shelton,648,7,27454,0,1,5,5,11,155,At Risk
43705,John Roy,434,6,13122,1,1,4,3,8,143,At Risk
43709,Jimmy Jenkins,337,5,13573,0,2,3,3,8,233,At Risk
43712,Joseph Long,322,7,19610,0,2,5,5,12,255,At Risk
43723,Mrs. Taylor Mcgrath MD,257,10,28633,0,2,5,5,12,255,At Risk
43727,Eric Rodriguez,510,7,27335,0,1,5,5,11,155,At Risk
43728,Lauren Hubbard,247,6,16938,0,2,4,4,10,244,At Risk
43736,Caitlyn Potts,303,5,15340,0,2,3,4,9,234,At Risk
43737,Jason Lawson,375,6,15885,0,2,4,4,10,244,At Risk
43740,Mario Beck,345,5,14964,0,2,3,4,9,234,At Risk
43743,David Brandt,527,5,14625,1,1,3,3,7,133,At Risk
43749,Samantha Martin,485,5,11876,0,1,3,3,7,133,At Risk
43760,Benjamin White,439,7,14392,0,1,5,3,9,153,At Risk
43764,Robert Ferguson,430,8,26018,0,1,5,5,11,155,At Risk
43771,Carolyn Brown MD,425,5,13961,0,2,3,3,8,233,At Risk
43773,Greg Marshall,606,4,12108,0,1,3,3,7,133,At Risk
43774,Virginia Moreno,401,4,15787,0,2,3,4,9,234,At Risk
43775,Susan Anderson,336,5,17518,1,2,3,4,9,234,At Risk
43784,Nicholas Cross,1178,4,11448,0,1,3,3,7,133,At Risk
43792,Julie Wolfe,290,6,14472,1,2,4,3,9,243,At Risk
43793,Kelly Ingram,632,5,12808,0,1,3,3,7,133,At Risk
43798,Lisa Miller,824,5,11507,0,1,3,3,7,133,At Risk
43801,Dr. Mary Powell,253,4,13741,1,2,3,3,8,233,At Risk
43812,Lawrence Butler,326,5,14253,0,2,3,3,8,233,At Risk
43820,Tanya Elliott,259,4,12988,0,2,3,3,8,233,At Risk
43822,Crystal Higgins,787,4,13010,0,1,3,3,7,133,At Risk
43823,Christopher Gutierrez,538,7,16421,0,1,5,4,10,154,At Risk
43832,Paige Sullivan,557,4,13331,0,1,3,3,7,133,At Risk
43839,Darren White,327,8,27825,1,2,5,5,12,255,At Risk
43840,Christopher Li,256,6,12064,0,2,4,3,9,243,At Risk
43845,Kristen Weaver,243,10,29082,0,2,5,5,12,255,At Risk
43846,Ashley Flowers,404,4,11530,0,2,3,3,8,233,At Risk
43852,Timothy Phillips,433,9,18102,0,1,5,4,10,154,At Risk
43853,David Lambert,363,6,14969,0,2,4,4,10,244,At Risk
43855,Elizabeth Chambers,252,8,24006,1,2,5,5,12,255,At Risk
43862,Julie Hood,421,5,13584,0,2,3,3,8,233,At Risk
43863,Michael Roberts,338,7,17558,0,2,5,4,11,254,At Risk
43864,Donna Barnes,317,6,15794,0,2,4,4,10,244,At Risk
43865,Rodney Pierce,387,4,14227,1,2,3,3,8,233,At Risk
43868,Pamela Gill,268,4,11868,1,2,3,3,8,233,At Risk
43873,Joseph Murray,387,10,30750,1,2,5,5,12,255,At Risk
43881,Michael Gray,518,5,17930,1,1,3,4,8,134,At Risk
43882,Rhonda Chapman,457,6,11981,0,1,4,3,8,143,At Risk
43885,Russell Lee,311,6,20414,1,2,4,5,11,245,At Risk
43894,Sharon Baxter,312,10,26521,0,2,5,5,12,255,At Risk
43895,Jason Brown,331,4,16285,0,2,3,4,9,234,At Risk
43896,Alexandria Mendoza,325,7,19650,0,2,5,5,12,255,At Risk
43897,Sara Wong,351,6,17635,0,2,4,4,10,244,At Risk
43898,Makayla Pacheco,309,7,18748,0,2,5,4,11,254,At Risk
43899,Olivia Vazquez,249,8,25743,0,2,5,5,12,255,At Risk
43904,Todd Wilcox,606,5,13396,0,1,3,3,7,133,At Risk
43906,Brandon Watts,344,6,18003,0,2,4,4,10,244,At Risk
43909,Heidi Ashley,343,4,13278,0,2,3,3,8,233,At Risk
43911,Paula Frank,461,7,11869,1,1,5,3,9,153,At Risk
43913,Stephanie Johnson MD,335,5,14678,1,2,3,3,8,233,At Risk
43921,Justin Guerra,456,4,14259,0,1,3,3,7,133,At Risk
43924,Andrew Matthews,589,8,15484,1,1,5,4,10,154,At Risk
43925,Scott Johnson,410,8,29562,0,2,5,5,12,255,At Risk
43938,Elizabeth Singh,252,7,18438,1,2,5,4,11,254,At Risk
43949,Jacob Adams,576,5,17576,0,1,3,4,8,134,At Risk
43951,Dr. Laurie Green,399,6,15569,0,2,4,4,10,244,At Risk
43954,Kim Hoover,383,7,19400,0,2,5,5,12,255,At Risk
43959,Kevin Ramos MD,567,7,20118,0,1,5,5,11,155,At Risk
43960,Frank Castro,399,7,17872,1,2,5,4,11,254,At Risk
43966,Kayla Cain,468,6,12985,0,1,4,3,8,143,At Risk
43969,Timothy Frye,338,8,24451,0,2,5,5,12,255,At Risk
43976,Laura Johnston,501,6,17033,0,1,4,4,9,144,At Risk
43986,Gregory Hernandez,276,5,14369,1,2,3,3,8,233,At Risk
43989,Jacqueline Robinson,269,7,19523,0,2,5,5,12,255,At Risk
43990,Alexis Cox,350,5,17296,0,2,3,4,9,234,At Risk
43991,Kaitlyn Williams,351,4,12483,0,2,3,3,8,233,At Risk
44004,Christopher Long,273,5,15070,0,2,3,4,9,234,At Risk
44005,Alexander Brown,243,8,18831,1,2,5,4,11,254,At Risk
44019,Douglas White,625,5,12021,0,1,3,3,7,133,At Risk
44029,Keith Alexander,488,6,13637,0,1,4,3,8,143,At Risk
44037,Casey Coleman MD,492,4,14267,0,1,3,3,7,133,At Risk
44042,Ian Whitney,244,7,15262,0,2,5,4,11,254,At Risk
44050,Mackenzie King,363,6,13545,1,2,4,3,9,243,At Risk
44053,Crystal Freeman,388,5,13732,1,2,3,3,8,233,At Risk
44054,Shannon Rodriguez,302,7,20670,0,2,5,5,12,255,At Risk
44055,Cynthia Hoffman,570,6,18295,0,1,4,4,9,144,At Risk
44061,Faith Glover,247,6,17347,0,2,4,4,10,244,At Risk
44066,Brandy Richards,285,9,26222,0,2,5,5,12,255,At Risk
44071,Barbara Nelson,473,7,20805,1,1,5,5,11,155,At Risk
44072,Karen French,588,5,19251,0,1,3,4,8,134,At Risk
44074,Hannah Williams,468,5,18165,0,1,3,4,8,134,At Risk
44089,Stephen Higgins,348,4,12675,0,2,3,3,8,233,At Risk
44099,Ashley Ramirez,368,5,16857,0,2,3,4,9,234,At Risk
44109,Christine Smith,566,5,14115,0,1,3,3,7,133,At Risk
44111,Curtis Romero,792,8,20940,1,1,5,5,11,155,At Risk
44117,Raymond Hughes,556,6,16051,1,1,4,4,9,144,At Risk
44119,Timothy Villanueva,309,7,21464,1,2,5,5,12,255,At Risk
44128,Steven Travis,710,5,19107,0,1,3,4,8,134,At Risk
44131,Dustin Singleton,324,6,15659,0,2,4,4,10,244,At Risk
44135,Danielle Thomas,455,5,20203,0,1,3,5,9,135,At Risk
44137,Jessica Johnson,312,5,16412,0,2,3,4,9,234,At Risk
44139,Emma Peterson,303,6,11616,1,2,4,3,9,243,At Risk
44156,Holly Stafford,318,5,12656,0,2,3,3,8,233,At Risk
44164,Brian Gallegos,714,5,17149,1,1,3,4,8,134,At Risk
44168,Nicole Castillo,492,6,20256,1,1,4,5,10,145,At Risk
44169,Steven Smith,1000,4,13719,0,1,3,3,7,133,At Risk
44172,Frederick Farmer,246,7,20382,0,2,5,5,12,255,At Risk
44173,Nathan Bauer,618,6,12208,0,1,4,3,8,143,At Risk
44182,Sonia Smith,688,6,17937,1,1,4,4,9,144,At Risk
44183,Julia Robertson,461,5,13639,0,1,3,3,7,133,At Risk
44202,Joshua Brown,264,6,13570,1,2,4,3,9,243,At Risk
44206,Devon Jones,570,5,13893,0,1,3,3,7,133,At Risk
44211,Alan Garrett,255,6,20100,0,2,4,5,11,245,At Risk
44218,Jose Merritt,374,5,13746,0,2,3,3,8,233,At Risk
44225,William Duncan,390,7,20143,1,2,5,5,12,255,At Risk
44230,Matthew Mcdaniel,444,5,12305,0,1,3,3,7,133,At Risk
44250,Jessica Yates,378,8,21460,0,2,5,5,12,255,At Risk
44255,Nicole Davis,406,7,15537,0,2,5,4,11,254,At Risk
44260,Lauren Jacobson,272,6,14507,1,2,4,3,9,243,At Risk
44262,Matthew Fuller,592,5,19849,0,1,3,5,9,135,At Risk
44264,Brandi Christian,287,4,14940,0,2,3,4,9,234,At Risk
44268,Karen Moran,776,4,13659,0,1,3,3,7,133,At Risk
44277,Robert Williams,325,9,28883,0,2,5,5,12,255,At Risk
44280,Jacob Huffman,346,6,13584,1,2,4,3,9,243,At Risk
44281,Zachary Reynolds,414,5,14505,0,2,3,3,8,233,At Risk
44288,Shelby Skinner,460,4,13730,1,1,3,3,7,133,At Risk
44290,Lori Flores,390,6,16990,0,2,4,4,10,244,At Risk
44294,Wendy Garcia,305,6,19901,0,2,4,5,11,245,At Risk
44296,Michael Cameron,244,8,18105,0,2,5,4,11,254,At Risk
44302,David Shaw,352,6,17371,0,2,4,4,10,244,At Risk
44303,Victoria Lin,247,8,23886,0,2,5,5,12,255,At Risk
44315,Theresa Horn,247,8,22407,0,2,5,5,12,255,At Risk
44316,Courtney Johnson,279,8,20346,1,2,5,5,12,255,At Risk
44321,Tracy Blankenship,579,5,13625,0,1,3,3,7,133,At Risk
44328,Nicholas Patel,555,4,14817,0,1,3,4,8,134,At Risk
44333,Lori Aguilar,438,4,14478,0,1,3,3,7,133,At Risk
44334,Kathleen Guerrero,366,6,17674,0,2,4,4,10,244,At Risk
44340,Steven Flowers,697,5,18770,0,1,3,4,8,134,At Risk
44341,Alyssa Roberts,420,5,14978,0,2,3,4,9,234,At Risk
44342,Nathan Nash,501,8,19424,0,1,5,5,11,155,At Risk
44344,George Hays,484,8,21153,0,1,5,5,11,155,At Risk
44346,Christopher Brewer,285,10,22675,0,2,5,5,12,255,At Risk
44348,Kristin Larson,356,6,20431,0,2,4,5,11,245,At Risk
44352,Timothy Lewis,243,5,12915,0,2,3,3,8,233,At Risk
44356,Paul Crawford,476,4,12139,0,1,3,3,7,133,At Risk
44366,Kara Dean,259,5,14035,0,2,3,3,8,233,At Risk
44373,Hunter Richards MD,321,5,16383,0,2,3,4,9,234,At Risk
44376,Daniel Vega,916,4,15642,1,1,3,4,8,134,At Risk
44388,Duane Baker,520,5,11407,0,1,3,3,7,133,At Risk
44392,Angel Pearson,266,4,15418,0,2,3,4,9,234,At Risk
44401,Felicia Brown,357,4,12353,0,2,3,3,8,233,At Risk
44403,Tamara Newton,381,5,17079,1,2,3,4,9,234,At Risk
44405,Gary Winters,246,5,15256,0,2,3,4,9,234,At Risk
44410,Bobby Taylor,350,5,14884,0,2,3,4,9,234,At Risk
44416,Alyssa Suarez,425,5,15686,0,2,3,4,9,234,At Risk
44424,Gary Garcia,629,4,13023,0,1,3,3,7,133,At Risk
44442,Kevin Maddox,248,4,12886,0,2,3,3,8,233,At Risk
44446,Margaret Burch,640,5,14832,0,1,3,4,8,134,At Risk
44453,Jeffrey Hughes,517,5,19400,0,1,3,5,9,135,At Risk
44454,Melissa Carson,298,4,12451,0,2,3,3,8,233,At Risk
44455,Nathan Moreno,245,9,21661,0,2,5,5,12,255,At Risk
44460,Brittany Melendez,326,8,24186,0,2,5,5,12,255,At Risk
44465,Denise Murray,332,6,15146,0,2,4,4,10,244,At Risk
44466,Michelle Schmitt,418,4,12057,0,2,3,3,8,233,At Risk
44470,Kelly Rubio,403,8,25344,0,2,5,5,12,255,At Risk
44473,Cody Cummings,416,7,24151,0,2,5,5,12,255,At Risk
44475,Kevin West,698,5,18513,0,1,3,4,8,134,At Risk
44479,Justin Bowman,479,5,14512,0,1,3,3,7,133,At Risk
44482,Donald Johnson,446,7,16975,0,1,5,4,10,154,At Risk
44484,Shawn Torres,465,8,24622,0,1,5,5,11,155,At Risk
44486,Abigail Calderon,454,6,15040,0,1,4,4,9,144,At Risk
44494,Patrick Wallace,278,5,16337,0,2,3,4,9,234,At Risk
44498,Steven Murray,261,7,19800,0,2,5,5,12,255,At Risk
44500,Christopher Mendoza,341,5,11921,1,2,3,3,8,233,At Risk
44502,Richard Martinez,274,6,17298,0,2,4,4,10,244,At Risk
44503,Jonathan Harrington,610,5,14946,1,1,3,4,8,134,At Risk
44505,Christopher Nicholson,450,6,12872,0,1,4,3,8,143,At Risk
44506,William Clarke,291,9,20716,1,2,5,5,12,255,At Risk
44511,Tina Hutchinson,491,6,17695,0,1,4,4,9,144,At Risk
44512,Sonya Smith,354,7,21846,0,2,5,5,12,255,At Risk
44523,Yolanda Norris,501,5,11386,0,1,3,3,7,133,At Risk
44525,Timothy Cunningham,392,4,15436,0,2,3,4,9,234,At Risk
44528,Anthony Alexander,266,10,20114,0,2,5,5,12,255,At Risk
44542,Jay Garner,282,6,22619,0,2,4,5,11,245,At Risk
44547,Rebecca Acosta,275,5,13826,0,2,3,3,8,233,At Risk
44548,Aaron Glover,513,5,17314,0,1,3,4,8,134,At Risk
44581,Michael Welch,355,9,22970,0,2,5,5,12,255,At Risk
44582,Kristen Hicks,356,7,16956,0,2,5,4,11,254,At Risk
44586,Samantha Thomas,324,9,19489,0,2,5,5,12,255,At Risk
44593,Jesse Hunt,334,8,19620,0,2,5,5,12,255,At Risk
44604,Dawn Whitaker,458,4,14934,0,1,3,4,8,134,At Risk
44609,Denise Martinez,514,5,15869,0,1,3,4,8,134,At Risk
44613,Nicholas Santos,249,7,22925,0,2,5,5,12,255,At Risk
44626,Theresa Harris,701,7,19705,0,1,5,5,11,155,At Risk
44629,Amber Gonzales,342,5,12631,0,2,3,3,8,233,At Risk
44633,Katherine Richardson,268,5,11358,1,2,3,3,8,233,At Risk
44636,Dawn Friedman,603,5,15181,0,1,3,4,8,134,At Risk
44640,James Cox,409,6,16119,0,2,4,4,10,244,At Risk
44647,Samuel Mitchell,379,7,16601,0,2,5,4,11,254,At Risk
44650,Brittany Webster,466,7,23747,0,1,5,5,11,155,At Risk
44654,Jill Burnett,609,6,16516,0,1,4,4,9,144,At Risk
44657,Timothy Lambert,331,6,17377,0,2,4,4,10,244,At Risk
44658,Lindsey Schultz,517,4,14716,0,1,3,3,7,133,At Risk
44661,Linda Ramos,331,7,24974,0,2,5,5,12,255,At Risk
44668,Michael Burch,631,6,15641,0,1,4,4,9,144,At Risk
44670,Jonathan Rodriguez,495,6,11653,0,1,4,3,8,143,At Risk
44671,Carol Higgins,736,4,15108,0,1,3,4,8,134,At Risk
44676,Cindy Gardner,287,10,31670,0,2,5,5,12,255,At Risk
44685,Jennifer Mosley,437,4,14113,0,1,3,3,7,133,At Risk
44687,Donna Williams,359,4,11335,1,2,3,3,8,233,At Risk
44693,Patrick Horn,843,5,13906,0,1,3,3,7,133,At Risk
44697,Holly Dean,418,5,14270,0,2,3,3,8,233,At Risk
44706,Theresa Thompson,270,4,15310,0,2,3,4,9,234,At Risk
44715,Sarah Nelson MD,266,4,13175,0,2,3,3,8,233,At Risk
44720,Matthew Williams,488,4,14338,0,1,3,3,7,133,At Risk
44740,Scott Elliott,435,4,12004,0,1,3,3,7,133,At Risk
44742,Emma Wheeler,270,9,17110,0,2,5,4,11,254,At Risk
44746,Heather Hensley,754,4,12393,0,1,3,3,7,133,At Risk
44749,Aaron Martinez,490,7,19050,1,1,5,4,10,154,At Risk
44751,Lisa Andrews,553,4,12327,0,1,3,3,7,133,At Risk
44754,Valerie Johnson,443,6,21337,0,1,4,5,10,145,At Risk
44759,Michelle Brewer,500,4,12668,0,1,3,3,7,133,At Risk
44765,Aaron Houston,728,5,12852,0,1,3,3,7,133,At Risk
44780,Brian Oconnor,244,6,18204,0,2,4,4,10,244,At Risk
44784,Walter Alexander,305,5,12241,1,2,3,3,8,233,At Risk
44795,Brittany Johnson,310,8,21129,0,2,5,5,12,255,At Risk
44798,Brandon Sanchez,595,5,12754,0,1,3,3,7,133,At Risk
44806,Crystal Gallagher DDS,274,6,15858,1,2,4,4,10,244,At Risk
44809,David Vincent,382,6,16519,0,2,4,4,10,244,At Risk
44813,Valerie Hall,249,8,15564,0,2,5,4,11,254,At Risk
44817,Kyle Fuentes,268,5,15068,0,2,3,4,9,234,At Risk
44822,Tracy Farmer,471,8,16245,1,1,5,4,10,154,At Risk
44823,Sarah Cardenas,246,5,17380,0,2,3,4,9,234,At Risk
44835,Melissa Rodriguez,564,6,21741,0,1,4,5,10,145,At Risk
44842,Raymond Kent,437,6,15602,0,1,4,4,9,144,At Risk
44849,Aaron Esparza,338,4,12421,0,2,3,3,8,233,At Risk
44854,Carolyn Johnson,260,8,25357,0,2,5,5,12,255,At Risk
44856,April Ramirez,837,4,11807,0,1,3,3,7,133,At Risk
44862,Joe Mills,347,5,12313,0,2,3,3,8,233,At Risk
44866,Catherine Parks,330,5,14028,1,2,3,3,8,233,At Risk
44868,Andrea Chapman,286,4,15738,0,2,3,4,9,234,At Risk
44870,Luke Houston,625,4,13363,0,1,3,3,7,133,At Risk
44880,Tasha White,246,6,21787,0,2,4,5,11,245,At Risk
44892,Bryan Miller,347,4,13633,1,2,3,3,8,233,At Risk
44893,Katherine Garcia,488,7,17519,0,1,5,4,10,154,At Risk
44894,David Evans,543,5,16619,0,1,3,4,8,134,At Risk
44897,Austin Lewis,293,10,31880,0,2,5,5,12,255,At Risk
44900,Matthew Perez,397,5,11897,0,2,3,3,8,233,At Risk
44909,Cassandra Ponce,515,5,16357,0,1,3,4,8,134,At Risk
44920,Mrs. Barbara Fisher,454,5,12149,0,1,3,3,7,133,At Risk
44927,Jason Tran,869,5,12351,0,1,3,3,7,133,At Risk
44928,Kelly Mitchell,250,5,15247,0,2,3,4,9,234,At Risk
44936,Melinda Pena,252,7,12741,1,2,5,3,10,253,At Risk
44943,Michael Johnson,357,7,14094,0,2,5,3,10,253,At Risk
44950,Brad Hinton,290,6,18260,0,2,4,4,10,244,At Risk
44955,Stacy Jacobs,368,6,18361,1,2,4,4,10,244,At Risk
44957,Clifford Ramirez,319,6,18660,0,2,4,4,10,244,At Risk
44959,Brittany Anderson PhD,303,7,17308,0,2,5,4,11,254,At Risk
44965,Brenda Mendoza,733,4,13628,0,1,3,3,7,133,At Risk
44967,John Williams,304,4,11792,0,2,3,3,8,233,At Risk
44970,Hunter Frank,299,7,24871,0,2,5,5,12,255,At Risk
44973,Olivia Morse,745,5,18998,0,1,3,4,8,134,At Risk
44978,Johnny Michael,324,6,14088,0,2,4,3,9,243,At Risk
44984,Patrick Donaldson,342,5,16090,0,2,3,4,9,234,At Risk
44997,David Bell,462,8,12635,0,1,5,3,9,153,At Risk
44998,Jacob Cooper,391,6,14684,0,2,4,3,9,243,At Risk
45008,William Obrien,340,6,19181,0,2,4,4,10,244,At Risk
45010,Stephanie Jensen,636,4,16673,0,1,3,4,8,134,At Risk
45017,Jody Morris,304,8,17693,0,2,5,4,11,254,At Risk
45019,Jennifer Allen,618,6,18089,0,1,4,4,9,144,At Risk
45024,Tammy Webb,274,5,16910,0,2,3,4,9,234,At Risk
45025,John Smith,519,10,29874,0,1,5,5,11,155,At Risk
45027,Corey Washington,485,5,13924,0,1,3,3,7,133,At Risk
45029,Edwin Cervantes,258,6,12191,0,2,4,3,9,243,At Risk
45030,Yolanda Norris,261,7,20144,0,2,5,5,12,255,At Risk
45050,Brian Ramos,375,4,11351,0,2,3,3,8,233,At Risk
45072,Eric Joyce,463,4,11973,1,1,3,3,7,133,At Risk
45074,Marc Myers,320,5,16957,0,2,3,4,9,234,At Risk
45075,Evan Brewer,289,5,16034,0,2,3,4,9,234,At Risk
45076,Deborah Clark,244,5,20523,1,2,3,5,10,235,At Risk
45078,Charles Carpenter,246,6,20744,0,2,4,5,11,245,At Risk
45081,Jeffrey Burton,850,4,14699,0,1,3,3,7,133,At Risk
45088,Michael Williams,589,6,20662,0,1,4,5,10,145,At Risk
45098,Rachel Cook,364,5,20340,0,2,3,5,10,235,At Risk
45111,Ryan Harris,310,5,19903,0,2,3,5,10,235,At Risk
45112,Oscar Rollins,474,5,16309,1,1,3,4,8,134,At Risk
45117,Eric Turner,461,4,15480,0,1,3,4,8,134,At Risk
45119,Angela Nielsen,294,5,13466,0,2,3,3,8,233,At Risk
45129,Rachel Vasquez MD,573,5,16817,0,1,3,4,8,134,At Risk
45130,Wendy Ibarra,275,5,17324,0,2,3,4,9,234,At Risk
45133,Renee White,792,5,14433,0,1,3,3,7,133,At Risk
45139,Alex Kirby,289,6,21315,1,2,4,5,11,245,At Risk
45141,Dr. Michael Young PhD,506,6,20976,0,1,4,5,10,145,At Risk
45144,Mathew Baker,780,4,12438,0,1,3,3,7,133,At Risk
45145,Joshua Duncan,372,6,19761,0,2,4,5,11,245,At Risk
45153,Steven Brown,333,5,16203,0,2,3,4,9,234,At Risk
45154,Julie Mcclain,617,7,17026,1,1,5,4,10,154,At Risk
45158,Sabrina Mcneil,338,7,21658,0,2,5,5,12,255,At Risk
45163,Jennifer Smith,397,5,14805,0,2,3,3,8,233,At Risk
45170,Sharon Merritt,913,4,13036,1,1,3,3,7,133,At Risk
45179,Kyle Barber,306,5,13647,0,2,3,3,8,233,At Risk
45196,Joseph Browning,608,4,11779,0,1,3,3,7,133,At Risk
45199,Mrs. Sarah Wilson,390,4,14150,0,2,3,3,8,233,At Risk
45214,Margaret Pace,244,4,14088,0,2,3,3,8,233,At Risk
45222,Alexander Mejia,441,6,16108,1,1,4,4,9,144,At Risk
45223,Olivia Crawford,284,6,23662,0,2,4,5,11,245,At Risk
45227,Shawn Thompson,343,5,15877,1,2,3,4,9,234,At Risk
45230,Brandon Anderson,354,6,14577,0,2,4,3,9,243,At Risk
45232,Stephen Montoya,422,5,14173,0,2,3,3,8,233,At Risk
45235,Hayley Sharp,260,5,11633,0,2,3,3,8,233,At Risk
45237,Dustin Schwartz,525,5,16449,0,1,3,4,8,134,At Risk
45239,Kim Diaz,460,6,12491,0,1,4,3,8,143,At Risk
45242,James Campbell,356,4,13593,0,2,3,3,8,233,At Risk
45248,Jose Richards,455,5,15215,1,1,3,4,8,134,At Risk
45254,Linda Douglas,560,7,21767,0,1,5,5,11,155,At Risk
45255,Mariah Payne,243,4,12975,0,2,3,3,8,233,At Risk
45264,Chase Stevens,306,9,28666,0,2,5,5,12,255,At Risk
45277,Suzanne Brown,643,5,11335,0,1,3,3,7,133,At Risk
45282,Brent Huffman,685,4,12307,0,1,3,3,7,133,At Risk
45285,Katherine Livingston,626,4,13246,1,1,3,3,7,133,At Risk
45286,Beth Mann,499,4,12275,0,1,3,3,7,133,At Risk
45292,Richard Barrett,326,5,11371,0,2,3,3,8,233,At Risk
45294,Jacqueline Jones,301,5,13009,0,2,3,3,8,233,At Risk
45297,Jill Harrington,300,6,17288,1,2,4,4,10,244,At Risk
45298,Rebecca Williams,599,6,18853,0,1,4,4,9,144,At Risk
45301,Jennifer Riley,424,8,27624,0,2,5,5,12,255,At Risk
45316,David Anthony,274,4,11412,0,2,3,3,8,233,At Risk
45317,Richard Holt,267,9,11581,0,2,5,3,10,253,At Risk
45318,Emily Chen,281,7,23902,1,2,5,5,12,255,At Risk
45322,Jamie Barton,424,6,19554,1,2,4,5,11,245,At Risk
45329,Donna Ortiz,429,4,14904,0,1,3,4,8,134,At Risk
45339,Joseph Pruitt,252,6,22554,0,2,4,5,11,245,At Risk
45356,Caitlin Williams,302,7,20893,1,2,5,5,12,255,At Risk
45359,Jodi Schmidt,258,8,25813,0,2,5,5,12,255,At Risk
45364,Timothy Allen,895,5,15244,0,1,3,4,8,134,At Risk
45365,Bruce Todd,326,6,14679,0,2,4,3,9,243,At Risk
45369,Eugene Carlson,432,7,26149,0,1,5,5,11,155,At Risk
45375,Erin Cunningham,523,6,13788,0,1,4,3,8,143,At Risk
45379,Jacob Munoz,562,4,11958,0,1,3,3,7,133,At Risk
45383,Kimberly Armstrong,514,5,14316,1,1,3,3,7,133,At Risk
45392,Leslie Gonzalez,313,7,23613,0,2,5,5,12,255,At Risk
45400,Emily White,259,6,15942,0,2,4,4,10,244,At Risk
45411,William Morton,297,6,11896,1,2,4,3,9,243,At Risk
45422,Jesse Smith,336,6,15397,0,2,4,4,10,244,At Risk
45428,Courtney Taylor,248,11,23158,0,2,5,5,12,255,At Risk
45430,Kathleen Houston,573,8,23871,1,1,5,5,11,155,At Risk
45432,Michael Mcdaniel,420,5,15701,1,2,3,4,9,234,At Risk
45437,Catherine Durham,344,5,13471,0,2,3,3,8,233,At Risk
45439,Joy Allen,285,4,17046,1,2,3,4,9,234,At Risk
45440,Michael Miller,562,4,11488,0,1,3,3,7,133,At Risk
45444,Juan Davis,244,8,18187,0,2,5,4,11,254,At Risk
45457,Lori Green,427,5,12438,1,1,3,3,7,133,At Risk
45460,Mark Nelson,326,5,14379,0,2,3,3,8,233,At Risk
45463,Alan Crawford,320,7,19029,0,2,5,4,11,254,At Risk
45467,Scott Torres,382,7,19190,1,2,5,4,11,254,At Risk
45470,Amy Hawkins,559,4,13229,0,1,3,3,7,133,At Risk
45473,Heather Jones,503,6,14656,0,1,4,3,8,143,At Risk
45476,Ms. Annette Butler,479,6,11841,0,1,4,3,8,143,At Risk
45480,Jimmy Sanders,689,6,18587,0,1,4,4,9,144,At Risk
45482,Christopher Cameron,864,4,11949,0,1,3,3,7,133,At Risk
45505,Stacey Franco,480,6,15218,0,1,4,4,9,144,At Risk
45509,Linda Lawrence,592,6,18311,0,1,4,4,9,144,At Risk
45528,Joseph Ashley,318,6,14993,0,2,4,4,10,244,At Risk
45530,Tamara Black,271,4,12559,1,2,3,3,8,233,At Risk
45531,Barry Winters,318,4,11958,0,2,3,3,8,233,At Risk
45540,Michelle Simmons,368,5,13696,0,2,3,3,8,233,At Risk
45548,Laura Caldwell,323,5,12984,0,2,3,3,8,233,At Risk
45568,Elizabeth Avila,345,8,23252,0,2,5,5,12,255,At Risk
45577,Lisa Avila,470,5,13852,1,1,3,3,7,133,At Risk
45585,Amber Gillespie,324,4,12427,0,2,3,3,8,233,At Risk
45592,Angela Grant,413,4,11565,0,2,3,3,8,233,At Risk
45596,Lisa Fisher,681,4,11581,0,1,3,3,7,133,At Risk
45600,Cody Nguyen,381,4,13655,0,2,3,3,8,233,At Risk
45605,Amy Figueroa,338,6,24176,0,2,4,5,11,245,At Risk
45630,Patrick Turner,554,4,15862,0,1,3,4,8,134,At Risk
45634,Amber Cooper,345,5,17343,0,2,3,4,9,234,At Risk
45636,Scott Woods,333,4,13617,1,2,3,3,8,233,At Risk
45640,Jason Smith,261,8,18448,0,2,5,4,11,254,At Risk
45646,Jacqueline Everett MD,320,6,18274,0,2,4,4,10,244,At Risk
45655,Andrew White,471,6,18338,0,1,4,4,9,144,At Risk
45656,Lori Clay,381,9,28651,0,2,5,5,12,255,At Risk
45657,Brad Harris,411,7,22644,0,2,5,5,12,255,At Risk
45658,Ashley Adams,530,6,17021,0,1,4,4,9,144,At Risk
45669,Ronald Rice,563,5,19057,0,1,3,4,8,134,At Risk
45670,Jennifer Smith,411,5,15952,0,2,3,4,9,234,At Risk
45672,Shawn Rios,426,5,12401,0,2,3,3,8,233,At Risk
45679,Erin Hart,432,4,16901,0,1,3,4,8,134,At Risk
45690,Nancy Martinez,268,4,12841,1,2,3,3,8,233,At Risk
45691,Grant Brown,439,5,12447,1,1,3,3,7,133,At Risk
45693,Christine Hernandez,269,6,19109,0,2,4,4,10,244,At Risk
45717,Lisa James,405,7,29822,0,2,5,5,12,255,At Risk
45732,Christina Walters,782,4,12896,0,1,3,3,7,133,At Risk
45737,Jackie Hawkins,245,6,17278,0,2,4,4,10,244,At Risk
45739,Diana Jenkins,395,10,31661,0,2,5,5,12,255,At Risk
45752,Nicholas Williams,476,4,15539,0,1,3,4,8,134,At Risk
45754,Juan Jackson,261,6,12837,0,2,4,3,9,243,At Risk
45756,Joseph Lawrence,255,5,16635,1,2,3,4,9,234,At Risk
45757,Teresa Martin,357,8,21879,0,2,5,5,12,255,At Risk
45771,Jason Odonnell,471,5,16886,0,1,3,4,8,134,At Risk
45777,Dana Eaton,788,5,16892,0,1,3,4,8,134,At Risk
45780,Tammy Scott,275,7,17929,0,2,5,4,11,254,At Risk
45789,Misty Watson,725,6,21086,0,1,4,5,10,145,At Risk
45790,Andres Johnson,403,4,12851,0,2,3,3,8,233,At Risk
45792,Adam Dickson,327,8,23569,0,2,5,5,12,255,At Risk
45804,Stephanie Bailey,324,6,17256,1,2,4,4,10,244,At Risk
45822,Samuel Matthews,277,5,19095,1,2,3,4,9,234,At Risk
45824,Alexis Larson,392,7,18616,0,2,5,4,11,254,At Risk
45834,Dr. Nicole Perry,265,6,19862,0,2,4,5,11,245,At Risk
45838,Michael Morgan,466,5,13513,0,1,3,3,7,133,At Risk
45840,Amy White,687,6,14438,0,1,4,3,8,143,At Risk
45852,Michelle Trevino,478,7,19713,0,1,5,5,11,155,At Risk
45854,Abigail Jones,518,5,15748,0,1,3,4,8,134,At Risk
45856,Justin Wells,462,8,26744,0,1,5,5,11,155,At Risk
45857,Tracy Taylor,287,8,18705,1,2,5,4,11,254,At Risk
45876,Robert Santos,250,7,13087,0,2,5,3,10,253,At Risk
45886,Tracie Ryan,463,8,20804,0,1,5,5,11,155,At Risk
45887,Lauren Taylor,307,6,18053,0,2,4,4,10,244,At Risk
45899,Beth Grimes,321,6,14366,0,2,4,3,9,243,At Risk
45924,Rachel Gardner,295,5,11681,0,2,3,3,8,233,At Risk
45927,Denise Jones,447,6,11567,0,1,4,3,8,143,At Risk
45928,Scott Bentley,521,6,19467,0,1,4,5,10,145,At Risk
45945,George Peters,399,6,15672,0,2,4,4,10,244,At Risk
45949,Kelly Stanley,434,6,14558,0,1,4,3,8,143,At Risk
45951,Sandra Garcia,820,5,12393,0,1,3,3,7,133,At Risk
45953,Bradley Peters,521,7,13823,0,1,5,3,9,153,At Risk
45956,Kelli Moore,543,5,13608,0,1,3,3,7,133,At Risk
45960,Douglas Peters,325,8,20771,0,2,5,5,12,255,At Risk
45963,Desiree Barajas,273,6,19062,0,2,4,4,10,244,At Risk
45965,Debra Pham,261,8,22706,0,2,5,5,12,255,At Risk
45968,David Peters,399,5,17940,0,2,3,4,9,234,At Risk
45969,Christopher Paul,427,4,12077,0,1,3,3,7,133,At Risk
45970,Anthony Ross,589,4,15477,0,1,3,4,8,134,At Risk
45978,Raymond Booker,346,7,21760,0,2,5,5,12,255,At Risk
45979,Kelly Smith,340,14,37593,0,2,5,5,12,255,At Risk
45981,Brett Williams,284,6,15632,0,2,4,4,10,244,At Risk
45986,Joseph Brown,538,9,16600,0,1,5,4,10,154,At Risk
45988,Fernando Jarvis,349,6,16149,0,2,4,4,10,244,At Risk
45992,Fernando King,274,5,15869,0,2,3,4,9,234,At Risk
45996,David King,370,9,21233,0,2,5,5,12,255,At Risk
46000,Vanessa Patterson,724,4,12399,0,1,3,3,7,133,At Risk
46001,Lisa Chambers,613,10,34659,0,1,5,5,11,155,At Risk
46012,Terri Garcia,401,6,23315,0,2,4,5,11,245,At Risk
46015,Justin Bell,508,7,13427,1,1,5,3,9,153,At Risk
46026,Douglas Moody,534,4,14165,0,1,3,3,7,133,At Risk
46036,Susan Allen,672,8,25491,0,1,5,5,11,155,At Risk
46038,Amy Bryant,256,6,20789,0,2,4,5,11,245,At Risk
46039,Kevin Henson,272,7,19237,0,2,5,4,11,254,At Risk
46045,Scott Lawson,301,6,18006,0,2,4,4,10,244,At Risk
46050,Ivan Wilson,732,5,15424,0,1,3,4,8,134,At Risk
46064,Edgar Woods,398,9,22335,1,2,5,5,12,255,At Risk
46065,David Hayes,641,5,15321,1,1,3,4,8,134,At Risk
46080,Kimberly Berger,428,6,18248,1,1,4,4,9,144,At Risk
46082,Deanna Delgado,429,6,11469,0,1,4,3,8,143,At Risk
46084,Tanya Johnson,276,8,26153,0,2,5,5,12,255,At Risk
46087,Jamie Sanchez,726,4,13106,0,1,3,3,7,133,At Risk
46088,Todd Rodriguez,308,6,15418,0,2,4,4,10,244,At Risk
46093,Yesenia Jennings,249,8,28610,0,2,5,5,12,255,At Risk
46094,Karen Mullen,383,6,18422,0,2,4,4,10,244,At Risk
46108,Kevin Garza,270,5,11848,0,2,3,3,8,233,At Risk
46112,Marcus Haynes,367,8,22691,1,2,5,5,12,255,At Risk
46114,Daniel Carroll,558,8,23185,0,1,5,5,11,155,At Risk
46134,Douglas Barker,804,4,12133,0,1,3,3,7,133,At Risk
46139,Laurie Schmitt,385,7,26927,0,2,5,5,12,255,At Risk
46149,Danielle Maynard,418,6,23662,0,2,4,5,11,245,At Risk
46150,John Johnson,657,5,17279,0,1,3,4,8,134,At Risk
46156,Peter King,259,7,18842,0,2,5,4,11,254,At Risk
46157,Sandra Boyd,257,6,17168,0,2,4,4,10,244,At Risk
46161,Jamie Jefferson,288,6,22139,0,2,4,5,11,245,At Risk
46163,Craig Martin,256,5,12882,0,2,3,3,8,233,At Risk
46171,David Vaughan,312,4,12726,0,2,3,3,8,233,At Risk
46175,Timothy Hall,270,6,23651,1,2,4,5,11,245,At Risk
46178,Jason Nelson,312,6,20226,0,2,4,5,11,245,At Risk
46183,Michael Young,570,8,23205,0,1,5,5,11,155,At Risk
46194,James Coleman,648,5,12669,0,1,3,3,7,133,At Risk
46195,Gregory Cline,254,6,12984,1,2,4,3,9,243,At Risk
46197,Bradley Moore,359,8,22509,0,2,5,5,12,255,At Risk
46208,Matthew Smith,267,8,15450,1,2,5,4,11,254,At Risk
46209,Sarah Gutierrez,386,6,16430,0,2,4,4,10,244,At Risk
46211,Rebecca Lewis,325,5,12805,1,2,3,3,8,233,At Risk
46212,April Long,515,4,12824,0,1,3,3,7,133,At Risk
46217,Robert Hall,385,5,15007,0,2,3,4,9,234,At Risk
46234,James Wilson,341,7,11920,0,2,5,3,10,253,At Risk
46252,Rachel Khan,637,4,16771,0,1,3,4,8,134,At Risk
46253,Dillon Lee,293,6,13656,0,2,4,3,9,243,At Risk
46256,Carol Newman,343,5,15425,0,2,4,4,10,244,At Risk
46266,Derek Harris,327,5,13686,0,2,4,3,9,243,At Risk
46268,Mr. Jared Jones,473,8,17143,0,1,5,4,10,154,At Risk
46270,Leonard Haynes,284,7,20554,0,2,5,5,12,255,At Risk
46273,Lawrence Rodriguez,293,6,11504,1,2,4,3,9,243,At Risk
46275,Adrienne Price,578,6,23209,0,1,4,5,10,145,At Risk
46282,Joseph Hall,285,4,11337,0,2,3,3,8,233,At Risk
46290,Mr. Richard Lynch Jr.,424,7,21934,1,2,5,5,12,255,At Risk
46292,Joseph Wilson,327,4,12493,0,2,3,3,8,233,At Risk
46307,Lisa Armstrong,520,5,14774,1,1,4,3,8,143,At Risk
46312,Denise Francis,357,5,12727,0,2,4,3,9,243,At Risk
46316,Zachary Salazar,742,4,15552,1,1,3,4,8,134,At Risk
46319,Christian Shepard,252,6,13247,0,2,4,3,9,243,At Risk
46321,Lindsey Luna,261,5,11505,0,2,4,3,9,243,At Risk
46338,Julie Oconnell,772,7,16842,0,1,5,4,10,154,At Risk
46345,Leslie Gomez,629,5,17853,0,1,4,4,9,144,At Risk
46348,Bryan Martin,381,4,16038,0,2,3,4,9,234,At Risk
46359,Stacey Ortega,387,8,17972,1,2,5,4,11,254,At Risk
46364,Raymond Leon,301,6,15523,0,2,4,4,10,244,At Risk
46366,Gregory Hurst,577,5,12925,0,1,4,3,8,143,At Risk
46371,Christine Holloway,547,5,11535,0,1,4,3,8,143,At Risk
46374,Barbara Hancock,560,4,15141,1,1,3,4,8,134,At Risk
46387,Joshua Smith,483,7,14242,1,1,5,3,9,153,At Risk
46393,Cynthia Phillips,385,4,13213,0,2,3,3,8,233,At Risk
46396,Jeremy Butler,353,6,12435,0,2,4,3,9,243,At Risk
46410,Samantha Taylor,846,6,14755,0,1,4,3,8,143,At Risk
46412,Stephanie Garcia,389,8,20758,0,2,5,5,12,255,At Risk
46417,Megan Owen,540,4,12054,0,1,3,3,7,133,At Risk
46421,Earl Walker,366,7,19804,0,2,5,5,12,255,At Risk
46427,Shannon Elliott,285,4,13435,0,2,3,3,8,233,At Risk
46430,Crystal Herrera,852,4,14334,0,1,3,3,7,133,At Risk
46433,Martin Jacobson,401,4,11590,0,2,3,3,8,233,At Risk
46435,Katie Gill,408,5,14208,0,2,4,3,9,243,At Risk
46436,Teresa Green,283,5,11393,0,2,4,3,9,243,At Risk
46441,Anthony Chen,608,5,13632,0,1,4,3,8,143,At Risk
46442,Gabriella Erickson,279,4,15733,0,2,3,4,9,234,At Risk
46450,Brooke Williams,266,5,14693,0,2,4,3,9,243,At Risk
46456,Benjamin Jones,328,6,21057,0,2,4,5,11,245,At Risk
46459,Matthew Harris,258,6,16944,1,2,4,4,10,244,At Risk
46463,Emily Taylor,757,7,14936,0,1,5,4,10,154,At Risk
46472,Dr. Richard Perez,370,6,21854,0,2,4,5,11,245,At Risk
46473,Carl Shaffer,245,5,14855,0,2,4,4,10,244,At Risk
46477,Lisa Washington,686,6,16605,0,1,4,4,9,144,At Risk
46485,Gabriel Bartlett,417,8,23028,0,2,5,5,12,255,At Risk
46501,Sylvia Lopez,363,5,14248,0,2,4,3,9,243,At Risk
46502,Michael Coleman,316,6,13692,1,2,4,3,9,243,At Risk
46503,Elizabeth Cruz,731,6,16831,0,1,4,4,9,144,At Risk
46543,Caitlin Whitehead,488,7,19549,0,1,5,5,11,155,At Risk
46544,Martha Wade,265,5,14373,1,2,4,3,9,243,At Risk
46563,Christian Gallagher,584,7,24375,1,1,5,5,11,155,At Risk
46569,Caroline Wagner,432,6,18822,0,1,4,4,9,144,At Risk
46571,Gina Harrison,421,7,16674,0,2,5,4,11,254,At Risk
46573,Adam Harris,423,5,12718,0,2,4,3,9,243,At Risk
46586,Adam Parsons,422,7,17840,0,2,5,4,11,254,At Risk
46609,Sean Brown,534,6,13588,0,1,4,3,8,143,At Risk
46612,Natalie Davies,248,8,22635,0,2,5,5,12,255,At Risk
46621,Heather Carr,402,7,17068,0,2,5,4,11,254,At Risk
46623,Amber Wang,588,4,13615,0,1,3,3,7,133,At Risk
46628,Alyssa Shaw,443,5,13660,0,1,4,3,8,143,At Risk
46634,David Hodges,343,4,12246,0,2,3,3,8,233,At Risk
46636,Lindsay Rasmussen,360,4,12058,0,2,3,3,8,233,At Risk
46639,Billy Martinez,307,7,12761,0,2,5,3,10,253,At Risk
46640,Samantha Mason,326,4,12831,1,2,3,3,8,233,At Risk
46643,Christine Ibarra,427,8,18582,0,1,5,4,10,154,At Risk
46651,Rose Love,252,4,15212,0,2,3,4,9,234,At Risk
46654,Ricardo Henry,246,9,18616,0,2,5,4,11,254,At Risk
46660,Amy Morrison,445,4,12134,0,1,3,3,7,133,At Risk
46661,Jennifer Moyer,298,8,17953,0,2,5,4,11,254,At Risk
46663,Michael Palmer,316,5,19604,0,2,4,5,11,245,At Risk
46667,Erica Nelson,341,4,11790,0,2,3,3,8,233,At Risk
46676,John West,291,6,14229,0,2,4,3,9,243,At Risk
46679,Brandy Bass,244,7,18409,0,2,5,4,11,254,At Risk
46683,Justin Miller,370,4,12865,0,2,3,3,8,233,At Risk
46687,Carolyn Jackson,305,6,19458,0,2,4,5,11,245,At Risk
46699,Jeffery Graves,316,7,18142,0,2,5,4,11,254,At Risk
46715,Sydney Kramer,254,6,20887,0,2,4,5,11,245,At Risk
46718,Debra Wilson,441,8,21989,1,1,5,5,11,155,At Risk
46738,Steven Perez,312,6,15668,0,2,4,4,10,244,At Risk
46740,Cody Mcguire,506,6,19573,1,1,4,5,10,145,At Risk
46749,Melissa Hawkins,300,5,13993,1,2,4,3,9,243,At Risk
46751,John Owens,340,4,14899,1,2,3,4,9,234,At Risk
46752,Crystal Jones,247,4,12605,0,2,3,3,8,233,At Risk
46770,Nicholas Strong,532,4,12042,1,1,3,3,7,133,At Risk
46796,Deborah Martinez,371,5,14668,0,2,4,3,9,243,At Risk
46800,Louis Alvarado,271,5,18677,1,2,4,4,10,244,At Risk
46808,Douglas Lane,274,6,19280,0,2,4,5,11,245,At Risk
46809,Bobby Vasquez,502,8,28323,0,1,5,5,11,155,At Risk
46811,Elizabeth Goodman,272,4,16801,0,2,3,4,9,234,At Risk
46816,Alyssa Newman,303,6,21435,1,2,4,5,11,245,At Risk
46818,Jason Hale,501,6,17002,0,1,4,4,9,144,At Risk
46819,Michelle Curtis,278,7,16408,0,2,5,4,11,254,At Risk
46821,Lindsay Hanson,300,10,33115,0,2,5,5,12,255,At Risk
46826,Howard Mullins,313,6,20040,0,2,4,5,11,245,At Risk
46829,James Matthews,318,7,23508,0,2,5,5,12,255,At Risk
46837,Douglas Escobar,403,4,11947,0,2,3,3,8,233,At Risk
46838,Gregory Smith,312,8,25464,1,2,5,5,12,255,At Risk
46839,Mario Hernandez,277,7,17669,0,2,5,4,11,254,At Risk
46847,Duane Willis,463,4,11825,0,1,3,3,7,133,At Risk
46850,Mary Baker,262,6,19342,0,2,4,5,11,245,At Risk
46851,Heather Gonzalez,263,5,14713,0,2,4,3,9,243,At Risk
46854,Daniel Alvarez,299,5,12464,0,2,4,3,9,243,At Risk
46855,Tyler Foley,255,10,36804,0,2,5,5,12,255,At Risk
46858,John Nelson,405,6,13963,1,2,4,3,9,243,At Risk
46877,Kyle Torres,595,4,12251,1,1,3,3,7,133,At Risk
46880,Victor Richards,502,6,15095,0,1,4,4,9,144,At Risk
46884,Brian Mack,243,6,13793,1,2,4,3,9,243,At Risk
46885,Daniel Smith,269,5,15438,1,2,4,4,10,244,At Risk
46890,Michael Lawson,761,5,14268,0,1,4,3,8,143,At Risk
46894,Amy Haas,306,7,19005,0,2,5,4,11,254,At Risk
46907,Rachael Hale,356,9,14408,1,2,5,3,10,253,At Risk
46923,Robin Simpson,466,4,11544,0,1,3,3,7,133,At Risk
46926,Charles Smith,406,7,21052,0,2,5,5,12,255,At Risk
46939,Nancy Williams,402,7,19778,0,2,5,5,12,255,At Risk
46941,Chad Alexander,546,4,12481,1,1,3,3,7,133,At Risk
46942,Kristine Morgan,445,4,11679,0,1,3,3,7,133,At Risk
46943,Sarah Cannon,684,5,13101,0,1,4,3,8,143,At Risk
46950,Tina Sullivan,307,7,17006,0,2,5,4,11,254,At Risk
46952,Ashley Morgan,449,5,16710,1,1,4,4,9,144,At Risk
46954,Emma Young,252,5,20889,0,2,4,5,11,245,At Risk
46961,Joseph Kelley,326,6,13576,0,2,4,3,9,243,At Risk
46968,Wendy Howard,293,5,17178,0,2,4,4,10,244,At Risk
46971,Michele Brock,285,4,17074,0,2,3,4,9,234,At Risk
46977,Brian Gomez,319,8,12988,0,2,5,3,10,253,At Risk
46992,Mrs. Maria Reyes,886,5,15256,0,1,4,4,9,144,At Risk
47004,Craig Barber,259,7,22731,0,2,5,5,12,255,At Risk
47006,Jeremiah Bell PhD,585,4,13202,0,1,3,3,7,133,At Risk
47018,Lauren Smith,349,5,17134,0,2,4,4,10,244,At Risk
47019,Matthew Mccann,704,4,11796,0,1,3,3,7,133,At Risk
47021,Sharon Cummings,243,5,18666,0,2,4,4,10,244,At Risk
47028,Christopher Wallace,584,4,14676,0,1,3,3,7,133,At Risk
47031,Darrell Sandoval,271,6,19951,0,2,4,5,11,245,At Risk
47034,Douglas Norris,413,6,14515,0,2,4,3,9,243,At Risk
47039,Jon Hall,274,10,26728,1,2,5,5,12,255,At Risk
47056,Luis Lopez,482,4,11888,0,1,3,3,7,133,At Risk
47063,Mark Hill,347,6,22435,0,2,4,5,11,245,At Risk
47065,Ivan Butler MD,372,5,16293,0,2,4,4,10,244,At Risk
47069,Stephanie Singh,752,6,18234,0,1,4,4,9,144,At Risk
47073,Karen Robertson,516,4,13424,1,1,3,3,7,133,At Risk
47074,Bridget Cisneros,256,4,12519,0,2,3,3,8,233,At Risk
47077,Michael Rice,602,4,16336,0,1,3,4,8,134,At Risk
47086,Joshua Davis,293,10,29804,0,2,5,5,12,255,At Risk
47089,Cory Willis,342,4,11681,0,2,3,3,8,233,At Risk
47098,Rebecca Green,417,6,16297,0,2,4,4,10,244,At Risk
47111,Bridget Olsen,253,8,17091,0,2,5,4,11,254,At Risk
47112,Robert Carpenter,423,8,23804,0,2,5,5,12,255,At Risk
47116,Jennifer Hammond,683,7,19245,0,1,5,4,10,154,At Risk
47119,Tonya Hall,293,6,18299,0,2,4,4,10,244,At Risk
47123,Margaret Reed,290,4,14555,0,2,3,3,8,233,At Risk
47150,Brian Foster,394,7,18553,1,2,5,4,11,254,At Risk
47153,Eduardo Snyder,311,5,15166,1,2,4,4,10,244,At Risk
47157,Alexis Arias,598,6,15750,0,1,4,4,9,144,At Risk
47187,Adam Lee,586,4,12547,0,1,3,3,7,133,At Risk
47189,Juan Smith,322,6,15566,0,2,4,4,10,244,At Risk
47194,James Austin,427,6,20481,1,1,4,5,10,145,At Risk
47203,Katherine Blanchard,413,5,14586,0,2,4,3,9,243,At Risk
47206,Michael Noble,542,6,16618,0,1,4,4,9,144,At Risk
47214,Amanda Howell,251,5,13983,0,2,4,3,9,243,At Risk
47218,Diana Miller,683,5,15937,0,1,4,4,9,144,At Risk
47219,Megan Jones,273,6,16938,1,2,4,4,10,244,At Risk
47220,Shawn Cruz,259,5,16438,0,2,4,4,10,244,At Risk
47226,Ashley Warner,317,6,15957,0,2,4,4,10,244,At Risk
47227,Michelle Rollins,288,7,19551,0,2,5,5,12,255,At Risk
47228,Adam Snyder,773,4,11759,0,1,3,3,7,133,At Risk
47232,Devin Mckinney,366,6,12261,0,2,4,3,9,243,At Risk
47233,Anthony Mcdonald,255,5,16375,0,2,4,4,10,244,At Risk
47244,Jennifer Howard,702,5,12271,1,1,4,3,8,143,At Risk
47247,Nicole Hill,324,6,12276,0,2,4,3,9,243,At Risk
47250,Angela Wade,501,4,11475,0,1,3,3,7,133,At Risk
47254,Bryan Pace,292,7,14756,0,2,5,3,10,253,At Risk
47256,Karen Weber,423,6,19406,0,2,4,5,11,245,At Risk
47264,Kyle Anderson,402,6,19780,0,2,4,5,11,245,At Risk
47269,April Williams,387,5,13418,0,2,4,3,9,243,At Risk
47273,Amber Harris,407,6,15754,0,2,4,4,10,244,At Risk
47276,Paula Morales,319,6,22107,1,2,4,5,11,245,At Risk
47279,Jon Anderson,506,4,12761,1,1,3,3,7,133,At Risk
47282,Meghan Patel,283,7,12840,0,2,5,3,10,253,At Risk
47288,Brian Reyes,598,4,15705,0,1,3,4,8,134,At Risk
47289,William Waters,645,6,14560,0,1,4,3,8,143,At Risk
47290,Jesus Carter,382,5,19653,0,2,4,5,11,245,At Risk
47291,Robert Quinn,297,7,14834,0,2,5,4,11,254,At Risk
47295,Brenda Barber,505,4,13357,0,1,3,3,7,133,At Risk
47298,Tracy Farrell MD,304,5,14924,0,2,4,4,10,244,At Risk
47312,Melissa Crawford,390,4,12552,0,2,3,3,8,233,At Risk
47316,Terry Garcia,465,5,13657,0,1,4,3,8,143,At Risk
47319,Matthew Clark,247,11,26439,0,2,5,5,12,255,At Risk
47321,Rachel Campbell,467,7,18680,0,1,5,4,10,154,At Risk
47324,Deborah Olsen,379,4,12364,0,2,3,3,8,233,At Risk
47325,Alvin Smith,397,5,14290,1,2,4,3,9,243,At Risk
47327,Eric Williams,492,6,25354,0,1,4,5,10,145,At Risk
47329,Sarah Silva,325,7,25197,0,2,5,5,12,255,At Risk
47331,Sandra Mcgee,279,7,18236,1,2,5,4,11,254,At Risk
47332,Michael Alvarez,388,4,13772,0,2,3,3,8,233,At Risk
47333,Thomas Green,359,5,11813,0,2,4,3,9,243,At Risk
47342,Judy Thomas,264,4,11951,0,2,3,3,8,233,At Risk
47344,Daniel Chambers,302,9,20860,1,2,5,5,12,255,At Risk
47348,Rachel Garcia,366,5,22694,0,2,4,5,11,245,At Risk
47356,Rebecca Nunez,328,6,21027,0,2,4,5,11,245,At Risk
47359,Michael Cooper,274,7,18967,0,2,5,4,11,254,At Risk
47362,Angela Wall,718,5,14186,0,1,4,3,8,143,At Risk
47365,Curtis Jones,512,9,28458,1,1,5,5,11,155,At Risk
47373,Robert Meyer,472,6,18142,1,1,4,4,9,144,At Risk
47377,Ryan Gallagher,535,8,21000,0,1,5,5,11,155,At Risk
47401,Jennifer Rodriguez,267,4,12527,0,2,3,3,8,233,At Risk
47402,Sean Keller,340,5,12829,1,2,4,3,9,243,At Risk
47406,Melissa Wallace,362,5,12104,1,2,4,3,9,243,At Risk
47408,Lisa Montgomery,937,5,11982,1,1,4,3,8,143,At Risk
47410,Rachel Hartman,338,8,23675,0,2,5,5,12,255,At Risk
47415,Brian Guzman,706,6,17751,0,1,4,4,9,144,At Risk
47435,Brian Green,260,8,21359,0,2,5,5,12,255,At Risk
47445,Joanna Smith,301,6,13335,0,2,4,3,9,243,At Risk
47448,Kelly Martinez,898,7,27953,1,1,5,5,11,155,At Risk
47450,Keith Sandoval,609,5,11370,0,1,4,3,8,143,At Risk
47451,Andrew Mendoza,316,7,24404,0,2,5,5,12,255,At Risk
47458,Kayla Jacobs,553,5,18485,0,1,4,4,9,144,At Risk
47469,Patrick Smith,389,8,27708,1,2,5,5,12,255,At Risk
47489,Willie Crawford,323,7,17985,0,2,5,4,11,254,At Risk
47494,Tracy Lee,297,6,15948,0,2,4,4,10,244,At Risk
47514,Eric Rubio,413,4,13967,0,2,3,3,8,233,At Risk
47516,Justin Macias,323,5,17574,1,2,4,4,10,244,At Risk
47520,Glenn Miller,249,4,13372,0,2,3,3,8,233,At Risk
47523,Isaiah Taylor,415,5,15478,0,2,4,4,10,244,At Risk
47526,Nathan White,762,5,18339,0,1,4,4,9,144,At Risk
47532,Jeffrey Sweeney,501,5,18908,0,1,4,4,9,144,At Risk
47545,David Gibson,787,5,16859,1,1,4,4,9,144,At Risk
47552,Xavier Reese,397,5,17981,0,2,4,4,10,244,At Risk
47555,Darin Singh,315,5,13642,0,2,4,3,9,243,At Risk
47561,Misty Bullock,328,10,25819,1,2,5,5,12,255,At Risk
47582,Kayla King,436,5,18834,0,1,4,4,9,144,At Risk
47587,Mariah Blair,469,5,18602,0,1,4,4,9,144,At Risk
47591,Matthew Riley,283,7,20675,0,2,5,5,12,255,At Risk
47593,Candice Preston,419,5,18382,0,2,4,4,10,244,At Risk
47597,Ashley Freeman,279,4,12027,0,2,3,3,8,233,At Risk
47601,Eric Morrison,353,6,13373,1,2,4,3,9,243,At Risk
47602,Jacob Nguyen,671,5,12884,0,1,4,3,8,143,At Risk
47612,Tiffany Robinson,261,5,15320,0,2,4,4,10,244,At Risk
47614,Robert Dawson,370,5,15849,0,2,4,4,10,244,At Risk
47626,Kristen Park,381,5,13515,0,2,4,3,9,243,At Risk
47636,Cindy Smith,624,4,13849,0,1,3,3,7,133,At Risk
47637,Charles Green,322,4,11436,0,2,3,3,8,233,At Risk
47648,Stacey Escobar,355,6,18099,1,2,4,4,10,244,At Risk
47651,Diamond Gilbert,488,4,13670,0,1,3,3,7,133,At Risk
47666,Bobby Schultz,250,4,14211,1,2,3,3,8,233,At Risk
47681,Amanda Cowan,248,4,12701,0,2,3,3,8,233,At Risk
47699,Brett Hampton,363,5,13243,0,2,4,3,9,243,At Risk
47712,Paul Richardson MD,401,6,14427,0,2,4,3,9,243,At Risk
47714,Tony Holland,319,7,19786,0,2,5,5,12,255,At Risk
47716,John Alvarez,266,6,24514,0,2,4,5,11,245,At Risk
47725,Angela Potter,385,4,12251,0,2,3,3,8,233,At Risk
47727,Jennifer Wilkins,1045,4,12794,0,1,3,3,7,133,At Risk
47730,Ashley Jones,348,5,17698,0,2,4,4,10,244,At Risk
47731,Hannah Jones,769,4,12411,0,1,3,3,7,133,At Risk
47745,Reginald Pratt,263,4,12656,0,2,3,3,8,233,At Risk
47762,Megan Hurley,522,8,23461,0,1,5,5,11,155,At Risk
47763,Cody Schmidt,307,7,14619,0,2,5,3,10,253,At Risk
47767,Kenneth Odonnell,766,5,12403,0,1,4,3,8,143,At Risk
47773,Daniel Mann,245,10,31585,0,2,5,5,12,255,At Risk
47780,Dustin Myers,296,6,14584,0,2,4,3,9,243,At Risk
47793,Gabrielle Vega,578,5,18393,0,1,4,4,9,144,At Risk
47796,Alexandra Armstrong,426,5,16870,1,2,4,4,10,244,At Risk
47799,Cynthia Bennett,357,6,12412,1,2,4,3,9,243,At Risk
47810,Jillian Grant,617,4,12021,1,1,3,3,7,133,At Risk
47818,Shawn Hill,345,7,21843,0,2,5,5,12,255,At Risk
47828,Katelyn Hancock,295,7,30051,1,2,5,5,12,255,At Risk
47833,Paul Rhodes,515,8,23941,0,1,5,5,11,155,At Risk
47834,Brian Weber,286,10,27901,0,2,5,5,12,255,At Risk
47845,Brian Bautista,296,6,16114,0,2,4,4,10,244,At Risk
47846,Paul Valenzuela,383,4,14394,0,2,3,3,8,233,At Risk
47850,Kendra Christian,317,4,12654,0,2,3,3,8,233,At Risk
47855,Patricia Salazar,334,5,15882,0,2,4,4,10,244,At Risk
47857,Logan Hamilton,339,7,24271,0,2,5,5,12,255,At Risk
47860,Dr. Cory Ross,288,6,23455,0,2,4,5,11,245,At Risk
47864,Mitchell Brown,383,6,17598,0,2,4,4,10,244,At Risk
47875,Steven Chen,795,5,13124,1,1,4,3,8,143,At Risk
47880,Jennifer Poole,618,5,18040,0,1,4,4,9,144,At Risk
47881,Debra Hood,252,5,16019,0,2,4,4,10,244,At Risk
47882,Craig Smith,702,4,13046,0,1,3,3,7,133,At Risk
47886,Jeff York,737,6,12439,1,1,4,3,8,143,At Risk
47887,Karen Johnston,428,5,18633,0,1,4,4,9,144,At Risk
47891,Robert Mitchell Jr.,556,4,14738,0,1,3,3,7,133,At Risk
47896,Mark Blankenship,580,5,17980,0,1,4,4,9,144,At Risk
47897,Jeffrey Gonzales,353,8,25952,0,2,5,5,12,255,At Risk
47904,Julie Pierce,323,5,14950,0,2,4,4,10,244,At Risk
47905,Lydia Andrade,357,8,24006,1,2,5,5,12,255,At Risk
47908,Joseph Hall,312,9,25303,0,2,5,5,12,255,At Risk
47912,Julia Pearson,292,10,21696,0,2,5,5,12,255,At Risk
47914,Robin Williamson,475,4,13855,0,1,3,3,7,133,At Risk
47916,Kimberly Parker,330,8,27884,0,2,5,5,12,255,At Risk
47917,Aaron Mccoy,263,5,11366,0,2,4,3,9,243,At Risk
47937,David Moore,270,6,17444,0,2,4,4,10,244,At Risk
47942,Joshua Lopez,307,7,17742,0,2,5,4,11,254,At Risk
47946,Robert Vaughn,550,6,15043,0,1,4,4,9,144,At Risk
47958,Victoria Hayden,280,6,18158,0,2,4,4,10,244,At Risk
47959,Timothy Jones,247,6,12991,0,2,4,3,9,243,At Risk
47962,Rhonda Jones,303,4,11406,1,2,3,3,8,233,At Risk
47964,Peggy Bowers,465,4,12145,1,1,3,3,7,133,At Risk
47970,Frederick Simpson,273,6,11833,1,2,4,3,9,243,At Risk
47973,James Duncan,308,7,14392,1,2,5,3,10,253,At Risk
47981,Brenda Gilmore,318,10,25498,0,2,5,5,12,255,At Risk
47982,Gabriel Stevenson,452,6,14125,0,1,4,3,8,143,At Risk
47986,Ronald Haas,584,4,16153,0,1,3,4,8,134,At Risk
47987,Christopher Hodges,341,7,20156,0,2,5,5,12,255,At Risk
47988,Brady Jackson,549,6,19903,1,1,4,5,10,145,At Risk
47996,Jessica Herrera DDS,325,5,11481,1,2,4,3,9,243,At Risk
48001,Anna Collier,344,6,17889,0,2,4,4,10,244,At Risk
48004,Derrick Maldonado,420,8,18239,0,2,5,4,11,254,At Risk
48007,Chase Robertson,248,5,15408,0,2,4,4,10,244,At Risk
48018,Daniel Knight,647,6,14535,0,1,4,3,8,143,At Risk
48022,Tracy Wyatt,555,7,20207,0,1,5,5,11,155,At Risk
48025,Tracy Thomas,341,4,11513,0,2,3,3,8,233,At Risk
48027,Katrina Day,339,6,11337,0,2,4,3,9,243,At Risk
48036,Amber Johnson,517,7,21969,1,1,5,5,11,155,At Risk
48039,Jason Brown,390,9,25709,0,2,5,5,12,255,At Risk
48040,Brian Smith,549,4,15110,0,1,3,4,8,134,At Risk
48041,Julian Williams,466,6,21849,0,1,4,5,10,145,At Risk
48044,Matthew Rodriguez,440,6,23789,0,1,4,5,10,145,At Risk
48047,David Matthews,246,4,11462,0,2,3,3,8,233,At Risk
48052,Jennifer Powers,296,5,14177,1,2,4,3,9,243,At Risk
48066,William Pierce,830,4,13106,0,1,3,3,7,133,At Risk
48070,Karen Holland,260,5,15097,0,2,4,4,10,244,At Risk
48072,Amy Hamilton,255,5,12010,0,2,4,3,9,243,At Risk
48082,Thomas Allen,243,8,22665,0,2,5,5,12,255,At Risk
48085,Corey King,493,8,20192,0,1,5,5,11,155,At Risk
48087,Maria Johnson,604,5,18662,0,1,4,4,9,144,At Risk
48091,Rachel Hayes,307,7,19875,0,2,5,5,12,255,At Risk
48099,Craig Garcia,290,6,11974,0,2,4,3,9,243,At Risk
48101,Cathy Baker,438,4,13643,0,1,3,3,7,133,At Risk
48109,Sara Vargas,306,6,19839,0,2,4,5,11,245,At Risk
48116,Benjamin Davis,571,5,15745,0,1,4,4,9,144,At Risk
48120,William Smith,440,5,15517,1,1,4,4,9,144,At Risk
48122,Nicole Wilson,322,5,17463,1,2,4,4,10,244,At Risk
48123,Cynthia Berg,392,5,14136,0,2,4,3,9,243,At Risk
48126,Daniel Hall,269,5,13923,0,2,4,3,9,243,At Risk
48127,Dr. Whitney Miller MD,265,7,24443,0,2,5,5,12,255,At Risk
48138,Gabriel Brooks,322,6,19724,0,2,4,5,11,245,At Risk
48141,Sarah Richards,778,4,17178,0,1,3,4,8,134,At Risk
48148,Sarah Morrison,421,7,26607,1,2,5,5,12,255,At Risk
48151,Judith Blanchard,290,5,12991,0,2,4,3,9,243,At Risk
48176,Natasha Hawkins,710,7,14895,0,1,5,4,10,154,At Risk
48178,Jordan Johns,257,6,18842,0,2,4,4,10,244,At Risk
48180,Mitchell Barrett,310,5,16431,0,2,4,4,10,244,At Risk
48181,Daniel Nguyen,355,7,25266,1,2,5,5,12,255,At Risk
48184,Shawn Caldwell,535,8,31037,0,1,5,5,11,155,At Risk
48192,Christopher Jordan,415,5,15498,0,2,4,4,10,244,At Risk
48200,David Montgomery,285,4,12063,0,2,3,3,8,233,At Risk
48206,Ricky Vega,333,10,28238,1,2,5,5,12,255,At Risk
48208,Tony Silva,493,4,13820,0,1,3,3,7,133,At Risk
48215,Teresa Gilbert,333,5,13559,0,2,4,3,9,243,At Risk
48225,Nancy Hoffman,367,5,14339,0,2,4,3,9,243,At Risk
48227,Alyssa Bowman,474,8,19214,1,1,5,4,10,154,At Risk
48228,Tamara Simpson,580,6,18355,0,1,4,4,9,144,At Risk
48231,Heather Berger,344,6,18491,0,2,4,4,10,244,At Risk
48235,Tonya Rodriguez,300,7,26444,1,2,5,5,12,255,At Risk
48236,Tammy Miller,259,7,15169,1,2,5,4,11,254,At Risk
48255,Kim Munoz,248,9,30771,0,2,5,5,12,255,At Risk
48265,Jennifer Evans,396,4,13949,0,2,3,3,8,233,At Risk
48268,Antonio Cooper,410,6,12090,0,2,4,3,9,243,At Risk
48272,Ellen Franklin,319,4,13386,0,2,3,3,8,233,At Risk
48277,Taylor Scott,412,5,12030,0,2,4,3,9,243,At Risk
48279,Chad Hughes,400,5,12509,0,2,4,3,9,243,At Risk
48296,Ian Smith,245,6,22025,0,2,4,5,11,245,At Risk
48297,Elizabeth Walker,268,7,16847,1,2,5,4,11,254,At Risk
48301,William Harvey,287,7,22629,0,2,5,5,12,255,At Risk
48347,Jessica Callahan,625,5,15695,0,1,4,4,9,144,At Risk
48352,Eric Wilson,282,5,14366,0,2,4,3,9,243,At Risk
48364,Dawn Hammond,376,4,14053,0,2,3,3,8,233,At Risk
48366,Renee Delgado,327,5,14331,0,2,4,3,9,243,At Risk
48367,Jennifer Jones,478,5,13479,0,1,4,3,8,143,At Risk
48368,Maria Lawson,764,6,18389,0,1,4,4,9,144,At Risk
48371,Thomas Francis,416,5,17773,1,2,4,4,10,244,At Risk
48372,Richard Lin,254,6,16521,0,2,4,4,10,244,At Risk
48381,Daniel Rice,300,5,15265,0,2,4,4,10,244,At Risk
48386,Lori Taylor,439,5,14893,0,1,4,4,9,144,At Risk
48387,Stephanie Munoz,277,4,14314,0,2,3,3,8,233,At Risk
48391,Sean Hess,561,6,16364,0,1,4,4,9,144,At Risk
48393,Paula Brown,427,5,16722,1,1,4,4,9,144,At Risk
48396,Joseph Flores,401,6,18923,0,2,4,4,10,244,At Risk
48403,Douglas Merritt,330,6,16982,0,2,4,4,10,244,At Risk
48412,Lori Wells,512,7,26524,0,1,5,5,11,155,At Risk
48413,Jason Bradley,802,6,15586,1,1,4,4,9,144,At Risk
48420,Clayton Allen,821,5,13746,0,1,4,3,8,143,At Risk
48427,Gregory Chavez,332,5,13934,0,2,4,3,9,243,At Risk
48437,Edward Wilson,1001,4,13522,0,1,3,3,7,133,At Risk
48438,Lori Kennedy,400,4,13681,1,2,3,3,8,233,At Risk
48439,Lisa Allen,355,9,26010,0,2,5,5,12,255,At Risk
48445,Andrew Rodriguez,431,5,17552,0,1,4,4,9,144,At Risk
48452,Christian Gonzalez,534,6,18031,0,1,4,4,9,144,At Risk
48458,Jaime Gonzalez,371,8,26756,0,2,5,5,12,255,At Risk
48459,Jacqueline Sullivan,811,6,19677,1,1,4,5,10,145,At Risk
48462,Heidi Smith,355,5,12015,0,2,4,3,9,243,At Risk
48464,Harry Jackson,260,4,15630,0,2,3,4,9,234,At Risk
48471,David Duran,308,14,40436,0,2,5,5,12,255,At Risk
48475,Robin Macdonald,549,8,21067,1,1,5,5,11,155,At Risk
48477,William Vasquez,326,7,18428,0,2,5,4,11,254,At Risk
48478,Melissa Anderson,302,4,11581,1,2,3,3,8,233,At Risk
48480,Christian May,394,5,18459,1,2,4,4,10,244,At Risk
48483,Travis Waller,353,5,13320,0,2,4,3,9,243,At Risk
48484,Andrew Arellano,714,5,14634,1,1,4,3,8,143,At Risk
48487,Laura Nguyen,265,7,21134,1,2,5,5,12,255,At Risk
48488,James Duke,721,6,13353,0,1,4,3,8,143,At Risk
48493,Matthew Delacruz,350,5,11792,0,2,4,3,9,243,At Risk
48497,Arthur Martinez,487,6,19568,1,1,4,5,10,145,At Risk
48510,David King,541,5,14861,0,1,4,4,9,144,At Risk
48528,Justin Bates,545,4,12994,0,1,3,3,7,133,At Risk
48530,Erik Macias,270,8,20184,0,2,5,5,12,255,At Risk
48533,Austin Mitchell,750,6,12748,0,1,4,3,8,143,At Risk
48540,Jason Torres,371,4,14555,1,2,3,3,8,233,At Risk
48546,Aaron Hubbard,253,5,12824,0,2,4,3,9,243,At Risk
48556,Tammy Fritz,408,6,21828,0,2,4,5,11,245,At Risk
48561,Dustin Patterson,317,4,13180,0,2,3,3,8,233,At Risk
48567,Rhonda Frost,320,4,12853,1,2,3,3,8,233,At Risk
48574,Deborah Payne,532,4,14088,0,1,3,3,7,133,At Risk
48579,Jorge Webb,358,4,12164,0,2,3,3,8,233,At Risk
48583,Monica Ramirez,592,4,15155,0,1,3,4,8,134,At Risk
48587,Jared Rodriguez,253,4,12603,0,2,3,3,8,233,At Risk
48598,Brittany Ramirez,435,7,18878,0,1,5,4,10,154,At Risk
48599,Danielle Garcia,648,6,15080,0,1,4,4,9,144,At Risk
48602,Regina Cobb,396,7,15150,0,2,5,4,11,254,At Risk
48605,Gerald Freeman,397,5,12093,0,2,4,3,9,243,At Risk
48611,David Morales,526,6,22859,0,1,4,5,10,145,At Risk
48617,Michelle Whitaker,345,7,17787,0,2,5,4,11,254,At Risk
48618,Jennifer Estrada,261,4,12554,0,2,3,3,8,233,At Risk
48619,Katie Ross,413,6,14692,0,2,4,3,9,243,At Risk
48632,Blake Young,509,6,11876,0,1,4,3,8,143,At Risk
48635,Christopher Case,244,7,19513,0,2,5,5,12,255,At Risk
48636,Kayla Evans,264,7,17358,0,2,5,4,11,254,At Risk
48640,Elizabeth Medina,285,4,11598,0,2,3,3,8,233,At Risk
48642,Shelly Nicholson,446,7,24249,0,1,5,5,11,155,At Risk
48648,Michael Franklin,426,7,16220,0,2,5,4,11,254,At Risk
48650,Colleen Brown,265,7,17914,0,2,5,4,11,254,At Risk
48656,Melinda Lopez,272,5,12022,0,2,4,3,9,243,At Risk
48665,Michael Perez,361,8,21924,0,2,5,5,12,255,At Risk
48677,Cory Morton,421,11,32431,0,2,5,5,12,255,At Risk
48689,Jessica Jones,286,8,26713,0,2,5,5,12,255,At Risk
48704,Jennifer Johnson,331,8,18498,1,2,5,4,11,254,At Risk
48705,Bradley Harper,407,7,17967,0,2,5,4,11,254,At Risk
48710,Benjamin Woods,335,7,22081,0,2,5,5,12,255,At Risk
48711,David Perry,439,5,16469,1,1,4,4,9,144,At Risk
48731,Linda Martin,266,7,17551,1,2,5,4,11,254,At Risk
48734,John Johnson,576,6,18923,0,1,4,4,9,144,At Risk
48745,Noah Allen,466,6,18064,0,1,4,4,9,144,At Risk
48750,Sharon Williams,457,4,15800,0,1,3,4,8,134,At Risk
48756,Michael Lloyd,743,6,19778,0,1,4,5,10,145,At Risk
48757,Betty Hatfield,369,5,15935,0,2,4,4,10,244,At Risk
48758,Matthew Harris,636,4,17374,0,1,3,4,8,134,At Risk
48760,Steve Evans,395,4,18337,0,2,3,4,9,234,At Risk
48765,Holly Leonard,297,6,17174,0,2,4,4,10,244,At Risk
48767,Jonathan Hebert,585,5,16446,1,1,4,4,9,144,At Risk
48774,Cassandra Taylor,277,6,15919,0,2,4,4,10,244,At Risk
48780,Mario Howard,259,4,18169,0,2,3,4,9,234,At Risk
48787,Brandi Ball,288,7,19033,0,2,5,4,11,254,At Risk
48789,Sarah Orr,367,9,21911,0,2,5,5,12,255,At Risk
48792,Bobby Le,424,4,13351,0,2,3,3,8,233,At Risk
48799,Brandon Gibson,755,4,13820,0,1,3,3,7,133,At Risk
48821,Misty Burke DVM,522,4,14125,0,1,3,3,7,133,At Risk
48824,Sara Miller,340,9,19722,1,2,5,5,12,255,At Risk
48828,Mary Wilson,429,6,19222,1,1,4,4,9,144,At Risk
48833,Scott Decker,478,8,18208,0,1,5,4,10,154,At Risk
48836,Kelly Lutz,513,6,16086,1,1,4,4,9,144,At Risk
48843,Gloria Andrews,253,4,14501,0,2,3,3,8,233,At Risk
48844,Jason Atkins,557,6,21001,1,1,4,5,10,145,At Risk
48859,Carrie Hall,491,7,21006,0,1,5,5,11,155,At Risk
48865,Victor Chen,589,4,12591,1,1,3,3,7,133,At Risk
48867,Nancy Rose,299,4,11367,0,2,3,3,8,233,At Risk
48870,Miss Kathleen Patel,473,7,27359,0,1,5,5,11,155,At Risk
48891,James Williams,246,8,25543,0,2,5,5,12,255,At Risk
48900,Nicholas Rodriguez,250,7,14765,0,2,5,3,10,253,At Risk
48905,Crystal Thomas,691,6,15069,0,1,4,4,9,144,At Risk
48906,Marcus Ramirez,529,4,11348,0,1,3,3,7,133,At Risk
48911,Brian Morrison,311,5,11974,0,2,4,3,9,243,At Risk
48917,Emily Griffin,754,5,15956,1,1,4,4,9,144,At Risk
48926,Mr. Mark Garcia,267,5,20234,0,2,4,5,11,245,At Risk
48939,Monica Walker,354,7,21343,0,2,5,5,12,255,At Risk
48942,Jacqueline Hunter,594,4,13213,0,1,3,3,7,133,At Risk
48944,Jonathan Johnson,264,4,13314,1,2,3,3,8,233,At Risk
48948,Denise Walsh,362,7,16440,0,2,5,4,11,254,At Risk
48957,Brianna Harrison,514,7,15874,0,1,5,4,10,154,At Risk
48965,Taylor Thornton,377,8,12684,0,2,5,3,10,253,At Risk
48968,Tyler Alvarez,358,5,12225,0,2,4,3,9,243,At Risk
48973,Jacob Hayes,281,5,18214,0,2,4,4,10,244,At Risk
48978,Kelsey Ryan,344,4,14104,0,2,3,3,8,233,At Risk
48980,Anna Brooks,566,6,16334,0,1,4,4,9,144,At Risk
48983,Catherine Bradford,245,5,16409,0,2,4,4,10,244,At Risk
48986,Scott Russell,328,7,21039,0,2,5,5,12,255,At Risk
48987,Kyle Williams,364,5,15264,0,2,4,4,10,244,At Risk
48991,Heather Stone,327,6,15444,0,2,4,4,10,244,At Risk
48997,Hunter Smith,251,4,14194,0,2,3,3,8,233,At Risk
49009,Calvin Cherry,369,8,15389,1,2,5,4,11,254,At Risk
49011,Janet Davis DDS,715,7,21201,1,1,5,5,11,155,At Risk
49012,Justin Jones,394,5,13136,1,2,4,3,9,243,At Risk
49013,Lisa Jackson,364,5,16885,0,2,4,4,10,244,At Risk
49017,Dennis Murray,280,8,22489,1,2,5,5,12,255,At Risk
49024,Sandra Brady,367,5,16756,0,2,4,4,10,244,At Risk
49032,Gregory Blevins,255,9,27743,0,2,5,5,12,255,At Risk
49036,Lorraine Casey,441,7,17355,0,1,5,4,10,154,At Risk
49049,James Lopez,284,6,18449,0,2,4,4,10,244,At Risk
49055,John Gordon,644,5,14721,0,1,4,3,8,143,At Risk
49056,Sandra Ramirez DDS,392,4,15624,1,2,3,4,9,234,At Risk
49067,Jeffrey Lee,277,7,21812,0,2,5,5,12,255,At Risk
49069,Heather Barker,299,6,15768,1,2,4,4,10,244,At Risk
49076,Susan Morgan,443,6,13052,1,1,4,3,8,143,At Risk
49081,Anthony Brown,420,4,12515,0,2,3,3,8,233,At Risk
49090,Brandi Stone,566,5,11572,0,1,4,3,8,143,At Risk
49091,Christina Taylor,414,7,25458,0,2,5,5,12,255,At Risk
49105,Jonathan Preston,318,7,22547,0,2,5,5,12,255,At Risk
49113,Brian Keller,811,6,24417,0,1,4,5,10,145,At Risk
49116,Johnny Sanchez,876,5,14188,0,1,4,3,8,143,At Risk
49119,Jon Beard,359,7,16677,0,2,5,4,11,254,At Risk
49135,Marissa Short,273,5,13355,0,2,4,3,9,243,At Risk
49136,Heather Rose DDS,374,7,16981,0,2,5,4,11,254,At Risk
49137,Samuel Smith,283,5,12688,0,2,4,3,9,243,At Risk
49146,Leonard Perez,352,7,17205,0,2,5,4,11,254,At Risk
49150,Jennifer Smith,343,6,15116,0,2,4,4,10,244,At Risk
49165,Shawn White,348,6,18123,1,2,4,4,10,244,At Risk
49171,Carla Pope,498,5,15202,0,1,4,4,9,144,At Risk
49182,Heather Wood,306,5,17965,0,2,4,4,10,244,At Risk
49185,Joshua Boyd,374,9,20746,0,2,5,5,12,255,At Risk
49196,Leonard Johnson,759,5,12648,0,1,4,3,8,143,At Risk
49204,Robert Willis,465,9,25246,0,1,5,5,11,155,At Risk
49209,William Gonzalez,389,5,17165,0,2,4,4,10,244,At Risk
49214,Chase Hurst MD,320,6,19382,0,2,4,5,11,245,At Risk
49216,Anne Frazier,688,5,12373,0,1,4,3,8,143,At Risk
49217,George Estrada,248,6,19574,0,2,4,5,11,245,At Risk
49219,Andrew Leblanc,422,5,13083,0,2,4,3,9,243,At Risk
49230,Cynthia Love,385,5,15554,0,2,4,4,10,244,At Risk
49241,Jonathon Jenkins,353,5,15322,0,2,4,4,10,244,At Risk
49242,Laura Klein,304,6,12784,0,2,4,3,9,243,At Risk
49259,Kevin Lam,271,6,23739,0,2,4,5,11,245,At Risk
49268,Emily Williams,443,7,20169,0,1,5,5,11,155,At Risk
49271,Kristi Welch,278,7,15849,0,2,5,4,11,254,At Risk
49278,Lisa Johnson DVM,344,9,22738,0,2,5,5,12,255,At Risk
49282,Brian Stevens,463,6,14841,0,1,4,4,9,144,At Risk
49286,Christine Snyder,339,6,14778,0,2,4,3,9,243,At Risk
49302,Jesse Smith,585,4,12399,0,1,3,3,7,133,At Risk
49307,Rachel Gallegos,642,6,16256,0,1,4,4,9,144,At Risk
49308,Austin Barker,246,5,11912,0,2,4,3,9,243,At Risk
49312,Kari Wong,260,6,23492,0,2,4,5,11,245,At Risk
49317,Amy Alvarez,407,6,16485,0,2,4,4,10,244,At Risk
49321,Mackenzie Walters,402,5,18064,0,2,4,4,10,244,At Risk
49327,Michele King,400,5,17796,0,2,4,4,10,244,At Risk
49340,Destiny Austin,649,4,12334,0,1,3,3,7,133,At Risk
49351,Kathleen Wang,518,4,14425,0,1,3,3,7,133,At Risk
49356,Frank Johnson,430,8,23926,0,1,5,5,11,155,At Risk
49358,Catherine Charles,256,5,15802,0,2,4,4,10,244,At Risk
49360,Maria Cole,518,5,17666,0,1,4,4,9,144,At Risk
49365,Sarah Johnson,395,4,17451,0,2,3,4,9,234,At Risk
49382,Adrian Ballard,298,4,14215,0,2,3,3,8,233,At Risk
49387,Justin Kelly,306,4,13094,1,2,3,3,8,233,At Risk
49388,Lauren Poole,299,5,11762,0,2,4,3,9,243,At Risk
49389,Scott Flores,614,6,20600,0,1,4,5,10,145,At Risk
49402,Timothy Rodriguez,368,5,15762,0,2,4,4,10,244,At Risk
49403,Adam Coffey,311,6,19299,1,2,4,5,11,245,At Risk
49408,Johnny Warren,283,7,17238,0,2,5,4,11,254,At Risk
49411,David Perez,460,5,14636,0,1,4,3,8,143,At Risk
49415,Brent Knox,478,5,11909,0,1,4,3,8,143,At Risk
49435,Angela Brandt,648,5,16292,0,1,4,4,9,144,At Risk
49446,Terry Owen,336,9,25104,0,2,5,5,12,255,At Risk
49453,Katrina Pitts,343,5,11904,0,2,4,3,9,243,At Risk
49454,Aaron Ross,515,4,14251,0,1,3,3,7,133,At Risk
49459,Joy Kirby,646,4,14613,0,1,3,3,7,133,At Risk
49467,Tim Carroll,295,5,14274,0,2,4,3,9,243,At Risk
49468,Edward Nelson,248,6,17123,0,2,4,4,10,244,At Risk
49469,Edward Smith,525,5,13231,0,1,4,3,8,143,At Risk
49470,Darius Johnson,501,5,17207,0,1,4,4,9,144,At Risk
49477,Amanda Lane,406,9,24875,0,2,5,5,12,255,At Risk
49480,Valerie Mann,329,6,19525,0,2,4,5,11,245,At Risk
49482,Nicholas Ruiz,583,6,13877,0,1,4,3,8,143,At Risk
49494,Penny Lee,251,4,12109,0,2,3,3,8,233,At Risk
49501,Brittany Wagner,693,4,11934,0,1,3,3,7,133,At Risk
49502,David Gamble,598,4,12514,1,1,3,3,7,133,At Risk
49509,Molly Hicks,270,7,17788,0,2,5,4,11,254,At Risk
49510,Karen Mckenzie,407,7,22166,0,2,5,5,12,255,At Risk
49523,William White,259,6,19735,0,2,4,5,11,245,At Risk
49526,Veronica Simon,322,9,24077,0,2,5,5,12,255,At Risk
49537,Nathan Torres,360,11,37631,1,2,5,5,12,255,At Risk
49542,Jacqueline Walters,573,6,12588,0,1,4,3,8,143,At Risk
49554,Sonya Harris,966,4,11338,0,1,3,3,7,133,At Risk
49558,Jade Gross,244,4,11965,1,2,3,3,8,233,At Risk
49563,Dr. Douglas Brown,278,8,16998,1,2,5,4,11,254,At Risk
49565,Erika Collins,498,7,19952,0,1,5,5,11,155,At Risk
49571,Joseph Mcdonald,263,6,13654,1,2,4,3,9,243,At Risk
49582,Victoria Hendricks,298,5,17010,1,2,4,4,10,244,At Risk
49589,Olivia Gibson,265,9,24791,0,2,5,5,12,255,At Risk
49593,Steve Patton,269,12,27087,1,2,5,5,12,255,At Risk
49598,Maria Ortiz,463,6,13413,0,1,4,3,8,143,At Risk
49601,Angela Johnson,592,4,11691,1,1,3,3,7,133,At Risk
49602,Lori Williams,459,4,12394,0,1,3,3,7,133,At Risk
49603,Michael Mason,382,5,15155,0,2,4,4,10,244,At Risk
49610,Belinda Warren,304,7,19470,0,2,5,5,12,255,At Risk
49636,Bradley Hale,330,5,15737,0,2,4,4,10,244,At Risk
49644,Sarah Valenzuela,311,8,28104,0,2,5,5,12,255,At Risk
49653,Courtney Porter,508,7,17963,0,1,5,4,10,154,At Risk
49657,Daisy Riddle,366,7,23997,0,2,5,5,12,255,At Risk
49667,Cesar Quinn DDS,412,6,13914,1,2,4,3,9,243,At Risk
49674,Stacy Guzman,307,5,13789,0,2,4,3,9,243,At Risk
49677,Janet Sandoval,455,5,19295,0,1,4,5,10,145,At Risk
49688,Anna Hubbard,497,6,13519,0,1,4,3,8,143,At Risk
49691,Jason Mitchell,273,6,16650,0,2,4,4,10,244,At Risk
49694,Caroline Adkins,687,4,13746,0,1,3,3,7,133,At Risk
49697,Jesus Hays,596,6,14792,0,1,4,3,8,143,At Risk
49702,Mr. Eric Washington,243,6,11859,0,2,4,3,9,243,At Risk
49703,Connie Chapman,414,6,14624,1,2,4,3,9,243,At Risk
49706,Brian Adams,277,4,11766,0,2,3,3,8,233,At Risk
49720,Joel Anthony,274,5,13805,0,2,4,3,9,243,At Risk
49725,Chelsey Harris,512,4,18118,1,1,3,4,8,134,At Risk
49733,Sarah Barber,443,9,23450,0,1,5,5,11,155,At Risk
49746,Travis Perkins,277,5,14508,0,2,4,3,9,243,At Risk
49750,Benjamin Gonzalez Jr.,579,5,15744,0,1,4,4,9,144,At Risk
49759,Cynthia Horton,244,6,21855,0,2,4,5,11,245,At Risk
49765,Charlene Rubio,902,5,13071,0,1,4,3,8,143,At Risk
49770,Kevin Cain,390,7,21541,0,2,5,5,12,255,At Risk
49772,Grant Mcclain,732,7,18922,0,1,5,4,10,154,At Risk
49777,David Bryant,318,7,28668,0,2,5,5,12,255,At Risk
49782,Kevin Davis,370,7,19534,1,2,5,5,12,255,At Risk
49793,Mason Solomon,534,6,11900,0,1,4,3,8,143,At Risk
49799,Morgan Christensen,316,7,20820,0,2,5,5,12,255,At Risk
49800,Tamara Turner,544,4,11837,0,1,3,3,7,133,At Risk
49802,Cody Odonnell,314,5,13492,0,2,4,3,9,243,At Risk
49812,Gary Harris,271,7,20674,0,2,5,5,12,255,At Risk
49815,Bailey Walsh,277,5,16581,0,2,4,4,10,244,At Risk
49821,Colleen Green,247,5,16826,1,2,4,4,10,244,At Risk
49823,Joseph Williams,552,4,12298,0,1,3,3,7,133,At Risk
49834,James Silva MD,904,4,14438,0,1,3,3,7,133,At Risk
49836,Christopher Simpson,449,5,12242,1,1,4,3,8,143,At Risk
49848,Steve White,293,8,19352,0,2,5,5,12,255,At Risk
49864,Brian Boyd,590,6,14560,1,1,4,3,8,143,At Risk
49873,John Gutierrez,310,6,16634,0,2,4,4,10,244,At Risk
49875,Jason Jacobs,389,6,15406,0,2,4,4,10,244,At Risk
49877,Kimberly Blair,532,4,11965,0,1,3,3,7,133,At Risk
49887,Joseph Myers,389,5,12616,0,2,4,3,9,243,At Risk
49889,Whitney Miller,244,7,19326,0,2,5,5,12,255,At Risk
49892,Katie Allen,327,7,23703,0,2,5,5,12,255,At Risk
49903,Heather Carter,273,7,22746,0,2,5,5,12,255,At Risk
49917,Nicole Jackson,263,7,22968,0,2,5,5,12,255,At Risk
49928,William Miller,268,6,13043,0,2,4,3,9,243,At Risk
49937,Mark Valdez,836,6,11337,1,1,4,3,8,143,At Risk
49952,Mark Roberts,423,6,18038,0,2,4,4,10,244,At Risk
49958,Debra Stephens,342,4,12638,0,2,3,3,8,233,At Risk
49959,James Jones,249,6,15460,0,2,4,4,10,244,At Risk
49962,Michelle Marsh,312,7,25177,0,2,5,5,12,255,At Risk
49977,Alexander Johnson,842,4,13340,0,1,3,3,7,133,At Risk
49980,Virginia Smith,356,7,21535,0,2,5,5,12,255,At Risk
49991,Eric Manning,389,6,16157,0,2,4,4,10,244,At Risk
49992,Karen Stephens,407,8,25871,0,2,5,5,12,255,At Risk
49995,Cynthia Mccall,829,4,14332,0,1,3,3,7,133,At Risk
49996,Cameron Norris,271,4,14044,1,2,3,3,8,233,At Risk
