customer_id,customer_name,recency,frequency,monetary,churn,R_Score,F_Score,M_Score,RFM_Score,RFM_Score_Code,Customer_Segment,Recency_Group,Frequency_Group,Monetary_Group
6,Kayla Smith,462,6,15517,1,1,4,4,9,144,At Risk,365+ Days,6-10 Purchases,High
10,Jessica Daniels,229,8,20857,1,3,5,5,13,355,Loyal Customers,181-365 Days,6-10 Purchases,Very High
14,Darren Myers,539,6,16161,1,1,4,4,9,144,At Risk,365+ Days,6-10 Purchases,High
16,Melissa Kaufman,147,5,15246,1,3,3,4,10,334,Need Attention,91-180 Days,3-5 Purchases,High
23,Joseph Hernandez,85,6,19200,1,4,4,4,12,444,Champions,61-90 Days,6-10 Purchases,High
24,Jamie Watson,141,6,23966,1,3,4,5,12,345,Loyal Customers,91-180 Days,6-10 Purchases,Very High
26,Eric Roach,431,6,19699,1,1,4,5,10,145,At Risk,365+ Days,6-10 Purchases,Very High
32,James Blake,423,6,17567,1,2,4,4,10,244,At Risk,365+ Days,6-10 Purchases,High
48,Chris Taylor,456,5,17172,1,1,3,4,8,134,At Risk,365+ Days,3-5 Purchases,High
71,Linda Vazquez,62,7,29547,1,4,4,5,13,445,Champions,61-90 Days,6-10 Purchases,Very High
81,Isaac Ingram,357,8,26059,1,2,5,5,12,255,At Risk,181-365 Days,6-10 Purchases,Very High
94,Duane Anderson,74,6,15746,1,4,4,4,12,444,Champions,61-90 Days,6-10 Purchases,High
148,Ashley Mathews,202,6,15591,1,3,4,4,11,344,Loyal Customers,181-365 Days,6-10 Purchases,High
158,Troy Webb,129,5,16971,1,4,3,4,11,434,Potential Loyalists,91-180 Days,3-5 Purchases,High
162,Dr. Russell Spence,145,5,15101,1,3,3,4,10,334,Need Attention,91-180 Days,3-5 Purchases,High
164,Trevor Deleon,55,8,29989,1,5,5,5,15,555,Champions,31-60 Days,6-10 Purchases,Very High
182,Jennifer Morrison,106,5,16849,1,4,3,4,11,434,Potential Loyalists,91-180 Days,3-5 Purchases,High
185,Emily Carter,12,5,18565,1,5,3,4,12,534,Potential Loyalists,0-30 Days,3-5 Purchases,High
192,Aaron Barber,502,4,15844,1,1,2,4,7,124,Need Attention,365+ Days,3-5 Purchases,High
206,Leslie West,89,9,33113,1,4,5,5,14,455,Champions,61-90 Days,6-10 Purchases,Very High
237,Ryan Anderson,683,6,16232,1,1,4,4,9,144,At Risk,365+ Days,6-10 Purchases,High
243,James Sullivan,18,7,19425,1,5,4,5,14,545,Champions,0-30 Days,6-10 Purchases,Very High
253,Zachary Freeman,97,7,24519,1,4,4,5,13,445,Champions,91-180 Days,6-10 Purchases,Very High
261,Carl Lee,51,5,15835,1,5,3,4,12,534,Potential Loyalists,31-60 Days,3-5 Purchases,High
275,Eric Bond,94,10,26491,1,4,5,5,14,455,Champions,91-180 Days,6-10 Purchases,Very High
285,Kevin Griffith,426,6,16150,1,2,4,4,10,244,At Risk,365+ Days,6-10 Purchases,High
295,Alexander Strickland,197,9,27737,1,3,5,5,13,355,Loyal Customers,181-365 Days,6-10 Purchases,Very High
296,Shawn Osborne,132,7,20804,1,4,4,5,13,445,Champions,91-180 Days,6-10 Purchases,Very High
314,Lindsey Craig,78,8,18933,1,4,5,4,13,454,Champions,61-90 Days,6-10 Purchases,High
319,Sarah Keith,37,10,23082,1,5,5,5,15,555,Champions,31-60 Days,6-10 Purchases,Very High
321,Stacy Schultz,136,5,18387,1,4,3,4,11,434,Potential Loyalists,91-180 Days,3-5 Purchases,High
352,Patrick Williams,180,8,19887,1,3,5,5,13,355,Loyal Customers,91-180 Days,6-10 Purchases,Very High
370,John Smith DDS,162,9,25741,1,3,5,5,13,355,Loyal Customers,91-180 Days,6-10 Purchases,Very High
375,Jason Shelton,218,7,16251,1,3,4,4,11,344,Loyal Customers,181-365 Days,6-10 Purchases,High
376,Trevor Wiley,568,8,28434,1,1,5,5,11,155,At Risk,365+ Days,6-10 Purchases,Very High
387,Elizabeth Thompson,34,11,36989,1,5,5,5,15,555,Champions,31-60 Days,10+ Purchases,Very High
389,Andrew Ryan,23,7,15497,1,5,4,4,13,544,Champions,0-30 Days,6-10 Purchases,High
396,Kimberly Stewart,49,6,17647,1,5,4,4,13,544,Champions,31-60 Days,6-10 Purchases,High
443,Cody Barajas,7,8,26062,1,5,5,5,15,555,Champions,0-30 Days,6-10 Purchases,Very High
446,Thomas Lewis,98,9,22465,1,4,5,5,14,455,Champions,91-180 Days,6-10 Purchases,Very High
488,Jasmin Greer,160,7,21330,1,3,4,5,12,345,Loyal Customers,91-180 Days,6-10 Purchases,Very High
506,Mark Smith,53,9,16383,1,5,5,4,14,554,Champions,31-60 Days,6-10 Purchases,High
524,Brian Underwood,391,6,22116,1,2,4,5,11,245,At Risk,365+ Days,6-10 Purchases,Very High
529,Jeremy Castillo,110,6,18297,1,4,4,4,12,444,Champions,91-180 Days,6-10 Purchases,High
531,Kevin Novak,110,5,15206,1,4,3,4,11,434,Potential Loyalists,91-180 Days,3-5 Purchases,High
541,Carlos Poole,95,7,16195,1,4,4,4,12,444,Champions,91-180 Days,6-10 Purchases,High
545,Beth Smith,100,6,16230,1,4,4,4,12,444,Champions,91-180 Days,6-10 Purchases,High
587,Roger Franklin,6,7,20708,1,5,4,5,14,545,Champions,0-30 Days,6-10 Purchases,Very High
592,Jeffrey Arellano,292,9,21753,1,2,5,5,12,255,At Risk,181-365 Days,6-10 Purchases,Very High
609,Terri Douglas,163,9,26548,1,3,5,5,13,355,Loyal Customers,91-180 Days,6-10 Purchases,Very High
634,Nathan Le,137,7,24909,1,4,4,5,13,445,Champions,91-180 Days,6-10 Purchases,Very High
638,Dean Bauer,88,8,19958,1,4,5,5,14,455,Champions,61-90 Days,6-10 Purchases,Very High
651,Heather Hodges,649,5,15328,1,1,3,4,8,134,At Risk,365+ Days,3-5 Purchases,High
665,Michael Garcia,94,9,27161,1,4,5,5,14,455,Champions,91-180 Days,6-10 Purchases,Very High
677,Jamie Hall,91,8,25693,1,4,5,5,14,455,Champions,91-180 Days,6-10 Purchases,Very High
681,Dr. Kenneth Shields,49,7,27789,1,5,4,5,14,545,Champions,31-60 Days,6-10 Purchases,Very High
696,Kelsey Evans,70,6,14888,1,4,4,4,12,444,Champions,61-90 Days,6-10 Purchases,High
707,Brooke Barry,267,7,15401,1,2,4,4,10,244,At Risk,181-365 Days,6-10 Purchases,High
714,Jessica Garcia,66,6,18342,1,4,4,4,12,444,Champions,61-90 Days,6-10 Purchases,High
780,Ryan Hendricks,118,8,17750,1,4,5,4,13,454,Champions,91-180 Days,6-10 Purchases,High
815,Michelle Powers,48,9,25303,1,5,5,5,15,555,Champions,31-60 Days,6-10 Purchases,Very High
819,Colin Jackson,205,9,28483,1,3,5,5,13,355,Loyal Customers,181-365 Days,6-10 Purchases,Very High
822,Anthony Adams,302,7,15392,1,2,4,4,10,244,At Risk,181-365 Days,6-10 Purchases,High
823,John Lin,248,7,19311,1,2,4,5,11,245,At Risk,181-365 Days,6-10 Purchases,Very High
832,Sabrina Duncan,91,6,19927,1,4,4,5,13,445,Champions,91-180 Days,6-10 Purchases,Very High
834,Justin Crosby,78,8,22999,1,4,5,5,14,455,Champions,61-90 Days,6-10 Purchases,Very High
844,Joshua Terrell,7,8,26850,1,5,5,5,15,555,Champions,0-30 Days,6-10 Purchases,Very High
897,Adam Higgins,93,7,22362,1,4,4,5,13,445,Champions,91-180 Days,6-10 Purchases,Very High
907,Brianna Frost,55,5,16527,1,5,3,4,12,534,Potential Loyalists,31-60 Days,3-5 Purchases,High
914,Nichole Collins,340,7,20253,1,2,4,5,11,245,At Risk,181-365 Days,6-10 Purchases,Very High
944,Caroline Alvarado,137,6,18745,1,4,4,4,12,444,Champions,91-180 Days,6-10 Purchases,High
953,Randy Roberts,144,7,23228,1,3,4,5,12,345,Loyal Customers,91-180 Days,6-10 Purchases,Very High
958,Mark Williams,741,4,15166,1,1,2,4,7,124,Need Attention,365+ Days,3-5 Purchases,High
980,Melissa Knox,39,8,26327,1,5,5,5,15,555,Champions,31-60 Days,6-10 Purchases,Very High
1027,Jordan Evans,91,12,24980,1,4,5,5,14,455,Champions,91-180 Days,10+ Purchases,Very High
1060,Jeffery Smith,181,8,20932,1,3,5,5,13,355,Loyal Customers,181-365 Days,6-10 Purchases,Very High
1070,Brenda Eaton,71,7,16663,1,4,4,4,12,444,Champions,61-90 Days,6-10 Purchases,High
1078,Miranda Davis,192,11,24693,1,3,5,5,13,355,Loyal Customers,181-365 Days,10+ Purchases,Very High
1099,Edwin Graham,13,6,15577,1,5,4,4,13,544,Champions,0-30 Days,6-10 Purchases,High
1104,Ronald Edwards,501,8,20760,1,1,5,5,11,155,At Risk,365+ Days,6-10 Purchases,Very High
1107,Daniel Wallace,68,6,15239,1,4,4,4,12,444,Champions,61-90 Days,6-10 Purchases,High
1108,Joseph Lynch,352,7,15741,1,2,4,4,10,244,At Risk,181-365 Days,6-10 Purchases,High
1111,Daniel Braun,28,8,21872,1,5,5,5,15,555,Champions,0-30 Days,6-10 Purchases,Very High
1123,Jamie Gutierrez,362,10,23407,1,2,5,5,12,255,At Risk,181-365 Days,6-10 Purchases,Very High
1133,Charles Mclaughlin,24,8,25731,1,5,5,5,15,555,Champions,0-30 Days,6-10 Purchases,Very High
1143,Rebecca Gilmore,508,7,18372,1,1,4,4,9,144,At Risk,365+ Days,6-10 Purchases,High
1161,Frank Bender,416,9,24138,1,2,5,5,12,255,At Risk,365+ Days,6-10 Purchases,Very High
1164,Whitney Anderson,372,7,15360,1,2,4,4,10,244,At Risk,365+ Days,6-10 Purchases,High
1177,Amanda Frey,240,6,21465,1,3,4,5,12,345,Loyal Customers,181-365 Days,6-10 Purchases,Very High
1185,Julie Russo,76,6,20410,1,4,4,5,13,445,Champions,61-90 Days,6-10 Purchases,Very High
1193,Rebecca Clark,238,6,20437,1,3,4,5,12,345,Loyal Customers,181-365 Days,6-10 Purchases,Very High
1202,Sarah Dixon,52,7,19684,1,5,4,5,14,545,Champions,31-60 Days,6-10 Purchases,Very High
1211,Ms. Tiffany Robinson,124,5,18067,1,4,3,4,11,434,Potential Loyalists,91-180 Days,3-5 Purchases,High
1213,Kimberly Ortega,193,8,23982,1,3,5,5,13,355,Loyal Customers,181-365 Days,6-10 Purchases,Very High
1214,Timothy Yates,312,8,24283,1,2,5,5,12,255,At Risk,181-365 Days,6-10 Purchases,Very High
1217,Michelle Diaz,100,9,24356,1,4,5,5,14,455,Champions,91-180 Days,6-10 Purchases,Very High
1222,Molly Miller,214,7,17456,1,3,4,4,11,344,Loyal Customers,181-365 Days,6-10 Purchases,High
1224,Gina Butler,196,5,16220,1,3,3,4,10,334,Need Attention,181-365 Days,3-5 Purchases,High
1226,Jennifer Hernandez,69,9,21736,1,4,5,5,14,455,Champions,61-90 Days,6-10 Purchases,Very High
1285,Kenneth Burgess,273,9,26841,1,2,5,5,12,255,At Risk,181-365 Days,6-10 Purchases,Very High
1311,Christy Kim,14,9,20373,1,5,5,5,15,555,Champions,0-30 Days,6-10 Purchases,Very High
1317,Mrs. Martha Thomas,145,11,31367,1,3,5,5,13,355,Loyal Customers,91-180 Days,10+ Purchases,Very High
1337,Emily Boone DVM,205,6,19728,1,3,4,5,12,345,Loyal Customers,181-365 Days,6-10 Purchases,Very High
1341,Dr. Jeffrey Heath,71,7,22181,1,4,4,5,13,445,Champions,61-90 Days,6-10 Purchases,Very High
1342,Vincent Black,50,9,28997,1,5,5,5,15,555,Champions,31-60 Days,6-10 Purchases,Very High
1370,Kelsey Schwartz,222,8,17773,1,3,5,4,12,354,Loyal Customers,181-365 Days,6-10 Purchases,High
1374,Evelyn Fox,37,8,23055,1,5,5,5,15,555,Champions,31-60 Days,6-10 Purchases,Very High
1385,Laurie Cantrell,53,8,22196,1,5,5,5,15,555,Champions,31-60 Days,6-10 Purchases,Very High
1402,Jeffery Marshall,386,5,19604,1,2,3,5,10,235,At Risk,365+ Days,3-5 Purchases,Very High
1408,Steven Ibarra,63,7,26231,1,4,4,5,13,445,Champions,61-90 Days,6-10 Purchases,Very High
1416,Elizabeth Mathis,165,7,17386,1,3,4,4,11,344,Loyal Customers,91-180 Days,6-10 Purchases,High
1417,Steve Mason,63,10,32098,1,4,5,5,14,455,Champions,61-90 Days,6-10 Purchases,Very High
1425,Joseph Campbell,5,6,16382,1,5,4,4,13,544,Champions,0-30 Days,6-10 Purchases,High
1427,Alexander Boyer,34,8,22394,1,5,5,5,15,555,Champions,31-60 Days,6-10 Purchases,Very High
1429,Donna Jennings,0,10,20805,1,5,5,5,15,555,Champions,0-30 Days,6-10 Purchases,Very High
1430,Heather Ferguson,199,7,23979,1,3,4,5,12,345,Loyal Customers,181-365 Days,6-10 Purchases,Very High
1447,Christopher Keller,9,7,20035,1,5,4,5,14,545,Champions,0-30 Days,6-10 Purchases,Very High
1471,Sarah Sexton,15,6,16553,1,5,4,4,13,544,Champions,0-30 Days,6-10 Purchases,High
1495,Anna Rodriguez,328,8,19846,1,2,5,5,12,255,At Risk,181-365 Days,6-10 Purchases,Very High
1534,Larry Carrillo,25,7,21558,1,5,4,5,14,545,Champions,0-30 Days,6-10 Purchases,Very High
1546,Robert Murray,103,10,24587,1,4,5,5,14,455,Champions,91-180 Days,6-10 Purchases,Very High
1562,Michelle Powell,45,4,15127,1,5,2,4,11,524,Potential Loyalists,31-60 Days,3-5 Purchases,High
1568,Jill Taylor,300,8,17703,1,2,5,4,11,254,At Risk,181-365 Days,6-10 Purchases,High
1577,Amy Ritter,12,6,17605,1,5,4,4,13,544,Champions,0-30 Days,6-10 Purchases,High
1586,Francis Evans,113,6,15296,1,4,4,4,12,444,Champions,91-180 Days,6-10 Purchases,High
1599,Melissa Brown,22,6,20336,1,5,4,5,14,545,Champions,0-30 Days,6-10 Purchases,Very High
1619,Shawn Hancock,154,7,15289,1,3,4,4,11,344,Loyal Customers,91-180 Days,6-10 Purchases,High
1629,David Wheeler,610,3,15170,1,1,1,4,6,114,Need Attention,365+ Days,3-5 Purchases,High
1647,Holly Barrett,13,7,16100,1,5,4,4,13,544,Champions,0-30 Days,6-10 Purchases,High
1653,Kristen Nguyen,37,10,28471,1,5,5,5,15,555,Champions,31-60 Days,6-10 Purchases,Very High
1664,Paul Taylor,136,7,17167,1,4,4,4,12,444,Champions,91-180 Days,6-10 Purchases,High
1672,Bradley Walker,28,6,16436,1,5,4,4,13,544,Champions,0-30 Days,6-10 Purchases,High
1696,Mrs. Erin Hoffman,484,6,14825,1,1,4,4,9,144,At Risk,365+ Days,6-10 Purchases,High
1701,Michelle Wolfe,311,7,20314,1,2,4,5,11,245,At Risk,181-365 Days,6-10 Purchases,Very High
1715,Jason Miller,52,9,22845,1,5,5,5,15,555,Champions,31-60 Days,6-10 Purchases,Very High
1743,Scott Rodriguez,63,8,24398,1,4,5,5,14,455,Champions,61-90 Days,6-10 Purchases,Very High
1750,Michael Brown,56,8,18887,1,5,5,4,14,554,Champions,31-60 Days,6-10 Purchases,High
1761,Patricia Butler,130,7,21407,1,4,4,5,13,445,Champions,91-180 Days,6-10 Purchases,Very High
1771,Jessica Brown,184,10,28561,1,3,5,5,13,355,Loyal Customers,181-365 Days,6-10 Purchases,Very High
1816,Dr. Daniel Campbell,173,6,20324,1,3,4,5,12,345,Loyal Customers,91-180 Days,6-10 Purchases,Very High
1853,Jennifer Pennington,134,6,16621,1,4,4,4,12,444,Champions,91-180 Days,6-10 Purchases,High
1858,Laura Johnson,88,5,17245,1,4,3,4,11,434,Potential Loyalists,61-90 Days,3-5 Purchases,High
1862,Christopher Smith,240,9,20704,1,3,5,5,13,355,Loyal Customers,181-365 Days,6-10 Purchases,Very High
1863,Tanya Lopez,42,10,24308,1,5,5,5,15,555,Champions,31-60 Days,6-10 Purchases,Very High
1882,Nathan Stevens,6,10,25375,1,5,5,5,15,555,Champions,0-30 Days,6-10 Purchases,Very High
1893,Christopher Hughes,42,7,15245,1,5,4,4,13,544,Champions,31-60 Days,6-10 Purchases,High
1897,Michael Thomas,145,6,20210,1,3,4,5,12,345,Loyal Customers,91-180 Days,6-10 Purchases,Very High
1900,Dawn Bennett,88,10,36969,1,4,5,5,14,455,Champions,61-90 Days,6-10 Purchases,Very High
1903,Breanna Ross,116,7,23496,1,4,4,5,13,445,Champions,91-180 Days,6-10 Purchases,Very High
1927,Teresa Zavala,169,7,24465,1,3,4,5,12,345,Loyal Customers,91-180 Days,6-10 Purchases,Very High
1966,Andrew Eaton,136,9,25483,1,4,5,5,14,455,Champions,91-180 Days,6-10 Purchases,Very High
1975,Heather Kent,260,7,23146,1,2,4,5,11,245,At Risk,181-365 Days,6-10 Purchases,Very High
1977,Cole Dominguez,182,9,30622,1,3,5,5,13,355,Loyal Customers,181-365 Days,6-10 Purchases,Very High
2067,Allison Hendricks,209,8,23087,1,3,5,5,13,355,Loyal Customers,181-365 Days,6-10 Purchases,Very High
2083,Tiffany Powell,64,5,17893,1,4,3,4,11,434,Potential Loyalists,61-90 Days,3-5 Purchases,High
2084,Norman Ward,62,5,20223,1,4,3,5,12,435,Potential Loyalists,61-90 Days,3-5 Purchases,Very High
2097,Alexandra Bryant,140,8,25147,1,3,5,5,13,355,Loyal Customers,91-180 Days,6-10 Purchases,Very High
2099,Nicole Petty PhD,48,11,24639,1,5,5,5,15,555,Champions,31-60 Days,10+ Purchases,Very High
2122,Trevor Harris,251,6,18085,1,2,4,4,10,244,At Risk,181-365 Days,6-10 Purchases,High
2137,Angel Mcdowell,96,8,29654,1,4,5,5,14,455,Champions,91-180 Days,6-10 Purchases,Very High
2140,Thomas Larson,49,5,15015,1,5,3,4,12,534,Potential Loyalists,31-60 Days,3-5 Purchases,High
2143,Jay Alvarez,83,9,25872,1,4,5,5,14,455,Champions,61-90 Days,6-10 Purchases,Very High
2162,William Ramos,93,6,20429,1,4,4,5,13,445,Champions,91-180 Days,6-10 Purchases,Very High
2171,Michael Peters III,53,9,26558,1,5,5,5,15,555,Champions,31-60 Days,6-10 Purchases,Very High
2180,Jerry Cobb,6,6,23400,1,5,4,5,14,545,Champions,0-30 Days,6-10 Purchases,Very High
2183,Jill Short,101,7,17704,1,4,4,4,12,444,Champions,91-180 Days,6-10 Purchases,High
2192,Stephanie Smith,14,6,21232,1,5,4,5,14,545,Champions,0-30 Days,6-10 Purchases,Very High
2204,Aaron Murray,257,5,16586,1,2,3,4,9,234,At Risk,181-365 Days,3-5 Purchases,High
2215,Karen Silva,175,11,27282,1,3,5,5,13,355,Loyal Customers,91-180 Days,10+ Purchases,Very High
2216,Maria Hansen,160,6,18176,1,3,4,4,11,344,Loyal Customers,91-180 Days,6-10 Purchases,High
2218,Virginia Lewis,56,9,21141,1,5,5,5,15,555,Champions,31-60 Days,6-10 Purchases,Very High
2224,Sheila Mclaughlin,228,5,18034,1,3,3,4,10,334,Need Attention,181-365 Days,3-5 Purchases,High
2238,Linda Cox,109,6,23497,1,4,4,5,13,445,Champions,91-180 Days,6-10 Purchases,Very High
2247,Deborah Larsen,27,12,39314,1,5,5,5,15,555,Champions,0-30 Days,10+ Purchases,Very High
2261,Ronald Ortega PhD,157,5,19052,1,3,3,4,10,334,Need Attention,91-180 Days,3-5 Purchases,High
2319,Mark Osborne DDS,319,9,23243,1,2,5,5,12,255,At Risk,181-365 Days,6-10 Purchases,Very High
2328,Jennifer Brown,179,7,31704,1,3,4,5,12,345,Loyal Customers,91-180 Days,6-10 Purchases,Very High
2352,Karen Ray,814,6,16783,1,1,4,4,9,144,At Risk,365+ Days,6-10 Purchases,High
2358,Debra Green,9,9,27108,1,5,5,5,15,555,Champions,0-30 Days,6-10 Purchases,Very High
2376,Angela Foster,574,4,18497,1,1,2,4,7,124,Need Attention,365+ Days,3-5 Purchases,High
2390,Lori Daniels,9,4,15374,1,5,2,4,11,524,Potential Loyalists,0-30 Days,3-5 Purchases,High
2409,Angela Davidson,91,5,17667,1,4,3,4,11,434,Potential Loyalists,91-180 Days,3-5 Purchases,High
2416,Jason Cox MD,522,5,16727,1,1,3,4,8,134,At Risk,365+ Days,3-5 Purchases,High
2426,Nicole Greene,512,11,25592,1,1,5,5,11,155,At Risk,365+ Days,10+ Purchases,Very High
2433,Haley Monroe,66,7,20299,1,4,4,5,13,445,Champions,61-90 Days,6-10 Purchases,Very High
2441,Kari Robertson,81,7,18783,1,4,4,4,12,444,Champions,61-90 Days,6-10 Purchases,High
2459,Brian Stuart,74,11,23110,1,4,5,5,14,455,Champions,61-90 Days,10+ Purchases,Very High
2460,Dr. Betty Peters MD,230,6,19812,1,3,4,5,12,345,Loyal Customers,181-365 Days,6-10 Purchases,Very High
2469,Lawrence Garza,233,5,15625,1,3,3,4,10,334,Need Attention,181-365 Days,3-5 Purchases,High
2487,Mrs. Wendy Smith,59,5,16236,1,5,3,4,12,534,Potential Loyalists,31-60 Days,3-5 Purchases,High
2522,Juan Gross,11,5,16597,1,5,3,4,12,534,Potential Loyalists,0-30 Days,3-5 Purchases,High
2538,Miss Sophia Hoffman,191,11,20385,1,3,5,5,13,355,Loyal Customers,181-365 Days,10+ Purchases,Very High
2546,Keith Lopez,78,7,18222,1,4,4,4,12,444,Champions,61-90 Days,6-10 Purchases,High
2558,Joseph Patel,186,7,20742,1,3,4,5,12,345,Loyal Customers,181-365 Days,6-10 Purchases,Very High
2560,Michelle Graham,405,5,15145,1,2,3,4,9,234,At Risk,365+ Days,3-5 Purchases,High
2603,Amy Stout,201,5,17745,1,3,3,4,10,334,Need Attention,181-365 Days,3-5 Purchases,High
2606,Alfred Young,141,6,22293,1,3,4,5,12,345,Loyal Customers,91-180 Days,6-10 Purchases,Very High
2611,Jessica Smith,617,5,19768,1,1,3,5,9,135,At Risk,365+ Days,3-5 Purchases,Very High
2624,Daniel Hart,148,5,16485,1,3,3,4,10,334,Need Attention,91-180 Days,3-5 Purchases,High
2629,Wayne Walton,79,10,24408,1,4,5,5,14,455,Champions,61-90 Days,6-10 Purchases,Very High
2644,Larry Mitchell,289,6,19070,1,2,4,4,10,244,At Risk,181-365 Days,6-10 Purchases,High
2692,Luis Wilcox,561,5,14976,1,1,3,4,8,134,At Risk,365+ Days,3-5 Purchases,High
2698,Walter Hughes,341,9,21018,1,2,5,5,12,255,At Risk,181-365 Days,6-10 Purchases,Very High
2712,Samantha Mendez,605,5,16149,1,1,3,4,8,134,At Risk,365+ Days,3-5 Purchases,High
2730,Terry Sparks,145,13,31775,1,3,5,5,13,355,Loyal Customers,91-180 Days,10+ Purchases,Very High
2773,Veronica Bailey,54,10,24787,1,5,5,5,15,555,Champions,31-60 Days,6-10 Purchases,Very High
2786,Traci Hill,288,5,15162,1,2,3,4,9,234,At Risk,181-365 Days,3-5 Purchases,High
2788,Kelly Buck,277,6,18297,1,2,4,4,10,244,At Risk,181-365 Days,6-10 Purchases,High
2793,Shawn Curry,30,5,15570,1,5,3,4,12,534,Potential Loyalists,0-30 Days,3-5 Purchases,High
2808,Brian Velasquez,262,10,21963,1,2,5,5,12,255,At Risk,181-365 Days,6-10 Purchases,Very High
2832,William Riggs,782,5,21363,1,1,3,5,9,135,At Risk,365+ Days,3-5 Purchases,Very High
2833,Jennifer Pham,333,11,28554,1,2,5,5,12,255,At Risk,181-365 Days,10+ Purchases,Very High
2837,Kristine Charles,76,6,19270,1,4,4,4,12,444,Champions,61-90 Days,6-10 Purchases,High
2854,Tanya Nichols,31,7,19915,1,5,4,5,14,545,Champions,31-60 Days,6-10 Purchases,Very High
2921,Lisa Scott,344,6,21201,1,2,4,5,11,245,At Risk,181-365 Days,6-10 Purchases,Very High
2926,Amy Ford,115,7,16952,1,4,4,4,12,444,Champions,91-180 Days,6-10 Purchases,High
2927,David Cross,119,8,29161,1,4,5,5,14,455,Champions,91-180 Days,6-10 Purchases,Very High
2943,Dana White,169,8,24450,1,3,5,5,13,355,Loyal Customers,91-180 Days,6-10 Purchases,Very High
2946,Danielle Moyer,202,9,22415,1,3,5,5,13,355,Loyal Customers,181-365 Days,6-10 Purchases,Very High
2954,Cynthia Holt,126,8,25423,1,4,5,5,14,455,Champions,91-180 Days,6-10 Purchases,Very High
2965,April Richardson,278,5,16504,1,2,3,4,9,234,At Risk,181-365 Days,3-5 Purchases,High
3011,Richard Hamilton,328,6,21541,1,2,4,5,11,245,At Risk,181-365 Days,6-10 Purchases,Very High
3012,Terry Daniels,148,5,14914,1,3,3,4,10,334,Need Attention,91-180 Days,3-5 Purchases,High
3015,Elizabeth Archer,222,5,15742,1,3,3,4,10,334,Need Attention,181-365 Days,3-5 Purchases,High
3025,Jesse Wilson,68,7,23210,1,4,4,5,13,445,Champions,61-90 Days,6-10 Purchases,Very High
3057,Craig Hanna,218,5,19608,1,3,3,5,11,335,Need Attention,181-365 Days,3-5 Purchases,Very High
3059,Amy Spencer,26,6,17055,1,5,4,4,13,544,Champions,0-30 Days,6-10 Purchases,High
3072,Debra Harris,51,9,23806,1,5,5,5,15,555,Champions,31-60 Days,6-10 Purchases,Very High
3085,Patricia Byrd,538,6,21048,1,1,4,5,10,145,At Risk,365+ Days,6-10 Purchases,Very High
3100,Danielle White,195,6,17647,1,3,4,4,11,344,Loyal Customers,181-365 Days,6-10 Purchases,High
3135,Angela Hubbard,76,10,27015,1,4,5,5,14,455,Champions,61-90 Days,6-10 Purchases,Very High
3140,Karen Hughes,17,9,22261,1,5,5,5,15,555,Champions,0-30 Days,6-10 Purchases,Very High
3145,Adriana Cunningham,9,5,15312,1,5,3,4,12,534,Potential Loyalists,0-30 Days,3-5 Purchases,High
3175,Lisa Davis,91,7,15016,1,4,4,4,12,444,Champions,91-180 Days,6-10 Purchases,High
3209,Theresa Smith,61,6,19320,1,4,4,5,13,445,Champions,61-90 Days,6-10 Purchases,Very High
3212,Crystal Reid,54,4,17172,1,5,2,4,11,524,Potential Loyalists,31-60 Days,3-5 Purchases,High
3218,Emily Gardner,173,11,28032,1,3,5,5,13,355,Loyal Customers,91-180 Days,10+ Purchases,Very High
3234,Cynthia Arias,465,5,20145,1,1,3,5,9,135,At Risk,365+ Days,3-5 Purchases,Very High
3272,George Black,32,6,17254,1,5,4,4,13,544,Champions,31-60 Days,6-10 Purchases,High
3273,Alyssa Douglas,133,6,15782,1,4,4,4,12,444,Champions,91-180 Days,6-10 Purchases,High
3277,Jesse Chang,147,7,15273,1,3,4,4,11,344,Loyal Customers,91-180 Days,6-10 Purchases,High
3279,Troy Lynch,78,5,18737,1,4,3,4,11,434,Potential Loyalists,61-90 Days,3-5 Purchases,High
3282,Amanda Morales,470,7,17961,1,1,4,4,9,144,At Risk,365+ Days,6-10 Purchases,High
3291,Anthony Cunningham,320,9,30205,1,2,5,5,12,255,At Risk,181-365 Days,6-10 Purchases,Very High
3293,Kelly Castillo,247,8,29021,1,2,5,5,12,255,At Risk,181-365 Days,6-10 Purchases,Very High
3303,Barbara Wilson,271,5,15989,1,2,3,4,9,234,At Risk,181-365 Days,3-5 Purchases,High
3314,Christopher Morales,22,6,14926,1,5,4,4,13,544,Champions,0-30 Days,6-10 Purchases,High
3321,Meredith Ryan,125,9,18393,1,4,5,4,13,454,Champions,91-180 Days,6-10 Purchases,High
3337,Gerald Knapp,237,8,27084,1,3,5,5,13,355,Loyal Customers,181-365 Days,6-10 Purchases,Very High
3350,Eric Gonzalez,109,8,21588,1,4,5,5,14,455,Champions,91-180 Days,6-10 Purchases,Very High
3359,Karla Hansen,193,7,20506,1,3,4,5,12,345,Loyal Customers,181-365 Days,6-10 Purchases,Very High
3362,Stephanie Sutton,305,6,15371,1,2,4,4,10,244,At Risk,181-365 Days,6-10 Purchases,High
3383,Scott Cox,115,9,16797,1,4,5,4,13,454,Champions,91-180 Days,6-10 Purchases,High
3387,Brian Wilson,194,6,19037,1,3,4,4,11,344,Loyal Customers,181-365 Days,6-10 Purchases,High
3402,Andre Harris,6,7,21683,1,5,4,5,14,545,Champions,0-30 Days,6-10 Purchases,Very High
3413,Samantha Ibarra,13,7,20484,1,5,4,5,14,545,Champions,0-30 Days,6-10 Purchases,Very High
3420,Heather Turner,224,11,31752,1,3,5,5,13,355,Loyal Customers,181-365 Days,10+ Purchases,Very High
3443,Dr. Hunter Liu Jr.,122,9,21503,1,4,5,5,14,455,Champions,91-180 Days,6-10 Purchases,Very High
3460,Victoria Quinn,95,7,16111,1,4,4,4,12,444,Champions,91-180 Days,6-10 Purchases,High
3478,Sean Richards,81,6,17639,1,4,4,4,12,444,Champions,61-90 Days,6-10 Purchases,High
3498,Michael Little,321,5,18868,1,2,3,4,9,234,At Risk,181-365 Days,3-5 Purchases,High
3506,William Conway,584,5,15593,1,1,3,4,8,134,At Risk,365+ Days,3-5 Purchases,High
3508,Heather Spencer,329,7,23390,1,2,4,5,11,245,At Risk,181-365 Days,6-10 Purchases,Very High
3513,Tiffany Evans,248,10,22413,1,2,5,5,12,255,At Risk,181-365 Days,6-10 Purchases,Very High
3521,Darryl Tucker,450,7,22929,1,1,4,5,10,145,At Risk,365+ Days,6-10 Purchases,Very High
3526,Zachary Rocha,6,10,19564,1,5,5,5,15,555,Champions,0-30 Days,6-10 Purchases,Very High
3536,Erika Oconnell,117,7,21726,1,4,4,5,13,445,Champions,91-180 Days,6-10 Purchases,Very High
3538,Amanda Smith,325,5,17442,1,2,3,4,9,234,At Risk,181-365 Days,3-5 Purchases,High
3540,Colton Ramirez,101,12,24962,1,4,5,5,14,455,Champions,91-180 Days,10+ Purchases,Very High
3544,Madeline Brown,123,6,17679,1,4,4,4,12,444,Champions,91-180 Days,6-10 Purchases,High
3562,Rhonda West,442,8,21007,1,1,5,5,11,155,At Risk,365+ Days,6-10 Purchases,Very High
3568,Hannah Jones,89,9,30578,1,4,5,5,14,455,Champions,61-90 Days,6-10 Purchases,Very High
3597,John Olson,200,5,15707,1,3,3,4,10,334,Need Attention,181-365 Days,3-5 Purchases,High
3622,Dr. Christopher Greene,561,5,15188,1,1,3,4,8,134,At Risk,365+ Days,3-5 Purchases,High
3627,Victoria Rios,56,8,25207,1,5,5,5,15,555,Champions,31-60 Days,6-10 Purchases,Very High
3650,Nicole Conner,23,8,23227,1,5,5,5,15,555,Champions,0-30 Days,6-10 Purchases,Very High
3652,Richard Wilcox,260,7,19145,1,2,4,4,10,244,At Risk,181-365 Days,6-10 Purchases,High
3661,Sonya Lamb,84,6,17289,1,4,4,4,12,444,Champions,61-90 Days,6-10 Purchases,High
3670,Kaylee Davis,407,7,28704,1,2,4,5,11,245,At Risk,365+ Days,6-10 Purchases,Very High
3671,Christopher Quinn,389,8,24916,1,2,5,5,12,255,At Risk,365+ Days,6-10 Purchases,Very High
3672,Philip Dunlap,295,4,15947,1,2,2,4,8,224,Need Attention,181-365 Days,3-5 Purchases,High
3707,Natasha Morales,88,9,21302,1,4,5,5,14,455,Champions,61-90 Days,6-10 Purchases,Very High
3723,Michael Brown,35,7,19915,1,5,4,5,14,545,Champions,31-60 Days,6-10 Purchases,Very High
3724,Jordan Cannon,187,7,18318,1,3,4,4,11,344,Loyal Customers,181-365 Days,6-10 Purchases,High
3731,Vanessa Cruz,370,6,20172,1,2,4,5,11,245,At Risk,365+ Days,6-10 Purchases,Very High
3750,Andrea Baker,642,5,19158,1,1,3,4,8,134,At Risk,365+ Days,3-5 Purchases,High
3755,Wanda Hanna,96,7,26244,1,4,4,5,13,445,Champions,91-180 Days,6-10 Purchases,Very High
3779,Christopher Ray,54,8,17645,1,5,5,4,14,554,Champions,31-60 Days,6-10 Purchases,High
3783,Robert Wade,86,8,26950,1,4,5,5,14,455,Champions,61-90 Days,6-10 Purchases,Very High
3800,Heather Pearson,128,6,18210,1,4,4,4,12,444,Champions,91-180 Days,6-10 Purchases,High
3809,Kyle Mercer,120,10,36463,1,4,5,5,14,455,Champions,91-180 Days,6-10 Purchases,Very High
3811,Kari Jones,127,10,25456,1,4,5,5,14,455,Champions,91-180 Days,6-10 Purchases,Very High
3817,Summer Barton,143,8,27078,1,3,5,5,13,355,Loyal Customers,91-180 Days,6-10 Purchases,Very High
3833,Joshua White,85,6,17010,1,4,4,4,12,444,Champions,61-90 Days,6-10 Purchases,High
3840,James Cobb,332,6,16512,1,2,4,4,10,244,At Risk,181-365 Days,6-10 Purchases,High
3868,Michelle Gray,146,7,19586,1,3,4,5,12,345,Loyal Customers,91-180 Days,6-10 Purchases,Very High
3870,Jessica Morris,47,8,26694,1,5,5,5,15,555,Champions,31-60 Days,6-10 Purchases,Very High
3879,Jason Jackson,385,8,27333,1,2,5,5,12,255,At Risk,365+ Days,6-10 Purchases,Very High
3881,Jill Greene,153,5,14926,1,3,3,4,10,334,Need Attention,91-180 Days,3-5 Purchases,High
3894,Jamie Anderson,202,6,21070,1,3,4,5,12,345,Loyal Customers,181-365 Days,6-10 Purchases,Very High
3895,Matthew Lester,52,5,15772,1,5,3,4,12,534,Potential Loyalists,31-60 Days,3-5 Purchases,High
3897,Willie Snyder,30,7,19576,1,5,4,5,14,545,Champions,0-30 Days,6-10 Purchases,Very High
3901,Gary Smith,8,5,15126,1,5,3,4,12,534,Potential Loyalists,0-30 Days,3-5 Purchases,High
3904,Sandra Randall,74,7,18160,1,4,4,4,12,444,Champions,61-90 Days,6-10 Purchases,High
3908,Thomas Roberts,304,8,20333,1,2,5,5,12,255,At Risk,181-365 Days,6-10 Purchases,Very High
3911,Cassie Rubio,12,8,19146,1,5,5,4,14,554,Champions,0-30 Days,6-10 Purchases,High
3912,Bonnie Rodriguez,245,5,16978,1,2,3,4,9,234,At Risk,181-365 Days,3-5 Purchases,High
3920,Dawn Goodwin,95,8,17892,1,4,5,4,13,454,Champions,91-180 Days,6-10 Purchases,High
3939,Linda Wright,242,6,17860,1,3,4,4,11,344,Loyal Customers,181-365 Days,6-10 Purchases,High
3947,Douglas Brown,29,9,32896,1,5,5,5,15,555,Champions,0-30 Days,6-10 Purchases,Very High
3948,Elizabeth Moore,110,5,17980,1,4,3,4,11,434,Potential Loyalists,91-180 Days,3-5 Purchases,High
3951,James Barnes,13,8,29263,1,5,5,5,15,555,Champions,0-30 Days,6-10 Purchases,Very High
3973,Cathy Martin,101,9,18872,1,4,5,4,13,454,Champions,91-180 Days,6-10 Purchases,High
3981,Benjamin Williams,36,9,28571,1,5,5,5,15,555,Champions,31-60 Days,6-10 Purchases,Very High
3990,Laura Prince,64,10,23462,1,4,5,5,14,455,Champions,61-90 Days,6-10 Purchases,Very High
3992,Jeffrey Mora,145,8,16541,1,3,5,4,12,354,Loyal Customers,91-180 Days,6-10 Purchases,High
3994,Trevor Anderson,62,6,15448,1,4,4,4,12,444,Champions,61-90 Days,6-10 Purchases,High
4004,Victor Obrien DVM,350,6,18559,1,2,4,4,10,244,At Risk,181-365 Days,6-10 Purchases,High
4016,Tiffany French,126,7,22173,1,4,4,5,13,445,Champions,91-180 Days,6-10 Purchases,Very High
4022,Michelle Smith,31,7,15653,1,5,4,4,13,544,Champions,31-60 Days,6-10 Purchases,High
4023,Neil Patrick,322,5,15576,1,2,3,4,9,234,At Risk,181-365 Days,3-5 Purchases,High
4034,Jennifer Rice,190,6,18271,1,3,4,4,11,344,Loyal Customers,181-365 Days,6-10 Purchases,High
4040,Holly Cook,336,6,18736,1,2,4,4,10,244,At Risk,181-365 Days,6-10 Purchases,High
4054,Steven Nash,217,6,16521,1,3,4,4,11,344,Loyal Customers,181-365 Days,6-10 Purchases,High
4082,Tony Williams,52,5,16481,1,5,3,4,12,534,Potential Loyalists,31-60 Days,3-5 Purchases,High
4112,Lee Vargas,82,8,23234,1,4,5,5,14,455,Champions,61-90 Days,6-10 Purchases,Very High
4122,Zachary Whitaker,89,5,17676,1,4,3,4,11,434,Potential Loyalists,61-90 Days,3-5 Purchases,High
4134,Carrie Robbins,5,7,19821,1,5,4,5,14,545,Champions,0-30 Days,6-10 Purchases,Very High
4137,Kelsey Wright,34,7,18246,1,5,4,4,13,544,Champions,31-60 Days,6-10 Purchases,High
4143,Andrew Melendez,100,5,15700,1,4,3,4,11,434,Potential Loyalists,91-180 Days,3-5 Purchases,High
4150,Michael Hammond,39,9,26912,1,5,5,5,15,555,Champions,31-60 Days,6-10 Purchases,Very High
4172,Michelle Booker,186,6,16876,1,3,4,4,11,344,Loyal Customers,181-365 Days,6-10 Purchases,High
4177,Robin Smith,160,8,19928,1,3,5,5,13,355,Loyal Customers,91-180 Days,6-10 Purchases,Very High
4185,Patricia Smith,1,7,25311,1,5,4,5,14,545,Champions,0-30 Days,6-10 Purchases,Very High
4196,Michael Mack,36,7,22729,1,5,4,5,14,545,Champions,31-60 Days,6-10 Purchases,Very High
4198,John Smith,117,9,17114,1,4,5,4,13,454,Champions,91-180 Days,6-10 Purchases,High
4200,Michelle Chan,153,6,17323,1,3,4,4,11,344,Loyal Customers,91-180 Days,6-10 Purchases,High
4227,David Lloyd,149,5,18071,1,3,3,4,10,334,Need Attention,91-180 Days,3-5 Purchases,High
4228,Gregory Snow,236,6,20090,1,3,4,5,12,345,Loyal Customers,181-365 Days,6-10 Purchases,Very High
4244,Melissa Lozano DDS,12,8,18110,1,5,5,4,14,554,Champions,0-30 Days,6-10 Purchases,High
4263,Mary Carroll,76,5,16071,1,4,3,4,11,434,Potential Loyalists,61-90 Days,3-5 Purchases,High
4264,Ryan Leon,34,6,21623,1,5,4,5,14,545,Champions,31-60 Days,6-10 Purchases,Very High
4268,Traci Hicks,111,9,15763,1,4,5,4,13,454,Champions,91-180 Days,6-10 Purchases,High
4271,Christopher Jones,50,8,22178,1,5,5,5,15,555,Champions,31-60 Days,6-10 Purchases,Very High
4275,Katie Ruiz,786,8,23678,1,1,5,5,11,155,At Risk,365+ Days,6-10 Purchases,Very High
4303,Valerie Phelps,68,6,15995,1,4,4,4,12,444,Champions,61-90 Days,6-10 Purchases,High
4304,Kayla Lee,15,6,16761,1,5,4,4,13,544,Champions,0-30 Days,6-10 Purchases,High
4307,Peter Jenkins,69,10,29988,1,4,5,5,14,455,Champions,61-90 Days,6-10 Purchases,Very High
4309,Julie Mclaughlin,413,5,18056,1,2,3,4,9,234,At Risk,365+ Days,3-5 Purchases,High
4311,Cindy Hull,207,7,17273,1,3,4,4,11,344,Loyal Customers,181-365 Days,6-10 Purchases,High
4312,Jacob Patel,260,7,18869,1,2,4,4,10,244,At Risk,181-365 Days,6-10 Purchases,High
4326,Sara Johnson,336,7,20300,1,2,4,5,11,245,At Risk,181-365 Days,6-10 Purchases,Very High
4335,Jeffery Stevenson,51,6,17446,1,5,4,4,13,544,Champions,31-60 Days,6-10 Purchases,High
4369,Mary Chandler,97,10,30956,1,4,5,5,14,455,Champions,91-180 Days,6-10 Purchases,Very High
4370,Crystal Estrada,150,7,22922,1,3,4,5,12,345,Loyal Customers,91-180 Days,6-10 Purchases,Very High
4385,Sheila Christensen,44,6,23233,1,5,4,5,14,545,Champions,31-60 Days,6-10 Purchases,Very High
4396,Brandon Merritt,82,7,23402,1,4,4,5,13,445,Champions,61-90 Days,6-10 Purchases,Very High
4407,Keith Johnson,90,5,15404,1,4,3,4,11,434,Potential Loyalists,61-90 Days,3-5 Purchases,High
4409,Eric Johnston,370,7,15130,1,2,4,4,10,244,At Risk,365+ Days,6-10 Purchases,High
4419,Katherine Parker,176,9,33795,1,3,5,5,13,355,Loyal Customers,91-180 Days,6-10 Purchases,Very High
4445,Katie Frank,56,7,22358,1,5,4,5,14,545,Champions,31-60 Days,6-10 Purchases,Very High
4450,Kristin Davis,76,6,19356,1,4,4,5,13,445,Champions,61-90 Days,6-10 Purchases,Very High
4451,Annette Baker,220,7,16881,1,3,4,4,11,344,Loyal Customers,181-365 Days,6-10 Purchases,High
4458,Raymond Wolfe,39,9,35657,1,5,5,5,15,555,Champions,31-60 Days,6-10 Purchases,Very High
4461,Michelle Frazier,282,5,17531,1,2,3,4,9,234,At Risk,181-365 Days,3-5 Purchases,High
4463,Martin Ochoa,138,5,15976,1,3,3,4,10,334,Need Attention,91-180 Days,3-5 Purchases,High
4476,Wendy Walter,93,9,26499,1,4,5,5,14,455,Champions,91-180 Days,6-10 Purchases,Very High
4484,Patricia Lynch,444,5,22893,1,1,3,5,9,135,At Risk,365+ Days,3-5 Purchases,Very High
4499,Erin Giles,215,6,17373,1,3,4,4,11,344,Loyal Customers,181-365 Days,6-10 Purchases,High
4505,Glen Reynolds,224,9,23247,1,3,5,5,13,355,Loyal Customers,181-365 Days,6-10 Purchases,Very High
4548,Catherine Lopez,358,6,18101,1,2,4,4,10,244,At Risk,181-365 Days,6-10 Purchases,High
4554,Nicholas Garcia,155,8,18388,1,3,5,4,12,354,Loyal Customers,91-180 Days,6-10 Purchases,High
4574,Yvonne Kerr MD,194,6,16894,1,3,4,4,11,344,Loyal Customers,181-365 Days,6-10 Purchases,High
4580,Donald Espinoza,97,8,25260,1,4,5,5,14,455,Champions,91-180 Days,6-10 Purchases,Very High
4615,Evelyn Murray,29,5,18436,1,5,3,4,12,534,Potential Loyalists,0-30 Days,3-5 Purchases,High
4622,Jessica Lopez,27,7,16978,1,5,4,4,13,544,Champions,0-30 Days,6-10 Purchases,High
4641,Leslie Smith,287,5,15667,1,2,3,4,9,234,At Risk,181-365 Days,3-5 Purchases,High
4648,Shari Frazier,115,6,17092,1,4,4,4,12,444,Champions,91-180 Days,6-10 Purchases,High
4668,Sharon Wolf,306,9,18184,1,2,5,4,11,254,At Risk,181-365 Days,6-10 Purchases,High
4672,Brian Ortiz,42,7,20692,1,5,4,5,14,545,Champions,31-60 Days,6-10 Purchases,Very High
4681,Rose Schneider,280,10,27159,1,2,5,5,12,255,At Risk,181-365 Days,6-10 Purchases,Very High
4688,Andrew Williams,1,9,32751,1,5,5,5,15,555,Champions,0-30 Days,6-10 Purchases,Very High
4724,James Osborn,317,8,17069,1,2,5,4,11,254,At Risk,181-365 Days,6-10 Purchases,High
4731,Patricia Henry,42,7,16873,1,5,4,4,13,544,Champions,31-60 Days,6-10 Purchases,High
4735,Alexis Harrison DDS,922,4,14823,1,1,2,4,7,124,Need Attention,365+ Days,3-5 Purchases,High
4736,Tracy Davis,56,10,21552,1,5,5,5,15,555,Champions,31-60 Days,6-10 Purchases,Very High
4738,Kelly Michael,56,6,17976,1,5,4,4,13,544,Champions,31-60 Days,6-10 Purchases,High
4748,Laura Frost,242,10,27416,1,3,5,5,13,355,Loyal Customers,181-365 Days,6-10 Purchases,Very High
4757,Phillip Peters,234,9,24244,1,3,5,5,13,355,Loyal Customers,181-365 Days,6-10 Purchases,Very High
4767,Jack Silva,76,8,18065,1,4,5,4,13,454,Champions,61-90 Days,6-10 Purchases,High
4808,Catherine Robinson,107,6,18465,1,4,4,4,12,444,Champions,91-180 Days,6-10 Purchases,High
4821,David Parker,288,5,17037,1,2,3,4,9,234,At Risk,181-365 Days,3-5 Purchases,High
4826,Alexis Vasquez,243,6,17871,1,3,4,4,11,344,Loyal Customers,181-365 Days,6-10 Purchases,High
4839,Jordan Yang,190,7,21271,1,3,4,5,12,345,Loyal Customers,181-365 Days,6-10 Purchases,Very High
4858,Kari Johnson,223,5,16797,1,3,3,4,10,334,Need Attention,181-365 Days,3-5 Purchases,High
4863,Jason White,20,7,15315,1,5,4,4,13,544,Champions,0-30 Days,6-10 Purchases,High
4866,Paul Harris,260,7,24947,1,2,4,5,11,245,At Risk,181-365 Days,6-10 Purchases,Very High
4876,Megan Phillips,307,8,22780,1,2,5,5,12,255,At Risk,181-365 Days,6-10 Purchases,Very High
4878,Isaiah Butler,21,6,18475,1,5,4,4,13,544,Champions,0-30 Days,6-10 Purchases,High
4893,Kirk Martinez,75,4,15313,1,4,2,4,10,424,Potential Loyalists,61-90 Days,3-5 Purchases,High
4906,Deanna Collins,74,5,15487,1,4,3,4,11,434,Potential Loyalists,61-90 Days,3-5 Purchases,High
4908,Scott Robinson,233,4,17778,1,3,2,4,9,324,Need Attention,181-365 Days,3-5 Purchases,High
4923,Tonya Cook,341,7,24145,1,2,4,5,11,245,At Risk,181-365 Days,6-10 Purchases,Very High
4926,Dakota Rivers,22,8,19061,1,5,5,4,14,554,Champions,0-30 Days,6-10 Purchases,High
4935,Manuel Adams,103,8,19487,1,4,5,5,14,455,Champions,91-180 Days,6-10 Purchases,Very High
4951,Aaron Carroll,657,8,18768,1,1,5,4,10,154,At Risk,365+ Days,6-10 Purchases,High
4967,Timothy Barnett,232,8,19806,1,3,5,5,13,355,Loyal Customers,181-365 Days,6-10 Purchases,Very High
4978,Bradley Dickson,237,6,16159,1,3,4,4,11,344,Loyal Customers,181-365 Days,6-10 Purchases,High
5022,Guy Lopez,89,7,17021,1,4,4,4,12,444,Champions,61-90 Days,6-10 Purchases,High
5023,Theresa Stevens,41,7,15024,1,5,4,4,13,544,Champions,31-60 Days,6-10 Purchases,High
5035,Sandra Foster,21,5,22332,1,5,3,5,13,535,Potential Loyalists,0-30 Days,3-5 Purchases,Very High
5073,Kevin Miller,38,9,28485,1,5,5,5,15,555,Champions,31-60 Days,6-10 Purchases,Very High
5076,David Rodriguez,222,7,15142,1,3,4,4,11,344,Loyal Customers,181-365 Days,6-10 Purchases,High
5101,Megan Sanchez,212,7,19233,1,3,4,4,11,344,Loyal Customers,181-365 Days,6-10 Purchases,High
5105,Brandy Walters,271,8,19344,1,2,5,5,12,255,At Risk,181-365 Days,6-10 Purchases,Very High
5106,Kristi Wood,192,10,30231,1,3,5,5,13,355,Loyal Customers,181-365 Days,6-10 Purchases,Very High
5107,Jenny Hawkins,153,9,21950,1,3,5,5,13,355,Loyal Customers,91-180 Days,6-10 Purchases,Very High
5108,David Fowler,411,5,17921,1,2,3,4,9,234,At Risk,365+ Days,3-5 Purchases,High
5118,Catherine Dorsey,94,5,15236,1,4,3,4,11,434,Potential Loyalists,91-180 Days,3-5 Purchases,High
5124,Lisa Dixon,380,7,19065,1,2,4,4,10,244,At Risk,365+ Days,6-10 Purchases,High
5128,Mary Wolfe,311,6,21512,1,2,4,5,11,245,At Risk,181-365 Days,6-10 Purchases,Very High
5153,Cheryl Parks,80,4,15825,1,4,2,4,10,424,Potential Loyalists,61-90 Days,3-5 Purchases,High
5154,Heather Davis,245,6,19170,1,2,4,4,10,244,At Risk,181-365 Days,6-10 Purchases,High
5156,Brian White,54,9,19396,1,5,5,5,15,555,Champions,31-60 Days,6-10 Purchases,Very High
5178,Kimberly Gonzalez,205,6,15656,1,3,4,4,11,344,Loyal Customers,181-365 Days,6-10 Purchases,High
5182,Stephanie Nguyen,151,6,15579,1,3,4,4,11,344,Loyal Customers,91-180 Days,6-10 Purchases,High
5194,Christopher Watson,807,6,17002,1,1,4,4,9,144,At Risk,365+ Days,6-10 Purchases,High
5200,Lisa Smith,172,6,17362,1,3,4,4,11,344,Loyal Customers,91-180 Days,6-10 Purchases,High
5235,Christopher Wong,127,7,18729,1,4,4,4,12,444,Champions,91-180 Days,6-10 Purchases,High
5257,Christopher Rojas,48,8,23252,1,5,5,5,15,555,Champions,31-60 Days,6-10 Purchases,Very High
5265,William Tyler,169,6,18665,1,3,4,4,11,344,Loyal Customers,91-180 Days,6-10 Purchases,High
5269,Karen Warner,25,8,17854,1,5,5,4,14,554,Champions,0-30 Days,6-10 Purchases,High
5296,Tamara Johnson,88,5,20040,1,4,3,5,12,435,Potential Loyalists,61-90 Days,3-5 Purchases,Very High
5309,Christina Oconnor,143,8,21283,1,3,5,5,13,355,Loyal Customers,91-180 Days,6-10 Purchases,Very High
5331,Wayne Powers,377,7,20362,1,2,4,5,11,245,At Risk,365+ Days,6-10 Purchases,Very High
5339,Kimberly Colon,111,8,16685,1,4,5,4,13,454,Champions,91-180 Days,6-10 Purchases,High
5346,Michael Jennings,0,6,17663,1,5,4,4,13,544,Champions,0-30 Days,6-10 Purchases,High
5374,Kevin Graves,21,8,19482,1,5,5,5,15,555,Champions,0-30 Days,6-10 Purchases,Very High
5406,John Davis,1,7,15896,1,5,4,4,13,544,Champions,0-30 Days,6-10 Purchases,High
5419,Marcia Martinez,28,7,15466,1,5,4,4,13,544,Champions,0-30 Days,6-10 Purchases,High
5429,Renee Garcia,207,6,14876,1,3,4,4,11,344,Loyal Customers,181-365 Days,6-10 Purchases,High
5446,Meghan Black,30,8,22948,1,5,5,5,15,555,Champions,0-30 Days,6-10 Purchases,Very High
5448,Robert Clark DVM,139,9,30702,1,3,5,5,13,355,Loyal Customers,91-180 Days,6-10 Purchases,Very High
5468,Sandra Pierce,248,6,17987,1,2,4,4,10,244,At Risk,181-365 Days,6-10 Purchases,High
5478,Julia Jackson,226,8,17646,1,3,5,4,12,354,Loyal Customers,181-365 Days,6-10 Purchases,High
5483,Sandra Sims,421,7,19385,1,2,4,5,11,245,At Risk,365+ Days,6-10 Purchases,Very High
5494,Pamela Hubbard,150,8,20299,1,3,5,5,13,355,Loyal Customers,91-180 Days,6-10 Purchases,Very High
5498,Lauren Powell,363,4,16041,1,2,2,4,8,224,Need Attention,181-365 Days,3-5 Purchases,High
5502,Kayla Jones PhD,31,6,14977,1,5,4,4,13,544,Champions,31-60 Days,6-10 Purchases,High
5505,Matthew Salinas,66,4,15413,1,4,2,4,10,424,Potential Loyalists,61-90 Days,3-5 Purchases,High
5509,Michael Hale,30,9,22986,1,5,5,5,15,555,Champions,0-30 Days,6-10 Purchases,Very High
5511,Mary Sweeney,139,8,21467,1,3,5,5,13,355,Loyal Customers,91-180 Days,6-10 Purchases,Very High
5540,Michael Grant,51,7,14854,1,5,4,4,13,544,Champions,31-60 Days,6-10 Purchases,High
5553,Karen Peterson,112,6,16052,1,4,4,4,12,444,Champions,91-180 Days,6-10 Purchases,High
5570,Jill Wright,136,12,26870,1,4,5,5,14,455,Champions,91-180 Days,10+ Purchases,Very High
5577,Scott Hernandez,356,7,17037,1,2,4,4,10,244,At Risk,181-365 Days,6-10 Purchases,High
5619,Stephanie Acevedo,532,6,16016,1,1,4,4,9,144,At Risk,365+ Days,6-10 Purchases,High
5623,Leonard Rice,35,9,27443,1,5,5,5,15,555,Champions,31-60 Days,6-10 Purchases,Very High
5635,Roger Williams,115,7,20884,1,4,4,5,13,445,Champions,91-180 Days,6-10 Purchases,Very High
5681,Sharon Pham,106,9,23081,1,4,5,5,14,455,Champions,91-180 Days,6-10 Purchases,Very High
5684,Julian Austin,58,7,16691,1,5,4,4,13,544,Champions,31-60 Days,6-10 Purchases,High
5721,Elizabeth Smith,362,7,21365,1,2,4,5,11,245,At Risk,181-365 Days,6-10 Purchases,Very High
5722,Zachary Goodman,149,6,22221,1,3,4,5,12,345,Loyal Customers,91-180 Days,6-10 Purchases,Very High
5763,Michelle Miller,104,9,31133,1,4,5,5,14,455,Champions,91-180 Days,6-10 Purchases,Very High
5783,Kathleen Hays,30,6,15987,1,5,4,4,13,544,Champions,0-30 Days,6-10 Purchases,High
5801,Justin Le,53,5,19950,1,5,3,5,13,535,Potential Loyalists,31-60 Days,3-5 Purchases,Very High
5807,Dean Steele,209,7,26136,1,3,4,5,12,345,Loyal Customers,181-365 Days,6-10 Purchases,Very High
5809,Mark James,13,8,18971,1,5,5,4,14,554,Champions,0-30 Days,6-10 Purchases,High
5827,Bradley Williams,69,6,15053,1,4,4,4,12,444,Champions,61-90 Days,6-10 Purchases,High
5831,Mr. Nicholas Henderson,29,5,16900,1,5,3,4,12,534,Potential Loyalists,0-30 Days,3-5 Purchases,High
5838,Fernando Estrada,146,5,18293,1,3,3,4,10,334,Need Attention,91-180 Days,3-5 Purchases,High
5857,Kimberly Coffey,228,5,15011,1,3,3,4,10,334,Need Attention,181-365 Days,3-5 Purchases,High
5863,Mary Williams,57,7,16648,1,5,4,4,13,544,Champions,31-60 Days,6-10 Purchases,High
5876,Julie Bender,184,6,15780,1,3,4,4,11,344,Loyal Customers,181-365 Days,6-10 Purchases,High
5884,Gene Wilson,340,6,19061,1,2,4,4,10,244,At Risk,181-365 Days,6-10 Purchases,High
5909,Calvin Jones,39,8,19087,1,5,5,4,14,554,Champions,31-60 Days,6-10 Purchases,High
5912,Benjamin Cunningham,208,6,14992,1,3,4,4,11,344,Loyal Customers,181-365 Days,6-10 Purchases,High
5914,Carlos Choi,153,8,23203,1,3,5,5,13,355,Loyal Customers,91-180 Days,6-10 Purchases,Very High
5918,Jessica Romero,21,6,15568,1,5,4,4,13,544,Champions,0-30 Days,6-10 Purchases,High
5919,Noah Reid,297,6,25286,1,2,4,5,11,245,At Risk,181-365 Days,6-10 Purchases,Very High
5928,Kyle Torres,183,7,16506,1,3,4,4,11,344,Loyal Customers,181-365 Days,6-10 Purchases,High
5929,Erica Hale,386,6,16344,1,2,4,4,10,244,At Risk,365+ Days,6-10 Purchases,High
5936,Willie Griffin,170,6,16898,1,3,4,4,11,344,Loyal Customers,91-180 Days,6-10 Purchases,High
5938,Rebecca Malone,46,6,23028,1,5,4,5,14,545,Champions,31-60 Days,6-10 Purchases,Very High
5944,Angela Sellers,66,5,15247,1,4,3,4,11,434,Potential Loyalists,61-90 Days,3-5 Purchases,High
5973,Michael Stevens,226,7,17705,1,3,4,4,11,344,Loyal Customers,181-365 Days,6-10 Purchases,High
5978,Douglas Jones,270,6,17368,1,2,4,4,10,244,At Risk,181-365 Days,6-10 Purchases,High
5993,Valerie Brennan,449,5,17675,1,1,3,4,8,134,At Risk,365+ Days,3-5 Purchases,High
6006,Anna Pratt,1,7,25887,1,5,4,5,14,545,Champions,0-30 Days,6-10 Purchases,Very High
6008,Erin Merritt,233,6,18916,1,3,4,4,11,344,Loyal Customers,181-365 Days,6-10 Purchases,High
6020,Andrew Howe,325,10,32766,1,2,5,5,12,255,At Risk,181-365 Days,6-10 Purchases,Very High
6025,Nicholas Thomas,250,6,20377,1,2,4,5,11,245,At Risk,181-365 Days,6-10 Purchases,Very High
6030,Richard Vega,97,6,21218,1,4,4,5,13,445,Champions,91-180 Days,6-10 Purchases,Very High
6036,Rhonda Bryant,48,6,18143,1,5,4,4,13,544,Champions,31-60 Days,6-10 Purchases,High
6057,Donald Miller,174,7,20120,1,3,4,5,12,345,Loyal Customers,91-180 Days,6-10 Purchases,Very High
6062,Kayla Reyes,439,5,15068,1,1,3,4,8,134,At Risk,365+ Days,3-5 Purchases,High
6066,William Jones,67,10,21395,1,4,5,5,14,455,Champions,61-90 Days,6-10 Purchases,Very High
6067,Alexandria Robertson,128,8,21406,1,4,5,5,14,455,Champions,91-180 Days,6-10 Purchases,Very High
6076,Rachel Schneider,532,6,20191,1,1,4,5,10,145,At Risk,365+ Days,6-10 Purchases,Very High
6087,Madison Smith,155,7,14912,1,3,4,4,11,344,Loyal Customers,91-180 Days,6-10 Purchases,High
6095,Terry Barry,19,7,19959,1,5,4,5,14,545,Champions,0-30 Days,6-10 Purchases,Very High
6106,Gina Perez,296,6,21309,1,2,4,5,11,245,At Risk,181-365 Days,6-10 Purchases,Very High
6111,Michael Jackson,42,4,17941,1,5,2,4,11,524,Potential Loyalists,31-60 Days,3-5 Purchases,High
6135,Alicia Newton,58,5,16077,1,5,3,4,12,534,Potential Loyalists,31-60 Days,3-5 Purchases,High
6150,Dorothy Ewing,323,7,19126,1,2,4,4,10,244,At Risk,181-365 Days,6-10 Purchases,High
6173,Marc Carter,68,7,19116,1,4,4,4,12,444,Champions,61-90 Days,6-10 Purchases,High
6213,Evan Griffin,696,5,15660,1,1,3,4,8,134,At Risk,365+ Days,3-5 Purchases,High
6221,Kevin Smith,63,7,19160,1,4,4,4,12,444,Champions,61-90 Days,6-10 Purchases,High
6246,Sydney Freeman,77,7,21447,1,4,4,5,13,445,Champions,61-90 Days,6-10 Purchases,Very High
6256,Amanda Walker,34,5,15844,1,5,3,4,12,534,Potential Loyalists,31-60 Days,3-5 Purchases,High
6258,Madeline Williams,15,7,15914,1,5,4,4,13,544,Champions,0-30 Days,6-10 Purchases,High
6287,Angela Stokes,183,5,17903,1,3,3,4,10,334,Need Attention,181-365 Days,3-5 Purchases,High
6288,Michael Gibson,45,5,16340,1,5,3,4,12,534,Potential Loyalists,31-60 Days,3-5 Purchases,High
6290,Scott Wilson,332,5,17916,1,2,3,4,9,234,At Risk,181-365 Days,3-5 Purchases,High
6298,Christine Williams,62,8,19281,1,4,5,5,14,455,Champions,61-90 Days,6-10 Purchases,Very High
6305,Paul Reed,12,8,18620,1,5,5,4,14,554,Champions,0-30 Days,6-10 Purchases,High
6311,Gary Ward,158,4,15481,1,3,2,4,9,324,Need Attention,91-180 Days,3-5 Purchases,High
6322,Steven Bowen,228,5,19550,1,3,3,5,11,335,Need Attention,181-365 Days,3-5 Purchases,Very High
6324,Margaret Hensley,146,6,19080,1,3,4,4,11,344,Loyal Customers,91-180 Days,6-10 Purchases,High
6331,Christine Rhodes,9,7,19548,1,5,4,5,14,545,Champions,0-30 Days,6-10 Purchases,Very High
6341,Jacqueline Jefferson,511,5,16579,1,1,3,4,8,134,At Risk,365+ Days,3-5 Purchases,High
6349,Jacob Brooks,17,10,29075,1,5,5,5,15,555,Champions,0-30 Days,6-10 Purchases,Very High
6353,Joseph Reese,46,9,29609,1,5,5,5,15,555,Champions,31-60 Days,6-10 Purchases,Very High
6361,Tami Ramos,242,6,17303,1,3,4,4,11,344,Loyal Customers,181-365 Days,6-10 Purchases,High
6369,April Mckinney,2,8,19002,1,5,5,4,14,554,Champions,0-30 Days,6-10 Purchases,High
6370,Melanie Marshall,293,7,21887,1,2,4,5,11,245,At Risk,181-365 Days,6-10 Purchases,Very High
6372,Jose Thomas,119,7,19409,1,4,4,5,13,445,Champions,91-180 Days,6-10 Purchases,Very High
6374,Adam Hill,12,4,15235,1,5,2,4,11,524,Potential Loyalists,0-30 Days,3-5 Purchases,High
6393,Tonya Martin,365,4,15381,1,2,2,4,8,224,Need Attention,181-365 Days,3-5 Purchases,High
6435,Calvin Moore,102,6,15899,1,4,4,4,12,444,Champions,91-180 Days,6-10 Purchases,High
6457,Sarah Mitchell,51,6,21554,1,5,4,5,14,545,Champions,31-60 Days,6-10 Purchases,Very High
6466,Tiffany Hernandez,99,8,22367,1,4,5,5,14,455,Champions,91-180 Days,6-10 Purchases,Very High
6478,Colleen Jackson,181,8,20771,1,3,5,5,13,355,Loyal Customers,181-365 Days,6-10 Purchases,Very High
6490,Tristan Meyer,153,6,17782,1,3,4,4,11,344,Loyal Customers,91-180 Days,6-10 Purchases,High
6502,Heather Lewis,216,9,20129,1,3,5,5,13,355,Loyal Customers,181-365 Days,6-10 Purchases,Very High
6517,Jennifer Petty,7,5,16431,1,5,3,4,12,534,Potential Loyalists,0-30 Days,3-5 Purchases,High
6538,Kathryn Watkins,38,8,18745,1,5,5,4,14,554,Champions,31-60 Days,6-10 Purchases,High
6543,Douglas Scott,490,6,18006,1,1,4,4,9,144,At Risk,365+ Days,6-10 Purchases,High
6572,John Herrera,45,8,18243,1,5,5,4,14,554,Champions,31-60 Days,6-10 Purchases,High
6583,Natasha Hernandez,265,4,17485,1,2,2,4,8,224,Need Attention,181-365 Days,3-5 Purchases,High
6591,Kristy Terrell,304,9,29699,1,2,5,5,12,255,At Risk,181-365 Days,6-10 Purchases,Very High
6604,Michael Landry,344,5,15565,1,2,3,4,9,234,At Risk,181-365 Days,3-5 Purchases,High
6625,Jason Garcia,52,7,15749,1,5,4,4,13,544,Champions,31-60 Days,6-10 Purchases,High
6629,Brittany Simpson,222,10,23621,1,3,5,5,13,355,Loyal Customers,181-365 Days,6-10 Purchases,Very High
6650,Diamond Pitts,174,7,21524,1,3,4,5,12,345,Loyal Customers,91-180 Days,6-10 Purchases,Very High
6662,Andrea Sanchez,167,11,26035,1,3,5,5,13,355,Loyal Customers,91-180 Days,10+ Purchases,Very High
6665,Shawn Pena,887,5,15020,1,1,3,4,8,134,At Risk,365+ Days,3-5 Purchases,High
6668,John Jones,169,8,21094,1,3,5,5,13,355,Loyal Customers,91-180 Days,6-10 Purchases,Very High
6671,Albert Rose,197,6,15995,1,3,4,4,11,344,Loyal Customers,181-365 Days,6-10 Purchases,High
6679,Alyssa Anderson,605,6,15612,1,1,4,4,9,144,At Risk,365+ Days,6-10 Purchases,High
6693,Evelyn Sullivan,98,7,15052,1,4,4,4,12,444,Champions,91-180 Days,6-10 Purchases,High
6705,Tonya Turner,145,7,24236,1,3,4,5,12,345,Loyal Customers,91-180 Days,6-10 Purchases,Very High
6707,David Leon,18,6,16984,1,5,4,4,13,544,Champions,0-30 Days,6-10 Purchases,High
6725,Louis Oneal,73,6,18315,1,4,4,4,12,444,Champions,61-90 Days,6-10 Purchases,High
6726,Brenda Roy,133,9,23097,1,4,5,5,14,455,Champions,91-180 Days,6-10 Purchases,Very High
6727,Richard Perez,162,7,19455,1,3,4,5,12,345,Loyal Customers,91-180 Days,6-10 Purchases,Very High
6738,Jacob Mcgee,64,10,29538,1,4,5,5,14,455,Champions,61-90 Days,6-10 Purchases,Very High
6740,Regina Livingston,54,8,21252,1,5,5,5,15,555,Champions,31-60 Days,6-10 Purchases,Very High
6741,Matthew Flores,269,8,28063,1,2,5,5,12,255,At Risk,181-365 Days,6-10 Purchases,Very High
6751,Meredith Park,424,4,16928,1,2,2,4,8,224,Need Attention,365+ Days,3-5 Purchases,High
6760,Kelly Miller,115,8,24669,1,4,5,5,14,455,Champions,91-180 Days,6-10 Purchases,Very High
6766,Anne Silva,309,8,19641,1,2,5,5,12,255,At Risk,181-365 Days,6-10 Purchases,Very High
6784,Daniel Ramirez MD,328,4,15568,1,2,2,4,8,224,Need Attention,181-365 Days,3-5 Purchases,High
6786,Peter Williamson,14,12,42385,1,5,5,5,15,555,Champions,0-30 Days,10+ Purchases,Very High
6791,David Davis,322,5,15282,1,2,3,4,9,234,At Risk,181-365 Days,3-5 Purchases,High
6794,Melissa Scott,61,5,16192,1,4,3,4,11,434,Potential Loyalists,61-90 Days,3-5 Purchases,High
6795,Shannon Williams,155,7,18820,1,3,4,4,11,344,Loyal Customers,91-180 Days,6-10 Purchases,High
6806,Vanessa Snyder,5,8,19951,1,5,5,5,15,555,Champions,0-30 Days,6-10 Purchases,Very High
6817,Jaclyn Allen,243,9,27580,1,3,5,5,13,355,Loyal Customers,181-365 Days,6-10 Purchases,Very High
6839,Tina West,130,5,15995,1,4,3,4,11,434,Potential Loyalists,91-180 Days,3-5 Purchases,High
6841,Angelica Phelps,739,6,17561,1,1,4,4,9,144,At Risk,365+ Days,6-10 Purchases,High
6843,Tracy Clark,85,5,15870,1,4,3,4,11,434,Potential Loyalists,61-90 Days,3-5 Purchases,High
6852,Matthew Mccullough,134,7,17251,1,4,4,4,12,444,Champions,91-180 Days,6-10 Purchases,High
6855,Mr. Donald Miller,239,10,25474,1,3,5,5,13,355,Loyal Customers,181-365 Days,6-10 Purchases,Very High
6857,Matthew Rivera,242,7,21441,1,3,4,5,12,345,Loyal Customers,181-365 Days,6-10 Purchases,Very High
6893,Karen Jones,52,5,17277,1,5,3,4,12,534,Potential Loyalists,31-60 Days,3-5 Purchases,High
6897,Corey Miller,203,9,28435,1,3,5,5,13,355,Loyal Customers,181-365 Days,6-10 Purchases,Very High
6916,Ricky Bradley,200,5,17641,1,3,3,4,10,334,Need Attention,181-365 Days,3-5 Purchases,High
6932,Laura Smith,281,6,28199,1,2,4,5,11,245,At Risk,181-365 Days,6-10 Purchases,Very High
6934,Marc Anderson,15,6,18138,1,5,4,4,13,544,Champions,0-30 Days,6-10 Purchases,High
6952,Jessica Allen,19,7,16727,1,5,4,4,13,544,Champions,0-30 Days,6-10 Purchases,High
6953,Michael Zamora,323,6,15298,1,2,4,4,10,244,At Risk,181-365 Days,6-10 Purchases,High
6963,Connor Holmes,119,9,33358,1,4,5,5,14,455,Champions,91-180 Days,6-10 Purchases,Very High
6974,Lauren Santiago,55,8,24070,1,5,5,5,15,555,Champions,31-60 Days,6-10 Purchases,Very High
6993,Lori Townsend,11,7,15787,1,5,4,4,13,544,Champions,0-30 Days,6-10 Purchases,High
6996,Antonio Liu,19,6,15976,1,5,4,4,13,544,Champions,0-30 Days,6-10 Purchases,High
6999,Richard Stephens II,191,7,19424,1,3,4,5,12,345,Loyal Customers,181-365 Days,6-10 Purchases,Very High
7009,Jennifer Wilkins,138,6,16479,1,3,4,4,11,344,Loyal Customers,91-180 Days,6-10 Purchases,High
7021,Darren Little,21,6,18813,1,5,4,4,13,544,Champions,0-30 Days,6-10 Purchases,High
7022,Dr. Shannon Booth DVM,35,9,20266,1,5,5,5,15,555,Champions,31-60 Days,6-10 Purchases,Very High
7055,Jared Baker,80,6,17287,1,4,4,4,12,444,Champions,61-90 Days,6-10 Purchases,High
7068,Nicholas Burke,578,5,18082,1,1,3,4,8,134,At Risk,365+ Days,3-5 Purchases,High
7073,Sandra Shah,75,8,21429,1,4,5,5,14,455,Champions,61-90 Days,6-10 Purchases,Very High
7102,Patricia Davis,347,9,29730,1,2,5,5,12,255,At Risk,181-365 Days,6-10 Purchases,Very High
7127,John Burns,271,6,16835,1,2,4,4,10,244,At Risk,181-365 Days,6-10 Purchases,High
7142,Katie Bowman,179,6,15890,1,3,4,4,11,344,Loyal Customers,91-180 Days,6-10 Purchases,High
7156,Kyle Terry,524,6,17562,1,1,4,4,9,144,At Risk,365+ Days,6-10 Purchases,High
7194,Jacqueline Cline,12,10,24676,1,5,5,5,15,555,Champions,0-30 Days,6-10 Purchases,Very High
7215,Charles Williams,32,8,20070,1,5,5,5,15,555,Champions,31-60 Days,6-10 Purchases,Very High
7221,Joseph Pennington,344,4,15612,1,2,2,4,8,224,Need Attention,181-365 Days,3-5 Purchases,High
7239,Denise Parker,269,6,18819,1,2,4,4,10,244,At Risk,181-365 Days,6-10 Purchases,High
7248,Thomas Meyer,128,7,17330,1,4,4,4,12,444,Champions,91-180 Days,6-10 Purchases,High
7256,Eric Knapp,50,7,20893,1,5,4,5,14,545,Champions,31-60 Days,6-10 Purchases,Very High
7268,John Jensen,219,6,21585,1,3,4,5,12,345,Loyal Customers,181-365 Days,6-10 Purchases,Very High
7280,Toni Gardner,104,4,16120,1,4,2,4,10,424,Potential Loyalists,91-180 Days,3-5 Purchases,High
7283,Rebecca Wheeler,25,8,16601,1,5,5,4,14,554,Champions,0-30 Days,6-10 Purchases,High
7289,Sharon Hayden,25,7,21621,1,5,4,5,14,545,Champions,0-30 Days,6-10 Purchases,Very High
7305,Stephanie Bryant,217,4,19231,1,3,2,4,9,324,Need Attention,181-365 Days,3-5 Purchases,High
7308,Mrs. Erica Rodriguez,120,9,27607,1,4,5,5,14,455,Champions,91-180 Days,6-10 Purchases,Very High
7323,Gabriella Smith,66,8,23442,1,4,5,5,14,455,Champions,61-90 Days,6-10 Purchases,Very High
7333,Mary Miller,139,7,16180,1,3,4,4,11,344,Loyal Customers,91-180 Days,6-10 Purchases,High
7334,Thomas Harrington,376,5,16260,1,2,3,4,9,234,At Risk,365+ Days,3-5 Purchases,High
7343,Peter Smith,211,7,22610,1,3,4,5,12,345,Loyal Customers,181-365 Days,6-10 Purchases,Very High
7346,Tracy Hernandez,458,7,19475,1,1,4,5,10,145,At Risk,365+ Days,6-10 Purchases,Very High
7349,Peter Lee,76,9,25317,1,4,5,5,14,455,Champions,61-90 Days,6-10 Purchases,Very High
7351,Mike Hays,25,5,17647,1,5,3,4,12,534,Potential Loyalists,0-30 Days,3-5 Purchases,High
7359,Jeffrey Marshall,652,4,18206,1,1,2,4,7,124,Need Attention,365+ Days,3-5 Purchases,High
7363,James Young,114,5,15480,1,4,3,4,11,434,Potential Loyalists,91-180 Days,3-5 Purchases,High
7369,Todd Jackson,98,9,25944,1,4,5,5,14,455,Champions,91-180 Days,6-10 Purchases,Very High
7371,Theodore Small,53,4,16549,1,5,2,4,11,524,Potential Loyalists,31-60 Days,3-5 Purchases,High
7379,Tracy Tyler,8,9,26383,1,5,5,5,15,555,Champions,0-30 Days,6-10 Purchases,Very High
7383,Shawn Abbott,23,7,19493,1,5,4,5,14,545,Champions,0-30 Days,6-10 Purchases,Very High
7414,Stephanie Hoover,256,6,19537,1,2,4,5,11,245,At Risk,181-365 Days,6-10 Purchases,Very High
7429,Derrick Johnson,162,7,17246,1,3,4,4,11,344,Loyal Customers,91-180 Days,6-10 Purchases,High
7450,Jordan Villa,3,8,23612,1,5,5,5,15,555,Champions,0-30 Days,6-10 Purchases,Very High
7482,Melissa Johnson,156,6,17557,1,3,4,4,11,344,Loyal Customers,91-180 Days,6-10 Purchases,High
7495,Sarah Gardner,220,6,17143,1,3,4,4,11,344,Loyal Customers,181-365 Days,6-10 Purchases,High
7497,Nathan Brady,43,8,18234,1,5,5,4,14,554,Champions,31-60 Days,6-10 Purchases,High
7502,Emily Mcdaniel,400,6,20725,1,2,4,5,11,245,At Risk,365+ Days,6-10 Purchases,Very High
7515,Michelle Bond,37,6,19802,1,5,4,5,14,545,Champions,31-60 Days,6-10 Purchases,Very High
7548,Kristina Sanchez,180,5,14915,1,3,3,4,10,334,Need Attention,91-180 Days,3-5 Purchases,High
7555,Robert Jackson,75,7,18955,1,4,4,4,12,444,Champions,61-90 Days,6-10 Purchases,High
7567,Jennifer Case,184,6,17868,1,3,4,4,11,344,Loyal Customers,181-365 Days,6-10 Purchases,High
7583,Nicole Valentine,494,9,27013,1,1,5,5,11,155,At Risk,365+ Days,6-10 Purchases,Very High
7588,John Moore,318,5,17827,1,2,3,4,9,234,At Risk,181-365 Days,3-5 Purchases,High
7595,Rose Walker,276,7,21244,1,2,4,5,11,245,At Risk,181-365 Days,6-10 Purchases,Very High
7599,Charles Carlson,265,7,24748,1,2,4,5,11,245,At Risk,181-365 Days,6-10 Purchases,Very High
7608,Ralph Bailey,429,6,16031,1,1,4,4,9,144,At Risk,365+ Days,6-10 Purchases,High
7612,Kevin Sparks,169,8,24681,1,3,5,5,13,355,Loyal Customers,91-180 Days,6-10 Purchases,Very High
7657,Kyle Orr,411,7,16581,1,2,4,4,10,244,At Risk,365+ Days,6-10 Purchases,High
7660,Lauren Wagner,333,5,15560,1,2,3,4,9,234,At Risk,181-365 Days,3-5 Purchases,High
7668,Dr. Lori Alvarez,73,6,15429,1,4,4,4,12,444,Champions,61-90 Days,6-10 Purchases,High
7678,Blake Rogers,270,6,20496,1,2,4,5,11,245,At Risk,181-365 Days,6-10 Purchases,Very High
7714,James Rodriguez,242,8,29686,1,3,5,5,13,355,Loyal Customers,181-365 Days,6-10 Purchases,Very High
7738,William Spence,480,5,19297,1,1,3,5,9,135,At Risk,365+ Days,3-5 Purchases,Very High
7743,Jeanne Velazquez,107,7,17790,1,4,4,4,12,444,Champions,91-180 Days,6-10 Purchases,High
7745,Jack Ball,9,8,15463,1,5,5,4,14,554,Champions,0-30 Days,6-10 Purchases,High
7754,Stephanie Shaw,239,7,27957,1,3,4,5,12,345,Loyal Customers,181-365 Days,6-10 Purchases,Very High
7760,Jerry Miller,280,8,24601,1,2,5,5,12,255,At Risk,181-365 Days,6-10 Purchases,Very High
7774,John Tyler,607,7,18896,1,1,4,4,9,144,At Risk,365+ Days,6-10 Purchases,High
7779,Angela Rivera,109,5,20360,1,4,3,5,12,435,Potential Loyalists,91-180 Days,3-5 Purchases,Very High
7787,Jason Ward,293,7,26133,1,2,4,5,11,245,At Risk,181-365 Days,6-10 Purchases,Very High
7795,Renee Sanders,151,9,27379,1,3,5,5,13,355,Loyal Customers,91-180 Days,6-10 Purchases,Very High
7802,Marie Young,62,6,22060,1,4,4,5,13,445,Champions,61-90 Days,6-10 Purchases,Very High
7816,Brandon Perez,410,5,17253,1,2,3,4,9,234,At Risk,365+ Days,3-5 Purchases,High
7818,Jane Johnson,253,12,34667,1,2,5,5,12,255,At Risk,181-365 Days,10+ Purchases,Very High
7824,Anna Huerta,125,6,16279,1,4,4,4,12,444,Champions,91-180 Days,6-10 Purchases,High
7832,John Lewis,610,4,17119,1,1,2,4,7,124,Need Attention,365+ Days,3-5 Purchases,High
7838,Terry Smith,254,5,15248,1,2,3,4,9,234,At Risk,181-365 Days,3-5 Purchases,High
7847,Robert Golden,1,7,24085,1,5,4,5,14,545,Champions,0-30 Days,6-10 Purchases,Very High
7853,Jennifer Gallagher,608,4,15544,1,1,2,4,7,124,Need Attention,365+ Days,3-5 Purchases,High
7861,Travis Hicks,9,7,16001,1,5,4,4,13,544,Champions,0-30 Days,6-10 Purchases,High
7913,Keith Camacho,49,8,27294,1,5,5,5,15,555,Champions,31-60 Days,6-10 Purchases,Very High
7929,John Burke,79,8,22577,1,4,5,5,14,455,Champions,61-90 Days,6-10 Purchases,Very High
7946,Carrie Olson,87,4,14931,1,4,2,4,10,424,Potential Loyalists,61-90 Days,3-5 Purchases,High
7952,Erik Williams,72,6,22657,1,4,4,5,13,445,Champions,61-90 Days,6-10 Purchases,Very High
7953,Brian Campbell,142,8,19403,1,3,5,5,13,355,Loyal Customers,91-180 Days,6-10 Purchases,Very High
7958,Tabitha Bush,303,8,17284,1,2,5,4,11,254,At Risk,181-365 Days,6-10 Purchases,High
7971,Holly Boyer,139,6,16545,1,3,4,4,11,344,Loyal Customers,91-180 Days,6-10 Purchases,High
7990,Richard Taylor,182,7,18270,1,3,4,4,11,344,Loyal Customers,181-365 Days,6-10 Purchases,High
7999,Sherry Schmidt,320,5,15016,1,2,3,4,9,234,At Risk,181-365 Days,3-5 Purchases,High
8006,Shannon Stewart,194,11,32331,1,3,5,5,13,355,Loyal Customers,181-365 Days,10+ Purchases,Very High
8007,Wendy Mckinney,215,7,19787,1,3,4,5,12,345,Loyal Customers,181-365 Days,6-10 Purchases,Very High
8040,Theresa Day,77,5,16193,1,4,3,4,11,434,Potential Loyalists,61-90 Days,3-5 Purchases,High
8047,Betty Gates,270,6,22222,1,2,4,5,11,245,At Risk,181-365 Days,6-10 Purchases,Very High
8049,Erik Martin,166,6,18552,1,3,4,4,11,344,Loyal Customers,91-180 Days,6-10 Purchases,High
8061,Crystal Ritter,261,7,19163,1,2,4,4,10,244,At Risk,181-365 Days,6-10 Purchases,High
8065,Laurie Blackwell,60,6,16870,1,4,4,4,12,444,Champions,31-60 Days,6-10 Purchases,High
8070,Scott Simpson,13,4,15348,1,5,2,4,11,524,Potential Loyalists,0-30 Days,3-5 Purchases,High
8074,Douglas Lewis,209,7,16359,1,3,4,4,11,344,Loyal Customers,181-365 Days,6-10 Purchases,High
8079,Joan Smith,86,5,15277,1,4,3,4,11,434,Potential Loyalists,61-90 Days,3-5 Purchases,High
8105,Jamie Lee,302,7,21645,1,2,4,5,11,245,At Risk,181-365 Days,6-10 Purchases,Very High
8126,Jason Foster,134,5,17449,1,4,3,4,11,434,Potential Loyalists,91-180 Days,3-5 Purchases,High
8127,Michael Murray,37,6,20552,1,5,4,5,14,545,Champions,31-60 Days,6-10 Purchases,Very High
8133,Glenn Jones,25,4,16750,1,5,2,4,11,524,Potential Loyalists,0-30 Days,3-5 Purchases,High
8139,Bradley Lewis,444,6,19430,1,1,4,5,10,145,At Risk,365+ Days,6-10 Purchases,Very High
8143,Terri Thomas,274,7,25946,1,2,4,5,11,245,At Risk,181-365 Days,6-10 Purchases,Very High
8148,Melissa Moyer,100,8,21207,1,4,5,5,14,455,Champions,91-180 Days,6-10 Purchases,Very High
8164,Jimmy Brown,488,5,15978,1,1,3,4,8,134,At Risk,365+ Days,3-5 Purchases,High
8194,Bobby Garcia,822,5,16080,1,1,3,4,8,134,At Risk,365+ Days,3-5 Purchases,High
8218,Annette Nichols,38,7,17169,1,5,4,4,13,544,Champions,31-60 Days,6-10 Purchases,High
8226,David Cook,94,8,15165,1,4,5,4,13,454,Champions,91-180 Days,6-10 Purchases,High
8254,Caitlin Wilson,693,7,18435,1,1,4,4,9,144,At Risk,365+ Days,6-10 Purchases,High
8258,Jennifer Johnson,717,7,19776,1,1,4,5,10,145,At Risk,365+ Days,6-10 Purchases,Very High
8265,Lisa Walker,295,8,23029,1,2,5,5,12,255,At Risk,181-365 Days,6-10 Purchases,Very High
8269,Lauren Scott,303,8,25150,1,2,5,5,12,255,At Risk,181-365 Days,6-10 Purchases,Very High
8281,Albert Taylor,251,7,22323,1,2,4,5,11,245,At Risk,181-365 Days,6-10 Purchases,Very High
8289,Tammy Hull,147,6,22144,1,3,4,5,12,345,Loyal Customers,91-180 Days,6-10 Purchases,Very High
8301,Ryan Holmes,223,5,15021,1,3,3,4,10,334,Need Attention,181-365 Days,3-5 Purchases,High
8315,Dr. Elizabeth Hernandez,172,5,17055,1,3,3,4,10,334,Need Attention,91-180 Days,3-5 Purchases,High
8318,Eric Farrell,39,6,14891,1,5,4,4,13,544,Champions,31-60 Days,6-10 Purchases,High
8328,Danielle Woods,177,4,15627,1,3,2,4,9,324,Need Attention,91-180 Days,3-5 Purchases,High
8336,Linda Reid,102,4,15385,1,4,2,4,10,424,Potential Loyalists,91-180 Days,3-5 Purchases,High
8343,Jennifer Henson,13,6,17751,1,5,4,4,13,544,Champions,0-30 Days,6-10 Purchases,High
8365,Jesse Hensley,160,7,17314,1,3,4,4,11,344,Loyal Customers,91-180 Days,6-10 Purchases,High
8382,Erica Garrett,458,8,26434,1,1,5,5,11,155,At Risk,365+ Days,6-10 Purchases,Very High
8399,Rebecca Mann,255,8,22705,1,2,5,5,12,255,At Risk,181-365 Days,6-10 Purchases,Very High
8450,Angela Miranda,48,5,16987,1,5,3,4,12,534,Potential Loyalists,31-60 Days,3-5 Purchases,High
8472,Barbara Lee,448,8,23995,1,1,5,5,11,155,At Risk,365+ Days,6-10 Purchases,Very High
8500,Dawn Clark,152,4,17080,1,3,2,4,9,324,Need Attention,91-180 Days,3-5 Purchases,High
8529,Michelle Price,78,5,16973,1,4,3,4,11,434,Potential Loyalists,61-90 Days,3-5 Purchases,High
8531,Cassidy Harrington,460,6,18500,1,1,4,4,9,144,At Risk,365+ Days,6-10 Purchases,High
8545,Michael Holt,58,6,18400,1,5,4,4,13,544,Champions,31-60 Days,6-10 Purchases,High
8546,Brandon Webb,312,7,23142,1,2,4,5,11,245,At Risk,181-365 Days,6-10 Purchases,Very High
8547,Robert Keller,194,9,28443,1,3,5,5,13,355,Loyal Customers,181-365 Days,6-10 Purchases,Very High
8565,Miss Jessica Estes,339,7,16048,1,2,4,4,10,244,At Risk,181-365 Days,6-10 Purchases,High
8567,Shirley George,39,7,20599,1,5,4,5,14,545,Champions,31-60 Days,6-10 Purchases,Very High
8572,Douglas Campbell,425,9,29241,1,2,5,5,12,255,At Risk,365+ Days,6-10 Purchases,Very High
8577,Michael Mills,134,5,18896,1,4,3,4,11,434,Potential Loyalists,91-180 Days,3-5 Purchases,High
8586,Evan Mendoza,322,10,22724,1,2,5,5,12,255,At Risk,181-365 Days,6-10 Purchases,Very High
8600,Noah Gray,121,9,27031,1,4,5,5,14,455,Champions,91-180 Days,6-10 Purchases,Very High
8602,Amy White,209,6,18605,1,3,4,4,11,344,Loyal Customers,181-365 Days,6-10 Purchases,High
8605,Alexandra Huber,6,6,16126,1,5,4,4,13,544,Champions,0-30 Days,6-10 Purchases,High
8609,Joshua Stein,183,10,19860,1,3,5,5,13,355,Loyal Customers,181-365 Days,6-10 Purchases,Very High
8619,Debra Barnett,103,11,30319,1,4,5,5,14,455,Champions,91-180 Days,10+ Purchases,Very High
8624,Nathan Cameron,284,6,19832,1,2,4,5,11,245,At Risk,181-365 Days,6-10 Purchases,Very High
8642,Tommy Black,220,10,30510,1,3,5,5,13,355,Loyal Customers,181-365 Days,6-10 Purchases,Very High
8649,Adam Flynn,107,7,15876,1,4,4,4,12,444,Champions,91-180 Days,6-10 Purchases,High
8654,Robert Payne,44,10,28174,1,5,5,5,15,555,Champions,31-60 Days,6-10 Purchases,Very High
8657,Jorge Williams,76,4,16163,1,4,2,4,10,424,Potential Loyalists,61-90 Days,3-5 Purchases,High
8689,David Henderson,127,8,27385,1,4,5,5,14,455,Champions,91-180 Days,6-10 Purchases,Very High
8697,Jeffrey Smith,254,6,20477,1,2,4,5,11,245,At Risk,181-365 Days,6-10 Purchases,Very High
8716,Christopher Williams,42,8,18050,1,5,5,4,14,554,Champions,31-60 Days,6-10 Purchases,High
8726,Henry Kelley,339,6,18203,1,2,4,4,10,244,At Risk,181-365 Days,6-10 Purchases,High
8727,Linda Grant,745,5,17671,1,1,3,4,8,134,At Risk,365+ Days,3-5 Purchases,High
8735,Amy Hansen,175,7,18219,1,3,4,4,11,344,Loyal Customers,91-180 Days,6-10 Purchases,High
8736,Teresa Haley,235,6,18441,1,3,4,4,11,344,Loyal Customers,181-365 Days,6-10 Purchases,High
8743,Andrea Hall,89,8,17554,1,4,5,4,13,454,Champions,61-90 Days,6-10 Purchases,High
8772,Zachary Hardy,267,8,24789,1,2,5,5,12,255,At Risk,181-365 Days,6-10 Purchases,Very High
8775,Megan Johnson,241,9,23424,1,3,5,5,13,355,Loyal Customers,181-365 Days,6-10 Purchases,Very High
8777,Paul Gonzalez,34,5,18444,1,5,3,4,12,534,Potential Loyalists,31-60 Days,3-5 Purchases,High
8791,Matthew Henderson,204,5,16953,1,3,3,4,10,334,Need Attention,181-365 Days,3-5 Purchases,High
8847,Gabrielle Phillips,140,7,15533,1,3,4,4,11,344,Loyal Customers,91-180 Days,6-10 Purchases,High
8879,Connor Powers,233,5,15058,1,3,3,4,10,334,Need Attention,181-365 Days,3-5 Purchases,High
8880,Elizabeth Jones,160,8,23590,1,3,5,5,13,355,Loyal Customers,91-180 Days,6-10 Purchases,Very High
8882,Nathan Chavez,147,5,19214,1,3,3,4,10,334,Need Attention,91-180 Days,3-5 Purchases,High
8883,Rebecca Cobb,65,5,18744,1,4,3,4,11,434,Potential Loyalists,61-90 Days,3-5 Purchases,High
8884,Andrew Myers,103,7,29825,1,4,4,5,13,445,Champions,91-180 Days,6-10 Purchases,Very High
8885,Christopher Porter,209,10,28719,1,3,5,5,13,355,Loyal Customers,181-365 Days,6-10 Purchases,Very High
8895,Samuel Gonzalez,158,6,17425,1,3,4,4,11,344,Loyal Customers,91-180 Days,6-10 Purchases,High
8897,Melissa Abbott,119,7,15296,1,4,4,4,12,444,Champions,91-180 Days,6-10 Purchases,High
8914,Ronald Stanley,129,6,16051,1,4,4,4,12,444,Champions,91-180 Days,6-10 Purchases,High
8915,Thomas Moore,62,11,23121,1,4,5,5,14,455,Champions,61-90 Days,10+ Purchases,Very High
8935,Terry Johnson,114,7,19830,1,4,4,5,13,445,Champions,91-180 Days,6-10 Purchases,Very High
8938,Michael Guzman,2,7,17441,1,5,4,4,13,544,Champions,0-30 Days,6-10 Purchases,High
8939,Gina Jackson,183,9,22981,1,3,5,5,13,355,Loyal Customers,181-365 Days,6-10 Purchases,Very High
8940,Robin Jones,116,8,25020,1,4,5,5,14,455,Champions,91-180 Days,6-10 Purchases,Very High
8948,Jessica Thomas,253,6,16306,1,2,4,4,10,244,At Risk,181-365 Days,6-10 Purchases,High
8950,Michael Phillips,242,8,20927,1,3,5,5,13,355,Loyal Customers,181-365 Days,6-10 Purchases,Very High
8952,Edgar Townsend,105,4,15203,1,4,2,4,10,424,Potential Loyalists,91-180 Days,3-5 Purchases,High
8976,Javier Bishop,64,8,26737,1,4,5,5,14,455,Champions,61-90 Days,6-10 Purchases,Very High
8983,Ian Jenkins,21,4,16561,1,5,2,4,11,524,Potential Loyalists,0-30 Days,3-5 Purchases,High
8993,Jacob Martin,59,7,18433,1,5,4,4,13,544,Champions,31-60 Days,6-10 Purchases,High
9035,Michael Ramos,227,6,17836,1,3,4,4,11,344,Loyal Customers,181-365 Days,6-10 Purchases,High
9047,Angela Sawyer,67,5,15359,1,4,3,4,11,434,Potential Loyalists,61-90 Days,3-5 Purchases,High
9050,Emma Santana,9,7,19504,1,5,4,5,14,545,Champions,0-30 Days,6-10 Purchases,Very High
9073,Douglas Vega,567,7,17632,1,1,4,4,9,144,At Risk,365+ Days,6-10 Purchases,High
9079,Michael Hall,111,5,16737,1,4,3,4,11,434,Potential Loyalists,91-180 Days,3-5 Purchases,High
9089,Bryan Moore,47,8,21489,1,5,5,5,15,555,Champions,31-60 Days,6-10 Purchases,Very High
9098,Jill Martinez,326,4,15891,1,2,2,4,8,224,Need Attention,181-365 Days,3-5 Purchases,High
9108,William Wells,43,7,17500,1,5,4,4,13,544,Champions,31-60 Days,6-10 Purchases,High
9115,Deanna Thomas,501,8,28140,1,1,5,5,11,155,At Risk,365+ Days,6-10 Purchases,Very High
9142,Kevin Turner,335,6,19102,1,2,4,4,10,244,At Risk,181-365 Days,6-10 Purchases,High
9148,Catherine Douglas,97,7,22930,1,4,4,5,13,445,Champions,91-180 Days,6-10 Purchases,Very High
9150,Christopher Walls,26,8,24099,1,5,5,5,15,555,Champions,0-30 Days,6-10 Purchases,Very High
9173,Mark Beck,88,6,18181,1,4,4,4,12,444,Champions,61-90 Days,6-10 Purchases,High
9174,Seth Roman,70,8,17795,1,4,5,4,13,454,Champions,61-90 Days,6-10 Purchases,High
9228,Samantha Alexander,17,5,18144,1,5,3,4,12,534,Potential Loyalists,0-30 Days,3-5 Purchases,High
9236,Zachary Vasquez,184,7,17336,1,3,4,4,11,344,Loyal Customers,181-365 Days,6-10 Purchases,High
9238,Nicholas Haynes,325,6,16890,1,2,4,4,10,244,At Risk,181-365 Days,6-10 Purchases,High
9253,Nicholas Wallace,47,9,29458,1,5,5,5,15,555,Champions,31-60 Days,6-10 Purchases,Very High
9267,Melissa Lawrence,74,8,21660,1,4,5,5,14,455,Champions,61-90 Days,6-10 Purchases,Very High
9274,Mark Mckinney,141,9,23769,1,3,5,5,13,355,Loyal Customers,91-180 Days,6-10 Purchases,Very High
9275,Edward Kelly,102,5,17368,1,4,3,4,11,434,Potential Loyalists,91-180 Days,3-5 Purchases,High
9281,Steven Moreno,563,8,20065,1,1,5,5,11,155,At Risk,365+ Days,6-10 Purchases,Very High
9289,Gregory Hale,188,7,19159,1,3,4,4,11,344,Loyal Customers,181-365 Days,6-10 Purchases,High
9290,Cynthia Rivera,311,6,18563,1,2,4,4,10,244,At Risk,181-365 Days,6-10 Purchases,High
9292,Nichole Carter,105,7,25435,1,4,4,5,13,445,Champions,91-180 Days,6-10 Purchases,Very High
9293,Michael Long,83,8,22649,1,4,5,5,14,455,Champions,61-90 Days,6-10 Purchases,Very High
9303,Elizabeth Mills,194,6,17862,1,3,4,4,11,344,Loyal Customers,181-365 Days,6-10 Purchases,High
9319,Kevin Price,272,7,18750,1,2,4,4,10,244,At Risk,181-365 Days,6-10 Purchases,High
9325,Drew Wright,195,7,14935,1,3,4,4,11,344,Loyal Customers,181-365 Days,6-10 Purchases,High
9326,Jared Rivera,73,7,18430,1,4,4,4,12,444,Champions,61-90 Days,6-10 Purchases,High
9331,Christopher Munoz,340,7,18422,1,2,4,4,10,244,At Risk,181-365 Days,6-10 Purchases,High
9334,Timothy Beltran,55,10,27362,1,5,5,5,15,555,Champions,31-60 Days,6-10 Purchases,Very High
9350,Jeffrey Nguyen,145,8,17260,1,3,5,4,12,354,Loyal Customers,91-180 Days,6-10 Purchases,High
9353,Christopher Jenkins,42,8,27577,1,5,5,5,15,555,Champions,31-60 Days,6-10 Purchases,Very High
9405,Zachary Gaines,82,11,42479,1,4,5,5,14,455,Champions,61-90 Days,10+ Purchases,Very High
9422,Eric Brown,2,6,15256,1,5,4,4,13,544,Champions,0-30 Days,6-10 Purchases,High
9427,Kenneth Hernandez,163,6,15483,1,3,4,4,11,344,Loyal Customers,91-180 Days,6-10 Purchases,High
9448,Donna Brown,221,7,24668,1,3,4,5,12,345,Loyal Customers,181-365 Days,6-10 Purchases,Very High
9481,Christina Moore,603,6,22077,1,1,4,5,10,145,At Risk,365+ Days,6-10 Purchases,Very High
9482,Heather Johnson,648,6,20280,1,1,4,5,10,145,At Risk,365+ Days,6-10 Purchases,Very High
9494,Matthew Thompson,113,7,21643,1,4,4,5,13,445,Champions,91-180 Days,6-10 Purchases,Very High
9499,Vanessa Mosley,244,5,16358,1,2,3,4,9,234,At Risk,181-365 Days,3-5 Purchases,High
9519,Christine Stafford,117,11,22092,1,4,5,5,14,455,Champions,91-180 Days,10+ Purchases,Very High
9536,Albert Cummings,193,8,25829,1,3,5,5,13,355,Loyal Customers,181-365 Days,6-10 Purchases,Very High
9537,Kaylee Thompson,133,6,16734,1,4,4,4,12,444,Champions,91-180 Days,6-10 Purchases,High
9539,Alexandra Santana,34,8,20139,1,5,5,5,15,555,Champions,31-60 Days,6-10 Purchases,Very High
9545,Benjamin Ball,188,8,21002,1,3,5,5,13,355,Loyal Customers,181-365 Days,6-10 Purchases,Very High
9558,Julia Howe,279,6,21278,1,2,4,5,11,245,At Risk,181-365 Days,6-10 Purchases,Very High
9575,Christopher Jackson,366,10,27648,1,2,5,5,12,255,At Risk,365+ Days,6-10 Purchases,Very High
9596,Michael Fox,274,8,22773,1,2,5,5,12,255,At Risk,181-365 Days,6-10 Purchases,Very High
9614,Michael Rose,221,6,16966,1,3,4,4,11,344,Loyal Customers,181-365 Days,6-10 Purchases,High
9639,Regina Rose,44,5,16792,1,5,3,4,12,534,Potential Loyalists,31-60 Days,3-5 Purchases,High
9650,Jack Beard,103,5,18929,1,4,3,4,11,434,Potential Loyalists,91-180 Days,3-5 Purchases,High
9665,Angela Rivera,10,5,18422,1,5,3,4,12,534,Potential Loyalists,0-30 Days,3-5 Purchases,High
9701,Amy Bentley,100,7,16930,1,4,4,4,12,444,Champions,91-180 Days,6-10 Purchases,High
9720,Charles Lopez,11,6,18168,1,5,4,4,13,544,Champions,0-30 Days,6-10 Purchases,High
9752,John Parker,149,7,23031,1,3,4,5,12,345,Loyal Customers,91-180 Days,6-10 Purchases,Very High
9762,Megan Clay,33,13,33409,1,5,5,5,15,555,Champions,31-60 Days,10+ Purchases,Very High
9763,Eric Neal,231,7,16653,1,3,4,4,11,344,Loyal Customers,181-365 Days,6-10 Purchases,High
9764,Kurt Wolfe,110,5,16799,1,4,3,4,11,434,Potential Loyalists,91-180 Days,3-5 Purchases,High
9772,Samantha Rubio,89,4,17087,1,4,2,4,10,424,Potential Loyalists,61-90 Days,3-5 Purchases,High
9784,Michael Fuller,133,6,17741,1,4,4,4,12,444,Champions,91-180 Days,6-10 Purchases,High
9786,Elizabeth Ramirez,94,11,29087,1,4,5,5,14,455,Champions,91-180 Days,10+ Purchases,Very High
9789,Francisco Sherman,7,6,17335,1,5,4,4,13,544,Champions,0-30 Days,6-10 Purchases,High
9795,Fred Brown,38,4,15570,1,5,2,4,11,524,Potential Loyalists,31-60 Days,3-5 Purchases,High
9817,Cheyenne Scott,154,8,23482,1,3,5,5,13,355,Loyal Customers,91-180 Days,6-10 Purchases,Very High
9825,Kevin Smith,173,6,18775,1,3,4,4,11,344,Loyal Customers,91-180 Days,6-10 Purchases,High
9828,Richard Johnson DDS,314,10,35793,1,2,5,5,12,255,At Risk,181-365 Days,6-10 Purchases,Very High
9840,David Hernandez,268,6,19875,1,2,4,5,11,245,At Risk,181-365 Days,6-10 Purchases,Very High
9842,Michael Sparks,404,5,14995,1,2,3,4,9,234,At Risk,365+ Days,3-5 Purchases,High
9860,Amanda Bishop,13,6,18452,1,5,4,4,13,544,Champions,0-30 Days,6-10 Purchases,High
9881,Donna Smith,145,4,16019,1,3,2,4,9,324,Need Attention,91-180 Days,3-5 Purchases,High
9889,Nicholas Clark,116,8,26214,1,4,5,5,14,455,Champions,91-180 Days,6-10 Purchases,Very High
9895,Judith Owen,223,5,17394,1,3,3,4,10,334,Need Attention,181-365 Days,3-5 Purchases,High
9897,Daniel Braun,23,6,21298,1,5,4,5,14,545,Champions,0-30 Days,6-10 Purchases,Very High
9902,Richard Berger,124,6,15268,1,4,4,4,12,444,Champions,91-180 Days,6-10 Purchases,High
9918,Roger Henry,546,4,17396,1,1,2,4,7,124,Need Attention,365+ Days,3-5 Purchases,High
9932,Cameron Peterson,464,5,16176,1,1,3,4,8,134,At Risk,365+ Days,3-5 Purchases,High
9943,Brian Huber,69,7,22634,1,4,4,5,13,445,Champions,61-90 Days,6-10 Purchases,Very High
9965,Nicholas Hill,6,8,23001,1,5,5,5,15,555,Champions,0-30 Days,6-10 Purchases,Very High
9981,David Miller,49,7,16895,1,5,4,4,13,544,Champions,31-60 Days,6-10 Purchases,High
9995,Mrs. Jennifer Wright,107,9,25260,1,4,5,5,14,455,Champions,91-180 Days,6-10 Purchases,Very High
10003,Sherry Daniel,132,8,21034,1,4,5,5,14,455,Champions,91-180 Days,6-10 Purchases,Very High
10006,Jeremy Lloyd,99,7,20481,1,4,4,5,13,445,Champions,91-180 Days,6-10 Purchases,Very High
10007,Sheri Johnson,13,6,19184,1,5,4,4,13,544,Champions,0-30 Days,6-10 Purchases,High
10023,Derrick Johnson,152,9,25121,1,3,5,5,13,355,Loyal Customers,91-180 Days,6-10 Purchases,Very High
10025,Aaron Bradley,39,6,21366,1,5,4,5,14,545,Champions,31-60 Days,6-10 Purchases,Very High
10032,Eric Jordan,214,10,21394,1,3,5,5,13,355,Loyal Customers,181-365 Days,6-10 Purchases,Very High
10054,Monica Jordan,263,9,26034,1,2,5,5,12,255,At Risk,181-365 Days,6-10 Purchases,Very High
10055,Jeffrey Hamilton,419,8,23964,1,2,5,5,12,255,At Risk,365+ Days,6-10 Purchases,Very High
10068,Alexis Sanchez,184,5,19412,1,3,3,5,11,335,Need Attention,181-365 Days,3-5 Purchases,Very High
10085,Courtney Brown,38,6,15340,1,5,4,4,13,544,Champions,31-60 Days,6-10 Purchases,High
10121,Shelley Fuller,25,10,22367,1,5,5,5,15,555,Champions,0-30 Days,6-10 Purchases,Very High
10143,Jessica Wilson,38,10,27912,1,5,5,5,15,555,Champions,31-60 Days,6-10 Purchases,Very High
10145,Cheryl Obrien,136,5,16121,1,4,3,4,11,434,Potential Loyalists,91-180 Days,3-5 Purchases,High
10173,Mary Greer,50,6,18649,1,5,4,4,13,544,Champions,31-60 Days,6-10 Purchases,High
10181,Amy Hutchinson,383,7,27562,1,2,4,5,11,245,At Risk,365+ Days,6-10 Purchases,Very High
10198,Tammy Lee,158,4,15187,1,3,2,4,9,324,Need Attention,91-180 Days,3-5 Purchases,High
10204,Tammy Jackson,70,8,30146,1,4,5,5,14,455,Champions,61-90 Days,6-10 Purchases,Very High
10258,Bridget Cooper,173,5,19789,1,3,3,5,11,335,Need Attention,91-180 Days,3-5 Purchases,Very High
10267,Tina Howard,345,4,16532,1,2,2,4,8,224,Need Attention,181-365 Days,3-5 Purchases,High
10269,Tammy Norton,20,7,20996,1,5,4,5,14,545,Champions,0-30 Days,6-10 Purchases,Very High
10273,Kelly Bowman,147,6,19877,1,3,4,5,12,345,Loyal Customers,91-180 Days,6-10 Purchases,Very High
10276,Dawn Jones,53,6,19230,1,5,4,4,13,544,Champions,31-60 Days,6-10 Purchases,High
10281,Ronald Banks,36,7,24334,1,5,4,5,14,545,Champions,31-60 Days,6-10 Purchases,Very High
10293,Linda Edwards,63,5,16005,1,4,3,4,11,434,Potential Loyalists,61-90 Days,3-5 Purchases,High
10299,Kimberly Bridges,37,5,20320,1,5,3,5,13,535,Potential Loyalists,31-60 Days,3-5 Purchases,Very High
10325,Christopher Cooper,153,7,21987,1,3,4,5,12,345,Loyal Customers,91-180 Days,6-10 Purchases,Very High
10354,Casey Mercer,509,7,24190,1,1,4,5,10,145,At Risk,365+ Days,6-10 Purchases,Very High
10386,Jennifer Santos DDS,122,6,18941,1,4,4,4,12,444,Champions,91-180 Days,6-10 Purchases,High
10393,Julie Nelson,416,6,17466,1,2,4,4,10,244,At Risk,365+ Days,6-10 Purchases,High
10402,Sarah Martin,132,8,25134,1,4,5,5,14,455,Champions,91-180 Days,6-10 Purchases,Very High
10403,Joseph Johnson,388,5,16088,1,2,3,4,9,234,At Risk,365+ Days,3-5 Purchases,High
10409,Rita Johnston,390,7,15431,1,2,4,4,10,244,At Risk,365+ Days,6-10 Purchases,High
10455,Timothy Evans,103,6,15040,1,4,4,4,12,444,Champions,91-180 Days,6-10 Purchases,High
10494,James Hickman,22,6,20576,1,5,4,5,14,545,Champions,0-30 Days,6-10 Purchases,Very High
10525,Samuel Villanueva,159,7,15015,1,3,4,4,11,344,Loyal Customers,91-180 Days,6-10 Purchases,High
10586,Tiffany Walker,125,9,26441,1,4,5,5,14,455,Champions,91-180 Days,6-10 Purchases,Very High
10602,Brian Willis,29,5,15011,1,5,3,4,12,534,Potential Loyalists,0-30 Days,3-5 Purchases,High
10604,Martin Jones,5,8,21437,1,5,5,5,15,555,Champions,0-30 Days,6-10 Purchases,Very High
10641,Sara Boyle,116,6,14814,1,4,4,4,12,444,Champions,91-180 Days,6-10 Purchases,High
10645,Randall Brown,300,8,19257,1,2,5,4,11,254,At Risk,181-365 Days,6-10 Purchases,High
10652,Courtney Escobar,56,5,16178,1,5,3,4,12,534,Potential Loyalists,31-60 Days,3-5 Purchases,High
10668,Bobby Sanchez,52,5,17508,1,5,3,4,12,534,Potential Loyalists,31-60 Days,3-5 Purchases,High
10683,Katherine Cordova,89,10,28878,1,4,5,5,14,455,Champions,61-90 Days,6-10 Purchases,Very High
10700,Jordan Wheeler,14,7,18036,1,5,4,4,13,544,Champions,0-30 Days,6-10 Purchases,High
10728,Christy Smith,223,5,17148,1,3,3,4,10,334,Need Attention,181-365 Days,3-5 Purchases,High
10783,Anthony Davis,49,9,22910,1,5,5,5,15,555,Champions,31-60 Days,6-10 Purchases,Very High
10795,Philip Lewis,100,8,18506,1,4,5,4,13,454,Champions,91-180 Days,6-10 Purchases,High
10814,Elizabeth Burns,90,7,20108,1,4,4,5,13,445,Champions,61-90 Days,6-10 Purchases,Very High
10822,Michael Farrell,16,6,16465,1,5,4,4,13,544,Champions,0-30 Days,6-10 Purchases,High
10842,Julie Richmond,605,5,22333,1,1,3,5,9,135,At Risk,365+ Days,3-5 Purchases,Very High
10867,Katherine Duncan,43,6,22587,1,5,4,5,14,545,Champions,31-60 Days,6-10 Purchases,Very High
10871,Laurie Jones,68,7,27102,1,4,4,5,13,445,Champions,61-90 Days,6-10 Purchases,Very High
10873,Theodore Ramirez,26,7,23440,1,5,4,5,14,545,Champions,0-30 Days,6-10 Purchases,Very High
10878,Jody Hernandez,474,6,16150,1,1,4,4,9,144,At Risk,365+ Days,6-10 Purchases,High
10933,Carl Johnston,52,7,19690,1,5,4,5,14,545,Champions,31-60 Days,6-10 Purchases,Very High
10948,Judith Stanton,263,6,19126,1,2,4,4,10,244,At Risk,181-365 Days,6-10 Purchases,High
10950,Keith Williams,61,6,16667,1,4,4,4,12,444,Champions,61-90 Days,6-10 Purchases,High
10955,John Powers,9,5,15411,1,5,3,4,12,534,Potential Loyalists,0-30 Days,3-5 Purchases,High
10960,Crystal Bryan,82,6,23345,1,4,4,5,13,445,Champions,61-90 Days,6-10 Purchases,Very High
10991,Tiffany Mendoza MD,159,10,23208,1,3,5,5,13,355,Loyal Customers,91-180 Days,6-10 Purchases,Very High
10996,Jennifer Cox,23,4,15101,1,5,2,4,11,524,Potential Loyalists,0-30 Days,3-5 Purchases,High
11028,Mr. Scott Campbell MD,25,4,17289,1,5,2,4,11,524,Potential Loyalists,0-30 Days,3-5 Purchases,High
11035,Steven Hart,169,7,15677,1,3,4,4,11,344,Loyal Customers,91-180 Days,6-10 Purchases,High
11053,Sandra Wilson,128,4,15192,1,4,2,4,10,424,Potential Loyalists,91-180 Days,3-5 Purchases,High
11062,Tracy Johnson,225,7,20845,1,3,4,5,12,345,Loyal Customers,181-365 Days,6-10 Purchases,Very High
11063,Paige Heath,79,7,15886,1,4,4,4,12,444,Champions,61-90 Days,6-10 Purchases,High
11080,Alicia Ruiz,31,6,22161,1,5,4,5,14,545,Champions,31-60 Days,6-10 Purchases,Very High
11088,Sara Chandler,330,5,15437,1,2,3,4,9,234,At Risk,181-365 Days,3-5 Purchases,High
11116,Erica Howe,11,9,28908,1,5,5,5,15,555,Champions,0-30 Days,6-10 Purchases,Very High
11120,Natalie Morgan,161,8,23738,1,3,5,5,13,355,Loyal Customers,91-180 Days,6-10 Purchases,Very High
11124,Karen Hunter,452,7,20497,1,1,4,5,10,145,At Risk,365+ Days,6-10 Purchases,Very High
11125,Misty Alvarez,10,6,18654,1,5,4,4,13,544,Champions,0-30 Days,6-10 Purchases,High
11137,Robert Mata,238,5,15902,1,3,3,4,10,334,Need Attention,181-365 Days,3-5 Purchases,High
11139,Jason Bender,153,7,23038,1,3,4,5,12,345,Loyal Customers,91-180 Days,6-10 Purchases,Very High
11157,Thomas Vazquez,69,8,25308,1,4,5,5,14,455,Champions,61-90 Days,6-10 Purchases,Very High
11165,Thomas Patton,232,11,33891,1,3,5,5,13,355,Loyal Customers,181-365 Days,10+ Purchases,Very High
11172,Sandra Stanley,112,8,20277,1,4,5,5,14,455,Champions,91-180 Days,6-10 Purchases,Very High
11179,Kimberly Jenkins,209,7,18052,1,3,4,4,11,344,Loyal Customers,181-365 Days,6-10 Purchases,High
11197,Shari Robbins,9,13,38162,1,5,5,5,15,555,Champions,0-30 Days,10+ Purchases,Very High
11206,Troy Cummings,0,7,19794,1,5,4,5,14,545,Champions,0-30 Days,6-10 Purchases,Very High
11211,Jeremy Robinson,21,5,15333,1,5,3,4,12,534,Potential Loyalists,0-30 Days,3-5 Purchases,High
11260,Tony Rose,93,6,17154,1,4,4,4,12,444,Champions,91-180 Days,6-10 Purchases,High
11266,Michelle Adams,306,7,16026,1,2,4,4,10,244,At Risk,181-365 Days,6-10 Purchases,High
11280,Bruce Roberts,467,6,16546,1,1,4,4,9,144,At Risk,365+ Days,6-10 Purchases,High
11284,Kathryn Bradshaw,49,9,25874,1,5,5,5,15,555,Champions,31-60 Days,6-10 Purchases,Very High
11287,Isaac Miller,151,9,22073,1,3,5,5,13,355,Loyal Customers,91-180 Days,6-10 Purchases,Very High
11299,Ashley Fuentes,153,5,18807,1,3,3,4,10,334,Need Attention,91-180 Days,3-5 Purchases,High
11302,Cody Schneider,224,5,14903,1,3,3,4,10,334,Need Attention,181-365 Days,3-5 Purchases,High
11303,Brian Robinson,4,6,20992,1,5,4,5,14,545,Champions,0-30 Days,6-10 Purchases,Very High
11321,Jessica Foster,68,6,20374,1,4,4,5,13,445,Champions,61-90 Days,6-10 Purchases,Very High
11347,Destiny Horne,39,8,18782,1,5,5,4,14,554,Champions,31-60 Days,6-10 Purchases,High
11376,Crystal Hall,22,7,15974,1,5,4,4,13,544,Champions,0-30 Days,6-10 Purchases,High
11386,Stephanie Deleon,263,6,18601,1,2,4,4,10,244,At Risk,181-365 Days,6-10 Purchases,High
11393,Richard Thomas,55,4,15329,1,5,2,4,11,524,Potential Loyalists,31-60 Days,3-5 Purchases,High
11415,Maria Reyes,443,6,15453,1,1,4,4,9,144,At Risk,365+ Days,6-10 Purchases,High
11424,Sara Williams,131,8,29113,1,4,5,5,14,455,Champions,91-180 Days,6-10 Purchases,Very High
11434,David Pierce,284,5,19808,1,2,3,5,10,235,At Risk,181-365 Days,3-5 Purchases,Very High
11439,Tiffany Kaiser,9,8,24589,1,5,5,5,15,555,Champions,0-30 Days,6-10 Purchases,Very High
11455,Barbara Adams,12,7,18071,1,5,4,4,13,544,Champions,0-30 Days,6-10 Purchases,High
11459,Johnathan Joseph,1,7,26150,1,5,4,5,14,545,Champions,0-30 Days,6-10 Purchases,Very High
11468,Cheryl Tran,241,8,18298,1,3,5,4,12,354,Loyal Customers,181-365 Days,6-10 Purchases,High
11505,Cindy Hawkins,227,8,19383,1,3,5,5,13,355,Loyal Customers,181-365 Days,6-10 Purchases,Very High
11508,Veronica Nelson,281,6,15620,1,2,4,4,10,244,At Risk,181-365 Days,6-10 Purchases,High
11525,Sara Wise,139,6,20276,1,3,4,5,12,345,Loyal Customers,91-180 Days,6-10 Purchases,Very High
11527,Vanessa Daugherty,112,5,16268,1,4,3,4,11,434,Potential Loyalists,91-180 Days,3-5 Purchases,High
11533,Charles Williams,197,6,18215,1,3,4,4,11,344,Loyal Customers,181-365 Days,6-10 Purchases,High
11540,Patrick Knight,286,5,17984,1,2,3,4,9,234,At Risk,181-365 Days,3-5 Purchases,High
11547,Dr. Angela Gonzalez PhD,30,7,17583,1,5,4,4,13,544,Champions,0-30 Days,6-10 Purchases,High
11548,Melanie Lewis,150,7,19642,1,3,4,5,12,345,Loyal Customers,91-180 Days,6-10 Purchases,Very High
11554,Felicia Walker,9,8,24312,1,5,5,5,15,555,Champions,0-30 Days,6-10 Purchases,Very High
11555,Lori Short,175,7,22167,1,3,4,5,12,345,Loyal Customers,91-180 Days,6-10 Purchases,Very High
11581,Rebekah Nixon,250,6,19303,1,2,4,5,11,245,At Risk,181-365 Days,6-10 Purchases,Very High
11582,Janet Bishop,166,6,21559,1,3,4,5,12,345,Loyal Customers,91-180 Days,6-10 Purchases,Very High
11587,Michael Dennis,32,7,24101,1,5,4,5,14,545,Champions,31-60 Days,6-10 Purchases,Very High
11606,Shirley Perry,100,6,24508,1,4,4,5,13,445,Champions,91-180 Days,6-10 Purchases,Very High
11654,Timothy Hendricks,254,6,20560,1,2,4,5,11,245,At Risk,181-365 Days,6-10 Purchases,Very High
11667,James Wong,86,8,26606,1,4,5,5,14,455,Champions,61-90 Days,6-10 Purchases,Very High
11669,Melissa Rivas,215,7,18279,1,3,4,4,11,344,Loyal Customers,181-365 Days,6-10 Purchases,High
11684,Heather Taylor,535,4,16197,1,1,2,4,7,124,Need Attention,365+ Days,3-5 Purchases,High
11698,Roy Mendoza,608,5,17187,1,1,3,4,8,134,At Risk,365+ Days,3-5 Purchases,High
11703,Nicholas Martin,104,7,21298,1,4,4,5,13,445,Champions,91-180 Days,6-10 Purchases,Very High
11716,Lisa Hunter,326,8,22877,1,2,5,5,12,255,At Risk,181-365 Days,6-10 Purchases,Very High
11721,Wesley Short,52,8,22869,1,5,5,5,15,555,Champions,31-60 Days,6-10 Purchases,Very High
11732,Erika Parks,24,10,24011,1,5,5,5,15,555,Champions,0-30 Days,6-10 Purchases,Very High
11762,Wendy Simpson,21,9,25260,1,5,5,5,15,555,Champions,0-30 Days,6-10 Purchases,Very High
11784,Pedro Hays,97,11,31649,1,4,5,5,14,455,Champions,91-180 Days,10+ Purchases,Very High
11795,Barbara Johnson,47,7,15063,1,5,4,4,13,544,Champions,31-60 Days,6-10 Purchases,High
11798,Valerie Pineda,113,7,18872,1,4,4,4,12,444,Champions,91-180 Days,6-10 Purchases,High
11842,Mrs. Michele Peterson,60,10,27805,1,4,5,5,14,455,Champions,31-60 Days,6-10 Purchases,Very High
11850,Stacy Perez,101,8,25756,1,4,5,5,14,455,Champions,91-180 Days,6-10 Purchases,Very High
11853,Lisa Griffin DVM,2,6,18691,1,5,4,4,13,544,Champions,0-30 Days,6-10 Purchases,High
11866,Steven Coleman,190,5,19931,1,3,3,5,11,335,Need Attention,181-365 Days,3-5 Purchases,Very High
11882,John Harmon,33,5,15376,1,5,3,4,12,534,Potential Loyalists,31-60 Days,3-5 Purchases,High
11889,Michael Joseph,484,4,14856,1,1,2,4,7,124,Need Attention,365+ Days,3-5 Purchases,High
11901,Jennifer Rosales,57,10,29568,1,5,5,5,15,555,Champions,31-60 Days,6-10 Purchases,Very High
11954,Felicia Braun,41,7,18953,1,5,4,4,13,544,Champions,31-60 Days,6-10 Purchases,High
11960,Donald Taylor,469,6,17644,1,1,4,4,9,144,At Risk,365+ Days,6-10 Purchases,High
11973,Elizabeth Mason,679,6,17419,1,1,4,4,9,144,At Risk,365+ Days,6-10 Purchases,High
12017,Reginald Roach,12,10,25981,1,5,5,5,15,555,Champions,0-30 Days,6-10 Purchases,Very High
12022,Pamela Gill,53,11,23360,1,5,5,5,15,555,Champions,31-60 Days,10+ Purchases,Very High
12042,John Alvarez,138,9,24491,1,3,5,5,13,355,Loyal Customers,91-180 Days,6-10 Purchases,Very High
12057,Randy Richardson,18,11,24584,1,5,5,5,15,555,Champions,0-30 Days,10+ Purchases,Very High
12061,Timothy Ryan,76,8,22111,1,4,5,5,14,455,Champions,61-90 Days,6-10 Purchases,Very High
12079,Amy Watson,149,5,17432,1,3,3,4,10,334,Need Attention,91-180 Days,3-5 Purchases,High
12080,Leah Carroll,393,7,24297,1,2,4,5,11,245,At Risk,365+ Days,6-10 Purchases,Very High
12099,Dr. Alexander Mcconnell,16,8,17875,1,5,5,4,14,554,Champions,0-30 Days,6-10 Purchases,High
12135,Danielle Murphy,249,6,21202,1,2,4,5,11,245,At Risk,181-365 Days,6-10 Purchases,Very High
12137,James Thornton,157,6,15721,1,3,4,4,11,344,Loyal Customers,91-180 Days,6-10 Purchases,High
12146,Ian Clark,56,6,21299,1,5,4,5,14,545,Champions,31-60 Days,6-10 Purchases,Very High
12151,Nathan Williams,4,7,22368,1,5,4,5,14,545,Champions,0-30 Days,6-10 Purchases,Very High
12154,Robert Shepard,276,5,14952,1,2,3,4,9,234,At Risk,181-365 Days,3-5 Purchases,High
12193,David Sanchez,286,5,15833,1,2,3,4,9,234,At Risk,181-365 Days,3-5 Purchases,High
12204,Billy Bush,73,5,17768,1,4,3,4,11,434,Potential Loyalists,61-90 Days,3-5 Purchases,High
12214,Melanie Payne,90,7,23175,1,4,4,5,13,445,Champions,61-90 Days,6-10 Purchases,Very High
12264,Douglas Nguyen,279,8,18215,1,2,5,4,11,254,At Risk,181-365 Days,6-10 Purchases,High
12265,Catherine Ward DDS,338,10,31475,1,2,5,5,12,255,At Risk,181-365 Days,6-10 Purchases,Very High
12279,Jacob Anderson,222,7,17530,1,3,4,4,11,344,Loyal Customers,181-365 Days,6-10 Purchases,High
12281,Jacqueline Richmond,525,5,16327,1,1,3,4,8,134,At Risk,365+ Days,3-5 Purchases,High
12297,Anthony Lutz,525,5,17518,1,1,3,4,8,134,At Risk,365+ Days,3-5 Purchases,High
12304,Aaron Hull,30,7,20034,1,5,4,5,14,545,Champions,0-30 Days,6-10 Purchases,Very High
12311,Sandra Whitaker,163,4,19565,1,3,2,5,10,325,Need Attention,91-180 Days,3-5 Purchases,Very High
12331,David Klein,111,6,15475,1,4,4,4,12,444,Champions,91-180 Days,6-10 Purchases,High
12360,Robert Thompson,125,6,19360,1,4,4,5,13,445,Champions,91-180 Days,6-10 Purchases,Very High
12385,Mrs. Vickie Jones,10,7,20815,1,5,4,5,14,545,Champions,0-30 Days,6-10 Purchases,Very High
12403,Rebecca Garza,433,5,18940,1,1,3,4,8,134,At Risk,365+ Days,3-5 Purchases,High
12426,Rick Shah,17,8,28441,1,5,5,5,15,555,Champions,0-30 Days,6-10 Purchases,Very High
12447,Eric Smith,56,6,21655,1,5,4,5,14,545,Champions,31-60 Days,6-10 Purchases,Very High
12461,Erika Lewis,35,11,31377,1,5,5,5,15,555,Champions,31-60 Days,10+ Purchases,Very High
12481,Lynn Jackson,463,5,16802,1,1,3,4,8,134,At Risk,365+ Days,3-5 Purchases,High
12497,Amy Mitchell,166,6,16813,1,3,4,4,11,344,Loyal Customers,91-180 Days,6-10 Purchases,High
12508,John Rodriguez,225,6,18297,1,3,4,4,11,344,Loyal Customers,181-365 Days,6-10 Purchases,High
12556,Melody Mitchell,3,8,22075,1,5,5,5,15,555,Champions,0-30 Days,6-10 Purchases,Very High
12573,Amanda Vang,22,10,32079,1,5,5,5,15,555,Champions,0-30 Days,6-10 Purchases,Very High
12580,Michelle Thomas,162,7,22784,1,3,4,5,12,345,Loyal Customers,91-180 Days,6-10 Purchases,Very High
12581,Stephanie Boyd,60,8,19588,1,4,5,5,14,455,Champions,31-60 Days,6-10 Purchases,Very High
12582,Jeremy Dougherty,1053,5,15411,1,1,3,4,8,134,At Risk,365+ Days,3-5 Purchases,High
12593,Rebecca Rivera,63,6,16736,1,4,4,4,12,444,Champions,61-90 Days,6-10 Purchases,High
12606,Robert Gonzalez,389,5,15093,1,2,3,4,9,234,At Risk,365+ Days,3-5 Purchases,High
12623,Joshua Clark,62,6,18930,1,4,4,4,12,444,Champions,61-90 Days,6-10 Purchases,High
12624,Michael Stewart,457,5,17153,1,1,3,4,8,134,At Risk,365+ Days,3-5 Purchases,High
12633,Jill Church,405,5,18867,1,2,3,4,9,234,At Risk,365+ Days,3-5 Purchases,High
12655,Matthew Carlson,78,8,20524,1,4,5,5,14,455,Champions,61-90 Days,6-10 Purchases,Very High
12657,Mackenzie Chavez,18,5,15054,1,5,3,4,12,534,Potential Loyalists,0-30 Days,3-5 Purchases,High
12661,Jamie Hall,303,4,17155,1,2,2,4,8,224,Need Attention,181-365 Days,3-5 Purchases,High
12664,Angela Harmon,110,11,28167,1,4,5,5,14,455,Champions,91-180 Days,10+ Purchases,Very High
12715,Carl Wood,63,5,18844,1,4,3,4,11,434,Potential Loyalists,61-90 Days,3-5 Purchases,High
12725,Donald Edwards,68,7,26392,1,4,4,5,13,445,Champions,61-90 Days,6-10 Purchases,Very High
12732,Richard Kelly,68,5,16124,1,4,3,4,11,434,Potential Loyalists,61-90 Days,3-5 Purchases,High
12734,Nicole Bailey,39,8,21092,1,5,5,5,15,555,Champions,31-60 Days,6-10 Purchases,Very High
12741,Candace Armstrong,323,4,15890,1,2,2,4,8,224,Need Attention,181-365 Days,3-5 Purchases,High
12742,Anne Chavez,23,8,30868,1,5,5,5,15,555,Champions,0-30 Days,6-10 Purchases,Very High
12743,Megan Gonzalez,73,11,30769,1,4,5,5,14,455,Champions,61-90 Days,10+ Purchases,Very High
12757,Steve Hicks,362,4,14869,1,2,2,4,8,224,Need Attention,181-365 Days,3-5 Purchases,High
12761,Sylvia Anderson,140,9,26092,1,3,5,5,13,355,Loyal Customers,91-180 Days,6-10 Purchases,Very High
12777,Ms. Julia Silva MD,4,8,21512,1,5,5,5,15,555,Champions,0-30 Days,6-10 Purchases,Very High
12778,Patrick Coleman,259,4,17001,1,2,2,4,8,224,Need Attention,181-365 Days,3-5 Purchases,High
12781,Kathryn Miller,9,9,20708,1,5,5,5,15,555,Champions,0-30 Days,6-10 Purchases,Very High
12798,Melinda Hawkins,298,5,15558,1,2,3,4,9,234,At Risk,181-365 Days,3-5 Purchases,High
12840,Angela Miller,50,9,22641,1,5,5,5,15,555,Champions,31-60 Days,6-10 Purchases,Very High
12843,Diane Randall,268,8,18236,1,2,5,4,11,254,At Risk,181-365 Days,6-10 Purchases,High
12867,Steven Hawkins,24,9,29494,1,5,5,5,15,555,Champions,0-30 Days,6-10 Purchases,Very High
12868,Frank Sherman,302,6,18851,1,2,4,4,10,244,At Risk,181-365 Days,6-10 Purchases,High
12875,Alexander Coleman,126,6,20028,1,4,4,5,13,445,Champions,91-180 Days,6-10 Purchases,Very High
12889,Jessica Cantrell,11,5,16228,1,5,3,4,12,534,Potential Loyalists,0-30 Days,3-5 Purchases,High
12894,Andre Herrera,273,7,21310,1,2,4,5,11,245,At Risk,181-365 Days,6-10 Purchases,Very High
12908,Thomas Russell,47,8,24497,1,5,5,5,15,555,Champions,31-60 Days,6-10 Purchases,Very High
12912,Manuel Carney,188,5,16794,1,3,3,4,10,334,Need Attention,181-365 Days,3-5 Purchases,High
12919,Joseph Smith,154,7,30878,1,3,4,5,12,345,Loyal Customers,91-180 Days,6-10 Purchases,Very High
12921,Glenn Wilson,24,8,18455,1,5,5,4,14,554,Champions,0-30 Days,6-10 Purchases,High
12928,Christine Johnson,23,5,15052,1,5,3,4,12,534,Potential Loyalists,0-30 Days,3-5 Purchases,High
12946,Justin Moore,857,5,16982,1,1,3,4,8,134,At Risk,365+ Days,3-5 Purchases,High
12966,Larry Guerrero,339,5,14989,1,2,3,4,9,234,At Risk,181-365 Days,3-5 Purchases,High
12969,Ashley Morris,662,5,15355,1,1,3,4,8,134,At Risk,365+ Days,3-5 Purchases,High
12975,Rebecca Burgess,40,10,36722,1,5,5,5,15,555,Champions,31-60 Days,6-10 Purchases,Very High
12981,Alfred Grant,51,8,18165,1,5,5,4,14,554,Champions,31-60 Days,6-10 Purchases,High
12987,Anthony Macdonald,205,6,17365,1,3,4,4,11,344,Loyal Customers,181-365 Days,6-10 Purchases,High
13012,Jessica Owens,67,5,15729,1,4,3,4,11,434,Potential Loyalists,61-90 Days,3-5 Purchases,High
13016,Julia Douglas,199,4,14859,1,3,2,4,9,324,Need Attention,181-365 Days,3-5 Purchases,High
13038,Andrew Owen,142,10,29023,1,3,5,5,13,355,Loyal Customers,91-180 Days,6-10 Purchases,Very High
13039,Ronald Bryant,82,11,34868,1,4,5,5,14,455,Champions,61-90 Days,10+ Purchases,Very High
13047,Sheila Serrano,102,9,21146,1,4,5,5,14,455,Champions,91-180 Days,6-10 Purchases,Very High
13059,Brian Miller,392,9,30066,1,2,5,5,12,255,At Risk,365+ Days,6-10 Purchases,Very High
13069,Michelle Bryant,318,8,16939,1,2,5,4,11,254,At Risk,181-365 Days,6-10 Purchases,High
13077,Maurice Lawrence,119,6,18606,1,4,4,4,12,444,Champions,91-180 Days,6-10 Purchases,High
13094,John Jacobs,94,6,15108,1,4,4,4,12,444,Champions,91-180 Days,6-10 Purchases,High
13108,Julie Reeves,404,7,24998,1,2,4,5,11,245,At Risk,365+ Days,6-10 Purchases,Very High
13113,Shelia Green,125,9,25513,1,4,5,5,14,455,Champions,91-180 Days,6-10 Purchases,Very High
13146,Emily Farmer,285,6,17108,1,2,4,4,10,244,At Risk,181-365 Days,6-10 Purchases,High
13151,Daniel Edwards,69,6,16373,1,4,4,4,12,444,Champions,61-90 Days,6-10 Purchases,High
13157,Robert Ayala,99,7,27072,1,4,4,5,13,445,Champions,91-180 Days,6-10 Purchases,Very High
13181,Holly Hudson,31,8,18335,1,5,5,4,14,554,Champions,31-60 Days,6-10 Purchases,High
13192,Caleb Silva,69,6,19725,1,4,4,5,13,445,Champions,61-90 Days,6-10 Purchases,Very High
13203,Sean Mcintyre,111,5,15162,1,4,3,4,11,434,Potential Loyalists,91-180 Days,3-5 Purchases,High
13204,Michael Nelson,97,6,19921,1,4,4,5,13,445,Champions,91-180 Days,6-10 Purchases,Very High
13210,Jennifer Jones,103,8,17927,1,4,5,4,13,454,Champions,91-180 Days,6-10 Purchases,High
13218,Jeremiah Adams,155,8,26075,1,3,5,5,13,355,Loyal Customers,91-180 Days,6-10 Purchases,Very High
13219,Julie Beck,104,11,33496,1,4,5,5,14,455,Champions,91-180 Days,10+ Purchases,Very High
13225,Sharon Johns,274,7,20368,1,2,4,5,11,245,At Risk,181-365 Days,6-10 Purchases,Very High
13241,Haley Kent,45,9,24517,1,5,5,5,15,555,Champions,31-60 Days,6-10 Purchases,Very High
13247,Rachel Hodges,97,7,16433,1,4,4,4,12,444,Champions,91-180 Days,6-10 Purchases,High
13264,Nicolas Andrews,48,6,19061,1,5,4,4,13,544,Champions,31-60 Days,6-10 Purchases,High
13273,Ronnie Taylor,25,7,24752,1,5,4,5,14,545,Champions,0-30 Days,6-10 Purchases,Very High
13276,Jennifer Yang,211,5,21119,1,3,3,5,11,335,Need Attention,181-365 Days,3-5 Purchases,Very High
13277,Juan Gonzalez,224,6,18735,1,3,4,4,11,344,Loyal Customers,181-365 Days,6-10 Purchases,High
13285,Anita Valdez,70,5,17121,1,4,3,4,11,434,Potential Loyalists,61-90 Days,3-5 Purchases,High
13299,Brandi Cortez,241,6,23407,1,3,4,5,12,345,Loyal Customers,181-365 Days,6-10 Purchases,Very High
13338,Tonya Robinson,307,6,20861,1,2,4,5,11,245,At Risk,181-365 Days,6-10 Purchases,Very High
13340,Eric Greene,293,7,15525,1,2,4,4,10,244,At Risk,181-365 Days,6-10 Purchases,High
13342,Jennifer Hayes,91,7,21495,1,4,4,5,13,445,Champions,91-180 Days,6-10 Purchases,Very High
13345,Jonathan Wilson,82,9,23432,1,4,5,5,14,455,Champions,61-90 Days,6-10 Purchases,Very High
13351,Douglas Davis,140,5,18894,1,3,3,4,10,334,Need Attention,91-180 Days,3-5 Purchases,High
13362,Elizabeth Lewis,333,6,18498,1,2,4,4,10,244,At Risk,181-365 Days,6-10 Purchases,High
13363,Angelica Lambert,86,6,18889,1,4,4,4,12,444,Champions,61-90 Days,6-10 Purchases,High
13364,Janet Maxwell,6,6,19003,1,5,4,4,13,544,Champions,0-30 Days,6-10 Purchases,High
13370,April Case,156,7,21654,1,3,4,5,12,345,Loyal Customers,91-180 Days,6-10 Purchases,Very High
13386,Andrew Miller,26,8,24100,1,5,5,5,15,555,Champions,0-30 Days,6-10 Purchases,Very High
13387,Brian Evans,158,7,20783,1,3,4,5,12,345,Loyal Customers,91-180 Days,6-10 Purchases,Very High
13444,Lee Martin,110,7,22183,1,4,4,5,13,445,Champions,91-180 Days,6-10 Purchases,Very High
13445,William Allen,44,6,16261,1,5,4,4,13,544,Champions,31-60 Days,6-10 Purchases,High
13449,Garrett Snow,292,6,18490,1,2,4,4,10,244,At Risk,181-365 Days,6-10 Purchases,High
13452,Brittany Barton,256,9,20689,1,2,5,5,12,255,At Risk,181-365 Days,6-10 Purchases,Very High
13456,Denise Gibson,382,9,16594,1,2,5,4,11,254,At Risk,365+ Days,6-10 Purchases,High
13463,Vicki Cunningham,239,6,15740,1,3,4,4,11,344,Loyal Customers,181-365 Days,6-10 Purchases,High
13474,Todd Buckley MD,13,9,19759,1,5,5,5,15,555,Champions,0-30 Days,6-10 Purchases,Very High
13477,Ronald Lin,83,7,21037,1,4,4,5,13,445,Champions,61-90 Days,6-10 Purchases,Very High
13492,Alyssa Butler,233,6,19647,1,3,4,5,12,345,Loyal Customers,181-365 Days,6-10 Purchases,Very High
13501,Robyn Rogers,158,5,17338,1,3,3,4,10,334,Need Attention,91-180 Days,3-5 Purchases,High
13502,Luis Carroll,432,6,17109,1,1,4,4,9,144,At Risk,365+ Days,6-10 Purchases,High
13508,Richard Mcguire,34,6,19634,1,5,4,5,14,545,Champions,31-60 Days,6-10 Purchases,Very High
13514,Paul Nixon,140,7,20753,1,3,4,5,12,345,Loyal Customers,91-180 Days,6-10 Purchases,Very High
13515,Scott Myers,128,8,20457,1,4,5,5,14,455,Champions,91-180 Days,6-10 Purchases,Very High
13519,Shaun Reed,116,7,20160,1,4,4,5,13,445,Champions,91-180 Days,6-10 Purchases,Very High
13523,Megan Maxwell,240,7,19899,1,3,4,5,12,345,Loyal Customers,181-365 Days,6-10 Purchases,Very High
13529,Frederick Mahoney,212,12,33860,1,3,5,5,13,355,Loyal Customers,181-365 Days,10+ Purchases,Very High
13549,Jason Andrews,224,6,21689,1,3,4,5,12,345,Loyal Customers,181-365 Days,6-10 Purchases,Very High
13552,Matthew Lee,126,7,21999,1,4,4,5,13,445,Champions,91-180 Days,6-10 Purchases,Very High
13556,Jacob Myers,108,9,19604,1,4,5,5,14,455,Champions,91-180 Days,6-10 Purchases,Very High
13585,Brandon Taylor,188,5,16010,1,3,3,4,10,334,Need Attention,181-365 Days,3-5 Purchases,High
13589,Kristen Shaffer,141,5,15051,1,3,3,4,10,334,Need Attention,91-180 Days,3-5 Purchases,High
13595,Travis Watkins,44,7,17520,1,5,4,4,13,544,Champions,31-60 Days,6-10 Purchases,High
13606,Timothy Miles,205,5,16077,1,3,3,4,10,334,Need Attention,181-365 Days,3-5 Purchases,High
13616,Kenneth Summers,703,6,15979,1,1,4,4,9,144,At Risk,365+ Days,6-10 Purchases,High
13624,Sydney Mann,99,6,17077,1,4,4,4,12,444,Champions,91-180 Days,6-10 Purchases,High
13630,Kimberly Williams,203,8,19552,1,3,5,5,13,355,Loyal Customers,181-365 Days,6-10 Purchases,Very High
13664,Julia Bautista,50,9,20619,1,5,5,5,15,555,Champions,31-60 Days,6-10 Purchases,Very High
13668,John Carson,121,5,17304,1,4,3,4,11,434,Potential Loyalists,91-180 Days,3-5 Purchases,High
13681,Anthony Stevenson,372,11,26399,1,2,5,5,12,255,At Risk,365+ Days,10+ Purchases,Very High
13682,Christina Howard,400,7,20172,1,2,4,5,11,245,At Risk,365+ Days,6-10 Purchases,Very High
13684,Charlene Middleton,59,9,18006,1,5,5,4,14,554,Champions,31-60 Days,6-10 Purchases,High
13702,David Hicks,383,7,23908,1,2,4,5,11,245,At Risk,365+ Days,6-10 Purchases,Very High
13709,William Ramos,185,7,16810,1,3,4,4,11,344,Loyal Customers,181-365 Days,6-10 Purchases,High
13710,Christopher Cruz,565,4,17075,1,1,2,4,7,124,Need Attention,365+ Days,3-5 Purchases,High
13712,Kathryn Mcdaniel,249,7,20637,1,2,4,5,11,245,At Risk,181-365 Days,6-10 Purchases,Very High
13728,Matthew Preston,376,6,19322,1,2,4,5,11,245,At Risk,365+ Days,6-10 Purchases,Very High
13740,Julie Decker,55,8,24465,1,5,5,5,15,555,Champions,31-60 Days,6-10 Purchases,Very High
13747,Nathan Edwards,1,5,20443,1,5,3,5,13,535,Potential Loyalists,0-30 Days,3-5 Purchases,Very High
13767,Brandon Jones,296,6,17013,1,2,4,4,10,244,At Risk,181-365 Days,6-10 Purchases,High
13770,Matthew Williams,127,5,16136,1,4,3,4,11,434,Potential Loyalists,91-180 Days,3-5 Purchases,High
13783,Christopher George,118,7,15517,1,4,4,4,12,444,Champions,91-180 Days,6-10 Purchases,High
13785,Joshua Barber,153,7,18852,1,3,4,4,11,344,Loyal Customers,91-180 Days,6-10 Purchases,High
13787,Lori Wolfe,78,8,24029,1,4,5,5,14,455,Champions,61-90 Days,6-10 Purchases,Very High
13792,Jesus Thomas,17,8,19307,1,5,5,5,15,555,Champions,0-30 Days,6-10 Purchases,Very High
13811,Thomas Armstrong,123,9,24050,1,4,5,5,14,455,Champions,91-180 Days,6-10 Purchases,Very High
13812,Cody Adams,198,7,16809,1,3,4,4,11,344,Loyal Customers,181-365 Days,6-10 Purchases,High
13830,David Garcia,499,6,25105,1,1,4,5,10,145,At Risk,365+ Days,6-10 Purchases,Very High
13836,Brett Higgins,159,5,16166,1,3,3,4,10,334,Need Attention,91-180 Days,3-5 Purchases,High
13868,Garrett Moore,197,9,23493,1,3,5,5,13,355,Loyal Customers,181-365 Days,6-10 Purchases,Very High
13884,Catherine Carroll,228,5,16215,1,3,3,4,10,334,Need Attention,181-365 Days,3-5 Purchases,High
13897,Ashley Morgan,28,6,18392,1,5,4,4,13,544,Champions,0-30 Days,6-10 Purchases,High
13930,Donald Gonzalez,226,5,15009,1,3,3,4,10,334,Need Attention,181-365 Days,3-5 Purchases,High
13957,Steve Hall,52,5,17391,1,5,3,4,12,534,Potential Loyalists,31-60 Days,3-5 Purchases,High
13965,Jean Bennett,127,10,29934,1,4,5,5,14,455,Champions,91-180 Days,6-10 Purchases,Very High
13975,Lisa Walker,7,9,30678,1,5,5,5,15,555,Champions,0-30 Days,6-10 Purchases,Very High
14010,Alicia Edwards,191,5,17194,1,3,3,4,10,334,Need Attention,181-365 Days,3-5 Purchases,High
14013,Amber Lucas,38,8,20638,1,5,5,5,15,555,Champions,31-60 Days,6-10 Purchases,Very High
14016,Stephanie Vasquez,27,5,17632,1,5,3,4,12,534,Potential Loyalists,0-30 Days,3-5 Purchases,High
14037,Anthony Gibson,114,8,18108,1,4,5,4,13,454,Champions,91-180 Days,6-10 Purchases,High
14053,Brandy Benson,691,5,18452,1,1,3,4,8,134,At Risk,365+ Days,3-5 Purchases,High
14077,Traci Farrell,50,10,26417,1,5,5,5,15,555,Champions,31-60 Days,6-10 Purchases,Very High
14078,William Rivers,552,9,25173,1,1,5,5,11,155,At Risk,365+ Days,6-10 Purchases,Very High
14088,Steven Rivers,31,7,22134,1,5,4,5,14,545,Champions,31-60 Days,6-10 Purchases,Very High
14098,Sarah Williams,273,4,15416,1,2,2,4,8,224,Need Attention,181-365 Days,3-5 Purchases,High
14099,Ms. Kelly Cruz,268,7,20395,1,2,4,5,11,245,At Risk,181-365 Days,6-10 Purchases,Very High
14143,Victor Smith,54,6,16469,1,5,4,4,13,544,Champions,31-60 Days,6-10 Purchases,High
14148,Joseph Sullivan,91,8,24933,1,4,5,5,14,455,Champions,91-180 Days,6-10 Purchases,Very High
14167,Brandon Anderson,55,6,16633,1,5,4,4,13,544,Champions,31-60 Days,6-10 Purchases,High
14183,Daniel Day,508,5,16301,1,1,3,4,8,134,At Risk,365+ Days,3-5 Purchases,High
14199,Jennifer Bailey,120,4,15720,1,4,2,4,10,424,Potential Loyalists,91-180 Days,3-5 Purchases,High
14223,Melissa Beard,35,9,25279,1,5,5,5,15,555,Champions,31-60 Days,6-10 Purchases,Very High
14234,Heidi West,60,8,24050,1,4,5,5,14,455,Champions,31-60 Days,6-10 Purchases,Very High
14241,Antonio Price,215,11,32959,1,3,5,5,13,355,Loyal Customers,181-365 Days,10+ Purchases,Very High
14250,Jonathan Dawson,528,6,15986,1,1,4,4,9,144,At Risk,365+ Days,6-10 Purchases,High
14283,Ashley Decker,165,5,16071,1,3,3,4,10,334,Need Attention,91-180 Days,3-5 Purchases,High
14289,Thomas Walters,164,5,18257,1,3,3,4,10,334,Need Attention,91-180 Days,3-5 Purchases,High
14299,Christopher Johnston,125,9,30150,1,4,5,5,14,455,Champions,91-180 Days,6-10 Purchases,Very High
14301,Rebecca Williams,449,8,26318,1,1,5,5,11,155,At Risk,365+ Days,6-10 Purchases,Very High
14334,Jennifer Wilson,584,8,16256,1,1,5,4,10,154,At Risk,365+ Days,6-10 Purchases,High
14345,Sara Smith,23,4,15707,1,5,2,4,11,524,Potential Loyalists,0-30 Days,3-5 Purchases,High
14357,Perry Baker,435,8,28863,1,1,5,5,11,155,At Risk,365+ Days,6-10 Purchases,Very High
14362,Jessica Reyes,208,6,18127,1,3,4,4,11,344,Loyal Customers,181-365 Days,6-10 Purchases,High
14364,Darlene Kelley,81,6,20931,1,4,4,5,13,445,Champions,61-90 Days,6-10 Purchases,Very High
14366,Erika Morris,130,10,37239,1,4,5,5,14,455,Champions,91-180 Days,6-10 Purchases,Very High
14387,Cynthia Parker,288,5,17319,1,2,3,4,9,234,At Risk,181-365 Days,3-5 Purchases,High
14405,Autumn Little,96,9,24285,1,4,5,5,14,455,Champions,91-180 Days,6-10 Purchases,Very High
14407,Nicole Schwartz,206,6,19207,1,3,4,4,11,344,Loyal Customers,181-365 Days,6-10 Purchases,High
14430,Jacob Sweeney,13,7,20873,1,5,4,5,14,545,Champions,0-30 Days,6-10 Purchases,Very High
14454,Shirley Walter,241,5,15583,1,3,3,4,10,334,Need Attention,181-365 Days,3-5 Purchases,High
14458,Sophia Schmidt,17,12,35728,1,5,5,5,15,555,Champions,0-30 Days,10+ Purchases,Very High
14476,Andre Jones,8,9,31312,1,5,5,5,15,555,Champions,0-30 Days,6-10 Purchases,Very High
14489,Megan Steele,9,7,23757,1,5,4,5,14,545,Champions,0-30 Days,6-10 Purchases,Very High
14491,Thomas Cooper,244,7,23102,1,2,4,5,11,245,At Risk,181-365 Days,6-10 Purchases,Very High
14501,Timothy Stewart,340,5,16169,1,2,3,4,9,234,At Risk,181-365 Days,3-5 Purchases,High
14506,Cindy Henry,276,6,15503,1,2,4,4,10,244,At Risk,181-365 Days,6-10 Purchases,High
14526,Ruben Meyer,55,6,16915,1,5,4,4,13,544,Champions,31-60 Days,6-10 Purchases,High
14537,Carrie Bartlett,123,7,19030,1,4,4,4,12,444,Champions,91-180 Days,6-10 Purchases,High
14547,Holly Jones,75,9,24349,1,4,5,5,14,455,Champions,61-90 Days,6-10 Purchases,Very High
14556,Howard Vaughan,19,9,24439,1,5,5,5,15,555,Champions,0-30 Days,6-10 Purchases,Very High
14564,John Harper,306,6,15903,1,2,4,4,10,244,At Risk,181-365 Days,6-10 Purchases,High
14573,Jason Blair,47,8,29071,1,5,5,5,15,555,Champions,31-60 Days,6-10 Purchases,Very High
14584,Courtney Bell,53,10,18320,1,5,5,4,14,554,Champions,31-60 Days,6-10 Purchases,High
14596,Julie Robinson,197,5,15926,1,3,3,4,10,334,Need Attention,181-365 Days,3-5 Purchases,High
14598,Robin Swanson,249,9,26459,1,2,5,5,12,255,At Risk,181-365 Days,6-10 Purchases,Very High
14611,Scott Moreno,44,5,18388,1,5,3,4,12,534,Potential Loyalists,31-60 Days,3-5 Purchases,High
14626,William Dickerson,335,9,19797,1,2,5,5,12,255,At Risk,181-365 Days,6-10 Purchases,Very High
14634,Joseph Johnson,186,5,18808,1,3,3,4,10,334,Need Attention,181-365 Days,3-5 Purchases,High
14635,Brian Martin,338,6,20663,1,2,4,5,11,245,At Risk,181-365 Days,6-10 Purchases,Very High
14653,Jennifer Morrow,28,6,15371,1,5,4,4,13,544,Champions,0-30 Days,6-10 Purchases,High
14656,Tracy Odom,26,6,15802,1,5,4,4,13,544,Champions,0-30 Days,6-10 Purchases,High
14661,Courtney Kelley,166,7,16110,1,3,4,4,11,344,Loyal Customers,91-180 Days,6-10 Purchases,High
14674,Angela Compton,175,12,25597,1,3,5,5,13,355,Loyal Customers,91-180 Days,10+ Purchases,Very High
14677,Joseph Clarke,251,4,15907,1,2,2,4,8,224,Need Attention,181-365 Days,3-5 Purchases,High
14689,Tiffany Hamilton,298,7,15455,1,2,4,4,10,244,At Risk,181-365 Days,6-10 Purchases,High
14703,Jessica Reynolds,282,6,17571,1,2,4,4,10,244,At Risk,181-365 Days,6-10 Purchases,High
14709,Kayla Lee,363,5,18039,1,2,3,4,9,234,At Risk,181-365 Days,3-5 Purchases,High
14712,James Schmidt,161,7,24496,1,3,4,5,12,345,Loyal Customers,91-180 Days,6-10 Purchases,Very High
14736,William Willis,154,5,15170,1,3,3,4,10,334,Need Attention,91-180 Days,3-5 Purchases,High
14737,Brian Martinez,1,7,14811,1,5,4,4,13,544,Champions,0-30 Days,6-10 Purchases,High
14745,Joseph Mejia,208,8,25046,1,3,5,5,13,355,Loyal Customers,181-365 Days,6-10 Purchases,Very High
14759,Ashley Ramirez,49,7,23505,1,5,4,5,14,545,Champions,31-60 Days,6-10 Purchases,Very High
14767,Joan Butler,282,7,15974,1,2,4,4,10,244,At Risk,181-365 Days,6-10 Purchases,High
14801,Tracy Smith,110,7,17460,1,4,4,4,12,444,Champions,91-180 Days,6-10 Purchases,High
14807,Dr. Amy Pope DVM,78,7,16775,1,4,4,4,12,444,Champions,61-90 Days,6-10 Purchases,High
14823,James Johnson,77,7,17562,1,4,4,4,12,444,Champions,61-90 Days,6-10 Purchases,High
14858,John Morgan,95,6,18465,1,4,4,4,12,444,Champions,91-180 Days,6-10 Purchases,High
14866,Christopher Cook,23,6,19021,1,5,4,4,13,544,Champions,0-30 Days,6-10 Purchases,High
14885,Kimberly Allison,172,7,20150,1,3,4,5,12,345,Loyal Customers,91-180 Days,6-10 Purchases,Very High
14894,Robert Wong,508,6,16221,1,1,4,4,9,144,At Risk,365+ Days,6-10 Purchases,High
14914,Shirley Stevens,94,10,27822,1,4,5,5,14,455,Champions,91-180 Days,6-10 Purchases,Very High
14919,Lisa Reese,127,5,17141,1,4,3,4,11,434,Potential Loyalists,91-180 Days,3-5 Purchases,High
14972,Jessica Sosa,147,8,29049,1,3,5,5,13,355,Loyal Customers,91-180 Days,6-10 Purchases,Very High
14985,Michael Herrera,260,6,19107,1,2,4,4,10,244,At Risk,181-365 Days,6-10 Purchases,High
14993,Richard Barrera,39,9,20106,1,5,5,5,15,555,Champions,31-60 Days,6-10 Purchases,Very High
15015,Casey Swanson,156,8,20735,1,3,5,5,13,355,Loyal Customers,91-180 Days,6-10 Purchases,Very High
15033,Michael Porter,354,5,15432,1,2,3,4,9,234,At Risk,181-365 Days,3-5 Purchases,High
15043,Jeffrey Barton,282,10,28024,1,2,5,5,12,255,At Risk,181-365 Days,6-10 Purchases,Very High
15051,Laura Garcia,22,9,35039,1,5,5,5,15,555,Champions,0-30 Days,6-10 Purchases,Very High
15065,Jack King,498,6,18524,1,1,4,4,9,144,At Risk,365+ Days,6-10 Purchases,High
15066,Nicholas Gallegos,92,7,18508,1,4,4,4,12,444,Champions,91-180 Days,6-10 Purchases,High
15095,Christopher Mason,86,5,14978,1,4,3,4,11,434,Potential Loyalists,61-90 Days,3-5 Purchases,High
15103,Devin Wade,24,10,30734,1,5,5,5,15,555,Champions,0-30 Days,6-10 Purchases,Very High
15111,Elizabeth Guerra,220,8,22326,1,3,5,5,13,355,Loyal Customers,181-365 Days,6-10 Purchases,Very High
15120,Jasmine Camacho,211,8,19758,1,3,5,5,13,355,Loyal Customers,181-365 Days,6-10 Purchases,Very High
15133,Tracy Miller,66,4,16336,1,4,2,4,10,424,Potential Loyalists,61-90 Days,3-5 Purchases,High
15135,Charles Mills,77,8,17571,1,4,5,4,13,454,Champions,61-90 Days,6-10 Purchases,High
15136,Vincent Smith,138,8,25381,1,3,5,5,13,355,Loyal Customers,91-180 Days,6-10 Purchases,Very High
15142,Allison Travis,168,7,24825,1,3,4,5,12,345,Loyal Customers,91-180 Days,6-10 Purchases,Very High
15151,Anthony Sanchez,97,5,15561,1,4,3,4,11,434,Potential Loyalists,91-180 Days,3-5 Purchases,High
15164,Gary Patrick,19,9,24677,1,5,5,5,15,555,Champions,0-30 Days,6-10 Purchases,Very High
15174,Zachary Murray,264,6,19456,1,2,4,5,11,245,At Risk,181-365 Days,6-10 Purchases,Very High
15200,Marco Anderson,178,8,24540,1,3,5,5,13,355,Loyal Customers,91-180 Days,6-10 Purchases,Very High
15204,William Harris,87,6,17853,1,4,4,4,12,444,Champions,61-90 Days,6-10 Purchases,High
15205,Charlotte Bell,137,10,28153,1,3,5,5,13,355,Loyal Customers,91-180 Days,6-10 Purchases,Very High
15232,Earl Ruiz,53,5,17655,1,5,3,4,12,534,Potential Loyalists,31-60 Days,3-5 Purchases,High
15258,Hannah Gilmore,129,7,16358,1,4,4,4,12,444,Champions,91-180 Days,6-10 Purchases,High
15266,Sandra Young,34,5,15907,1,5,3,4,12,534,Potential Loyalists,31-60 Days,3-5 Purchases,High
15283,Shawna Hanson,259,7,17515,1,2,4,4,10,244,At Risk,181-365 Days,6-10 Purchases,High
15315,Aaron Fields,380,5,14874,1,2,3,4,9,234,At Risk,365+ Days,3-5 Purchases,High
15334,Theresa Peters,20,7,20962,1,5,4,5,14,545,Champions,0-30 Days,6-10 Purchases,Very High
15343,Travis Norton,301,5,15534,1,2,3,4,9,234,At Risk,181-365 Days,3-5 Purchases,High
15350,Joseph Coffey,423,4,15150,1,2,2,4,8,224,Need Attention,365+ Days,3-5 Purchases,High
15353,Christopher Burnett,197,4,14950,1,3,2,4,9,324,Need Attention,181-365 Days,3-5 Purchases,High
15358,Ann Hammond,10,6,16528,1,5,4,4,13,544,Champions,0-30 Days,6-10 Purchases,High
15382,Wendy Jones,410,8,22398,1,2,5,5,12,255,At Risk,365+ Days,6-10 Purchases,Very High
15387,Samuel Harper,38,6,18134,1,5,4,4,13,544,Champions,31-60 Days,6-10 Purchases,High
15390,Madison Oconnor,797,8,23560,1,1,5,5,11,155,At Risk,365+ Days,6-10 Purchases,Very High
15401,Justin Decker,242,7,18950,1,3,4,4,11,344,Loyal Customers,181-365 Days,6-10 Purchases,High
15444,Carolyn Smith,105,6,16537,1,4,4,4,12,444,Champions,91-180 Days,6-10 Purchases,High
15453,Keith Tucker,609,4,15957,1,1,2,4,7,124,Need Attention,365+ Days,3-5 Purchases,High
15454,Christine Salas,17,9,18034,1,5,5,4,14,554,Champions,0-30 Days,6-10 Purchases,High
15459,John Ayala,81,9,22196,1,4,5,5,14,455,Champions,61-90 Days,6-10 Purchases,Very High
15460,Holly Duncan,60,8,15504,1,4,5,4,13,454,Champions,31-60 Days,6-10 Purchases,High
15465,Alexander Welch,11,6,16375,1,5,4,4,13,544,Champions,0-30 Days,6-10 Purchases,High
15466,Robert Frederick,51,7,15659,1,5,4,4,13,544,Champions,31-60 Days,6-10 Purchases,High
15498,Philip Brown,749,6,17510,1,1,4,4,9,144,At Risk,365+ Days,6-10 Purchases,High
15519,Alex Taylor,213,4,15104,1,3,2,4,9,324,Need Attention,181-365 Days,3-5 Purchases,High
15536,Kelly Suarez,371,6,18462,1,2,4,4,10,244,At Risk,365+ Days,6-10 Purchases,High
15542,Melinda Franco,116,9,24335,1,4,5,5,14,455,Champions,91-180 Days,6-10 Purchases,Very High
15543,Joel Howard,675,5,18642,1,1,3,4,8,134,At Risk,365+ Days,3-5 Purchases,High
15549,Kimberly Hall,18,8,20086,1,5,5,5,15,555,Champions,0-30 Days,6-10 Purchases,Very High
15570,Lisa Chambers,172,8,29474,1,3,5,5,13,355,Loyal Customers,91-180 Days,6-10 Purchases,Very High
15582,James Friedman,96,7,22894,1,4,4,5,13,445,Champions,91-180 Days,6-10 Purchases,Very High
15597,Sandra Henry,70,13,31311,1,4,5,5,14,455,Champions,61-90 Days,10+ Purchases,Very High
15607,Robert Henry,13,9,28437,1,5,5,5,15,555,Champions,0-30 Days,6-10 Purchases,Very High
15614,Benjamin Wilson,67,6,15495,1,4,4,4,12,444,Champions,61-90 Days,6-10 Purchases,High
15633,Melinda Gibson,82,6,18511,1,4,4,4,12,444,Champions,61-90 Days,6-10 Purchases,High
15651,Terry Glover,35,8,21764,1,5,5,5,15,555,Champions,31-60 Days,6-10 Purchases,Very High
15654,Debbie King,123,7,21430,1,4,4,5,13,445,Champions,91-180 Days,6-10 Purchases,Very High
15656,Andrea Villa MD,336,6,19423,1,2,4,5,11,245,At Risk,181-365 Days,6-10 Purchases,Very High
15659,John Thompson,47,9,28428,1,5,5,5,15,555,Champions,31-60 Days,6-10 Purchases,Very High
15686,Robert Wells,2,6,20395,1,5,4,5,14,545,Champions,0-30 Days,6-10 Purchases,Very High
15712,Susan Hensley,590,6,18480,1,1,4,4,9,144,At Risk,365+ Days,6-10 Purchases,High
15723,Meagan Strickland,95,5,15408,1,4,3,4,11,434,Potential Loyalists,91-180 Days,3-5 Purchases,High
15748,Sharon Adams,25,11,27666,1,5,5,5,15,555,Champions,0-30 Days,10+ Purchases,Very High
15765,Cindy Martin,82,4,15989,1,4,2,4,10,424,Potential Loyalists,61-90 Days,3-5 Purchases,High
15792,Angela Ryan,54,6,15637,1,5,4,4,13,544,Champions,31-60 Days,6-10 Purchases,High
15796,Manuel Cruz,291,5,17628,1,2,3,4,9,234,At Risk,181-365 Days,3-5 Purchases,High
15811,Lauren Tucker,169,6,16819,1,3,4,4,11,344,Loyal Customers,91-180 Days,6-10 Purchases,High
15823,Brent Blackwell,23,8,20031,1,5,5,5,15,555,Champions,0-30 Days,6-10 Purchases,Very High
15836,Sarah Robinson,178,7,19188,1,3,4,4,11,344,Loyal Customers,91-180 Days,6-10 Purchases,High
15841,Cory Ramirez,48,6,17055,1,5,4,4,13,544,Champions,31-60 Days,6-10 Purchases,High
15865,Michael Brooks,189,7,20066,1,3,4,5,12,345,Loyal Customers,181-365 Days,6-10 Purchases,Very High
15868,Susan Gordon,221,10,24828,1,3,5,5,13,355,Loyal Customers,181-365 Days,6-10 Purchases,Very High
15879,Kathleen Norris,125,9,22375,1,4,5,5,14,455,Champions,91-180 Days,6-10 Purchases,Very High
15885,Melissa Pierce,235,5,15392,1,3,3,4,10,334,Need Attention,181-365 Days,3-5 Purchases,High
15889,Renee Allen,340,9,18186,1,2,5,4,11,254,At Risk,181-365 Days,6-10 Purchases,High
15892,Angela Jensen,174,8,23186,1,3,5,5,13,355,Loyal Customers,91-180 Days,6-10 Purchases,Very High
16022,Paul Ayala Jr.,175,8,18838,1,3,5,4,12,354,Loyal Customers,91-180 Days,6-10 Purchases,High
16037,Ryan Jones,312,5,16305,1,2,3,4,9,234,At Risk,181-365 Days,3-5 Purchases,High
16040,Kelly Snyder,434,7,18892,1,1,4,4,9,144,At Risk,365+ Days,6-10 Purchases,High
16063,Kari Sutton,322,7,20592,1,2,4,5,11,245,At Risk,181-365 Days,6-10 Purchases,Very High
16109,Jennifer Brown DDS,391,5,15178,1,2,3,4,9,234,At Risk,365+ Days,3-5 Purchases,High
16118,Christopher Love,127,7,23657,1,4,4,5,13,445,Champions,91-180 Days,6-10 Purchases,Very High
16119,Anthony Farrell,40,5,17054,1,5,3,4,12,534,Potential Loyalists,31-60 Days,3-5 Purchases,High
16122,Elizabeth Williams,176,7,17566,1,3,4,4,11,344,Loyal Customers,91-180 Days,6-10 Purchases,High
16137,Jose Gutierrez,15,8,21093,1,5,5,5,15,555,Champions,0-30 Days,6-10 Purchases,Very High
16146,Micheal Hammond,59,6,19685,1,5,4,5,14,545,Champions,31-60 Days,6-10 Purchases,Very High
16166,James Webster,303,7,20721,1,2,4,5,11,245,At Risk,181-365 Days,6-10 Purchases,Very High
16188,Kaitlyn Chapman,310,9,19392,1,2,5,5,12,255,At Risk,181-365 Days,6-10 Purchases,Very High
16209,Sarah Green,402,6,20944,1,2,4,5,11,245,At Risk,365+ Days,6-10 Purchases,Very High
16213,Lori Young,161,7,21353,1,3,4,5,12,345,Loyal Customers,91-180 Days,6-10 Purchases,Very High
16259,Cory Kim,441,7,17874,1,1,4,4,9,144,At Risk,365+ Days,6-10 Purchases,High
16265,Teresa Jensen,271,4,15513,1,2,2,4,8,224,Need Attention,181-365 Days,3-5 Purchases,High
16302,Stephen Davis,194,7,19740,1,3,4,5,12,345,Loyal Customers,181-365 Days,6-10 Purchases,Very High
16304,Martin Morton,153,6,19253,1,3,4,4,11,344,Loyal Customers,91-180 Days,6-10 Purchases,High
16305,Maureen Parker,985,4,15777,1,1,2,4,7,124,Need Attention,365+ Days,3-5 Purchases,High
16317,Isaac Price,202,6,16324,1,3,4,4,11,344,Loyal Customers,181-365 Days,6-10 Purchases,High
16324,Summer King,101,4,18312,1,4,2,4,10,424,Potential Loyalists,91-180 Days,3-5 Purchases,High
16328,Amber Gonzalez,506,8,18503,1,1,5,4,10,154,At Risk,365+ Days,6-10 Purchases,High
16362,Denise Austin,59,5,16566,1,5,3,4,12,534,Potential Loyalists,31-60 Days,3-5 Purchases,High
16372,Thomas Jones,117,8,32497,1,4,5,5,14,455,Champions,91-180 Days,6-10 Purchases,Very High
16388,Geoffrey Francis,237,7,19247,1,3,4,4,11,344,Loyal Customers,181-365 Days,6-10 Purchases,High
16414,Laura Lee,349,5,16893,1,2,3,4,9,234,At Risk,181-365 Days,3-5 Purchases,High
16432,Michele Rodriguez,231,6,14814,1,3,4,4,11,344,Loyal Customers,181-365 Days,6-10 Purchases,High
16439,James Brown,156,5,15448,1,3,3,4,10,334,Need Attention,91-180 Days,3-5 Purchases,High
16469,Gina Barrett,483,5,15288,1,1,3,4,8,134,At Risk,365+ Days,3-5 Purchases,High
16498,David Smith,96,8,22796,1,4,5,5,14,455,Champions,91-180 Days,6-10 Purchases,Very High
16525,Justin Stout,309,8,21275,1,2,5,5,12,255,At Risk,181-365 Days,6-10 Purchases,Very High
16527,Kevin Williams,89,5,15617,1,4,3,4,11,434,Potential Loyalists,61-90 Days,3-5 Purchases,High
16531,Mary Clay,256,10,33317,1,2,5,5,12,255,At Risk,181-365 Days,6-10 Purchases,Very High
16539,Tara Porter,786,5,14908,1,1,3,4,8,134,At Risk,365+ Days,3-5 Purchases,High
16571,Kevin Ortiz,146,8,19757,1,3,5,5,13,355,Loyal Customers,91-180 Days,6-10 Purchases,Very High
16596,Rhonda Rodriguez,170,4,16278,1,3,2,4,9,324,Need Attention,91-180 Days,3-5 Purchases,High
16611,Susan Burgess,81,8,25665,1,4,5,5,14,455,Champions,61-90 Days,6-10 Purchases,Very High
16616,John Dillon,391,6,22614,1,2,4,5,11,245,At Risk,365+ Days,6-10 Purchases,Very High
16638,John Wilson,358,6,19815,1,2,4,5,11,245,At Risk,181-365 Days,6-10 Purchases,Very High
16644,Ashley Bryant,460,5,16635,1,1,3,4,8,134,At Risk,365+ Days,3-5 Purchases,High
16648,Lauren Murphy,889,5,15564,1,1,3,4,8,134,At Risk,365+ Days,3-5 Purchases,High
16652,Tracey West,45,11,26012,1,5,5,5,15,555,Champions,31-60 Days,10+ Purchases,Very High
16655,Anthony Armstrong,218,6,20975,1,3,4,5,12,345,Loyal Customers,181-365 Days,6-10 Purchases,Very High
16670,Dawn Valenzuela,113,7,20084,1,4,4,5,13,445,Champions,91-180 Days,6-10 Purchases,Very High
16681,Laura Smith,66,10,31160,1,4,5,5,14,455,Champions,61-90 Days,6-10 Purchases,Very High
16682,David Bishop,415,6,18953,1,2,4,4,10,244,At Risk,365+ Days,6-10 Purchases,High
16687,Jean Payne,17,5,17226,1,5,3,4,12,534,Potential Loyalists,0-30 Days,3-5 Purchases,High
16700,William Simon,102,9,22428,1,4,5,5,14,455,Champions,91-180 Days,6-10 Purchases,Very High
16717,Andrew Dickerson,229,6,15668,1,3,4,4,11,344,Loyal Customers,181-365 Days,6-10 Purchases,High
16719,Rhonda Stanley,417,8,22477,1,2,5,5,12,255,At Risk,365+ Days,6-10 Purchases,Very High
16721,Christopher Wood,620,5,16309,1,1,3,4,8,134,At Risk,365+ Days,3-5 Purchases,High
16723,Mark Johnson,111,7,22828,1,4,4,5,13,445,Champions,91-180 Days,6-10 Purchases,Very High
16738,Nathaniel Norman,16,6,19692,1,5,4,5,14,545,Champions,0-30 Days,6-10 Purchases,Very High
16740,Michael Castro,24,7,27561,1,5,4,5,14,545,Champions,0-30 Days,6-10 Purchases,Very High
16757,Joe Adkins,421,7,23930,1,2,4,5,11,245,At Risk,365+ Days,6-10 Purchases,Very High
16760,Cindy Mcclure,53,7,19294,1,5,4,5,14,545,Champions,31-60 Days,6-10 Purchases,Very High
16766,James Burnett,314,7,22196,1,2,4,5,11,245,At Risk,181-365 Days,6-10 Purchases,Very High
16774,Nancy Harmon,236,5,15198,1,3,3,4,10,334,Need Attention,181-365 Days,3-5 Purchases,High
16782,Benjamin Morrow,193,7,16808,1,3,4,4,11,344,Loyal Customers,181-365 Days,6-10 Purchases,High
16784,Angela Nielsen,111,8,20075,1,4,5,5,14,455,Champions,91-180 Days,6-10 Purchases,Very High
16810,Duane Hernandez,55,7,17802,1,5,4,4,13,544,Champions,31-60 Days,6-10 Purchases,High
16825,Julie Daniels,13,8,15416,1,5,5,4,14,554,Champions,0-30 Days,6-10 Purchases,High
16875,Jessica Ortiz,368,7,16900,1,2,4,4,10,244,At Risk,365+ Days,6-10 Purchases,High
16879,Jeffrey Wright,197,9,25375,1,3,5,5,13,355,Loyal Customers,181-365 Days,6-10 Purchases,Very High
16884,Michael Rodriguez,19,7,24740,1,5,4,5,14,545,Champions,0-30 Days,6-10 Purchases,Very High
16893,Mark Tucker,8,7,18515,1,5,4,4,13,544,Champions,0-30 Days,6-10 Purchases,High
16900,Paula Jones,115,8,24274,1,4,5,5,14,455,Champions,91-180 Days,6-10 Purchases,Very High
16901,Kelly Marquez,41,11,25496,1,5,5,5,15,555,Champions,31-60 Days,10+ Purchases,Very High
16903,Samantha Li,4,8,31532,1,5,5,5,15,555,Champions,0-30 Days,6-10 Purchases,Very High
16921,Marilyn French,543,8,17210,1,1,5,4,10,154,At Risk,365+ Days,6-10 Purchases,High
16931,Michelle Tucker,152,5,15312,1,3,3,4,10,334,Need Attention,91-180 Days,3-5 Purchases,High
16944,Rachel Hernandez,239,10,18095,1,3,5,4,12,354,Loyal Customers,181-365 Days,6-10 Purchases,High
16963,Alexander Roman,32,6,17216,1,5,4,4,13,544,Champions,31-60 Days,6-10 Purchases,High
16980,Mary Ware,132,6,17160,1,4,4,4,12,444,Champions,91-180 Days,6-10 Purchases,High
16992,Hannah Davis,37,9,23117,1,5,5,5,15,555,Champions,31-60 Days,6-10 Purchases,Very High
16999,Sean Leblanc,182,10,21040,1,3,5,5,13,355,Loyal Customers,181-365 Days,6-10 Purchases,Very High
17005,Christopher Chandler,143,6,15656,1,3,4,4,11,344,Loyal Customers,91-180 Days,6-10 Purchases,High
17020,Katherine Peterson,40,6,15882,1,5,4,4,13,544,Champions,31-60 Days,6-10 Purchases,High
17031,George Roberts,281,6,18821,1,2,4,4,10,244,At Risk,181-365 Days,6-10 Purchases,High
17033,Glenn Freeman,238,5,17966,1,3,3,4,10,334,Need Attention,181-365 Days,3-5 Purchases,High
17039,Jamie Cruz,123,6,14960,1,4,4,4,12,444,Champions,91-180 Days,6-10 Purchases,High
17040,Ashley Adams,76,9,22661,1,4,5,5,14,455,Champions,61-90 Days,6-10 Purchases,Very High
17049,Erica Anderson,25,4,14936,1,5,2,4,11,524,Potential Loyalists,0-30 Days,3-5 Purchases,High
17086,Walter Kim,323,9,20060,1,2,5,5,12,255,At Risk,181-365 Days,6-10 Purchases,Very High
17105,Charles Washington,206,6,19818,1,3,4,5,12,345,Loyal Customers,181-365 Days,6-10 Purchases,Very High
17110,Daniel Rasmussen,68,7,24363,1,4,4,5,13,445,Champions,61-90 Days,6-10 Purchases,Very High
17116,Tyler West,58,7,17651,1,5,4,4,13,544,Champions,31-60 Days,6-10 Purchases,High
17167,Bryan Benjamin,519,5,15750,1,1,3,4,8,134,At Risk,365+ Days,3-5 Purchases,High
17168,Megan Brown,131,7,26827,1,4,4,5,13,445,Champions,91-180 Days,6-10 Purchases,Very High
17171,Vanessa Garcia,213,7,23651,1,3,4,5,12,345,Loyal Customers,181-365 Days,6-10 Purchases,Very High
17193,David Gonzales,134,5,16624,1,4,3,4,11,434,Potential Loyalists,91-180 Days,3-5 Purchases,High
17220,Brittney Lee,164,7,17743,1,3,4,4,11,344,Loyal Customers,91-180 Days,6-10 Purchases,High
17228,Corey Dunn,115,5,18414,1,4,3,4,11,434,Potential Loyalists,91-180 Days,3-5 Purchases,High
17238,Timothy Lane,243,6,18901,1,3,4,4,11,344,Loyal Customers,181-365 Days,6-10 Purchases,High
17264,Tammy Wilson,19,6,20116,1,5,4,5,14,545,Champions,0-30 Days,6-10 Purchases,Very High
17271,Kathryn Black,247,8,21796,1,2,5,5,12,255,At Risk,181-365 Days,6-10 Purchases,Very High
17275,Elizabeth Peterson,32,8,22433,1,5,5,5,15,555,Champions,31-60 Days,6-10 Purchases,Very High
17289,Mrs. Carrie Aguirre,116,7,20338,1,4,4,5,13,445,Champions,91-180 Days,6-10 Purchases,Very High
17293,Rachel Myers,501,8,24603,1,1,5,5,11,155,At Risk,365+ Days,6-10 Purchases,Very High
17327,Yvette Edwards,294,5,15981,1,2,3,4,9,234,At Risk,181-365 Days,3-5 Purchases,High
17332,Timothy Berg,150,6,18210,1,3,4,4,11,344,Loyal Customers,91-180 Days,6-10 Purchases,High
17337,Matthew Green,172,6,15291,1,3,4,4,11,344,Loyal Customers,91-180 Days,6-10 Purchases,High
17359,Jeffrey Weaver,77,11,32366,1,4,5,5,14,455,Champions,61-90 Days,10+ Purchases,Very High
17365,Jonathon Collins,296,8,28595,1,2,5,5,12,255,At Risk,181-365 Days,6-10 Purchases,Very High
17369,Sarah Moreno,157,6,18840,1,3,4,4,11,344,Loyal Customers,91-180 Days,6-10 Purchases,High
17376,Jennifer Kelley,42,10,26157,1,5,5,5,15,555,Champions,31-60 Days,6-10 Purchases,Very High
17379,Faith Fox,17,8,25800,1,5,5,5,15,555,Champions,0-30 Days,6-10 Purchases,Very High
17380,Heather Gallagher,82,9,28545,1,4,5,5,14,455,Champions,61-90 Days,6-10 Purchases,Very High
17384,Steven Mullen,440,6,15257,1,1,4,4,9,144,At Risk,365+ Days,6-10 Purchases,High
17412,Daniel Jacobs,267,8,27908,1,2,5,5,12,255,At Risk,181-365 Days,6-10 Purchases,Very High
17423,Erica Sanchez,10,6,21992,1,5,4,5,14,545,Champions,0-30 Days,6-10 Purchases,Very High
17427,Amanda Gardner,0,5,16669,1,5,3,4,12,534,Potential Loyalists,0-30 Days,3-5 Purchases,High
17430,Jessica Payne,11,8,17659,1,5,5,4,14,554,Champions,0-30 Days,6-10 Purchases,High
17437,Jason Valdez,3,8,23092,1,5,5,5,15,555,Champions,0-30 Days,6-10 Purchases,Very High
17449,Kevin Cox,4,5,15537,1,5,3,4,12,534,Potential Loyalists,0-30 Days,3-5 Purchases,High
17452,Zachary Edwards,149,8,17354,1,3,5,4,12,354,Loyal Customers,91-180 Days,6-10 Purchases,High
17457,Tyler Paul Jr.,107,7,22309,1,4,4,5,13,445,Champions,91-180 Days,6-10 Purchases,Very High
17458,William Smith,70,8,19433,1,4,5,5,14,455,Champions,61-90 Days,6-10 Purchases,Very High
17469,Brian Sharp,53,5,22951,1,5,3,5,13,535,Potential Loyalists,31-60 Days,3-5 Purchases,Very High
17475,Sabrina Tucker,139,5,15298,1,3,3,4,10,334,Need Attention,91-180 Days,3-5 Purchases,High
17479,Justin Dalton,250,6,21855,1,2,4,5,11,245,At Risk,181-365 Days,6-10 Purchases,Very High
17494,Roberto Lee,563,5,19238,1,1,3,4,8,134,At Risk,365+ Days,3-5 Purchases,High
17519,Tyler Burgess,53,8,22521,1,5,5,5,15,555,Champions,31-60 Days,6-10 Purchases,Very High
17535,Melissa Jenkins,74,9,23805,1,4,5,5,14,455,Champions,61-90 Days,6-10 Purchases,Very High
17549,Mrs. Annette Lopez,615,5,16079,1,1,3,4,8,134,At Risk,365+ Days,3-5 Purchases,High
17550,Tyrone Mills,6,9,20984,1,5,5,5,15,555,Champions,0-30 Days,6-10 Purchases,Very High
17562,Shelby Anderson,309,5,16700,1,2,3,4,9,234,At Risk,181-365 Days,3-5 Purchases,High
17564,Patrick Trujillo,26,10,19622,1,5,5,5,15,555,Champions,0-30 Days,6-10 Purchases,Very High
17579,Austin Dawson,127,6,20396,1,4,4,5,13,445,Champions,91-180 Days,6-10 Purchases,Very High
17580,Aaron Drake,105,4,18619,1,4,2,4,10,424,Potential Loyalists,91-180 Days,3-5 Purchases,High
17598,Christopher Smith,7,4,15322,1,5,2,4,11,524,Potential Loyalists,0-30 Days,3-5 Purchases,High
17611,Jody Patel,28,8,24472,1,5,5,5,15,555,Champions,0-30 Days,6-10 Purchases,Very High
17633,Nicholas Martinez,698,6,28193,1,1,4,5,10,145,At Risk,365+ Days,6-10 Purchases,Very High
17638,Katherine Curry,361,9,22806,1,2,5,5,12,255,At Risk,181-365 Days,6-10 Purchases,Very High
17697,Jeffrey Gonzales,7,8,21552,1,5,5,5,15,555,Champions,0-30 Days,6-10 Purchases,Very High
17702,Gabriel Brown,419,5,16076,1,2,3,4,9,234,At Risk,365+ Days,3-5 Purchases,High
17720,John Edwards,186,6,23329,1,3,4,5,12,345,Loyal Customers,181-365 Days,6-10 Purchases,Very High
17741,Robert Jones,203,5,19650,1,3,3,5,11,335,Need Attention,181-365 Days,3-5 Purchases,Very High
17750,Miguel Bowman,157,9,22861,1,3,5,5,13,355,Loyal Customers,91-180 Days,6-10 Purchases,Very High
17766,William Rush,474,8,19649,1,1,5,5,11,155,At Risk,365+ Days,6-10 Purchases,Very High
17771,Larry Long,619,6,19326,1,1,4,5,10,145,At Risk,365+ Days,6-10 Purchases,Very High
17777,Dylan Heath,20,11,34433,1,5,5,5,15,555,Champions,0-30 Days,10+ Purchases,Very High
17780,Cody Parker,102,9,26661,1,4,5,5,14,455,Champions,91-180 Days,6-10 Purchases,Very High
17788,Mario Gutierrez,234,7,24625,1,3,4,5,12,345,Loyal Customers,181-365 Days,6-10 Purchases,Very High
17799,Troy Foster,0,9,19066,1,5,5,4,14,554,Champions,0-30 Days,6-10 Purchases,High
17802,Sharon Haley,172,6,17794,1,3,4,4,11,344,Loyal Customers,91-180 Days,6-10 Purchases,High
17809,Robert Patton,609,6,27920,1,1,4,5,10,145,At Risk,365+ Days,6-10 Purchases,Very High
17817,Tamara Moore,93,6,17139,1,4,4,4,12,444,Champions,91-180 Days,6-10 Purchases,High
17832,Amy Contreras,21,9,25156,1,5,5,5,15,555,Champions,0-30 Days,6-10 Purchases,Very High
17846,Johnathan White,139,6,15252,1,3,4,4,11,344,Loyal Customers,91-180 Days,6-10 Purchases,High
17887,Olivia Taylor,54,8,21330,1,5,5,5,15,555,Champions,31-60 Days,6-10 Purchases,Very High
17916,Christopher Dixon,39,9,18589,1,5,5,4,14,554,Champions,31-60 Days,6-10 Purchases,High
17923,Brian Colon,47,8,23112,1,5,5,5,15,555,Champions,31-60 Days,6-10 Purchases,Very High
17943,Kristin Norris,139,7,22764,1,3,4,5,12,345,Loyal Customers,91-180 Days,6-10 Purchases,Very High
17958,Jocelyn Wiggins,187,4,16694,1,3,2,4,9,324,Need Attention,181-365 Days,3-5 Purchases,High
17963,Jennifer Stein,104,6,21003,1,4,4,5,13,445,Champions,91-180 Days,6-10 Purchases,Very High
17967,Wendy Johnson,88,7,20347,1,4,4,5,13,445,Champions,61-90 Days,6-10 Purchases,Very High
17975,James Cuevas,398,5,17575,1,2,3,4,9,234,At Risk,365+ Days,3-5 Purchases,High
17978,Tricia Solis,313,8,23557,1,2,5,5,12,255,At Risk,181-365 Days,6-10 Purchases,Very High
17979,Vanessa Mcdonald,221,6,14991,1,3,4,4,11,344,Loyal Customers,181-365 Days,6-10 Purchases,High
17986,Dillon Le,69,8,17974,1,4,5,4,13,454,Champions,61-90 Days,6-10 Purchases,High
17994,Sarah Waters,62,8,27855,1,4,5,5,14,455,Champions,61-90 Days,6-10 Purchases,Very High
17998,Rhonda Davis,41,9,26358,1,5,5,5,15,555,Champions,31-60 Days,6-10 Purchases,Very High
18039,Jasmine Schaefer,308,7,21059,1,2,4,5,11,245,At Risk,181-365 Days,6-10 Purchases,Very High
18047,Renee Murray,572,6,18281,1,1,4,4,9,144,At Risk,365+ Days,6-10 Purchases,High
18048,Cody Graham,16,11,28228,1,5,5,5,15,555,Champions,0-30 Days,10+ Purchases,Very High
18051,Kara Walter,180,7,23081,1,3,4,5,12,345,Loyal Customers,91-180 Days,6-10 Purchases,Very High
18067,Jennifer Cooper,77,6,15032,1,4,4,4,12,444,Champions,61-90 Days,6-10 Purchases,High
18086,Ann Martinez,77,7,18859,1,4,4,4,12,444,Champions,61-90 Days,6-10 Purchases,High
18088,Robert Gregory,77,7,15896,1,4,4,4,12,444,Champions,61-90 Days,6-10 Purchases,High
18091,Nicholas Smith,27,6,17625,1,5,4,4,13,544,Champions,0-30 Days,6-10 Purchases,High
18109,Alexandra Morris,318,4,15888,1,2,2,4,8,224,Need Attention,181-365 Days,3-5 Purchases,High
18112,Christopher Greene,641,5,14835,1,1,3,4,8,134,At Risk,365+ Days,3-5 Purchases,High
18123,Adam Henderson,229,7,24443,1,3,4,5,12,345,Loyal Customers,181-365 Days,6-10 Purchases,Very High
18125,Jack Mcguire,15,8,18359,1,5,5,4,14,554,Champions,0-30 Days,6-10 Purchases,High
18131,Kaitlin Drake,1,5,17963,1,5,3,4,12,534,Potential Loyalists,0-30 Days,3-5 Purchases,High
18134,Jeffrey Robbins,79,8,21694,1,4,5,5,14,455,Champions,61-90 Days,6-10 Purchases,Very High
18141,Madison Smith,134,6,18327,1,4,4,4,12,444,Champions,91-180 Days,6-10 Purchases,High
18146,Laura Graham,200,7,23162,1,3,4,5,12,345,Loyal Customers,181-365 Days,6-10 Purchases,Very High
18156,Tiffany Lyons,811,5,15445,1,1,3,4,8,134,At Risk,365+ Days,3-5 Purchases,High
18158,Claire Duran,310,7,20741,1,2,4,5,11,245,At Risk,181-365 Days,6-10 Purchases,Very High
18188,Joseph Haas,59,6,16827,1,5,4,4,13,544,Champions,31-60 Days,6-10 Purchases,High
18209,Joshua Padilla,17,6,16588,1,5,4,4,13,544,Champions,0-30 Days,6-10 Purchases,High
18220,Manuel Greene,280,5,17176,1,2,3,4,9,234,At Risk,181-365 Days,3-5 Purchases,High
18224,Diana Mccoy,84,5,18483,1,4,3,4,11,434,Potential Loyalists,61-90 Days,3-5 Purchases,High
18235,Michael Ortega,428,5,19011,1,1,3,4,8,134,At Risk,365+ Days,3-5 Purchases,High
18243,James Fowler,45,7,25863,1,5,4,5,14,545,Champions,31-60 Days,6-10 Purchases,Very High
18261,Zachary Lang,121,7,17306,1,4,4,4,12,444,Champions,91-180 Days,6-10 Purchases,High
18266,John Hutchinson,34,6,15238,1,5,4,4,13,544,Champions,31-60 Days,6-10 Purchases,High
18272,Lisa Smith,93,8,21969,1,4,5,5,14,455,Champions,91-180 Days,6-10 Purchases,Very High
18277,Caitlin Fry,207,7,22370,1,3,4,5,12,345,Loyal Customers,181-365 Days,6-10 Purchases,Very High
18294,Travis Flores,215,6,19494,1,3,4,5,12,345,Loyal Customers,181-365 Days,6-10 Purchases,Very High
18298,Terry Perez,28,10,27677,1,5,5,5,15,555,Champions,0-30 Days,6-10 Purchases,Very High
18301,Molly Bernard,17,7,20701,1,5,4,5,14,545,Champions,0-30 Days,6-10 Purchases,Very High
18304,Mary Moreno,170,6,17511,1,3,4,4,11,344,Loyal Customers,91-180 Days,6-10 Purchases,High
18305,Kimberly Serrano,273,7,17842,1,2,4,4,10,244,At Risk,181-365 Days,6-10 Purchases,High
18307,Amber Roberts,191,6,15628,1,3,4,4,11,344,Loyal Customers,181-365 Days,6-10 Purchases,High
18317,Stephanie Martinez,18,8,18007,1,5,5,4,14,554,Champions,0-30 Days,6-10 Purchases,High
18318,Lisa Hernandez,139,13,24431,1,3,5,5,13,355,Loyal Customers,91-180 Days,10+ Purchases,Very High
18346,Stephanie Todd,441,4,18093,1,1,2,4,7,124,Need Attention,365+ Days,3-5 Purchases,High
18361,Daniel Smith,70,7,16304,1,4,4,4,12,444,Champions,61-90 Days,6-10 Purchases,High
18367,Christopher Lawrence,2,7,21461,1,5,4,5,14,545,Champions,0-30 Days,6-10 Purchases,Very High
18389,Nicole Hicks,452,7,19801,1,1,4,5,10,145,At Risk,365+ Days,6-10 Purchases,Very High
18406,Chad Gonzalez,150,7,19115,1,3,4,4,11,344,Loyal Customers,91-180 Days,6-10 Purchases,High
18417,Cynthia Bruce,403,5,15123,1,2,3,4,9,234,At Risk,365+ Days,3-5 Purchases,High
18418,Beth Brown,189,7,26066,1,3,4,5,12,345,Loyal Customers,181-365 Days,6-10 Purchases,Very High
18432,Mary Petersen,274,7,16664,1,2,4,4,10,244,At Risk,181-365 Days,6-10 Purchases,High
18454,Sergio Wilson,15,6,19419,1,5,4,5,14,545,Champions,0-30 Days,6-10 Purchases,Very High
18460,Amanda Diaz,101,6,18717,1,4,4,4,12,444,Champions,91-180 Days,6-10 Purchases,High
18469,Elizabeth Kemp,60,12,33727,1,4,5,5,14,455,Champions,31-60 Days,10+ Purchases,Very High
18476,Paul Martinez,488,7,17262,1,1,4,4,9,144,At Risk,365+ Days,6-10 Purchases,High
18521,Emma Jefferson,27,9,26079,1,5,5,5,15,555,Champions,0-30 Days,6-10 Purchases,Very High
18529,John Burns,553,9,28696,1,1,5,5,11,155,At Risk,365+ Days,6-10 Purchases,Very High
18531,Lee Hernandez,289,11,30015,1,2,5,5,12,255,At Risk,181-365 Days,10+ Purchases,Very High
18537,Michael Cortez,109,6,19909,1,4,4,5,13,445,Champions,91-180 Days,6-10 Purchases,Very High
18542,Kristen Singleton,61,8,20485,1,4,5,5,14,455,Champions,61-90 Days,6-10 Purchases,Very High
18560,Jamie Hobbs,165,6,19290,1,3,4,5,12,345,Loyal Customers,91-180 Days,6-10 Purchases,Very High
18566,Brooke Bailey,479,7,16512,1,1,4,4,9,144,At Risk,365+ Days,6-10 Purchases,High
18567,Angela George,71,5,16695,1,4,3,4,11,434,Potential Loyalists,61-90 Days,3-5 Purchases,High
18582,David Ramirez,308,7,18163,1,2,4,4,10,244,At Risk,181-365 Days,6-10 Purchases,High
18587,Nicholas Sherman,208,6,17689,1,3,4,4,11,344,Loyal Customers,181-365 Days,6-10 Purchases,High
18590,Lisa Tyler,241,6,19119,1,3,4,4,11,344,Loyal Customers,181-365 Days,6-10 Purchases,High
18593,Ms. Donna Kim,89,9,21721,1,4,5,5,14,455,Champions,61-90 Days,6-10 Purchases,Very High
18627,Rodney Erickson,12,8,20728,1,5,5,5,15,555,Champions,0-30 Days,6-10 Purchases,Very High
18629,Benjamin Lopez,172,7,25349,1,3,4,5,12,345,Loyal Customers,91-180 Days,6-10 Purchases,Very High
18631,Brian Lopez,241,8,17788,1,3,5,4,12,354,Loyal Customers,181-365 Days,6-10 Purchases,High
18635,Mrs. Nicole Soto,226,6,19206,1,3,4,4,11,344,Loyal Customers,181-365 Days,6-10 Purchases,High
18638,Cody Robinson,244,7,16980,1,2,4,4,10,244,At Risk,181-365 Days,6-10 Purchases,High
18659,Joseph Wood,763,4,15280,1,1,2,4,7,124,Need Attention,365+ Days,3-5 Purchases,High
18682,Christopher Johnson,82,9,25099,1,4,5,5,14,455,Champions,61-90 Days,6-10 Purchases,Very High
18694,John Faulkner,11,6,18031,1,5,4,4,13,544,Champions,0-30 Days,6-10 Purchases,High
18723,Regina Jackson,171,6,15313,1,3,4,4,11,344,Loyal Customers,91-180 Days,6-10 Purchases,High
18732,Jessica Vargas,86,4,15660,1,4,2,4,10,424,Potential Loyalists,61-90 Days,3-5 Purchases,High
18758,Oscar Smith,77,5,16356,1,4,3,4,11,434,Potential Loyalists,61-90 Days,3-5 Purchases,High
18762,Tanya Byrd,939,5,18240,1,1,3,4,8,134,At Risk,365+ Days,3-5 Purchases,High
18772,Scott Brady,34,6,19808,1,5,4,5,14,545,Champions,31-60 Days,6-10 Purchases,Very High
18781,Jon Baker,72,10,22599,1,4,5,5,14,455,Champions,61-90 Days,6-10 Purchases,Very High
18787,John Hunt,176,8,18373,1,3,5,4,12,354,Loyal Customers,91-180 Days,6-10 Purchases,High
18807,Joe Pierce,7,11,23612,1,5,5,5,15,555,Champions,0-30 Days,10+ Purchases,Very High
18819,Michael Mitchell,68,5,16270,1,4,3,4,11,434,Potential Loyalists,61-90 Days,3-5 Purchases,High
18820,Justin Stevenson,209,5,14887,1,3,3,4,10,334,Need Attention,181-365 Days,3-5 Purchases,High
18840,Thomas Le,106,8,23992,1,4,5,5,14,455,Champions,91-180 Days,6-10 Purchases,Very High
18855,Daniel Blair,223,6,15110,1,3,4,4,11,344,Loyal Customers,181-365 Days,6-10 Purchases,High
18877,Brittany Romero,247,8,21451,1,2,5,5,12,255,At Risk,181-365 Days,6-10 Purchases,Very High
18884,Jodi Rogers,73,10,30371,1,4,5,5,14,455,Champions,61-90 Days,6-10 Purchases,Very High
18907,Megan Obrien,219,8,23971,1,3,5,5,13,355,Loyal Customers,181-365 Days,6-10 Purchases,Very High
18924,Rachel Camacho DVM,86,9,24746,1,4,5,5,14,455,Champions,61-90 Days,6-10 Purchases,Very High
18942,Bobby Clark,117,6,19751,1,4,4,5,13,445,Champions,91-180 Days,6-10 Purchases,Very High
18958,Lynn Lopez,86,6,20080,1,4,4,5,13,445,Champions,61-90 Days,6-10 Purchases,Very High
18995,Jose Howard,282,8,20854,1,2,5,5,12,255,At Risk,181-365 Days,6-10 Purchases,Very High
19006,Brent Kelly,34,8,16855,1,5,5,4,14,554,Champions,31-60 Days,6-10 Purchases,High
19016,David Kelly,56,6,16936,1,5,4,4,13,544,Champions,31-60 Days,6-10 Purchases,High
19020,Keith Grant,81,6,15281,1,4,4,4,12,444,Champions,61-90 Days,6-10 Purchases,High
19030,Brianna Hanna,1,13,40034,1,5,5,5,15,555,Champions,0-30 Days,10+ Purchases,Very High
19031,Cindy Kramer,207,6,22931,1,3,4,5,12,345,Loyal Customers,181-365 Days,6-10 Purchases,Very High
19039,Kimberly Rogers,545,5,15125,1,1,3,4,8,134,At Risk,365+ Days,3-5 Purchases,High
19054,Joshua Soto,108,5,15097,1,4,3,4,11,434,Potential Loyalists,91-180 Days,3-5 Purchases,High
19067,Kaitlin Brown,318,7,20982,1,2,4,5,11,245,At Risk,181-365 Days,6-10 Purchases,Very High
19072,Mary Nguyen,20,5,17062,1,5,3,4,12,534,Potential Loyalists,0-30 Days,3-5 Purchases,High
19083,Renee Lawson,456,7,27008,1,1,4,5,10,145,At Risk,365+ Days,6-10 Purchases,Very High
19090,Kimberly Santos,30,9,25226,1,5,5,5,15,555,Champions,0-30 Days,6-10 Purchases,Very High
19091,Thomas Anderson,198,6,19411,1,3,4,5,12,345,Loyal Customers,181-365 Days,6-10 Purchases,Very High
19113,Marcus Lyons,268,7,25422,1,2,4,5,11,245,At Risk,181-365 Days,6-10 Purchases,Very High
19115,Dr. Natalie Gomez,77,6,15817,1,4,4,4,12,444,Champions,61-90 Days,6-10 Purchases,High
19130,John Brady,141,8,26054,1,3,5,5,13,355,Loyal Customers,91-180 Days,6-10 Purchases,Very High
19132,Anthony Parks,97,8,22977,1,4,5,5,14,455,Champions,91-180 Days,6-10 Purchases,Very High
19141,Jessica Liu,170,5,17400,1,3,3,4,10,334,Need Attention,91-180 Days,3-5 Purchases,High
19146,Jessica Anderson,87,10,17502,1,4,5,4,13,454,Champions,61-90 Days,6-10 Purchases,High
19161,Katherine Smith,176,4,16901,1,3,2,4,9,324,Need Attention,91-180 Days,3-5 Purchases,High
19172,Sandra Brady,175,7,22276,1,3,4,5,12,345,Loyal Customers,91-180 Days,6-10 Purchases,Very High
19177,Karen Brown,44,6,15808,1,5,4,4,13,544,Champions,31-60 Days,6-10 Purchases,High
19190,Deanna Mullen,338,5,17297,1,2,3,4,9,234,At Risk,181-365 Days,3-5 Purchases,High
19199,Danielle Bishop,78,7,28445,1,4,4,5,13,445,Champions,61-90 Days,6-10 Purchases,Very High
19217,Tracy Doyle,51,7,23269,1,5,4,5,14,545,Champions,31-60 Days,6-10 Purchases,Very High
19224,Alan Haynes,29,7,22070,1,5,4,5,14,545,Champions,0-30 Days,6-10 Purchases,Very High
19238,Benjamin Kim,117,8,31772,1,4,5,5,14,455,Champions,91-180 Days,6-10 Purchases,Very High
19239,Curtis Owens,5,12,35092,1,5,5,5,15,555,Champions,0-30 Days,10+ Purchases,Very High
19257,Jenny Watson,4,5,17824,1,5,3,4,12,534,Potential Loyalists,0-30 Days,3-5 Purchases,High
19261,Thomas Harvey,156,5,15912,1,3,3,4,10,334,Need Attention,91-180 Days,3-5 Purchases,High
19264,Anthony Donovan,194,6,16711,1,3,4,4,11,344,Loyal Customers,181-365 Days,6-10 Purchases,High
19280,Douglas Brown,145,8,23920,1,3,5,5,13,355,Loyal Customers,91-180 Days,6-10 Purchases,Very High
19292,Cathy Nguyen,170,12,27643,1,3,5,5,13,355,Loyal Customers,91-180 Days,10+ Purchases,Very High
19296,Laura Wells,157,5,18614,1,3,3,4,10,334,Need Attention,91-180 Days,3-5 Purchases,High
19318,Mrs. Jennifer Greene MD,4,6,23366,1,5,4,5,14,545,Champions,0-30 Days,6-10 Purchases,Very High
19326,Frank Garcia,157,9,22540,1,3,5,5,13,355,Loyal Customers,91-180 Days,6-10 Purchases,Very High
19347,Victor Davis,238,7,20956,1,3,5,5,13,355,Loyal Customers,181-365 Days,6-10 Purchases,Very High
19371,Scott Rose,205,7,20805,1,3,5,5,13,355,Loyal Customers,181-365 Days,6-10 Purchases,Very High
19374,Chad Jackson,99,9,27032,1,4,5,5,14,455,Champions,91-180 Days,6-10 Purchases,Very High
19384,Stephanie Lucas,468,7,17451,1,1,5,4,10,154,At Risk,365+ Days,6-10 Purchases,High
19393,Michael Baker,301,10,21157,1,2,5,5,12,255,At Risk,181-365 Days,6-10 Purchases,Very High
19397,Patricia Morales,36,9,19193,1,5,5,4,14,554,Champions,31-60 Days,6-10 Purchases,High
19400,Jesse Manning,109,7,22435,1,4,5,5,14,455,Champions,91-180 Days,6-10 Purchases,Very High
19409,James Moore,9,10,29780,1,5,5,5,15,555,Champions,0-30 Days,6-10 Purchases,Very High
19421,Kylie Garcia,526,5,15536,1,1,3,4,8,134,At Risk,365+ Days,3-5 Purchases,High
19427,David Murphy,528,6,16933,1,1,4,4,9,144,At Risk,365+ Days,6-10 Purchases,High
19428,Austin Lloyd,31,9,34801,1,5,5,5,15,555,Champions,31-60 Days,6-10 Purchases,Very High
19437,Steven Mack,208,7,27459,1,3,5,5,13,355,Loyal Customers,181-365 Days,6-10 Purchases,Very High
19447,Brooke Owens,4,12,31369,1,5,5,5,15,555,Champions,0-30 Days,10+ Purchases,Very High
19491,Jacqueline Hawkins,83,11,17665,1,4,5,4,13,454,Champions,61-90 Days,10+ Purchases,High
19498,Alexandra Faulkner,154,6,14933,1,3,4,4,11,344,Loyal Customers,91-180 Days,6-10 Purchases,High
19506,Joel Browning,401,7,23755,1,2,5,5,12,255,At Risk,365+ Days,6-10 Purchases,Very High
19519,Frederick Scott,4,8,22761,1,5,5,5,15,555,Champions,0-30 Days,6-10 Purchases,Very High
19525,John Green,712,5,16551,1,1,3,4,8,134,At Risk,365+ Days,3-5 Purchases,High
19527,Richard Maxwell,148,9,19270,1,3,5,4,12,354,Loyal Customers,91-180 Days,6-10 Purchases,High
19534,Alan Moore,59,5,14834,1,5,3,4,12,534,Potential Loyalists,31-60 Days,3-5 Purchases,High
19543,Rodney Odonnell,377,7,19606,1,2,5,5,12,255,At Risk,365+ Days,6-10 Purchases,Very High
19569,Joy Hill,84,9,29023,1,4,5,5,14,455,Champions,61-90 Days,6-10 Purchases,Very High
19571,Lisa Gordon,197,5,18080,1,3,3,4,10,334,Need Attention,181-365 Days,3-5 Purchases,High
19572,Richard Thompson,509,5,14829,1,1,3,4,8,134,At Risk,365+ Days,3-5 Purchases,High
19575,Pamela Mccoy DVM,143,5,15150,1,3,3,4,10,334,Need Attention,91-180 Days,3-5 Purchases,High
19582,Sharon Jones,260,7,20084,1,2,5,5,12,255,At Risk,181-365 Days,6-10 Purchases,Very High
19588,Shawn Anderson,14,7,17851,1,5,5,4,14,554,Champions,0-30 Days,6-10 Purchases,High
19596,Diane West,34,5,15557,1,5,3,4,12,534,Potential Loyalists,31-60 Days,3-5 Purchases,High
19615,Caleb Melendez,220,6,20021,1,3,4,5,12,345,Loyal Customers,181-365 Days,6-10 Purchases,Very High
19646,Jason Shepard,170,7,23961,1,3,5,5,13,355,Loyal Customers,91-180 Days,6-10 Purchases,Very High
19697,Harold Harding,32,6,18436,1,5,4,4,13,544,Champions,31-60 Days,6-10 Purchases,High
19705,Thomas Ali,369,7,23077,1,2,5,5,12,255,At Risk,365+ Days,6-10 Purchases,Very High
19724,Colleen Brown,308,7,20290,1,2,5,5,12,255,At Risk,181-365 Days,6-10 Purchases,Very High
19732,Paul Vazquez,614,8,24242,1,1,5,5,11,155,At Risk,365+ Days,6-10 Purchases,Very High
19770,Richard Lindsey,91,6,23804,1,4,4,5,13,445,Champions,91-180 Days,6-10 Purchases,Very High
19779,Ryan Cantrell,32,7,15332,1,5,5,4,14,554,Champions,31-60 Days,6-10 Purchases,High
19789,Stephanie Sanders,107,7,19574,1,4,5,5,14,455,Champions,91-180 Days,6-10 Purchases,Very High
19791,Cynthia Jones,41,8,26813,1,5,5,5,15,555,Champions,31-60 Days,6-10 Purchases,Very High
19803,Eric Franklin,327,6,22840,1,2,4,5,11,245,At Risk,181-365 Days,6-10 Purchases,Very High
19804,Shawn Jordan,10,5,15702,1,5,3,4,12,534,Potential Loyalists,0-30 Days,3-5 Purchases,High
19805,Connie Walker,0,6,16399,1,5,4,4,13,544,Champions,0-30 Days,6-10 Purchases,High
19811,Carly Hardin,206,7,20074,1,3,5,5,13,355,Loyal Customers,181-365 Days,6-10 Purchases,Very High
19856,Nicole Wolf,82,8,24033,1,4,5,5,14,455,Champions,61-90 Days,6-10 Purchases,Very High
19859,Michael Garner,182,5,16384,1,3,3,4,10,334,Need Attention,181-365 Days,3-5 Purchases,High
19877,Sean Wilson,56,6,16236,1,5,4,4,13,544,Champions,31-60 Days,6-10 Purchases,High
19882,Hannah Williams,48,7,28058,1,5,5,5,15,555,Champions,31-60 Days,6-10 Purchases,Very High
19888,Kimberly Taylor,77,9,24955,1,4,5,5,14,455,Champions,61-90 Days,6-10 Purchases,Very High
19889,Jacqueline Clark,58,8,23371,1,5,5,5,15,555,Champions,31-60 Days,6-10 Purchases,Very High
19891,Evelyn Washington,74,8,22075,1,4,5,5,14,455,Champions,61-90 Days,6-10 Purchases,Very High
19896,Janet Sanchez,74,9,26102,1,4,5,5,14,455,Champions,61-90 Days,6-10 Purchases,Very High
19898,Taylor Gomez,105,8,21985,1,4,5,5,14,455,Champions,91-180 Days,6-10 Purchases,Very High
19909,Justin Marshall,109,8,16120,1,4,5,4,13,454,Champions,91-180 Days,6-10 Purchases,High
19918,Andrew Petersen,17,10,25803,1,5,5,5,15,555,Champions,0-30 Days,6-10 Purchases,Very High
19936,James Harris,52,5,17376,1,5,3,4,12,534,Potential Loyalists,31-60 Days,3-5 Purchases,High
19964,Cynthia Carter,17,6,18334,1,5,4,4,13,544,Champions,0-30 Days,6-10 Purchases,High
20005,Bobby Kelly,448,4,15512,1,1,2,4,7,124,Need Attention,365+ Days,3-5 Purchases,High
20008,Joseph Calhoun PhD,13,10,32004,1,5,5,5,15,555,Champions,0-30 Days,6-10 Purchases,Very High
20010,Christopher Valenzuela,43,7,19973,1,5,5,5,15,555,Champions,31-60 Days,6-10 Purchases,Very High
20040,Katherine Walters,677,4,14830,1,1,2,4,7,124,Need Attention,365+ Days,3-5 Purchases,High
20057,Allen Wood,184,6,16513,1,3,4,4,11,344,Loyal Customers,181-365 Days,6-10 Purchases,High
20066,William Franco,70,7,20578,1,4,5,5,14,455,Champions,61-90 Days,6-10 Purchases,Very High
20069,Amber Johnson,46,7,19323,1,5,5,5,15,555,Champions,31-60 Days,6-10 Purchases,Very High
20073,Brian Hooper,80,7,20842,1,4,5,5,14,455,Champions,61-90 Days,6-10 Purchases,Very High
20079,Jacqueline Turner,37,9,16764,1,5,5,4,14,554,Champions,31-60 Days,6-10 Purchases,High
20086,Dawn Adkins,402,9,27080,1,2,5,5,12,255,At Risk,365+ Days,6-10 Purchases,Very High
20110,Jeremy Webb,514,7,23218,1,1,5,5,11,155,At Risk,365+ Days,6-10 Purchases,Very High
20131,Kathryn Parrish,14,7,18600,1,5,5,4,14,554,Champions,0-30 Days,6-10 Purchases,High
20153,Jennifer Simpson,205,6,18751,1,3,4,4,11,344,Loyal Customers,181-365 Days,6-10 Purchases,High
20158,Curtis Allen,236,12,40306,1,3,5,5,13,355,Loyal Customers,181-365 Days,10+ Purchases,Very High
20175,Rodney Petersen,101,10,21977,1,4,5,5,14,455,Champions,91-180 Days,6-10 Purchases,Very High
20189,Shawn Chen,185,6,14908,1,3,4,4,11,344,Loyal Customers,181-365 Days,6-10 Purchases,High
20190,Wendy Johnson,193,7,19546,1,3,5,5,13,355,Loyal Customers,181-365 Days,6-10 Purchases,Very High
20206,Ryan Smith,272,5,16876,1,2,3,4,9,234,At Risk,181-365 Days,3-5 Purchases,High
20217,Debbie Boyd,179,7,21363,1,3,5,5,13,355,Loyal Customers,91-180 Days,6-10 Purchases,Very High
20221,Jason Jacobs,35,9,19272,1,5,5,4,14,554,Champions,31-60 Days,6-10 Purchases,High
20240,Daniel Owens,42,10,31762,1,5,5,5,15,555,Champions,31-60 Days,6-10 Purchases,Very High
20258,Dana Everett,47,7,26230,1,5,5,5,15,555,Champions,31-60 Days,6-10 Purchases,Very High
20288,Katie Reyes,563,4,15301,1,1,2,4,7,124,Need Attention,365+ Days,3-5 Purchases,High
20292,Harry Young,143,7,15424,1,3,5,4,12,354,Loyal Customers,91-180 Days,6-10 Purchases,High
20310,Stacy Gray,167,6,20878,1,3,4,5,12,345,Loyal Customers,91-180 Days,6-10 Purchases,Very High
20315,Tyler Campbell,54,7,21574,1,5,5,5,15,555,Champions,31-60 Days,6-10 Purchases,Very High
20327,Jerry Powell,116,7,18021,1,4,5,4,13,454,Champions,91-180 Days,6-10 Purchases,High
20383,Omar Ramsey,321,7,15166,1,2,5,4,11,254,At Risk,181-365 Days,6-10 Purchases,High
20392,Cynthia Fields,162,11,27097,1,3,5,5,13,355,Loyal Customers,91-180 Days,10+ Purchases,Very High
20399,James Simmons,230,7,18468,1,3,5,4,12,354,Loyal Customers,181-365 Days,6-10 Purchases,High
20414,James Thomas,174,7,14962,1,3,5,4,12,354,Loyal Customers,91-180 Days,6-10 Purchases,High
20417,Matthew Farrell,145,6,15646,1,3,4,4,11,344,Loyal Customers,91-180 Days,6-10 Purchases,High
20433,Dale Hernandez,46,5,15336,1,5,3,4,12,534,Potential Loyalists,31-60 Days,3-5 Purchases,High
20442,Ryan Ford,30,7,15901,1,5,5,4,14,554,Champions,0-30 Days,6-10 Purchases,High
20456,Jack Brown,80,7,21447,1,4,5,5,14,455,Champions,61-90 Days,6-10 Purchases,Very High
20460,Michael Bradford,93,12,31813,1,4,5,5,14,455,Champions,91-180 Days,10+ Purchases,Very High
20465,Amy Zhang,62,6,17303,1,4,4,4,12,444,Champions,61-90 Days,6-10 Purchases,High
20471,Pamela Warren,67,8,27085,1,4,5,5,14,455,Champions,61-90 Days,6-10 Purchases,Very High
20476,Robert Duke,338,9,24476,1,2,5,5,12,255,At Risk,181-365 Days,6-10 Purchases,Very High
20478,Adriana Gonzales,228,5,16041,1,3,3,4,10,334,Need Attention,181-365 Days,3-5 Purchases,High
20493,Steven Smith,41,8,19636,1,5,5,5,15,555,Champions,31-60 Days,6-10 Purchases,Very High
20497,Kim Wood,180,14,33934,1,3,5,5,13,355,Loyal Customers,91-180 Days,10+ Purchases,Very High
20500,Gregory Mitchell,86,8,24727,1,4,5,5,14,455,Champions,61-90 Days,6-10 Purchases,Very High
20511,Mark Hamilton,244,9,28353,1,2,5,5,12,255,At Risk,181-365 Days,6-10 Purchases,Very High
20525,Jimmy Taylor,676,6,17173,1,1,4,4,9,144,At Risk,365+ Days,6-10 Purchases,High
20547,Ellen Martin,153,10,18150,1,3,5,4,12,354,Loyal Customers,91-180 Days,6-10 Purchases,High
20552,Louis Bond,190,8,16266,1,3,5,4,12,354,Loyal Customers,181-365 Days,6-10 Purchases,High
20558,John White,516,5,15882,1,1,3,4,8,134,At Risk,365+ Days,3-5 Purchases,High
20560,Joshua Thomas,227,7,17210,1,3,5,4,12,354,Loyal Customers,181-365 Days,6-10 Purchases,High
20565,Michael Wilson,30,5,16855,1,5,3,4,12,534,Potential Loyalists,0-30 Days,3-5 Purchases,High
20597,Andrew Lewis,572,5,16261,1,1,3,4,8,134,At Risk,365+ Days,3-5 Purchases,High
20598,Donald Powers,252,6,16195,1,2,4,4,10,244,At Risk,181-365 Days,6-10 Purchases,High
20618,Jacob Wheeler,86,6,21662,1,4,4,5,13,445,Champions,61-90 Days,6-10 Purchases,Very High
20638,Jill Drake,109,7,17865,1,4,5,4,13,454,Champions,91-180 Days,6-10 Purchases,High
20664,Haley Morgan,49,6,18616,1,5,4,4,13,544,Champions,31-60 Days,6-10 Purchases,High
20665,Kathryn Boone,140,7,20430,1,3,5,5,13,355,Loyal Customers,91-180 Days,6-10 Purchases,Very High
20671,Bryan Meyers,460,8,24535,1,1,5,5,11,155,At Risk,365+ Days,6-10 Purchases,Very High
20672,Daniel Salinas,152,9,33549,1,3,5,5,13,355,Loyal Customers,91-180 Days,6-10 Purchases,Very High
20685,Jill Welch,540,5,17291,1,1,3,4,8,134,At Risk,365+ Days,3-5 Purchases,High
20702,Tricia Kelly,114,9,25531,1,4,5,5,14,455,Champions,91-180 Days,6-10 Purchases,Very High
20704,Shane Nichols,152,9,29195,1,3,5,5,13,355,Loyal Customers,91-180 Days,6-10 Purchases,Very High
20710,Andrew Rose,185,4,15287,1,3,2,4,9,324,Need Attention,181-365 Days,3-5 Purchases,High
20734,Richard Daniels,97,7,18054,1,4,5,4,13,454,Champions,91-180 Days,6-10 Purchases,High
20743,Ryan Green,430,7,17587,1,1,5,4,10,154,At Risk,365+ Days,6-10 Purchases,High
20758,Jennifer Lawrence,415,7,23165,1,2,5,5,12,255,At Risk,365+ Days,6-10 Purchases,Very High
20779,Michael Williams,105,7,20769,1,4,5,5,14,455,Champions,91-180 Days,6-10 Purchases,Very High
20781,Robert Schmidt,126,6,18398,1,4,4,4,12,444,Champions,91-180 Days,6-10 Purchases,High
20787,Christopher Gilbert,186,8,26989,1,3,5,5,13,355,Loyal Customers,181-365 Days,6-10 Purchases,Very High
20796,Natalie Hall,23,8,25504,1,5,5,5,15,555,Champions,0-30 Days,6-10 Purchases,Very High
20811,Daniel Ramirez,90,10,30889,1,4,5,5,14,455,Champions,61-90 Days,6-10 Purchases,Very High
20835,William Mendoza,173,7,17573,1,3,5,4,12,354,Loyal Customers,91-180 Days,6-10 Purchases,High
20842,Elizabeth Yang,180,10,41501,1,3,5,5,13,355,Loyal Customers,91-180 Days,6-10 Purchases,Very High
20865,Jacob Harrington,34,11,41391,1,5,5,5,15,555,Champions,31-60 Days,10+ Purchases,Very High
20866,Michael Cruz,135,6,17185,1,4,4,4,12,444,Champions,91-180 Days,6-10 Purchases,High
20868,Keith Davidson,231,6,18927,1,3,4,4,11,344,Loyal Customers,181-365 Days,6-10 Purchases,High
20874,Dr. Tiffany Duncan DVM,164,8,18675,1,3,5,4,12,354,Loyal Customers,91-180 Days,6-10 Purchases,High
20889,Lisa Smith,226,8,21954,1,3,5,5,13,355,Loyal Customers,181-365 Days,6-10 Purchases,Very High
20891,Kathy Murphy,28,9,21823,1,5,5,5,15,555,Champions,0-30 Days,6-10 Purchases,Very High
20895,Victoria Wells,6,8,23106,1,5,5,5,15,555,Champions,0-30 Days,6-10 Purchases,Very High
20902,Jared Wilson,228,5,16084,1,3,3,4,10,334,Need Attention,181-365 Days,3-5 Purchases,High
20905,Jason Turner,143,8,23526,1,3,5,5,13,355,Loyal Customers,91-180 Days,6-10 Purchases,Very High
20915,Julie Leach,332,5,18888,1,2,3,4,9,234,At Risk,181-365 Days,3-5 Purchases,High
20916,Diane Reyes,166,8,24651,1,3,5,5,13,355,Loyal Customers,91-180 Days,6-10 Purchases,Very High
20917,Anthony Rodriguez,425,6,15994,1,2,4,4,10,244,At Risk,365+ Days,6-10 Purchases,High
20965,Barbara King,442,7,16932,1,1,5,4,10,154,At Risk,365+ Days,6-10 Purchases,High
20967,Theresa Klein,196,8,22339,1,3,5,5,13,355,Loyal Customers,181-365 Days,6-10 Purchases,Very High
20980,Melanie Smith,71,8,20799,1,4,5,5,14,455,Champions,61-90 Days,6-10 Purchases,Very High
21008,Sheila Ortiz,90,6,16091,1,4,4,4,12,444,Champions,61-90 Days,6-10 Purchases,High
21009,Jeffrey Phillips,199,4,17837,1,3,2,4,9,324,Need Attention,181-365 Days,3-5 Purchases,High
21014,Zachary Mckee,41,8,18225,1,5,5,4,14,554,Champions,31-60 Days,6-10 Purchases,High
21033,Adam Ross,190,8,20715,1,3,5,5,13,355,Loyal Customers,181-365 Days,6-10 Purchases,Very High
21066,Joseph Kramer,10,10,21060,1,5,5,5,15,555,Champions,0-30 Days,6-10 Purchases,Very High
21081,David Caldwell,122,6,16069,1,4,4,4,12,444,Champions,91-180 Days,6-10 Purchases,High
21082,Laura White,88,7,16187,1,4,5,4,13,454,Champions,61-90 Days,6-10 Purchases,High
21092,Christina Crosby,87,9,26741,1,4,5,5,14,455,Champions,61-90 Days,6-10 Purchases,Very High
21108,Rita Williams,83,5,16196,1,4,3,4,11,434,Potential Loyalists,61-90 Days,3-5 Purchases,High
21130,Randall Montgomery,82,6,15673,1,4,4,4,12,444,Champions,61-90 Days,6-10 Purchases,High
21139,Mathew Lowery,479,8,22873,1,1,5,5,11,155,At Risk,365+ Days,6-10 Purchases,Very High
21146,Aaron Waters,404,6,21320,1,2,4,5,11,245,At Risk,365+ Days,6-10 Purchases,Very High
21147,James Smith,7,8,25290,1,5,5,5,15,555,Champions,0-30 Days,6-10 Purchases,Very High
21152,Charles Wang,79,9,21694,1,4,5,5,14,455,Champions,61-90 Days,6-10 Purchases,Very High
21170,Andrew Brooks,7,4,15448,1,5,2,4,11,524,Potential Loyalists,0-30 Days,3-5 Purchases,High
21192,Arthur Nelson,142,8,26930,1,3,5,5,13,355,Loyal Customers,91-180 Days,6-10 Purchases,Very High
21195,Michael Glover,123,5,14841,1,4,3,4,11,434,Potential Loyalists,91-180 Days,3-5 Purchases,High
21245,Amber Nunez,426,7,18103,1,2,5,4,11,254,At Risk,365+ Days,6-10 Purchases,High
21246,Megan Grant,21,6,16462,1,5,4,4,13,544,Champions,0-30 Days,6-10 Purchases,High
21252,Amy Tran,253,6,17662,1,2,4,4,10,244,At Risk,181-365 Days,6-10 Purchases,High
21265,Patricia Rojas,104,7,17600,1,4,5,4,13,454,Champions,91-180 Days,6-10 Purchases,High
21271,Michael Serrano,385,10,37985,1,2,5,5,12,255,At Risk,365+ Days,6-10 Purchases,Very High
21273,Rodney Francis,151,6,16773,1,3,4,4,11,344,Loyal Customers,91-180 Days,6-10 Purchases,High
21286,Deanna Fernandez,45,6,22046,1,5,4,5,14,545,Champions,31-60 Days,6-10 Purchases,Very High
21304,Hannah Obrien,287,6,19985,1,2,4,5,11,245,At Risk,181-365 Days,6-10 Purchases,Very High
21310,Alison Freeman,245,5,18405,1,2,3,4,9,234,At Risk,181-365 Days,3-5 Purchases,High
21314,Maria Schneider,65,5,16183,1,4,3,4,11,434,Potential Loyalists,61-90 Days,3-5 Purchases,High
21322,Lori Brown,221,5,17524,1,3,3,4,10,334,Need Attention,181-365 Days,3-5 Purchases,High
21329,Carol Aguilar,287,5,17460,1,2,3,4,9,234,At Risk,181-365 Days,3-5 Purchases,High
21370,Erin Fisher,9,5,14834,1,5,3,4,12,534,Potential Loyalists,0-30 Days,3-5 Purchases,High
21378,Elizabeth Garrison,45,7,16956,1,5,5,4,14,554,Champions,31-60 Days,6-10 Purchases,High
21401,Catherine Williamson,14,9,29886,1,5,5,5,15,555,Champions,0-30 Days,6-10 Purchases,Very High
21428,Charles Henry,108,8,25804,1,4,5,5,14,455,Champions,91-180 Days,6-10 Purchases,Very High
21469,Jaime Barton,1,12,38518,1,5,5,5,15,555,Champions,0-30 Days,10+ Purchases,Very High
21506,Karen Smith,225,8,25422,1,3,5,5,13,355,Loyal Customers,181-365 Days,6-10 Purchases,Very High
21540,Steven Fernandez,125,5,17867,1,4,3,4,11,434,Potential Loyalists,91-180 Days,3-5 Purchases,High
21556,Kathy Fisher,104,9,25684,1,4,5,5,14,455,Champions,91-180 Days,6-10 Purchases,Very High
21558,Amy Hawkins,430,6,27647,1,1,4,5,10,145,At Risk,365+ Days,6-10 Purchases,Very High
21567,Jody Sims,227,8,23054,1,3,5,5,13,355,Loyal Customers,181-365 Days,6-10 Purchases,Very High
21570,Samantha Velez,19,6,17544,1,5,4,4,13,544,Champions,0-30 Days,6-10 Purchases,High
21609,Jose Hill,241,6,17459,1,3,4,4,11,344,Loyal Customers,181-365 Days,6-10 Purchases,High
21611,Joseph Anderson,175,5,17624,1,3,3,4,10,334,Need Attention,91-180 Days,3-5 Purchases,High
21630,Nicole Watts,121,9,19001,1,4,5,4,13,454,Champions,91-180 Days,6-10 Purchases,High
21671,Debra Mcmillan,56,8,22943,1,5,5,5,15,555,Champions,31-60 Days,6-10 Purchases,Very High
21686,Alexander Hartman,61,7,15859,1,4,5,4,13,454,Champions,61-90 Days,6-10 Purchases,High
21717,Kimberly Hayes,103,9,26130,1,4,5,5,14,455,Champions,91-180 Days,6-10 Purchases,Very High
21721,Jeffrey Jackson,35,8,26790,1,5,5,5,15,555,Champions,31-60 Days,6-10 Purchases,Very High
21726,Brian White,58,9,25303,1,5,5,5,15,555,Champions,31-60 Days,6-10 Purchases,Very High
21727,Megan Smith,156,6,18984,1,3,4,4,11,344,Loyal Customers,91-180 Days,6-10 Purchases,High
21736,Brian Townsend,158,8,24778,1,3,5,5,13,355,Loyal Customers,91-180 Days,6-10 Purchases,Very High
21737,Jamie Perez,98,7,15776,1,4,5,4,13,454,Champions,91-180 Days,6-10 Purchases,High
21741,Christine Reid,62,7,21953,1,4,5,5,14,455,Champions,61-90 Days,6-10 Purchases,Very High
21765,Robert Miller,98,6,20081,1,4,4,5,13,445,Champions,91-180 Days,6-10 Purchases,Very High
21767,Dr. Richard May DVM,79,10,28639,1,4,5,5,14,455,Champions,61-90 Days,6-10 Purchases,Very High
21773,Tina Jones,143,10,30201,1,3,5,5,13,355,Loyal Customers,91-180 Days,6-10 Purchases,Very High
21790,Kayla Duarte,210,8,25135,1,3,5,5,13,355,Loyal Customers,181-365 Days,6-10 Purchases,Very High
21806,Kristen Burch,12,10,24332,1,5,5,5,15,555,Champions,0-30 Days,6-10 Purchases,Very High
21815,Danny Decker,846,4,15636,1,1,2,4,7,124,Need Attention,365+ Days,3-5 Purchases,High
21855,Anthony Bennett,40,8,28843,1,5,5,5,15,555,Champions,31-60 Days,6-10 Purchases,Very High
21863,Christopher Miller,679,6,19509,1,1,4,5,10,145,At Risk,365+ Days,6-10 Purchases,Very High
21864,Morgan Young,211,6,16166,1,3,4,4,11,344,Loyal Customers,181-365 Days,6-10 Purchases,High
21875,Richard Coleman,251,8,22042,1,2,5,5,12,255,At Risk,181-365 Days,6-10 Purchases,Very High
21963,Christine Kelley,155,7,21753,1,3,5,5,13,355,Loyal Customers,91-180 Days,6-10 Purchases,Very High
21964,Michael Powell,23,8,21357,1,5,5,5,15,555,Champions,0-30 Days,6-10 Purchases,Very High
21977,Nancy Fields,26,6,16524,1,5,4,4,13,544,Champions,0-30 Days,6-10 Purchases,High
21982,Brandon Pacheco,399,7,20949,1,2,5,5,12,255,At Risk,365+ Days,6-10 Purchases,Very High
21994,Cheryl Brown,385,10,22414,1,2,5,5,12,255,At Risk,365+ Days,6-10 Purchases,Very High
22010,Shelby Brock,242,5,16220,1,3,3,4,10,334,Need Attention,181-365 Days,3-5 Purchases,High
22025,Carrie Glenn,15,12,32075,1,5,5,5,15,555,Champions,0-30 Days,10+ Purchases,Very High
22055,Carlos Gonzalez,226,5,15488,1,3,3,4,10,334,Need Attention,181-365 Days,3-5 Purchases,High
22082,Jordan Mills,78,12,30861,1,4,5,5,14,455,Champions,61-90 Days,10+ Purchases,Very High
22096,Anne Ray,21,6,15773,1,5,4,4,13,544,Champions,0-30 Days,6-10 Purchases,High
22139,Lisa Burch,51,8,26061,1,5,5,5,15,555,Champions,31-60 Days,6-10 Purchases,Very High
22156,Johnny Hatfield,102,8,20553,1,4,5,5,14,455,Champions,91-180 Days,6-10 Purchases,Very High
22171,Keith Ortega,121,7,17449,1,4,5,4,13,454,Champions,91-180 Days,6-10 Purchases,High
22179,Kevin Carlson,192,6,21803,1,3,4,5,12,345,Loyal Customers,181-365 Days,6-10 Purchases,Very High
22197,Dustin Quinn,82,6,16824,1,4,4,4,12,444,Champions,61-90 Days,6-10 Purchases,High
22202,Allison Hernandez,25,5,16024,1,5,3,4,12,534,Potential Loyalists,0-30 Days,3-5 Purchases,High
22203,Julian Williams,70,6,21041,1,4,4,5,13,445,Champions,61-90 Days,6-10 Purchases,Very High
22204,Richard Pace,179,8,22071,1,3,5,5,13,355,Loyal Customers,91-180 Days,6-10 Purchases,Very High
22216,Michael Mccann,3,8,26010,1,5,5,5,15,555,Champions,0-30 Days,6-10 Purchases,Very High
22249,Leslie Boone,2,10,29145,1,5,5,5,15,555,Champions,0-30 Days,6-10 Purchases,Very High
22286,Casey Whitaker,205,5,19118,1,3,3,4,10,334,Need Attention,181-365 Days,3-5 Purchases,High
22303,Samantha Short MD,72,8,25398,1,4,5,5,14,455,Champions,61-90 Days,6-10 Purchases,Very High
22333,Shari Decker,648,7,24391,1,1,5,5,11,155,At Risk,365+ Days,6-10 Purchases,Very High
22370,Noah Smith,115,7,20328,1,4,5,5,14,455,Champions,91-180 Days,6-10 Purchases,Very High
22378,Brian Smith,98,7,22243,1,4,5,5,14,455,Champions,91-180 Days,6-10 Purchases,Very High
22380,Lindsay Hall,35,8,26288,1,5,5,5,15,555,Champions,31-60 Days,6-10 Purchases,Very High
22391,Timothy Washington,6,9,24478,1,5,5,5,15,555,Champions,0-30 Days,6-10 Purchases,Very High
22402,Samuel Perkins,213,7,17019,1,3,5,4,12,354,Loyal Customers,181-365 Days,6-10 Purchases,High
22412,Mark Garcia,745,6,18502,1,1,4,4,9,144,At Risk,365+ Days,6-10 Purchases,High
22413,Linda Hodge,512,6,20455,1,1,4,5,10,145,At Risk,365+ Days,6-10 Purchases,Very High
22417,Cindy Hobbs,42,5,19446,1,5,3,5,13,535,Potential Loyalists,31-60 Days,3-5 Purchases,Very High
22428,Jamie Ferguson,168,8,25903,1,3,5,5,13,355,Loyal Customers,91-180 Days,6-10 Purchases,Very High
22429,Gloria Woods,361,9,25587,1,2,5,5,12,255,At Risk,181-365 Days,6-10 Purchases,Very High
22440,Michael Hammond,258,7,22081,1,2,5,5,12,255,At Risk,181-365 Days,6-10 Purchases,Very High
22442,Brian Munoz,139,6,17034,1,3,4,4,11,344,Loyal Customers,91-180 Days,6-10 Purchases,High
22462,Michael Richardson,146,7,16005,1,3,5,4,12,354,Loyal Customers,91-180 Days,6-10 Purchases,High
22467,Patricia Clark,329,7,25670,1,2,5,5,12,255,At Risk,181-365 Days,6-10 Purchases,Very High
22478,Javier Joseph,116,10,26614,1,4,5,5,14,455,Champions,91-180 Days,6-10 Purchases,Very High
22499,Jennifer Warren,294,5,16698,1,2,3,4,9,234,At Risk,181-365 Days,3-5 Purchases,High
22516,Craig Dickson,29,6,20432,1,5,4,5,14,545,Champions,0-30 Days,6-10 Purchases,Very High
22519,Kathleen Hart,157,7,20108,1,3,5,5,13,355,Loyal Customers,91-180 Days,6-10 Purchases,Very High
22522,Donna Washington,0,7,25877,1,5,5,5,15,555,Champions,0-30 Days,6-10 Purchases,Very High
22532,Nicole Sandoval,11,7,23897,1,5,5,5,15,555,Champions,0-30 Days,6-10 Purchases,Very High
22544,Daniel Griffin,12,8,22007,1,5,5,5,15,555,Champions,0-30 Days,6-10 Purchases,Very High
22560,Erica Morgan,143,7,15028,1,3,5,4,12,354,Loyal Customers,91-180 Days,6-10 Purchases,High
22562,Gina Martin,67,6,15816,1,4,4,4,12,444,Champions,61-90 Days,6-10 Purchases,High
22573,Catherine Young,216,4,15490,1,3,2,4,9,324,Need Attention,181-365 Days,3-5 Purchases,High
22580,Steven Graham,250,7,25830,1,2,5,5,12,255,At Risk,181-365 Days,6-10 Purchases,Very High
22583,Michael Burgess,194,7,22111,1,3,5,5,13,355,Loyal Customers,181-365 Days,6-10 Purchases,Very High
22603,Ronald Wade,197,12,23543,1,3,5,5,13,355,Loyal Customers,181-365 Days,10+ Purchases,Very High
22624,James Moore,237,7,20061,1,3,5,5,13,355,Loyal Customers,181-365 Days,6-10 Purchases,Very High
22632,Thomas Haley,85,5,15169,1,4,3,4,11,434,Potential Loyalists,61-90 Days,3-5 Purchases,High
22638,Brian Anderson,208,6,16783,1,3,4,4,11,344,Loyal Customers,181-365 Days,6-10 Purchases,High
22657,Michael Kim,27,4,15280,1,5,2,4,11,524,Potential Loyalists,0-30 Days,3-5 Purchases,High
22661,Terry Huang,146,4,15754,1,3,2,4,9,324,Need Attention,91-180 Days,3-5 Purchases,High
22663,John Miller,85,9,24991,1,4,5,5,14,455,Champions,61-90 Days,6-10 Purchases,Very High
22667,Brenda Merritt,18,10,32675,1,5,5,5,15,555,Champions,0-30 Days,6-10 Purchases,Very High
22677,Caleb Mendez,47,7,21074,1,5,5,5,15,555,Champions,31-60 Days,6-10 Purchases,Very High
22679,Crystal Hayes,17,6,19447,1,5,4,5,14,545,Champions,0-30 Days,6-10 Purchases,Very High
22685,Kenneth Dean,223,8,26160,1,3,5,5,13,355,Loyal Customers,181-365 Days,6-10 Purchases,Very High
22694,Danielle Collier,419,7,21543,1,2,5,5,12,255,At Risk,365+ Days,6-10 Purchases,Very High
22698,Robert Mcguire,191,4,17465,1,3,2,4,9,324,Need Attention,181-365 Days,3-5 Purchases,High
22728,Renee Thomas,143,5,15640,1,3,3,4,10,334,Need Attention,91-180 Days,3-5 Purchases,High
22733,Brandon Bell,9,5,15021,1,5,3,4,12,534,Potential Loyalists,0-30 Days,3-5 Purchases,High
22734,Michelle Knox,169,8,23011,1,3,5,5,13,355,Loyal Customers,91-180 Days,6-10 Purchases,Very High
22742,Jaclyn Robinson,380,6,15844,1,2,4,4,10,244,At Risk,365+ Days,6-10 Purchases,High
22766,Thomas Ford,50,5,15837,1,5,3,4,12,534,Potential Loyalists,31-60 Days,3-5 Purchases,High
22770,Danielle Park,317,8,22858,1,2,5,5,12,255,At Risk,181-365 Days,6-10 Purchases,Very High
22775,Jason Sanchez,21,9,26374,1,5,5,5,15,555,Champions,0-30 Days,6-10 Purchases,Very High
22815,Colleen Nelson,29,8,26629,1,5,5,5,15,555,Champions,0-30 Days,6-10 Purchases,Very High
22816,Paige Ramos,62,9,27299,1,4,5,5,14,455,Champions,61-90 Days,6-10 Purchases,Very High
22854,Lauren Reed,76,6,24355,1,4,4,5,13,445,Champions,61-90 Days,6-10 Purchases,Very High
22881,Anthony Owen,7,7,21131,1,5,5,5,15,555,Champions,0-30 Days,6-10 Purchases,Very High
22886,Cynthia Burke,193,6,21286,1,3,4,5,12,345,Loyal Customers,181-365 Days,6-10 Purchases,Very High
22887,Kayla Hubbard,13,7,20968,1,5,5,5,15,555,Champions,0-30 Days,6-10 Purchases,Very High
22940,Jennifer White,14,12,31207,1,5,5,5,15,555,Champions,0-30 Days,10+ Purchases,Very High
22942,Sara Davenport,120,6,16951,1,4,4,4,12,444,Champions,91-180 Days,6-10 Purchases,High
22955,John Richards,396,5,16879,1,2,3,4,9,234,At Risk,365+ Days,3-5 Purchases,High
22962,Mary Torres,441,8,25025,1,1,5,5,11,155,At Risk,365+ Days,6-10 Purchases,Very High
22989,Gabriella Willis,149,6,14986,1,3,4,4,11,344,Loyal Customers,91-180 Days,6-10 Purchases,High
23001,Christina Harding,202,8,16740,1,3,5,4,12,354,Loyal Customers,181-365 Days,6-10 Purchases,High
23009,Tiffany Jarvis,206,7,20057,1,3,5,5,13,355,Loyal Customers,181-365 Days,6-10 Purchases,Very High
23017,Julie Smith,551,5,14812,1,1,3,4,8,134,At Risk,365+ Days,3-5 Purchases,High
23020,Randy Morales,17,7,16162,1,5,5,4,14,554,Champions,0-30 Days,6-10 Purchases,High
23035,Travis Moss,277,5,17197,1,2,3,4,9,234,At Risk,181-365 Days,3-5 Purchases,High
23037,Karen Sanchez,26,9,26033,1,5,5,5,15,555,Champions,0-30 Days,6-10 Purchases,Very High
23043,Nicole Mcdonald,75,7,17125,1,4,5,4,13,454,Champions,61-90 Days,6-10 Purchases,High
23064,Amy Garcia,303,7,15093,1,2,5,4,11,254,At Risk,181-365 Days,6-10 Purchases,High
23065,Heather Hernandez,175,5,17559,1,3,3,4,10,334,Need Attention,91-180 Days,3-5 Purchases,High
23083,Susan Martin,37,5,16197,1,5,3,4,12,534,Potential Loyalists,31-60 Days,3-5 Purchases,High
23111,Patricia Jensen,111,8,22494,1,4,5,5,14,455,Champions,91-180 Days,6-10 Purchases,Very High
23113,Jennifer Lin,67,7,19190,1,4,5,4,13,454,Champions,61-90 Days,6-10 Purchases,High
23115,Mary Martin,648,5,17575,1,1,3,4,8,134,At Risk,365+ Days,3-5 Purchases,High
23123,Jason Murphy,111,6,15122,1,4,4,4,12,444,Champions,91-180 Days,6-10 Purchases,High
23131,Daniel Carey,130,8,22311,1,4,5,5,14,455,Champions,91-180 Days,6-10 Purchases,Very High
23151,Brandon Meyer,98,8,23154,1,4,5,5,14,455,Champions,91-180 Days,6-10 Purchases,Very High
23183,Linda Bishop,735,4,15023,1,1,2,4,7,124,Need Attention,365+ Days,3-5 Purchases,High
23195,Aaron Santana,237,7,18321,1,3,5,4,12,354,Loyal Customers,181-365 Days,6-10 Purchases,High
23197,Jaime Smith,186,11,23020,1,3,5,5,13,355,Loyal Customers,181-365 Days,10+ Purchases,Very High
23198,Mr. Ryan Paul,264,9,29602,1,2,5,5,12,255,At Risk,181-365 Days,6-10 Purchases,Very High
23199,Martin Hill,215,6,14986,1,3,4,4,11,344,Loyal Customers,181-365 Days,6-10 Purchases,High
23202,Jonathon Sanchez,861,4,16405,1,1,2,4,7,124,Need Attention,365+ Days,3-5 Purchases,High
23203,Kimberly Fitzpatrick,746,6,17745,1,1,4,4,9,144,At Risk,365+ Days,6-10 Purchases,High
23210,Madison Lee,54,7,16106,1,5,5,4,14,554,Champions,31-60 Days,6-10 Purchases,High
23250,Linda Anderson,174,7,16744,1,3,5,4,12,354,Loyal Customers,91-180 Days,6-10 Purchases,High
23262,Russell Gomez,19,8,22024,1,5,5,5,15,555,Champions,0-30 Days,6-10 Purchases,Very High
23279,Nicholas Rice,172,11,21472,1,3,5,5,13,355,Loyal Customers,91-180 Days,10+ Purchases,Very High
23290,Reginald Allen,421,8,22105,1,2,5,5,12,255,At Risk,365+ Days,6-10 Purchases,Very High
23295,Jennifer Mcmillan,258,5,15037,1,2,3,4,9,234,At Risk,181-365 Days,3-5 Purchases,High
23299,Antonio Thompson,74,8,22875,1,4,5,5,14,455,Champions,61-90 Days,6-10 Purchases,Very High
23310,Kevin Bush,44,7,16134,1,5,5,4,14,554,Champions,31-60 Days,6-10 Purchases,High
23318,Amber Barton,275,6,18316,1,2,4,4,10,244,At Risk,181-365 Days,6-10 Purchases,High
23337,Ruth Duncan,43,7,23305,1,5,5,5,15,555,Champions,31-60 Days,6-10 Purchases,Very High
23343,Jessica Olson,246,7,21011,1,2,5,5,12,255,At Risk,181-365 Days,6-10 Purchases,Very High
23412,Victor Hall,7,8,18423,1,5,5,4,14,554,Champions,0-30 Days,6-10 Purchases,High
23413,Jessica Browning,100,5,16250,1,4,3,4,11,434,Potential Loyalists,91-180 Days,3-5 Purchases,High
23446,Keith Green,104,12,27100,1,4,5,5,14,455,Champions,91-180 Days,10+ Purchases,Very High
23466,Robert Mendoza,238,6,23307,1,3,4,5,12,345,Loyal Customers,181-365 Days,6-10 Purchases,Very High
23523,Sarah Jensen,120,4,15864,1,4,2,4,10,424,Potential Loyalists,91-180 Days,3-5 Purchases,High
23544,Antonio Johnson,15,7,24292,1,5,5,5,15,555,Champions,0-30 Days,6-10 Purchases,Very High
23548,Brian Hardy,61,5,19661,1,4,3,5,12,435,Potential Loyalists,61-90 Days,3-5 Purchases,Very High
23549,Nicole Palmer,99,6,14971,1,4,4,4,12,444,Champions,91-180 Days,6-10 Purchases,High
23552,Susan Mckenzie,6,8,25109,1,5,5,5,15,555,Champions,0-30 Days,6-10 Purchases,Very High
23561,Matthew Owens,81,6,18272,1,4,4,4,12,444,Champions,61-90 Days,6-10 Purchases,High
23567,William Rodriguez,631,6,15950,1,1,4,4,9,144,At Risk,365+ Days,6-10 Purchases,High
23568,Stacey Martinez,280,7,23044,1,2,5,5,12,255,At Risk,181-365 Days,6-10 Purchases,Very High
23585,James Kane,101,7,27330,1,4,5,5,14,455,Champions,91-180 Days,6-10 Purchases,Very High
23604,Sharon Taylor,164,8,22652,1,3,5,5,13,355,Loyal Customers,91-180 Days,6-10 Purchases,Very High
23637,Rachel White,98,8,22065,1,4,5,5,14,455,Champions,91-180 Days,6-10 Purchases,Very High
23642,Sheila Garcia,146,6,16750,1,3,4,4,11,344,Loyal Customers,91-180 Days,6-10 Purchases,High
23646,Kelly Gould,54,5,21168,1,5,3,5,13,535,Potential Loyalists,31-60 Days,3-5 Purchases,Very High
23681,John Strickland,38,7,23870,1,5,5,5,15,555,Champions,31-60 Days,6-10 Purchases,Very High
23685,Kelli Lopez,32,7,20339,1,5,5,5,15,555,Champions,31-60 Days,6-10 Purchases,Very High
23688,Jose Fleming,212,7,21010,1,3,5,5,13,355,Loyal Customers,181-365 Days,6-10 Purchases,Very High
23699,Anna Morton,226,8,25404,1,3,5,5,13,355,Loyal Customers,181-365 Days,6-10 Purchases,Very High
23703,Gregory Bolton,435,4,15488,1,1,2,4,7,124,Need Attention,365+ Days,3-5 Purchases,High
23708,Steven Williams,111,9,30250,1,4,5,5,14,455,Champions,91-180 Days,6-10 Purchases,Very High
23724,Tammy Ochoa,36,10,26926,1,5,5,5,15,555,Champions,31-60 Days,6-10 Purchases,Very High
23746,Christopher Hobbs,19,10,22840,1,5,5,5,15,555,Champions,0-30 Days,6-10 Purchases,Very High
23753,Aaron Wilson,212,6,20923,1,3,4,5,12,345,Loyal Customers,181-365 Days,6-10 Purchases,Very High
23760,Shaun Berry,46,5,16318,1,5,3,4,12,534,Potential Loyalists,31-60 Days,3-5 Purchases,High
23789,Bobby Rogers,47,6,23125,1,5,4,5,14,545,Champions,31-60 Days,6-10 Purchases,Very High
23795,Vincent Lopez,585,6,17508,1,1,4,4,9,144,At Risk,365+ Days,6-10 Purchases,High
23818,Michael Porter,31,8,21767,1,5,5,5,15,555,Champions,31-60 Days,6-10 Purchases,Very High
23822,Megan Bowers,476,6,20079,1,1,4,5,10,145,At Risk,365+ Days,6-10 Purchases,Very High
23824,Alice Haley,75,5,16716,1,4,3,4,11,434,Potential Loyalists,61-90 Days,3-5 Purchases,High
23856,Charles Bush,322,6,19419,1,2,4,5,11,245,At Risk,181-365 Days,6-10 Purchases,Very High
23885,Spencer Huang,66,9,19125,1,4,5,4,13,454,Champions,61-90 Days,6-10 Purchases,High
23893,Christopher Munoz,298,7,24184,1,2,5,5,12,255,At Risk,181-365 Days,6-10 Purchases,Very High
23911,Amy Avery,7,10,26858,1,5,5,5,15,555,Champions,0-30 Days,6-10 Purchases,Very High
23922,Donald Wilson,154,6,19327,1,3,4,5,12,345,Loyal Customers,91-180 Days,6-10 Purchases,Very High
23925,Richard Hardy,358,6,17408,1,2,4,4,10,244,At Risk,181-365 Days,6-10 Purchases,High
23926,Timothy Palmer,413,5,15052,1,2,3,4,9,234,At Risk,365+ Days,3-5 Purchases,High
23937,Tamara Gallegos,465,8,19751,1,1,5,5,11,155,At Risk,365+ Days,6-10 Purchases,Very High
23938,Christy Hale,121,8,24095,1,4,5,5,14,455,Champions,91-180 Days,6-10 Purchases,Very High
23947,Jeff Moon,393,5,17234,1,2,3,4,9,234,At Risk,365+ Days,3-5 Purchases,High
23957,Robert Martinez,287,7,18225,1,2,5,4,11,254,At Risk,181-365 Days,6-10 Purchases,High
23972,Jonathan Reid,143,6,23061,1,3,4,5,12,345,Loyal Customers,91-180 Days,6-10 Purchases,Very High
24003,Peggy Lewis,23,10,25849,1,5,5,5,15,555,Champions,0-30 Days,6-10 Purchases,Very High
24010,James Wright,28,4,16430,1,5,2,4,11,524,Potential Loyalists,0-30 Days,3-5 Purchases,High
24013,Jason Johnson,94,7,22302,1,4,5,5,14,455,Champions,91-180 Days,6-10 Purchases,Very High
24023,Bryan Bates,102,7,24166,1,4,5,5,14,455,Champions,91-180 Days,6-10 Purchases,Very High
24026,Lori Miller,185,7,16620,1,3,5,4,12,354,Loyal Customers,181-365 Days,6-10 Purchases,High
24081,Jacob Stewart,46,11,34345,1,5,5,5,15,555,Champions,31-60 Days,10+ Purchases,Very High
24083,Robert Atkinson,190,6,17663,1,3,4,4,11,344,Loyal Customers,181-365 Days,6-10 Purchases,High
24096,Zachary Bradley,221,7,23544,1,3,5,5,13,355,Loyal Customers,181-365 Days,6-10 Purchases,Very High
24135,Lauren Lopez,28,13,38315,1,5,5,5,15,555,Champions,0-30 Days,10+ Purchases,Very High
24151,Steven Thomas,31,8,21404,1,5,5,5,15,555,Champions,31-60 Days,6-10 Purchases,Very High
24154,Cindy Thomas,298,8,23429,1,2,5,5,12,255,At Risk,181-365 Days,6-10 Purchases,Very High
24161,Danny Wilkins,389,6,17402,1,2,4,4,10,244,At Risk,365+ Days,6-10 Purchases,High
24170,Mariah Washington,16,6,15460,1,5,4,4,13,544,Champions,0-30 Days,6-10 Purchases,High
24187,Kathleen Rodriguez,586,6,20017,1,1,4,5,10,145,At Risk,365+ Days,6-10 Purchases,Very High
24201,Cheryl Knight,127,13,38048,1,4,5,5,14,455,Champions,91-180 Days,10+ Purchases,Very High
24217,Joshua Lynch,86,5,17488,1,4,3,4,11,434,Potential Loyalists,61-90 Days,3-5 Purchases,High
24227,Mr. Shawn Pierce,394,5,19062,1,2,3,4,9,234,At Risk,365+ Days,3-5 Purchases,High
24228,Courtney Rogers,456,6,18796,1,1,4,4,9,144,At Risk,365+ Days,6-10 Purchases,High
24270,Phillip Harris,87,5,15682,1,4,3,4,11,434,Potential Loyalists,61-90 Days,3-5 Purchases,High
24293,Justin Howard,51,9,19074,1,5,5,4,14,554,Champions,31-60 Days,6-10 Purchases,High
24299,Timothy Johnson,218,8,28125,1,3,5,5,13,355,Loyal Customers,181-365 Days,6-10 Purchases,Very High
24316,Jessica Curry,56,12,33162,1,5,5,5,15,555,Champions,31-60 Days,10+ Purchases,Very High
24318,William Webster,317,7,22443,1,2,5,5,12,255,At Risk,181-365 Days,6-10 Purchases,Very High
24332,Erika Rodriguez,145,6,16032,1,3,4,4,11,344,Loyal Customers,91-180 Days,6-10 Purchases,High
24340,Michael Coleman,191,7,21507,1,3,5,5,13,355,Loyal Customers,181-365 Days,6-10 Purchases,Very High
24365,Jamie Williams,5,5,15011,1,5,3,4,12,534,Potential Loyalists,0-30 Days,3-5 Purchases,High
24375,Nicholas Turner,45,6,22131,1,5,4,5,14,545,Champions,31-60 Days,6-10 Purchases,Very High
24395,Lisa Maxwell,418,6,21202,1,2,4,5,11,245,At Risk,365+ Days,6-10 Purchases,Very High
24421,Brandon Garcia,242,7,21207,1,3,5,5,13,355,Loyal Customers,181-365 Days,6-10 Purchases,Very High
24427,Douglas Mcgee,243,6,22055,1,3,4,5,12,345,Loyal Customers,181-365 Days,6-10 Purchases,Very High
24446,Robert Sampson,185,8,23315,1,3,5,5,13,355,Loyal Customers,181-365 Days,6-10 Purchases,Very High
24448,Kelly Whitney,42,7,26768,1,5,5,5,15,555,Champions,31-60 Days,6-10 Purchases,Very High
24460,Jeffery Ward,55,7,18321,1,5,5,4,14,554,Champions,31-60 Days,6-10 Purchases,High
24461,Bobby Moore,262,7,21237,1,2,5,5,12,255,At Risk,181-365 Days,6-10 Purchases,Very High
24477,Joanna Delgado,446,5,15792,1,1,3,4,8,134,At Risk,365+ Days,3-5 Purchases,High
24494,Johnathan Lin,62,6,16652,1,4,4,4,12,444,Champions,61-90 Days,6-10 Purchases,High
24500,Angela Yates,270,5,15952,1,2,3,4,9,234,At Risk,181-365 Days,3-5 Purchases,High
24523,Anna Wheeler,35,8,22151,1,5,5,5,15,555,Champions,31-60 Days,6-10 Purchases,Very High
24524,Robert Anderson,353,6,17657,1,2,4,4,10,244,At Risk,181-365 Days,6-10 Purchases,High
24552,Taylor Ellis PhD,31,7,15072,1,5,5,4,14,554,Champions,31-60 Days,6-10 Purchases,High
24590,Wesley Gonzalez,219,7,18353,1,3,5,4,12,354,Loyal Customers,181-365 Days,6-10 Purchases,High
24608,Matthew Garza MD,223,6,16878,1,3,4,4,11,344,Loyal Customers,181-365 Days,6-10 Purchases,High
24613,Sharon Mcgee,239,8,20339,1,3,5,5,13,355,Loyal Customers,181-365 Days,6-10 Purchases,Very High
24617,Cheryl Hale,129,6,16047,1,4,4,4,12,444,Champions,91-180 Days,6-10 Purchases,High
24628,Kevin Hampton,187,7,19761,1,3,5,5,13,355,Loyal Customers,181-365 Days,6-10 Purchases,Very High
24665,Edward Vincent MD,9,6,16359,1,5,4,4,13,544,Champions,0-30 Days,6-10 Purchases,High
24671,Leslie Ellis MD,10,7,14808,1,5,5,4,14,554,Champions,0-30 Days,6-10 Purchases,High
24673,Joshua Williams MD,91,6,19607,1,4,4,5,13,445,Champions,91-180 Days,6-10 Purchases,Very High
24691,Craig Case,40,7,26272,1,5,5,5,15,555,Champions,31-60 Days,6-10 Purchases,Very High
24692,David Meyer,395,6,16605,1,2,4,4,10,244,At Risk,365+ Days,6-10 Purchases,High
24702,Shannon Gonzalez,16,8,27656,1,5,5,5,15,555,Champions,0-30 Days,6-10 Purchases,Very High
24704,Monica Duke,133,9,24832,1,4,5,5,14,455,Champions,91-180 Days,6-10 Purchases,Very High
24709,Mathew Sanchez,276,5,17599,1,2,3,4,9,234,At Risk,181-365 Days,3-5 Purchases,High
24718,Casey Harvey,22,5,18915,1,5,3,4,12,534,Potential Loyalists,0-30 Days,3-5 Purchases,High
24731,Kathleen White,128,5,15067,1,4,3,4,11,434,Potential Loyalists,91-180 Days,3-5 Purchases,High
24740,Andrew Baker,92,6,19344,1,4,4,5,13,445,Champions,91-180 Days,6-10 Purchases,Very High
24749,Roy Perez,93,7,19809,1,4,5,5,14,455,Champions,91-180 Days,6-10 Purchases,Very High
24753,Lisa Andrews,107,9,25758,1,4,5,5,14,455,Champions,91-180 Days,6-10 Purchases,Very High
24772,Matthew Brooks,147,6,15294,1,3,4,4,11,344,Loyal Customers,91-180 Days,6-10 Purchases,High
24774,Melissa Ross,226,5,17796,1,3,3,4,10,334,Need Attention,181-365 Days,3-5 Purchases,High
24776,Michael Schaefer,95,6,15153,1,4,4,4,12,444,Champions,91-180 Days,6-10 Purchases,High
24780,Mrs. Shannon Gibbs,82,6,15437,1,4,4,4,12,444,Champions,61-90 Days,6-10 Purchases,High
24784,Kristen Spencer,380,6,17395,1,2,4,4,10,244,At Risk,365+ Days,6-10 Purchases,High
24786,Christopher Lewis,286,7,19694,1,2,5,5,12,255,At Risk,181-365 Days,6-10 Purchases,Very High
24800,Shawn Vargas,61,10,28918,1,4,5,5,14,455,Champions,61-90 Days,6-10 Purchases,Very High
24818,Lee Jacobs,123,5,15939,1,4,3,4,11,434,Potential Loyalists,91-180 Days,3-5 Purchases,High
24836,Valerie Dominguez,34,7,19140,1,5,5,4,14,554,Champions,31-60 Days,6-10 Purchases,High
24842,Kirsten Adams,195,8,19745,1,3,5,5,13,355,Loyal Customers,181-365 Days,6-10 Purchases,Very High
24847,Timothy Simon,127,8,26487,1,4,5,5,14,455,Champions,91-180 Days,6-10 Purchases,Very High
24883,Angela Snyder,323,9,21593,1,2,5,5,12,255,At Risk,181-365 Days,6-10 Purchases,Very High
24924,Norman Gilmore,59,10,29018,1,5,5,5,15,555,Champions,31-60 Days,6-10 Purchases,Very High
24930,Matthew Baker,481,4,16509,1,1,2,4,7,124,Need Attention,365+ Days,3-5 Purchases,High
24935,Brittney Leon,4,8,31422,1,5,5,5,15,555,Champions,0-30 Days,6-10 Purchases,Very High
24937,Anna Collier,12,7,22028,1,5,5,5,15,555,Champions,0-30 Days,6-10 Purchases,Very High
24938,Janet Williamson,211,6,19525,1,3,4,5,12,345,Loyal Customers,181-365 Days,6-10 Purchases,Very High
24940,Samantha Moody,7,11,31331,1,5,5,5,15,555,Champions,0-30 Days,10+ Purchases,Very High
24947,Christina Daniels,90,5,15283,1,4,3,4,11,434,Potential Loyalists,61-90 Days,3-5 Purchases,High
24967,Donna Brown,270,4,16191,1,2,2,4,8,224,Need Attention,181-365 Days,3-5 Purchases,High
24982,Kimberly Lin,149,6,18995,1,3,4,4,11,344,Loyal Customers,91-180 Days,6-10 Purchases,High
24996,Aaron Kennedy,101,8,23611,1,4,5,5,14,455,Champions,91-180 Days,6-10 Purchases,Very High
25018,Michael Sullivan,325,6,15104,1,2,4,4,10,244,At Risk,181-365 Days,6-10 Purchases,High
25022,Desiree Solis,25,7,18167,1,5,5,4,14,554,Champions,0-30 Days,6-10 Purchases,High
25025,Brenda Melton,2,9,27390,1,5,5,5,15,555,Champions,0-30 Days,6-10 Purchases,Very High
25027,Jean Mccoy,28,7,18427,1,5,5,4,14,554,Champions,0-30 Days,6-10 Purchases,High
25028,Matthew Mcdaniel MD,20,6,17999,1,5,4,4,13,544,Champions,0-30 Days,6-10 Purchases,High
25044,Jonathan Hanson,86,11,29745,1,4,5,5,14,455,Champions,61-90 Days,10+ Purchases,Very High
25047,Paul Dodson,20,5,16740,1,5,3,4,12,534,Potential Loyalists,0-30 Days,3-5 Purchases,High
25054,Lisa Kelly,237,6,21538,1,3,4,5,12,345,Loyal Customers,181-365 Days,6-10 Purchases,Very High
25082,Adam Smith,81,6,16896,1,4,4,4,12,444,Champions,61-90 Days,6-10 Purchases,High
25105,John Smith,67,5,17596,1,4,3,4,11,434,Potential Loyalists,61-90 Days,3-5 Purchases,High
25111,Brian Stark,471,7,20385,1,1,5,5,11,155,At Risk,365+ Days,6-10 Purchases,Very High
25116,Janice Warren,30,9,26112,1,5,5,5,15,555,Champions,0-30 Days,6-10 Purchases,Very High
25142,Holly Herring,275,7,16258,1,2,5,4,11,254,At Risk,181-365 Days,6-10 Purchases,High
25147,James Moreno,80,7,18283,1,4,5,4,13,454,Champions,61-90 Days,6-10 Purchases,High
25155,Juan Reed,124,6,17144,1,4,4,4,12,444,Champions,91-180 Days,6-10 Purchases,High
25161,Debra Elliott,21,8,31054,1,5,5,5,15,555,Champions,0-30 Days,6-10 Purchases,Very High
25203,Victoria Hughes,54,6,17071,1,5,4,4,13,544,Champions,31-60 Days,6-10 Purchases,High
25222,Alexis Lopez,17,7,17901,1,5,5,4,14,554,Champions,0-30 Days,6-10 Purchases,High
25236,Darlene Smith,78,8,28934,1,4,5,5,14,455,Champions,61-90 Days,6-10 Purchases,Very High
25244,Kevin Ponce,10,8,20781,1,5,5,5,15,555,Champions,0-30 Days,6-10 Purchases,Very High
25295,Laurie Lopez,48,9,24805,1,5,5,5,15,555,Champions,31-60 Days,6-10 Purchases,Very High
25297,William Garcia,205,7,20701,1,3,5,5,13,355,Loyal Customers,181-365 Days,6-10 Purchases,Very High
25321,Thomas Rubio,141,9,26705,1,3,5,5,13,355,Loyal Customers,91-180 Days,6-10 Purchases,Very High
25328,Brian Gutierrez MD,43,12,34629,1,5,5,5,15,555,Champions,31-60 Days,10+ Purchases,Very High
25342,Kelly Jordan,632,6,17814,1,1,4,4,9,144,At Risk,365+ Days,6-10 Purchases,High
25368,Charles Clark,189,8,27537,1,3,5,5,13,355,Loyal Customers,181-365 Days,6-10 Purchases,Very High
25387,Patrick Anderson,43,4,15176,1,5,2,4,11,524,Potential Loyalists,31-60 Days,3-5 Purchases,High
25388,Alicia Stewart,376,7,15357,1,2,5,4,11,254,At Risk,365+ Days,6-10 Purchases,High
25404,Matthew Shaw,62,10,20722,1,4,5,5,14,455,Champions,61-90 Days,6-10 Purchases,Very High
25412,Scott Green,251,5,16993,1,2,3,4,9,234,At Risk,181-365 Days,3-5 Purchases,High
25413,Jennifer Lee,433,5,14864,1,1,3,4,8,134,At Risk,365+ Days,3-5 Purchases,High
25417,Jacqueline Graham,11,7,19073,1,5,5,4,14,554,Champions,0-30 Days,6-10 Purchases,High
25433,Michelle George,479,6,18029,1,1,4,4,9,144,At Risk,365+ Days,6-10 Purchases,High
25473,Erin Leonard,163,7,14808,1,3,5,4,12,354,Loyal Customers,91-180 Days,6-10 Purchases,High
25484,Donald Carter,29,8,19170,1,5,5,4,14,554,Champions,0-30 Days,6-10 Purchases,High
25493,Katherine Campbell,2,6,20105,1,5,4,5,14,545,Champions,0-30 Days,6-10 Purchases,Very High
25515,Tracy Wilson,177,7,17586,1,3,5,4,12,354,Loyal Customers,91-180 Days,6-10 Purchases,High
25521,Susan Kennedy,17,5,17460,1,5,3,4,12,534,Potential Loyalists,0-30 Days,3-5 Purchases,High
25526,Corey Ramos,126,8,15187,1,4,5,4,13,454,Champions,91-180 Days,6-10 Purchases,High
25544,Brian Gardner,123,9,20524,1,4,5,5,14,455,Champions,91-180 Days,6-10 Purchases,Very High
25578,Jennifer Lang,185,6,14872,1,3,4,4,11,344,Loyal Customers,181-365 Days,6-10 Purchases,High
25586,John Fitzgerald,33,7,16172,1,5,5,4,14,554,Champions,31-60 Days,6-10 Purchases,High
25600,Richard Schultz,236,5,16935,1,3,3,4,10,334,Need Attention,181-365 Days,3-5 Purchases,High
25631,Gregory Smith,119,7,21623,1,4,5,5,14,455,Champions,91-180 Days,6-10 Purchases,Very High
25633,Jennifer Kerr,611,7,17957,1,1,5,4,10,154,At Risk,365+ Days,6-10 Purchases,High
25640,Matthew Martin,144,6,23923,1,3,4,5,12,345,Loyal Customers,91-180 Days,6-10 Purchases,Very High
25647,Tiffany Tate,55,5,16410,1,5,3,4,12,534,Potential Loyalists,31-60 Days,3-5 Purchases,High
25649,Nicholas Hall,60,6,16110,1,4,4,4,12,444,Champions,31-60 Days,6-10 Purchases,High
25661,Karen Richmond,45,11,25233,1,5,5,5,15,555,Champions,31-60 Days,10+ Purchases,Very High
25666,Kevin Hubbard,36,6,20935,1,5,4,5,14,545,Champions,31-60 Days,6-10 Purchases,Very High
25675,Dr. Joel Banks MD,128,7,17865,1,4,5,4,13,454,Champions,91-180 Days,6-10 Purchases,High
25683,Sabrina Peck,45,6,22184,1,5,4,5,14,545,Champions,31-60 Days,6-10 Purchases,Very High
25705,Laura Rhodes,137,10,28189,1,3,5,5,13,355,Loyal Customers,91-180 Days,6-10 Purchases,Very High
25706,Carla Green,24,11,30165,1,5,5,5,15,555,Champions,0-30 Days,10+ Purchases,Very High
25722,Rebecca Rodriguez,51,10,34782,1,5,5,5,15,555,Champions,31-60 Days,6-10 Purchases,Very High
25724,Monica Kelly,27,5,22126,1,5,3,5,13,535,Potential Loyalists,0-30 Days,3-5 Purchases,Very High
25743,Douglas Mitchell,23,5,16180,1,5,3,4,12,534,Potential Loyalists,0-30 Days,3-5 Purchases,High
25757,Mrs. Michelle Maldonado,19,9,23770,1,5,5,5,15,555,Champions,0-30 Days,6-10 Purchases,Very High
25761,Jennifer Lewis,32,6,17588,1,5,4,4,13,544,Champions,31-60 Days,6-10 Purchases,High
25765,Mark Weeks,66,8,19778,1,4,5,5,14,455,Champions,61-90 Days,6-10 Purchases,Very High
25798,Yvette Garrison,197,8,26771,1,3,5,5,13,355,Loyal Customers,181-365 Days,6-10 Purchases,Very High
25844,Dale Ewing,134,7,16211,1,4,5,4,13,454,Champions,91-180 Days,6-10 Purchases,High
25847,Stephanie Simmons,91,5,15949,1,4,3,4,11,434,Potential Loyalists,91-180 Days,3-5 Purchases,High
25852,Tracy Cook,138,9,22721,1,3,5,5,13,355,Loyal Customers,91-180 Days,6-10 Purchases,Very High
25854,Diana Schultz,51,8,23680,1,5,5,5,15,555,Champions,31-60 Days,6-10 Purchases,Very High
25861,Phillip Santos,74,6,22877,1,4,4,5,13,445,Champions,61-90 Days,6-10 Purchases,Very High
25863,Steven Guerrero,69,5,17297,1,4,3,4,11,434,Potential Loyalists,61-90 Days,3-5 Purchases,High
25864,Alfred Lopez,215,9,21917,1,3,5,5,13,355,Loyal Customers,181-365 Days,6-10 Purchases,Very High
25871,Courtney May,399,6,16347,1,2,4,4,10,244,At Risk,365+ Days,6-10 Purchases,High
25875,Devin Dorsey,200,8,19945,1,3,5,5,13,355,Loyal Customers,181-365 Days,6-10 Purchases,Very High
25888,Alyssa Holloway,4,6,18547,1,5,4,4,13,544,Champions,0-30 Days,6-10 Purchases,High
25890,Justin Mcgee,53,5,17894,1,5,3,4,12,534,Potential Loyalists,31-60 Days,3-5 Purchases,High
25912,Dennis Lane Jr.,505,7,17413,1,1,5,4,10,154,At Risk,365+ Days,6-10 Purchases,High
25915,Aimee Gilbert,75,8,23692,1,4,5,5,14,455,Champions,61-90 Days,6-10 Purchases,Very High
25916,Ronald Shepherd,362,8,15475,1,2,5,4,11,254,At Risk,181-365 Days,6-10 Purchases,High
25938,Victor Bruce,183,7,24792,1,3,5,5,13,355,Loyal Customers,181-365 Days,6-10 Purchases,Very High
25947,Kelly Fitzpatrick,184,5,18443,1,3,3,4,10,334,Need Attention,181-365 Days,3-5 Purchases,High
25977,Lauren Miller,136,7,20584,1,4,5,5,14,455,Champions,91-180 Days,6-10 Purchases,Very High
25978,Tyler Nelson,721,6,16985,1,1,4,4,9,144,At Risk,365+ Days,6-10 Purchases,High
25982,Angela Leonard,42,7,21165,1,5,5,5,15,555,Champions,31-60 Days,6-10 Purchases,Very High
25996,Christopher Harper,14,7,21076,1,5,5,5,15,555,Champions,0-30 Days,6-10 Purchases,Very High
25999,Briana Sanchez,26,8,20054,1,5,5,5,15,555,Champions,0-30 Days,6-10 Purchases,Very High
26014,Sarah Smith,149,7,17303,1,3,5,4,12,354,Loyal Customers,91-180 Days,6-10 Purchases,High
26027,Jennifer Weaver,6,6,26233,1,5,4,5,14,545,Champions,0-30 Days,6-10 Purchases,Very High
26033,David Rodriguez,547,4,14929,1,1,2,4,7,124,Need Attention,365+ Days,3-5 Purchases,High
26059,Jamie Jensen,77,8,16031,1,4,5,4,13,454,Champions,61-90 Days,6-10 Purchases,High
26064,Denise Sanders,43,8,20732,1,5,5,5,15,555,Champions,31-60 Days,6-10 Purchases,Very High
26072,Jessica Harrison,182,5,17416,1,3,3,4,10,334,Need Attention,181-365 Days,3-5 Purchases,High
26080,Brandon Harrison,131,7,17562,1,4,5,4,13,454,Champions,91-180 Days,6-10 Purchases,High
26112,Lisa Crawford,113,6,14891,1,4,4,4,12,444,Champions,91-180 Days,6-10 Purchases,High
26117,Mary Randall,134,8,24640,1,4,5,5,14,455,Champions,91-180 Days,6-10 Purchases,Very High
26137,Rachel Kennedy,233,6,19093,1,3,4,4,11,344,Loyal Customers,181-365 Days,6-10 Purchases,High
26156,David Price,818,5,16594,1,1,3,4,8,134,At Risk,365+ Days,3-5 Purchases,High
26180,Jason Jackson,904,7,17149,1,1,5,4,10,154,At Risk,365+ Days,6-10 Purchases,High
26185,Calvin Bailey,145,5,15729,1,3,3,4,10,334,Need Attention,91-180 Days,3-5 Purchases,High
26193,Mercedes Russell,56,9,27801,1,5,5,5,15,555,Champions,31-60 Days,6-10 Purchases,Very High
26217,Ryan Castillo,259,9,25235,1,2,5,5,12,255,At Risk,181-365 Days,6-10 Purchases,Very High
26221,Scott Williams,109,10,23879,1,4,5,5,14,455,Champions,91-180 Days,6-10 Purchases,Very High
26239,Barbara Dunlap,196,5,18035,1,3,3,4,10,334,Need Attention,181-365 Days,3-5 Purchases,High
26245,Charles Huff,1,9,27059,1,5,5,5,15,555,Champions,0-30 Days,6-10 Purchases,Very High
26257,Kimberly Roberts,283,9,21517,1,2,5,5,12,255,At Risk,181-365 Days,6-10 Purchases,Very High
26293,Tracy Castillo,136,8,24117,1,4,5,5,14,455,Champions,91-180 Days,6-10 Purchases,Very High
26295,Nicholas Matthews,428,6,18510,1,1,4,4,9,144,At Risk,365+ Days,6-10 Purchases,High
26297,Lisa Wall,324,6,15781,1,2,4,4,10,244,At Risk,181-365 Days,6-10 Purchases,High
26315,Rachel Beck,225,5,16517,1,3,3,4,10,334,Need Attention,181-365 Days,3-5 Purchases,High
26326,Sandra Murphy,243,5,16307,1,2,3,4,9,234,At Risk,181-365 Days,3-5 Purchases,High
26334,Eric Watson,44,7,18887,1,5,5,4,14,554,Champions,31-60 Days,6-10 Purchases,High
26342,William Merritt,124,6,14827,1,4,4,4,12,444,Champions,91-180 Days,6-10 Purchases,High
26347,James Fox,461,7,21299,1,1,5,5,11,155,At Risk,365+ Days,6-10 Purchases,Very High
26360,Shelley Rios,78,6,15794,1,4,4,4,12,444,Champions,61-90 Days,6-10 Purchases,High
26365,Kyle Jacobs,210,11,30451,1,3,5,5,13,355,Loyal Customers,181-365 Days,10+ Purchases,Very High
26379,Jason Wright,209,6,16012,1,3,4,4,11,344,Loyal Customers,181-365 Days,6-10 Purchases,High
26415,Mitchell Page,202,7,17336,1,3,5,4,12,354,Loyal Customers,181-365 Days,6-10 Purchases,High
26425,Margaret Charles,28,9,31939,1,5,5,5,15,555,Champions,0-30 Days,6-10 Purchases,Very High
26475,Mark Phillips,62,9,24295,1,4,5,5,14,455,Champions,61-90 Days,6-10 Purchases,Very High
26476,Tara Munoz,44,6,16589,1,5,4,4,13,544,Champions,31-60 Days,6-10 Purchases,High
26521,Bobby Thomas,188,7,16769,1,3,5,4,12,354,Loyal Customers,181-365 Days,6-10 Purchases,High
26541,Guy Page,379,9,26898,1,2,5,5,12,255,At Risk,365+ Days,6-10 Purchases,Very High
26545,William Johnston,685,6,22462,1,1,4,5,10,145,At Risk,365+ Days,6-10 Purchases,Very High
26594,Michael Adams,61,6,17587,1,4,4,4,12,444,Champions,61-90 Days,6-10 Purchases,High
26619,Dr. Christopher Vaughan PhD,648,4,16417,1,1,2,4,7,124,Need Attention,365+ Days,3-5 Purchases,High
26629,James Lawson,148,5,18757,1,3,3,4,10,334,Need Attention,91-180 Days,3-5 Purchases,High
26633,Adam Johnson,152,8,28682,1,3,5,5,13,355,Loyal Customers,91-180 Days,6-10 Purchases,Very High
26681,Karen Alvarado,31,6,17857,1,5,4,4,13,544,Champions,31-60 Days,6-10 Purchases,High
26682,Jennifer Ward,141,6,18771,1,3,4,4,11,344,Loyal Customers,91-180 Days,6-10 Purchases,High
26697,James Brown,235,7,19834,1,3,5,5,13,355,Loyal Customers,181-365 Days,6-10 Purchases,Very High
26707,Jennifer Hill,325,9,28952,1,2,5,5,12,255,At Risk,181-365 Days,6-10 Purchases,Very High
26730,Cristina Medina,407,5,16104,1,2,3,4,9,234,At Risk,365+ Days,3-5 Purchases,High
26748,Diane Giles,107,10,20068,1,4,5,5,14,455,Champions,91-180 Days,6-10 Purchases,Very High
26756,Alexander French,112,6,20753,1,4,4,5,13,445,Champions,91-180 Days,6-10 Purchases,Very High
26762,Jack Johnson,11,5,17980,1,5,3,4,12,534,Potential Loyalists,0-30 Days,3-5 Purchases,High
26773,Taylor Hayes,119,8,23562,1,4,5,5,14,455,Champions,91-180 Days,6-10 Purchases,Very High
26800,Amanda Alvarado,245,6,22563,1,2,4,5,11,245,At Risk,181-365 Days,6-10 Purchases,Very High
26810,Michael Costa,261,4,15699,1,2,2,4,8,224,Need Attention,181-365 Days,3-5 Purchases,High
26811,Rebekah Harrison,174,7,17577,1,3,5,4,12,354,Loyal Customers,91-180 Days,6-10 Purchases,High
26815,Elizabeth Johnson,631,10,26261,1,1,5,5,11,155,At Risk,365+ Days,6-10 Purchases,Very High
26822,Tammy Perez,381,5,15383,1,2,3,4,9,234,At Risk,365+ Days,3-5 Purchases,High
26875,Jennifer Boyd,6,7,20002,1,5,5,5,15,555,Champions,0-30 Days,6-10 Purchases,Very High
26907,Kevin Wilson,45,7,18175,1,5,5,4,14,554,Champions,31-60 Days,6-10 Purchases,High
26911,Lisa Walker,63,6,19006,1,4,4,4,12,444,Champions,61-90 Days,6-10 Purchases,High
26912,Sandra Thompson,132,11,38523,1,4,5,5,14,455,Champions,91-180 Days,10+ Purchases,Very High
26962,Melvin Baker,456,6,26617,1,1,4,5,10,145,At Risk,365+ Days,6-10 Purchases,Very High
26985,Paul Bell,115,7,19256,1,4,5,4,13,454,Champions,91-180 Days,6-10 Purchases,High
26986,Robin Freeman,80,7,18912,1,4,5,4,13,454,Champions,61-90 Days,6-10 Purchases,High
27014,Cynthia Hamilton,28,9,29973,1,5,5,5,15,555,Champions,0-30 Days,6-10 Purchases,Very High
27034,Warren Delgado,85,7,24848,1,4,5,5,14,455,Champions,61-90 Days,6-10 Purchases,Very High
27051,Willie Gray,314,8,17873,1,2,5,4,11,254,At Risk,181-365 Days,6-10 Purchases,High
27065,Jeremy Hood,192,9,27225,1,3,5,5,13,355,Loyal Customers,181-365 Days,6-10 Purchases,Very High
27079,Brenda May,36,8,15021,1,5,5,4,14,554,Champions,31-60 Days,6-10 Purchases,High
27087,Lori Hunter,131,8,27207,1,4,5,5,14,455,Champions,91-180 Days,6-10 Purchases,Very High
27118,Mikayla Atkins,371,6,17560,1,2,4,4,10,244,At Risk,365+ Days,6-10 Purchases,High
27124,Carmen Rose MD,115,5,17530,1,4,3,4,11,434,Potential Loyalists,91-180 Days,3-5 Purchases,High
27126,Jennifer Martin,111,5,16785,1,4,3,4,11,434,Potential Loyalists,91-180 Days,3-5 Purchases,High
27185,Jeremy Carr,176,7,22409,1,3,5,5,13,355,Loyal Customers,91-180 Days,6-10 Purchases,Very High
27187,Joshua Wood,181,8,22276,1,3,5,5,13,355,Loyal Customers,181-365 Days,6-10 Purchases,Very High
27193,Rebecca Andrews,150,8,26383,1,3,5,5,13,355,Loyal Customers,91-180 Days,6-10 Purchases,Very High
27200,Timothy Crawford,46,11,28389,1,5,5,5,15,555,Champions,31-60 Days,10+ Purchases,Very High
27224,Diane York,430,4,15210,1,1,2,4,7,124,Need Attention,365+ Days,3-5 Purchases,High
27232,Mr. Chad George II,72,10,25413,1,4,5,5,14,455,Champions,61-90 Days,6-10 Purchases,Very High
27238,Andrew Taylor,53,8,16094,1,5,5,4,14,554,Champions,31-60 Days,6-10 Purchases,High
27268,Crystal Jensen,58,8,25279,1,5,5,5,15,555,Champions,31-60 Days,6-10 Purchases,Very High
27270,Tiffany Sutton,392,5,17281,1,2,3,4,9,234,At Risk,365+ Days,3-5 Purchases,High
27307,Ashley Ellis,20,7,16071,1,5,5,4,14,554,Champions,0-30 Days,6-10 Purchases,High
27311,Virginia Strong,40,8,21795,1,5,5,5,15,555,Champions,31-60 Days,6-10 Purchases,Very High
27314,Brittany Gay,133,8,16059,1,4,5,4,13,454,Champions,91-180 Days,6-10 Purchases,High
27325,Jennifer Johnson,49,6,18370,1,5,4,4,13,544,Champions,31-60 Days,6-10 Purchases,High
27348,Terrance Chavez,116,7,15700,1,4,5,4,13,454,Champions,91-180 Days,6-10 Purchases,High
27365,Bradley Ochoa,135,6,15135,1,4,4,4,12,444,Champions,91-180 Days,6-10 Purchases,High
27378,Sarah Galvan,56,5,15995,1,5,3,4,12,534,Potential Loyalists,31-60 Days,3-5 Purchases,High
27381,Megan Reed,334,6,18897,1,2,4,4,10,244,At Risk,181-365 Days,6-10 Purchases,High
27384,Matthew Walsh,268,7,22434,1,2,5,5,12,255,At Risk,181-365 Days,6-10 Purchases,Very High
27394,Elizabeth Obrien,195,7,24141,1,3,5,5,13,355,Loyal Customers,181-365 Days,6-10 Purchases,Very High
27407,Matthew Roberts,336,7,24412,1,2,5,5,12,255,At Risk,181-365 Days,6-10 Purchases,Very High
27419,Robert Reyes,282,10,26888,1,2,5,5,12,255,At Risk,181-365 Days,6-10 Purchases,Very High
27436,Danny Stone,31,6,19869,1,5,4,5,14,545,Champions,31-60 Days,6-10 Purchases,Very High
27442,Michael Evans,119,8,18834,1,4,5,4,13,454,Champions,91-180 Days,6-10 Purchases,High
27457,Kathryn Mejia,330,6,17216,1,2,4,4,10,244,At Risk,181-365 Days,6-10 Purchases,High
27467,Taylor Banks,27,5,16253,1,5,3,4,12,534,Potential Loyalists,0-30 Days,3-5 Purchases,High
27477,Charles Johnson,234,10,29697,1,3,5,5,13,355,Loyal Customers,181-365 Days,6-10 Purchases,Very High
27481,Joshua Schmidt,484,6,14881,1,1,4,4,9,144,At Risk,365+ Days,6-10 Purchases,High
27540,Miss Rachel Taylor,70,7,21129,1,4,5,5,14,455,Champions,61-90 Days,6-10 Purchases,Very High
27547,Janet Ibarra,73,9,19403,1,4,5,5,14,455,Champions,61-90 Days,6-10 Purchases,Very High
27562,Rachael Anderson,98,6,17994,1,4,4,4,12,444,Champions,91-180 Days,6-10 Purchases,High
27567,Laura Watson,210,6,15567,1,3,4,4,11,344,Loyal Customers,181-365 Days,6-10 Purchases,High
27594,Meghan Schmitt,71,7,17037,1,4,5,4,13,454,Champions,61-90 Days,6-10 Purchases,High
27595,Joanna Lopez,227,8,22997,1,3,5,5,13,355,Loyal Customers,181-365 Days,6-10 Purchases,Very High
27609,Melissa Khan,130,6,20676,1,4,4,5,13,445,Champions,91-180 Days,6-10 Purchases,Very High
27611,Thomas Dixon,351,5,15670,1,2,3,4,9,234,At Risk,181-365 Days,3-5 Purchases,High
27617,Rachel Harris,8,8,24171,1,5,5,5,15,555,Champions,0-30 Days,6-10 Purchases,Very High
27638,Jason Davis,66,8,33798,1,4,5,5,14,455,Champions,61-90 Days,6-10 Purchases,Very High
27653,Mason Cross MD,10,9,20850,1,5,5,5,15,555,Champions,0-30 Days,6-10 Purchases,Very High
27658,Annette Henry,555,7,26160,1,1,5,5,11,155,At Risk,365+ Days,6-10 Purchases,Very High
27679,Lisa Rodriguez,16,9,20731,1,5,5,5,15,555,Champions,0-30 Days,6-10 Purchases,Very High
27701,Thomas Smith,19,6,17172,1,5,4,4,13,544,Champions,0-30 Days,6-10 Purchases,High
27703,Stephanie Jackson,98,6,23581,1,4,4,5,13,445,Champions,91-180 Days,6-10 Purchases,Very High
27746,Suzanne Diaz,400,4,15832,1,2,2,4,8,224,Need Attention,365+ Days,3-5 Purchases,High
27754,David Chambers,154,9,23123,1,3,5,5,13,355,Loyal Customers,91-180 Days,6-10 Purchases,Very High
27779,Christopher Tucker,26,5,17467,1,5,3,4,12,534,Potential Loyalists,0-30 Days,3-5 Purchases,High
27817,Christine Richardson,301,5,16927,1,2,3,4,9,234,At Risk,181-365 Days,3-5 Purchases,High
27821,Timothy Thompson,34,8,19700,1,5,5,5,15,555,Champions,31-60 Days,6-10 Purchases,Very High
27831,Steven Robertson,48,10,31506,1,5,5,5,15,555,Champions,31-60 Days,6-10 Purchases,Very High
27841,Erik Brown,157,9,22459,1,3,5,5,13,355,Loyal Customers,91-180 Days,6-10 Purchases,Very High
27865,Mark Campbell,529,5,17511,1,1,3,4,8,134,At Risk,365+ Days,3-5 Purchases,High
27871,Anna Huynh,74,6,20657,1,4,4,5,13,445,Champions,61-90 Days,6-10 Purchases,Very High
27874,Crystal Murphy,181,6,15668,1,3,4,4,11,344,Loyal Customers,181-365 Days,6-10 Purchases,High
27876,Nicole Fisher,39,10,30916,1,5,5,5,15,555,Champions,31-60 Days,6-10 Purchases,Very High
27889,Benjamin Hurst,187,8,23568,1,3,5,5,13,355,Loyal Customers,181-365 Days,6-10 Purchases,Very High
27891,Samuel Kidd,256,8,18696,1,2,5,4,11,254,At Risk,181-365 Days,6-10 Purchases,High
27909,Darryl Vega,241,8,23364,1,3,5,5,13,355,Loyal Customers,181-365 Days,6-10 Purchases,Very High
27940,Brandy Valdez,344,8,29239,1,2,5,5,12,255,At Risk,181-365 Days,6-10 Purchases,Very High
27945,Samuel Smith,34,6,16636,1,5,4,4,13,544,Champions,31-60 Days,6-10 Purchases,High
27951,Courtney Thomas,86,8,27806,1,4,5,5,14,455,Champions,61-90 Days,6-10 Purchases,Very High
27956,Matthew Benton,83,9,25430,1,4,5,5,14,455,Champions,61-90 Days,6-10 Purchases,Very High
27958,Elizabeth Clark,246,6,15923,1,2,4,4,10,244,At Risk,181-365 Days,6-10 Purchases,High
27975,Donald Oliver,205,7,21370,1,3,5,5,13,355,Loyal Customers,181-365 Days,6-10 Purchases,Very High
27976,Sandra Guzman,73,9,20144,1,4,5,5,14,455,Champions,61-90 Days,6-10 Purchases,Very High
27992,Gloria Hicks,189,8,22073,1,3,5,5,13,355,Loyal Customers,181-365 Days,6-10 Purchases,Very High
28017,Juan Soto,153,10,28279,1,3,5,5,13,355,Loyal Customers,91-180 Days,6-10 Purchases,Very High
28079,Juan Bentley,243,6,18850,1,2,4,4,10,244,At Risk,181-365 Days,6-10 Purchases,High
28089,Adam Johnson,40,7,19332,1,5,5,5,15,555,Champions,31-60 Days,6-10 Purchases,Very High
28098,Michael Bell,116,8,21965,1,4,5,5,14,455,Champions,91-180 Days,6-10 Purchases,Very High
28099,Dustin Frazier,3,7,21075,1,5,5,5,15,555,Champions,0-30 Days,6-10 Purchases,Very High
28121,Nicole Golden,69,7,25686,1,4,5,5,14,455,Champions,61-90 Days,6-10 Purchases,Very High
28122,Jason Reynolds,102,6,16963,1,4,4,4,12,444,Champions,91-180 Days,6-10 Purchases,High
28130,Emily Byrd,5,5,15728,1,5,3,4,12,534,Potential Loyalists,0-30 Days,3-5 Purchases,High
28131,Kevin Campbell,129,7,16179,1,4,5,4,13,454,Champions,91-180 Days,6-10 Purchases,High
28139,Emily Howell,172,7,22620,1,3,5,5,13,355,Loyal Customers,91-180 Days,6-10 Purchases,Very High
28147,Scott Smith,103,5,17988,1,4,3,4,11,434,Potential Loyalists,91-180 Days,3-5 Purchases,High
28159,Erica Perez,85,6,18915,1,4,4,4,12,444,Champions,61-90 Days,6-10 Purchases,High
28160,Shawna Waters,166,7,17294,1,3,5,4,12,354,Loyal Customers,91-180 Days,6-10 Purchases,High
28162,Peter Jones,252,8,18445,1,2,5,4,11,254,At Risk,181-365 Days,6-10 Purchases,High
28173,Dr. Matthew Wright,49,8,17787,1,5,5,4,14,554,Champions,31-60 Days,6-10 Purchases,High
28178,Jonathan Humphrey,187,5,15392,1,3,3,4,10,334,Need Attention,181-365 Days,3-5 Purchases,High
28188,Emily Floyd,5,6,21451,1,5,4,5,14,545,Champions,0-30 Days,6-10 Purchases,Very High
28193,David Hester,518,8,23213,1,1,5,5,11,155,At Risk,365+ Days,6-10 Purchases,Very High
28200,Steven Fitzgerald,11,6,20863,1,5,4,5,14,545,Champions,0-30 Days,6-10 Purchases,Very High
28211,Carol Benson,59,8,22816,1,5,5,5,15,555,Champions,31-60 Days,6-10 Purchases,Very High
28214,Christopher Rodriguez,329,7,17842,1,2,5,4,11,254,At Risk,181-365 Days,6-10 Purchases,High
28240,Tyler Crosby,185,7,23978,1,3,5,5,13,355,Loyal Customers,181-365 Days,6-10 Purchases,Very High
28265,William Garza,468,5,14872,1,1,3,4,8,134,At Risk,365+ Days,3-5 Purchases,High
28283,Martha Gonzalez,257,6,18691,1,2,4,4,10,244,At Risk,181-365 Days,6-10 Purchases,High
28296,Michelle Rose,244,7,25858,1,2,5,5,12,255,At Risk,181-365 Days,6-10 Purchases,Very High
28322,James Mason,49,8,29125,1,5,5,5,15,555,Champions,31-60 Days,6-10 Purchases,Very High
28330,Matthew Garrett,59,8,19754,1,5,5,5,15,555,Champions,31-60 Days,6-10 Purchases,Very High
28337,Angie Webb,63,7,15724,1,4,5,4,13,454,Champions,61-90 Days,6-10 Purchases,High
28346,Angela Marshall,67,7,14972,1,4,5,4,13,454,Champions,61-90 Days,6-10 Purchases,High
28348,Raymond Hernandez,27,8,20865,1,5,5,5,15,555,Champions,0-30 Days,6-10 Purchases,Very High
28370,Brett Johnson,280,7,19958,1,2,5,5,12,255,At Risk,181-365 Days,6-10 Purchases,Very High
28372,Darlene Garcia,135,7,15597,1,4,5,4,13,454,Champions,91-180 Days,6-10 Purchases,High
28388,Timothy Scott,65,10,22711,1,4,5,5,14,455,Champions,61-90 Days,6-10 Purchases,Very High
28411,Brenda Olson,67,5,15311,1,4,3,4,11,434,Potential Loyalists,61-90 Days,3-5 Purchases,High
28416,Matthew Brennan,254,5,14852,1,2,3,4,9,234,At Risk,181-365 Days,3-5 Purchases,High
28430,John Bradley,291,8,23811,1,2,5,5,12,255,At Risk,181-365 Days,6-10 Purchases,Very High
28436,Stephen Martin,371,5,14998,1,2,3,4,9,234,At Risk,365+ Days,3-5 Purchases,High
28437,Rebecca Small,35,7,21278,1,5,5,5,15,555,Champions,31-60 Days,6-10 Purchases,Very High
28445,Jeffery Richardson,223,8,25669,1,3,5,5,13,355,Loyal Customers,181-365 Days,6-10 Purchases,Very High
28448,Jeremy Berg,531,7,20144,1,1,5,5,11,155,At Risk,365+ Days,6-10 Purchases,Very High
28459,Angelica Ford,262,7,15372,1,2,5,4,11,254,At Risk,181-365 Days,6-10 Purchases,High
28483,Stacy Lawson,106,6,16454,1,4,4,4,12,444,Champions,91-180 Days,6-10 Purchases,High
28485,Lisa Taylor,168,5,16376,1,3,3,4,10,334,Need Attention,91-180 Days,3-5 Purchases,High
28495,Michael Zuniga,66,6,15604,1,4,4,4,12,444,Champions,61-90 Days,6-10 Purchases,High
28503,Donna Miller,108,7,19640,1,4,5,5,14,455,Champions,91-180 Days,6-10 Purchases,Very High
28510,Johnny Brown,741,5,17672,1,1,3,4,8,134,At Risk,365+ Days,3-5 Purchases,High
28514,Erika Ward,266,5,16402,1,2,3,4,9,234,At Risk,181-365 Days,3-5 Purchases,High
28529,Mario Nicholson,235,7,15024,1,3,5,4,12,354,Loyal Customers,181-365 Days,6-10 Purchases,High
28547,Natasha Hansen,521,6,22056,1,1,4,5,10,145,At Risk,365+ Days,6-10 Purchases,Very High
28550,Nicholas Vargas,49,7,17336,1,5,5,4,14,554,Champions,31-60 Days,6-10 Purchases,High
28557,Katrina Black,171,7,19976,1,3,5,5,13,355,Loyal Customers,91-180 Days,6-10 Purchases,Very High
28559,Brandon Wallace,428,7,23426,1,1,5,5,11,155,At Risk,365+ Days,6-10 Purchases,Very High
28572,Tammy Cunningham,101,11,22671,1,4,5,5,14,455,Champions,91-180 Days,10+ Purchases,Very High
28582,Lawrence Ferguson,71,13,38123,1,4,5,5,14,455,Champions,61-90 Days,10+ Purchases,Very High
28610,Aaron Taylor,172,6,18622,1,3,4,4,11,344,Loyal Customers,91-180 Days,6-10 Purchases,High
28641,Larry Lane,181,6,18534,1,3,4,4,11,344,Loyal Customers,181-365 Days,6-10 Purchases,High
28647,Eric Sanchez,19,9,23388,1,5,5,5,15,555,Champions,0-30 Days,6-10 Purchases,Very High
28672,Jessica Hodges,107,5,14887,1,4,3,4,11,434,Potential Loyalists,91-180 Days,3-5 Purchases,High
28683,Joseph Lawrence,64,9,27777,1,4,5,5,14,455,Champions,61-90 Days,6-10 Purchases,Very High
28689,Sierra West,67,8,21567,1,4,5,5,14,455,Champions,61-90 Days,6-10 Purchases,Very High
28719,Brandon Garrett,131,5,17246,1,4,3,4,11,434,Potential Loyalists,91-180 Days,3-5 Purchases,High
28751,Curtis Brown,59,8,17151,1,5,5,4,14,554,Champions,31-60 Days,6-10 Purchases,High
28753,Michael Sanchez,127,7,18602,1,4,5,4,13,454,Champions,91-180 Days,6-10 Purchases,High
28773,Andrew Beck,158,5,20474,1,3,3,5,11,335,Need Attention,91-180 Days,3-5 Purchases,Very High
28783,Jessica Robles,603,7,14818,1,1,5,4,10,154,At Risk,365+ Days,6-10 Purchases,High
28800,Karl Bailey,145,5,16943,1,3,3,4,10,334,Need Attention,91-180 Days,3-5 Purchases,High
28812,Lisa Reed,24,9,21988,1,5,5,5,15,555,Champions,0-30 Days,6-10 Purchases,Very High
28821,Chad Miller,80,7,24647,1,4,5,5,14,455,Champions,61-90 Days,6-10 Purchases,Very High
28822,Michael Collins,82,7,17725,1,4,5,4,13,454,Champions,61-90 Days,6-10 Purchases,High
28847,Jeremy Johnson,567,7,26074,1,1,5,5,11,155,At Risk,365+ Days,6-10 Purchases,Very High
28850,Stephen Walls,22,5,20572,1,5,3,5,13,535,Potential Loyalists,0-30 Days,3-5 Purchases,Very High
28853,Michael Lopez,614,5,18225,1,1,3,4,8,134,At Risk,365+ Days,3-5 Purchases,High
28858,Donald Reynolds,228,7,24166,1,3,5,5,13,355,Loyal Customers,181-365 Days,6-10 Purchases,Very High
28867,Peter Moreno,190,7,21504,1,3,5,5,13,355,Loyal Customers,181-365 Days,6-10 Purchases,Very High
28892,Kenneth Carlson,465,5,15171,1,1,3,4,8,134,At Risk,365+ Days,3-5 Purchases,High
28911,Michele Stanton,63,7,27920,1,4,5,5,14,455,Champions,61-90 Days,6-10 Purchases,Very High
28913,Jordan Clark,44,6,14958,1,5,4,4,13,544,Champions,31-60 Days,6-10 Purchases,High
28916,Lori Hawkins,562,6,23042,1,1,4,5,10,145,At Risk,365+ Days,6-10 Purchases,Very High
28940,Alexander Chambers,9,6,17426,1,5,4,4,13,544,Champions,0-30 Days,6-10 Purchases,High
28975,Nicole Price,32,7,18940,1,5,5,4,14,554,Champions,31-60 Days,6-10 Purchases,High
28988,Robin Stout,149,12,28024,1,3,5,5,13,355,Loyal Customers,91-180 Days,10+ Purchases,Very High
29006,Suzanne Nunez MD,92,5,15667,1,4,3,4,11,434,Potential Loyalists,91-180 Days,3-5 Purchases,High
29011,Dana Le,205,7,21586,1,3,5,5,13,355,Loyal Customers,181-365 Days,6-10 Purchases,Very High
29026,Kristen Odom,77,8,22567,1,4,5,5,14,455,Champions,61-90 Days,6-10 Purchases,Very High
29047,Wesley Smith,447,6,20016,1,1,4,5,10,145,At Risk,365+ Days,6-10 Purchases,Very High
29048,Joshua Powell,530,5,16155,1,1,3,4,8,134,At Risk,365+ Days,3-5 Purchases,High
29049,Bryan Schaefer,58,7,23989,1,5,5,5,15,555,Champions,31-60 Days,6-10 Purchases,Very High
29064,Robert Clark,275,6,17349,1,2,4,4,10,244,At Risk,181-365 Days,6-10 Purchases,High
29090,Robert Anderson,139,8,24875,1,3,5,5,13,355,Loyal Customers,91-180 Days,6-10 Purchases,Very High
29093,Holly Jones,87,11,27975,1,4,5,5,14,455,Champions,61-90 Days,10+ Purchases,Very High
29131,Linda Pace,46,8,15993,1,5,5,4,14,554,Champions,31-60 Days,6-10 Purchases,High
29138,Hannah Gonzalez,310,5,18512,1,2,3,4,9,234,At Risk,181-365 Days,3-5 Purchases,High
29154,Nancy Brown,152,6,25408,1,3,4,5,12,345,Loyal Customers,91-180 Days,6-10 Purchases,Very High
29155,Dawn Torres,1,8,23592,1,5,5,5,15,555,Champions,0-30 Days,6-10 Purchases,Very High
29171,Austin Yang,48,7,17162,1,5,5,4,14,554,Champions,31-60 Days,6-10 Purchases,High
29172,Alfred Acosta,63,9,26828,1,4,5,5,14,455,Champions,61-90 Days,6-10 Purchases,Very High
29184,Allen Griffin,191,8,18291,1,3,5,4,12,354,Loyal Customers,181-365 Days,6-10 Purchases,High
29189,Amanda Terrell,78,6,16243,1,4,4,4,12,444,Champions,61-90 Days,6-10 Purchases,High
29194,Lori Wolfe,290,7,22528,1,2,5,5,12,255,At Risk,181-365 Days,6-10 Purchases,Very High
29197,Lori Chambers,342,7,19793,1,2,5,5,12,255,At Risk,181-365 Days,6-10 Purchases,Very High
29200,James Sanchez,21,4,15159,1,5,2,4,11,524,Potential Loyalists,0-30 Days,3-5 Purchases,High
29221,Sandra Kirby,358,6,20290,1,2,4,5,11,245,At Risk,181-365 Days,6-10 Purchases,Very High
29230,Nicholas Williams,262,7,14894,1,2,5,4,11,254,At Risk,181-365 Days,6-10 Purchases,High
29235,William Kim,204,8,20287,1,3,5,5,13,355,Loyal Customers,181-365 Days,6-10 Purchases,Very High
29248,Austin Hubbard,28,6,15688,1,5,4,4,13,544,Champions,0-30 Days,6-10 Purchases,High
29254,Emily Lloyd,130,7,19168,1,4,5,4,13,454,Champions,91-180 Days,6-10 Purchases,High
29265,David Payne,117,8,14953,1,4,5,4,13,454,Champions,91-180 Days,6-10 Purchases,High
29268,Kimberly Herrera,48,10,32438,1,5,5,5,15,555,Champions,31-60 Days,6-10 Purchases,Very High
29272,Lisa Lyons,301,8,28041,1,2,5,5,12,255,At Risk,181-365 Days,6-10 Purchases,Very High
29277,Gary Browning,68,8,21130,1,4,5,5,14,455,Champions,61-90 Days,6-10 Purchases,Very High
29278,Nicole Garcia DVM,31,7,19745,1,5,5,5,15,555,Champions,31-60 Days,6-10 Purchases,Very High
29279,Maria Gross,63,9,26660,1,4,5,5,14,455,Champions,61-90 Days,6-10 Purchases,Very High
29285,Susan Smith,283,8,21986,1,2,5,5,12,255,At Risk,181-365 Days,6-10 Purchases,Very High
29345,Keith Roberts,139,5,19066,1,3,3,4,10,334,Need Attention,91-180 Days,3-5 Purchases,High
29372,Jorge Patel,39,11,16692,1,5,5,4,14,554,Champions,31-60 Days,10+ Purchases,High
29399,Austin Blackwell,182,5,15604,1,3,3,4,10,334,Need Attention,181-365 Days,3-5 Purchases,High
29411,Kelli Brown,63,8,23593,1,4,5,5,14,455,Champions,61-90 Days,6-10 Purchases,Very High
29413,Melissa Gilbert,4,6,16800,1,5,4,4,13,544,Champions,0-30 Days,6-10 Purchases,High
29418,Laura Green,167,7,16058,1,3,5,4,12,354,Loyal Customers,91-180 Days,6-10 Purchases,High
29421,Kelly Rodriguez PhD,401,7,20204,1,2,5,5,12,255,At Risk,365+ Days,6-10 Purchases,Very High
29433,Colleen Kennedy,134,8,22019,1,4,5,5,14,455,Champions,91-180 Days,6-10 Purchases,Very High
29443,Alan Peters,539,9,22542,1,1,5,5,11,155,At Risk,365+ Days,6-10 Purchases,Very High
29453,David Riley,204,7,25596,1,3,5,5,13,355,Loyal Customers,181-365 Days,6-10 Purchases,Very High
29469,Mrs. Natalie Morris,16,4,15405,1,5,2,4,11,524,Potential Loyalists,0-30 Days,3-5 Purchases,High
29474,Sharon Thompson,122,8,20186,1,4,5,5,14,455,Champions,91-180 Days,6-10 Purchases,Very High
29517,Peter Jackson,20,7,19984,1,5,5,5,15,555,Champions,0-30 Days,6-10 Purchases,Very High
29561,Michael Martin,47,6,19328,1,5,4,5,14,545,Champions,31-60 Days,6-10 Purchases,Very High
29565,Christopher Ballard,397,10,27651,1,2,5,5,12,255,At Risk,365+ Days,6-10 Purchases,Very High
29587,Malik Norris,191,8,19532,1,3,5,5,13,355,Loyal Customers,181-365 Days,6-10 Purchases,Very High
29600,Russell Montes,628,5,19672,1,1,3,5,9,135,At Risk,365+ Days,3-5 Purchases,Very High
29603,Daniel Barron,19,5,15211,1,5,3,4,12,534,Potential Loyalists,0-30 Days,3-5 Purchases,High
29612,Jennifer Brown,340,11,33241,1,2,5,5,12,255,At Risk,181-365 Days,10+ Purchases,Very High
29614,Elizabeth Davis,13,7,15316,1,5,5,4,14,554,Champions,0-30 Days,6-10 Purchases,High
29639,Sharon Moreno,97,8,28694,1,4,5,5,14,455,Champions,91-180 Days,6-10 Purchases,Very High
29678,Ethan Bradley,85,10,28700,1,4,5,5,14,455,Champions,61-90 Days,6-10 Purchases,Very High
29679,Tammy Watkins,237,6,14817,1,3,4,4,11,344,Loyal Customers,181-365 Days,6-10 Purchases,High
29681,Marcus Dixon MD,192,8,22896,1,3,5,5,13,355,Loyal Customers,181-365 Days,6-10 Purchases,Very High
29711,Brenda Wright,331,4,15304,1,2,2,4,8,224,Need Attention,181-365 Days,3-5 Purchases,High
29714,Juan King,49,9,27766,1,5,5,5,15,555,Champions,31-60 Days,6-10 Purchases,Very High
29716,David Williamson,13,8,22540,1,5,5,5,15,555,Champions,0-30 Days,6-10 Purchases,Very High
29717,Tony Ramos,33,8,23965,1,5,5,5,15,555,Champions,31-60 Days,6-10 Purchases,Very High
29724,Jason Johnson,298,8,18714,1,2,5,4,11,254,At Risk,181-365 Days,6-10 Purchases,High
29732,Brittany Zamora,234,4,14928,1,3,2,4,9,324,Need Attention,181-365 Days,3-5 Purchases,High
29747,Catherine Shah,105,6,14984,1,4,4,4,12,444,Champions,91-180 Days,6-10 Purchases,High
29770,Benjamin Robinson,99,8,23130,1,4,5,5,14,455,Champions,91-180 Days,6-10 Purchases,Very High
29773,Rita Martinez,5,8,23334,1,5,5,5,15,555,Champions,0-30 Days,6-10 Purchases,Very High
29775,Dr. Melissa Garcia,25,11,17313,1,5,5,4,14,554,Champions,0-30 Days,10+ Purchases,High
29777,Amy Smith,73,7,17306,1,4,5,4,13,454,Champions,61-90 Days,6-10 Purchases,High
29826,Willie Cruz,461,6,15319,1,1,4,4,9,144,At Risk,365+ Days,6-10 Purchases,High
29827,Monica Miller,156,8,21861,1,3,5,5,13,355,Loyal Customers,91-180 Days,6-10 Purchases,Very High
29828,Kelly Martin,63,7,17374,1,4,5,4,13,454,Champions,61-90 Days,6-10 Purchases,High
29840,Cindy Huff,181,5,18384,1,3,3,4,10,334,Need Attention,181-365 Days,3-5 Purchases,High
29852,Jorge Lee,210,4,15790,1,3,2,4,9,324,Need Attention,181-365 Days,3-5 Purchases,High
29857,Eric Johnson,187,8,27270,1,3,5,5,13,355,Loyal Customers,181-365 Days,6-10 Purchases,Very High
29871,Denise Rodriguez,114,8,21025,1,4,5,5,14,455,Champions,91-180 Days,6-10 Purchases,Very High
29876,Jessica Ortega,76,10,24229,1,4,5,5,14,455,Champions,61-90 Days,6-10 Purchases,Very High
29880,Nancy Coffey,48,7,22425,1,5,5,5,15,555,Champions,31-60 Days,6-10 Purchases,Very High
29897,Timothy Keller,23,9,30258,1,5,5,5,15,555,Champions,0-30 Days,6-10 Purchases,Very High
29902,Jennifer Hale,409,6,15146,1,2,4,4,10,244,At Risk,365+ Days,6-10 Purchases,High
29941,Brandy Villanueva,212,7,20630,1,3,5,5,13,355,Loyal Customers,181-365 Days,6-10 Purchases,Very High
29953,Kimberly Eaton,6,6,16244,1,5,4,4,13,544,Champions,0-30 Days,6-10 Purchases,High
29975,James Schwartz DDS,12,5,16140,1,5,3,4,12,534,Potential Loyalists,0-30 Days,3-5 Purchases,High
29976,David Bradley,351,7,22540,1,2,5,5,12,255,At Risk,181-365 Days,6-10 Purchases,Very High
29979,Melanie Bailey,373,6,18649,1,2,4,4,10,244,At Risk,365+ Days,6-10 Purchases,High
29981,Juan Reed,43,11,31765,1,5,5,5,15,555,Champions,31-60 Days,10+ Purchases,Very High
29989,Charles Tyler,206,6,15728,1,3,4,4,11,344,Loyal Customers,181-365 Days,6-10 Purchases,High
30019,Randy Russell,97,6,18080,1,4,4,4,12,444,Champions,91-180 Days,6-10 Purchases,High
30022,Jacqueline Hernandez,23,6,23103,1,5,4,5,14,545,Champions,0-30 Days,6-10 Purchases,Very High
30054,Alyssa Brown,83,6,19841,1,4,4,5,13,445,Champions,61-90 Days,6-10 Purchases,Very High
30105,Laura Hill,251,9,34286,1,2,5,5,12,255,At Risk,181-365 Days,6-10 Purchases,Very High
30144,Justin Craig,75,6,22016,1,4,4,5,13,445,Champions,61-90 Days,6-10 Purchases,Very High
30151,Kelly Myers,186,9,26805,1,3,5,5,13,355,Loyal Customers,181-365 Days,6-10 Purchases,Very High
30171,Kevin Williams,186,7,19644,1,3,5,5,13,355,Loyal Customers,181-365 Days,6-10 Purchases,Very High
30177,Susan Evans,43,7,18030,1,5,5,4,14,554,Champions,31-60 Days,6-10 Purchases,High
30199,Jay Brown,375,7,26583,1,2,5,5,12,255,At Risk,365+ Days,6-10 Purchases,Very High
30264,Erica Zamora,142,7,20319,1,3,5,5,13,355,Loyal Customers,91-180 Days,6-10 Purchases,Very High
30277,John Smith,79,10,30352,1,4,5,5,14,455,Champions,61-90 Days,6-10 Purchases,Very High
30283,Jamie Smith,279,7,19594,1,2,5,5,12,255,At Risk,181-365 Days,6-10 Purchases,Very High
30300,Brian Watts,11,9,17950,1,5,5,4,14,554,Champions,0-30 Days,6-10 Purchases,High
30308,Michael Mccormick,44,8,18575,1,5,5,4,14,554,Champions,31-60 Days,6-10 Purchases,High
30328,Sandra Brooks,64,5,15909,1,4,3,4,11,434,Potential Loyalists,61-90 Days,3-5 Purchases,High
30331,Elijah Mcdonald,419,5,15569,1,2,3,4,9,234,At Risk,365+ Days,3-5 Purchases,High
30345,Helen Castaneda,7,7,20291,1,5,5,5,15,555,Champions,0-30 Days,6-10 Purchases,Very High
30347,Steven Hall,478,6,18884,1,1,4,4,9,144,At Risk,365+ Days,6-10 Purchases,High
30361,Daniel Salazar,184,10,26906,1,3,5,5,13,355,Loyal Customers,181-365 Days,6-10 Purchases,Very High
30366,Joel Dennis,135,6,15575,1,4,4,4,12,444,Champions,91-180 Days,6-10 Purchases,High
30384,Tiffany Santiago,21,6,19066,1,5,4,4,13,544,Champions,0-30 Days,6-10 Purchases,High
30394,Lori Ramirez,222,7,15393,1,3,5,4,12,354,Loyal Customers,181-365 Days,6-10 Purchases,High
30401,Peter Donovan,256,7,16137,1,2,5,4,11,254,At Risk,181-365 Days,6-10 Purchases,High
30415,Carmen Miller,678,5,14898,1,1,3,4,8,134,At Risk,365+ Days,3-5 Purchases,High
30419,Katie Martinez,80,7,19796,1,4,5,5,14,455,Champions,61-90 Days,6-10 Purchases,Very High
30426,Aaron Alexander,49,8,28677,1,5,5,5,15,555,Champions,31-60 Days,6-10 Purchases,Very High
30452,Kathryn Andersen,288,6,16414,1,2,4,4,10,244,At Risk,181-365 Days,6-10 Purchases,High
30472,Robert Vazquez,126,7,15511,1,4,5,4,13,454,Champions,91-180 Days,6-10 Purchases,High
30482,Charles Watson,172,5,16308,1,3,3,4,10,334,Need Attention,91-180 Days,3-5 Purchases,High
30495,Jaclyn Foley,192,8,32700,1,3,5,5,13,355,Loyal Customers,181-365 Days,6-10 Purchases,Very High
30510,Christopher Brooks,53,4,17148,1,5,2,4,11,524,Potential Loyalists,31-60 Days,3-5 Purchases,High
30515,Amanda Payne,295,6,22490,1,2,4,5,11,245,At Risk,181-365 Days,6-10 Purchases,Very High
30517,Eileen Weiss,28,9,24141,1,5,5,5,15,555,Champions,0-30 Days,6-10 Purchases,Very High
30527,April Dixon,34,8,30541,1,5,5,5,15,555,Champions,31-60 Days,6-10 Purchases,Very High
30533,Richard Diaz,352,6,16635,1,2,4,4,10,244,At Risk,181-365 Days,6-10 Purchases,High
30558,Charles Mcdonald,29,7,19865,1,5,5,5,15,555,Champions,0-30 Days,6-10 Purchases,Very High
30561,Miguel Parsons,79,7,17701,1,4,5,4,13,454,Champions,61-90 Days,6-10 Purchases,High
30571,Kristie Rodriguez,28,8,22121,1,5,5,5,15,555,Champions,0-30 Days,6-10 Purchases,Very High
30582,Summer Wilson,175,7,23640,1,3,5,5,13,355,Loyal Customers,91-180 Days,6-10 Purchases,Very High
30589,Gregory Webb,465,6,15118,1,1,4,4,9,144,At Risk,365+ Days,6-10 Purchases,High
30602,Tyler Singh,35,5,16116,1,5,3,4,12,534,Potential Loyalists,31-60 Days,3-5 Purchases,High
30612,Jennifer Smith,207,5,18225,1,3,3,4,10,334,Need Attention,181-365 Days,3-5 Purchases,High
30614,Adam Hughes,179,5,14940,1,3,3,4,10,334,Need Attention,91-180 Days,3-5 Purchases,High
30644,Mrs. Morgan Taylor,108,6,15227,1,4,4,4,12,444,Champions,91-180 Days,6-10 Purchases,High
30662,Edward Ellis,179,5,16946,1,3,3,4,10,334,Need Attention,91-180 Days,3-5 Purchases,High
30688,Tara Ryan,714,5,18891,1,1,3,4,8,134,At Risk,365+ Days,3-5 Purchases,High
30691,Jason Bishop,139,4,16389,1,3,2,4,9,324,Need Attention,91-180 Days,3-5 Purchases,High
30695,William Sawyer,40,7,21202,1,5,5,5,15,555,Champions,31-60 Days,6-10 Purchases,Very High
30696,Charles Torres,142,6,17602,1,3,4,4,11,344,Loyal Customers,91-180 Days,6-10 Purchases,High
30704,William Graham,174,9,24060,1,3,5,5,13,355,Loyal Customers,91-180 Days,6-10 Purchases,Very High
30720,Rebekah Garcia,58,6,17037,1,5,4,4,13,544,Champions,31-60 Days,6-10 Purchases,High
30733,Eric Hunt,31,8,18077,1,5,5,4,14,554,Champions,31-60 Days,6-10 Purchases,High
30759,April Marshall DDS,507,5,21350,1,1,3,5,9,135,At Risk,365+ Days,3-5 Purchases,Very High
30773,Matthew Carpenter,59,6,18015,1,5,4,4,13,544,Champions,31-60 Days,6-10 Purchases,High
30786,Angela Patel,304,8,21281,1,2,5,5,12,255,At Risk,181-365 Days,6-10 Purchases,Very High
30795,Christopher Harris,27,6,17424,1,5,4,4,13,544,Champions,0-30 Days,6-10 Purchases,High
30799,Tara Gardner,169,7,17190,1,3,5,4,12,354,Loyal Customers,91-180 Days,6-10 Purchases,High
30807,Charlene Evans,17,5,16883,1,5,3,4,12,534,Potential Loyalists,0-30 Days,3-5 Purchases,High
30808,Chelsea Fletcher,310,7,23467,1,2,5,5,12,255,At Risk,181-365 Days,6-10 Purchases,Very High
30820,Holly Johnson,443,5,19745,1,1,3,5,9,135,At Risk,365+ Days,3-5 Purchases,Very High
30863,Joseph Fox,167,5,15185,1,3,3,4,10,334,Need Attention,91-180 Days,3-5 Purchases,High
30890,Andrea Espinoza,268,6,16599,1,2,4,4,10,244,At Risk,181-365 Days,6-10 Purchases,High
30894,Victoria Schaefer,232,8,15708,1,3,5,4,12,354,Loyal Customers,181-365 Days,6-10 Purchases,High
30905,Cynthia Benson,5,9,30179,1,5,5,5,15,555,Champions,0-30 Days,6-10 Purchases,Very High
30926,Kathryn Mccormick,58,9,30840,1,5,5,5,15,555,Champions,31-60 Days,6-10 Purchases,Very High
30945,Linda Bauer,266,5,15294,1,2,3,4,9,234,At Risk,181-365 Days,3-5 Purchases,High
30960,April Sampson,67,7,15819,1,4,5,4,13,454,Champions,61-90 Days,6-10 Purchases,High
30977,Cynthia Turner,230,8,27704,1,3,5,5,13,355,Loyal Customers,181-365 Days,6-10 Purchases,Very High
30996,Kelli Kerr,90,10,25019,1,4,5,5,14,455,Champions,61-90 Days,6-10 Purchases,Very High
30999,Cheryl Reynolds,122,9,20731,1,4,5,5,14,455,Champions,91-180 Days,6-10 Purchases,Very High
31001,Lori Ferguson,245,5,17996,1,2,3,4,9,234,At Risk,181-365 Days,3-5 Purchases,High
31011,Jason Dixon,122,4,16179,1,4,2,4,10,424,Potential Loyalists,91-180 Days,3-5 Purchases,High
31014,Wesley Herrera,125,10,17040,1,4,5,4,13,454,Champions,91-180 Days,6-10 Purchases,High
31045,Joseph Conner,128,7,15914,1,4,5,4,13,454,Champions,91-180 Days,6-10 Purchases,High
31064,Margaret Hernandez,393,4,15828,1,2,2,4,8,224,Need Attention,365+ Days,3-5 Purchases,High
31065,Daniel Brown,68,8,16974,1,4,5,4,13,454,Champions,61-90 Days,6-10 Purchases,High
31076,Gabriela Baxter,12,8,22298,1,5,5,5,15,555,Champions,0-30 Days,6-10 Purchases,Very High
31083,Katherine Garner,186,6,17702,1,3,4,4,11,344,Loyal Customers,181-365 Days,6-10 Purchases,High
31088,Amy Miller,215,6,16834,1,3,4,4,11,344,Loyal Customers,181-365 Days,6-10 Purchases,High
31116,Erik Buckley,250,7,18717,1,2,5,4,11,254,At Risk,181-365 Days,6-10 Purchases,High
31125,Megan Meyers,615,5,15525,1,1,3,4,8,134,At Risk,365+ Days,3-5 Purchases,High
31137,Kimberly Rodriguez,455,6,16303,1,1,4,4,9,144,At Risk,365+ Days,6-10 Purchases,High
31140,Justin Jackson,226,7,21223,1,3,5,5,13,355,Loyal Customers,181-365 Days,6-10 Purchases,Very High
31144,Erin Rivera,159,4,16983,1,3,2,4,9,324,Need Attention,91-180 Days,3-5 Purchases,High
31148,Daniel Brown,146,6,16375,1,3,4,4,11,344,Loyal Customers,91-180 Days,6-10 Purchases,High
31179,Sierra Fox,164,5,14865,1,3,3,4,10,334,Need Attention,91-180 Days,3-5 Purchases,High
31181,Bailey Jones,26,5,14904,1,5,3,4,12,534,Potential Loyalists,0-30 Days,3-5 Purchases,High
31203,Sarah Nguyen,471,5,14913,1,1,3,4,8,134,At Risk,365+ Days,3-5 Purchases,High
31209,Mrs. Stephanie Simpson,193,6,19964,1,3,4,5,12,345,Loyal Customers,181-365 Days,6-10 Purchases,Very High
31218,Michael Garcia,81,8,19399,1,4,5,5,14,455,Champions,61-90 Days,6-10 Purchases,Very High
31224,Allison Durham,84,7,19471,1,4,5,5,14,455,Champions,61-90 Days,6-10 Purchases,Very High
31242,Michael Butler,230,5,17104,1,3,3,4,10,334,Need Attention,181-365 Days,3-5 Purchases,High
31244,Aimee Hicks,249,9,20986,1,2,5,5,12,255,At Risk,181-365 Days,6-10 Purchases,Very High
31255,Paul Davis,168,5,15976,1,3,3,4,10,334,Need Attention,91-180 Days,3-5 Purchases,High
31265,James Pruitt,74,7,27766,1,4,5,5,14,455,Champions,61-90 Days,6-10 Purchases,Very High
31271,Randy Hayes,100,5,17607,1,4,3,4,11,434,Potential Loyalists,91-180 Days,3-5 Purchases,High
31288,Christina Perez,41,6,14953,1,5,4,4,13,544,Champions,31-60 Days,6-10 Purchases,High
31301,Kelly Edwards DDS,152,8,19225,1,3,5,4,12,354,Loyal Customers,91-180 Days,6-10 Purchases,High
31323,Meagan Anderson,175,7,16359,1,3,5,4,12,354,Loyal Customers,91-180 Days,6-10 Purchases,High
31339,Christine Ho,415,6,16175,1,2,4,4,10,244,At Risk,365+ Days,6-10 Purchases,High
31341,Lauren Gardner,116,9,30085,1,4,5,5,14,455,Champions,91-180 Days,6-10 Purchases,Very High
31345,Michelle Ballard,64,8,25638,1,4,5,5,14,455,Champions,61-90 Days,6-10 Purchases,Very High
31355,Kimberly Smith,241,4,15442,1,3,2,4,9,324,Need Attention,181-365 Days,3-5 Purchases,High
31372,Leslie Leon,150,5,14920,1,3,3,4,10,334,Need Attention,91-180 Days,3-5 Purchases,High
31377,Randy Patterson,225,5,18031,1,3,3,4,10,334,Need Attention,181-365 Days,3-5 Purchases,High
31379,Abigail Christensen,340,5,15276,1,2,3,4,9,234,At Risk,181-365 Days,3-5 Purchases,High
31422,Robert Duran,114,9,21205,1,4,5,5,14,455,Champions,91-180 Days,6-10 Purchases,Very High
31444,Gregory Landry,193,8,24757,1,3,5,5,13,355,Loyal Customers,181-365 Days,6-10 Purchases,Very High
31454,Crystal Clay,28,11,21830,1,5,5,5,15,555,Champions,0-30 Days,10+ Purchases,Very High
31459,Lance Nash,5,12,38847,1,5,5,5,15,555,Champions,0-30 Days,10+ Purchases,Very High
31464,Steven Evans,45,6,19226,1,5,4,4,13,544,Champions,31-60 Days,6-10 Purchases,High
31490,Catherine Baxter,169,7,25387,1,3,5,5,13,355,Loyal Customers,91-180 Days,6-10 Purchases,Very High
31492,Allison Smith,68,6,15896,1,4,4,4,12,444,Champions,61-90 Days,6-10 Purchases,High
31505,Rebecca Braun,170,9,18667,1,3,5,4,12,354,Loyal Customers,91-180 Days,6-10 Purchases,High
31512,Jason Ramos,47,7,18540,1,5,5,4,14,554,Champions,31-60 Days,6-10 Purchases,High
31522,Matthew Gonzalez,355,5,18333,1,2,3,4,9,234,At Risk,181-365 Days,3-5 Purchases,High
31530,Joseph Taylor,121,7,22224,1,4,5,5,14,455,Champions,91-180 Days,6-10 Purchases,Very High
31533,Bobby Mcguire,97,7,18632,1,4,5,4,13,454,Champions,91-180 Days,6-10 Purchases,High
31543,William Gray,163,9,30779,1,3,5,5,13,355,Loyal Customers,91-180 Days,6-10 Purchases,Very High
31549,Crystal Mcdaniel,139,6,15931,1,3,4,4,11,344,Loyal Customers,91-180 Days,6-10 Purchases,High
31558,Candice Buck,97,6,19009,1,4,4,4,12,444,Champions,91-180 Days,6-10 Purchases,High
31564,Gerald Arnold,352,9,24732,1,2,5,5,12,255,At Risk,181-365 Days,6-10 Purchases,Very High
31573,Daniel Hodges,75,5,17627,1,4,3,4,11,434,Potential Loyalists,61-90 Days,3-5 Purchases,High
31580,Sean Miller,140,6,20957,1,3,4,5,12,345,Loyal Customers,91-180 Days,6-10 Purchases,Very High
31609,Andrew Newton,2,6,18854,1,5,4,4,13,544,Champions,0-30 Days,6-10 Purchases,High
31658,Jennifer Ryan,216,7,19521,1,3,5,5,13,355,Loyal Customers,181-365 Days,6-10 Purchases,Very High
31683,James Black,182,6,17359,1,3,4,4,11,344,Loyal Customers,181-365 Days,6-10 Purchases,High
31685,Rebecca Case,360,9,19576,1,2,5,5,12,255,At Risk,181-365 Days,6-10 Purchases,Very High
31687,Kim Osborne,104,6,16007,1,4,4,4,12,444,Champions,91-180 Days,6-10 Purchases,High
31716,David Chavez,69,8,20701,1,4,5,5,14,455,Champions,61-90 Days,6-10 Purchases,Very High
31723,Jason Bryant,135,6,20925,1,4,4,5,13,445,Champions,91-180 Days,6-10 Purchases,Very High
31732,Raymond Rhodes,67,5,16245,1,4,3,4,11,434,Potential Loyalists,61-90 Days,3-5 Purchases,High
31771,Jaime Cannon,16,7,18410,1,5,5,4,14,554,Champions,0-30 Days,6-10 Purchases,High
31804,Christopher Wagner,192,10,25511,1,3,5,5,13,355,Loyal Customers,181-365 Days,6-10 Purchases,Very High
31818,Joseph Gutierrez,505,5,15792,1,1,3,4,8,134,At Risk,365+ Days,3-5 Purchases,High
31830,Jamie Hardy,361,6,23863,1,2,4,5,11,245,At Risk,181-365 Days,6-10 Purchases,Very High
31846,Brett Spence,259,6,15589,1,2,4,4,10,244,At Risk,181-365 Days,6-10 Purchases,High
31850,Ernest Ball,29,7,18799,1,5,5,4,14,554,Champions,0-30 Days,6-10 Purchases,High
31878,Shannon Duncan,10,13,28133,1,5,5,5,15,555,Champions,0-30 Days,10+ Purchases,Very High
31880,John Potter,82,7,20777,1,4,5,5,14,455,Champions,61-90 Days,6-10 Purchases,Very High
31890,Jose Cooper Jr.,202,7,20203,1,3,5,5,13,355,Loyal Customers,181-365 Days,6-10 Purchases,Very High
31908,Karen Sanders,32,9,30226,1,5,5,5,15,555,Champions,31-60 Days,6-10 Purchases,Very High
31913,Elaine Silva,166,8,26260,1,3,5,5,13,355,Loyal Customers,91-180 Days,6-10 Purchases,Very High
31917,Alex Lam,188,7,22070,1,3,5,5,13,355,Loyal Customers,181-365 Days,6-10 Purchases,Very High
31929,Diana Barber,43,7,19268,1,5,5,4,14,554,Champions,31-60 Days,6-10 Purchases,High
31941,Nicholas Edwards,172,7,17799,1,3,5,4,12,354,Loyal Customers,91-180 Days,6-10 Purchases,High
31958,Kyle Garrett MD,180,9,28552,1,3,5,5,13,355,Loyal Customers,91-180 Days,6-10 Purchases,Very High
31961,Jennifer Jarvis,317,6,18128,1,2,4,4,10,244,At Risk,181-365 Days,6-10 Purchases,High
31968,Sarah Mueller,400,8,21329,1,2,5,5,12,255,At Risk,365+ Days,6-10 Purchases,Very High
31994,Amy Leach,124,5,14908,1,4,3,4,11,434,Potential Loyalists,91-180 Days,3-5 Purchases,High
32004,Danielle Lin,34,7,21513,1,5,5,5,15,555,Champions,31-60 Days,6-10 Purchases,Very High
32020,Jared Ferguson,235,6,26187,1,3,4,5,12,345,Loyal Customers,181-365 Days,6-10 Purchases,Very High
32039,Dawn Henson,60,6,23439,1,4,4,5,13,445,Champions,31-60 Days,6-10 Purchases,Very High
32051,Mr. John Lucas,200,7,20330,1,3,5,5,13,355,Loyal Customers,181-365 Days,6-10 Purchases,Very High
32068,Nicole Williams,57,6,14864,1,5,4,4,13,544,Champions,31-60 Days,6-10 Purchases,High
32077,Benjamin Austin,386,6,18300,1,2,4,4,10,244,At Risk,365+ Days,6-10 Purchases,High
32080,Michael Noble,204,7,16437,1,3,5,4,12,354,Loyal Customers,181-365 Days,6-10 Purchases,High
32091,Spencer Davis,1,9,21052,1,5,5,5,15,555,Champions,0-30 Days,6-10 Purchases,Very High
32093,Mario Smith,245,7,15787,1,2,5,4,11,254,At Risk,181-365 Days,6-10 Purchases,High
32104,Debra White,42,7,23473,1,5,5,5,15,555,Champions,31-60 Days,6-10 Purchases,Very High
32118,Nicole Glenn,212,9,20628,1,3,5,5,13,355,Loyal Customers,181-365 Days,6-10 Purchases,Very High
32120,Garrett Espinoza,75,8,19918,1,4,5,5,14,455,Champions,61-90 Days,6-10 Purchases,Very High
32135,Dylan Franco,6,8,20699,1,5,5,5,15,555,Champions,0-30 Days,6-10 Purchases,Very High
32146,Amanda Jones,219,5,18138,1,3,3,4,10,334,Need Attention,181-365 Days,3-5 Purchases,High
32147,Timothy Parker,596,6,17521,1,1,4,4,9,144,At Risk,365+ Days,6-10 Purchases,High
32156,Jeremy Young,2,9,25329,1,5,5,5,15,555,Champions,0-30 Days,6-10 Purchases,Very High
32161,Michael Miller,22,7,19915,1,5,5,5,15,555,Champions,0-30 Days,6-10 Purchases,Very High
32166,Cheryl Nelson,379,8,24176,1,2,5,5,12,255,At Risk,365+ Days,6-10 Purchases,Very High
32176,Kaylee Wu DDS,114,8,19505,1,4,5,5,14,455,Champions,91-180 Days,6-10 Purchases,Very High
32198,Michael Murphy,310,5,16070,1,2,3,4,9,234,At Risk,181-365 Days,3-5 Purchases,High
32203,Latoya Garcia,35,8,25498,1,5,5,5,15,555,Champions,31-60 Days,6-10 Purchases,Very High
32204,Rachel King,132,6,19781,1,4,4,5,13,445,Champions,91-180 Days,6-10 Purchases,Very High
32211,Julian Morris,308,7,20680,1,2,5,5,12,255,At Risk,181-365 Days,6-10 Purchases,Very High
32213,Deborah White,86,9,21829,1,4,5,5,14,455,Champions,61-90 Days,6-10 Purchases,Very High
32219,Timothy Stewart,44,7,22297,1,5,5,5,15,555,Champions,31-60 Days,6-10 Purchases,Very High
32237,Brenda Horton,185,8,23658,1,3,5,5,13,355,Loyal Customers,181-365 Days,6-10 Purchases,Very High
32249,Kristen Conway,236,5,15100,1,3,3,4,10,334,Need Attention,181-365 Days,3-5 Purchases,High
32252,Matthew Ward,96,7,16865,1,4,5,4,13,454,Champions,91-180 Days,6-10 Purchases,High
32261,Cory Shepherd,136,6,17856,1,4,4,4,12,444,Champions,91-180 Days,6-10 Purchases,High
32265,Jennifer Lester,31,10,32519,1,5,5,5,15,555,Champions,31-60 Days,6-10 Purchases,Very High
32281,Kim Davenport,339,5,15611,1,2,3,4,9,234,At Risk,181-365 Days,3-5 Purchases,High
32319,Jennifer Tate,154,5,17772,1,3,3,4,10,334,Need Attention,91-180 Days,3-5 Purchases,High
32332,Joe Mays,145,7,23734,1,3,5,5,13,355,Loyal Customers,91-180 Days,6-10 Purchases,Very High
32334,Michael Richard,28,7,24045,1,5,5,5,15,555,Champions,0-30 Days,6-10 Purchases,Very High
32346,Dawn Wilson,16,5,18724,1,5,3,4,12,534,Potential Loyalists,0-30 Days,3-5 Purchases,High
32398,Nancy Wood,50,6,19968,1,5,4,5,14,545,Champions,31-60 Days,6-10 Purchases,Very High
32423,Holly Cohen,225,6,22397,1,3,4,5,12,345,Loyal Customers,181-365 Days,6-10 Purchases,Very High
32431,Patricia Blair,152,7,23526,1,3,5,5,13,355,Loyal Customers,91-180 Days,6-10 Purchases,Very High
32439,Robert Smith,216,6,17829,1,3,4,4,11,344,Loyal Customers,181-365 Days,6-10 Purchases,High
32440,Steve Bishop,169,7,18454,1,3,5,4,12,354,Loyal Customers,91-180 Days,6-10 Purchases,High
32461,Nathan Smith,98,8,22626,1,4,5,5,14,455,Champions,91-180 Days,6-10 Purchases,Very High
32465,Nicole Baldwin,444,6,15461,1,1,4,4,9,144,At Risk,365+ Days,6-10 Purchases,High
32482,Angel Morales,15,5,15885,1,5,3,4,12,534,Potential Loyalists,0-30 Days,3-5 Purchases,High
32490,Luis Larsen,133,6,19397,1,4,4,5,13,445,Champions,91-180 Days,6-10 Purchases,Very High
32499,Matthew Henderson,378,8,22353,1,2,5,5,12,255,At Risk,365+ Days,6-10 Purchases,Very High
32501,Bianca Humphrey,36,6,21442,1,5,4,5,14,545,Champions,31-60 Days,6-10 Purchases,Very High
32502,George Grant,178,8,18620,1,3,5,4,12,354,Loyal Customers,91-180 Days,6-10 Purchases,High
32504,Benjamin Pugh,2,11,34349,1,5,5,5,15,555,Champions,0-30 Days,10+ Purchases,Very High
32511,Amy Thompson,96,5,15321,1,4,3,4,11,434,Potential Loyalists,91-180 Days,3-5 Purchases,High
32515,Devin Collins,20,7,21729,1,5,5,5,15,555,Champions,0-30 Days,6-10 Purchases,Very High
32517,Paul Robinson,279,6,18444,1,2,4,4,10,244,At Risk,181-365 Days,6-10 Purchases,High
32535,Monica Wilkinson,324,5,18272,1,2,3,4,9,234,At Risk,181-365 Days,3-5 Purchases,High
32569,Derek Harrison,233,8,22650,1,3,5,5,13,355,Loyal Customers,181-365 Days,6-10 Purchases,Very High
32574,David Bell,9,7,25822,1,5,5,5,15,555,Champions,0-30 Days,6-10 Purchases,Very High
32578,Ryan Smith,203,5,17503,1,3,3,4,10,334,Need Attention,181-365 Days,3-5 Purchases,High
32583,Daniel Banks,45,11,35858,1,5,5,5,15,555,Champions,31-60 Days,10+ Purchases,Very High
32589,Robert Garcia DDS,421,5,14833,1,2,3,4,9,234,At Risk,365+ Days,3-5 Purchases,High
32595,Brittany Daniels,396,7,17551,1,2,5,4,11,254,At Risk,365+ Days,6-10 Purchases,High
32596,Kimberly Waters,132,6,18519,1,4,4,4,12,444,Champions,91-180 Days,6-10 Purchases,High
32605,Jessica Harvey,33,7,16974,1,5,5,4,14,554,Champions,31-60 Days,6-10 Purchases,High
32622,Alex Rodriguez,78,7,15647,1,4,5,4,13,454,Champions,61-90 Days,6-10 Purchases,High
32625,David Flores,243,7,21824,1,2,5,5,12,255,At Risk,181-365 Days,6-10 Purchases,Very High
32645,Lori Wagner,274,10,23484,1,2,5,5,12,255,At Risk,181-365 Days,6-10 Purchases,Very High
32648,Michael Marks,9,8,20385,1,5,5,5,15,555,Champions,0-30 Days,6-10 Purchases,Very High
32657,Eric Floyd,10,4,16049,1,5,2,4,11,524,Potential Loyalists,0-30 Days,3-5 Purchases,High
32663,Ryan Thomas,101,7,21561,1,4,5,5,14,455,Champions,91-180 Days,6-10 Purchases,Very High
32713,Lauren Webb MD,73,9,24966,1,4,5,5,14,455,Champions,61-90 Days,6-10 Purchases,Very High
32728,Mary Allen,204,5,16863,1,3,3,4,10,334,Need Attention,181-365 Days,3-5 Purchases,High
32747,Andrew Burton,552,5,17532,1,1,3,4,8,134,At Risk,365+ Days,3-5 Purchases,High
32760,Autumn Kim,323,8,17163,1,2,5,4,11,254,At Risk,181-365 Days,6-10 Purchases,High
32771,Jordan Romero,338,6,17458,1,2,4,4,10,244,At Risk,181-365 Days,6-10 Purchases,High
32799,Alicia Hill,0,6,15182,1,5,4,4,13,544,Champions,0-30 Days,6-10 Purchases,High
32838,Michelle Moore,221,6,17963,1,3,4,4,11,344,Loyal Customers,181-365 Days,6-10 Purchases,High
32848,Robin Woods,468,6,20340,1,1,4,5,10,145,At Risk,365+ Days,6-10 Purchases,Very High
32850,Kevin Cunningham,354,5,17506,1,2,3,4,9,234,At Risk,181-365 Days,3-5 Purchases,High
32914,Henry Ward,48,7,25622,1,5,5,5,15,555,Champions,31-60 Days,6-10 Purchases,Very High
32936,Keith Douglas,90,11,18869,1,4,5,4,13,454,Champions,61-90 Days,10+ Purchases,High
32952,Robert Mcdonald,78,7,19892,1,4,5,5,14,455,Champions,61-90 Days,6-10 Purchases,Very High
32971,William Stone,246,5,15209,1,2,3,4,9,234,At Risk,181-365 Days,3-5 Purchases,High
32973,Glenn Pruitt,42,8,22754,1,5,5,5,15,555,Champions,31-60 Days,6-10 Purchases,Very High
32978,Amanda Howard,110,6,16539,1,4,4,4,12,444,Champions,91-180 Days,6-10 Purchases,High
32989,Bradley Mcintyre,283,7,18379,1,2,5,4,11,254,At Risk,181-365 Days,6-10 Purchases,High
32995,Kaylee Coleman,57,8,21254,1,5,5,5,15,555,Champions,31-60 Days,6-10 Purchases,Very High
33004,Natalie Bennett,18,13,34119,1,5,5,5,15,555,Champions,0-30 Days,10+ Purchases,Very High
33017,Mary Navarro,14,7,25214,1,5,5,5,15,555,Champions,0-30 Days,6-10 Purchases,Very High
33022,Nicholas Arnold,337,7,17626,1,2,5,4,11,254,At Risk,181-365 Days,6-10 Purchases,High
33028,Sharon Smith,351,6,17555,1,2,4,4,10,244,At Risk,181-365 Days,6-10 Purchases,High
33048,Lisa Hood,21,7,19452,1,5,5,5,15,555,Champions,0-30 Days,6-10 Purchases,Very High
33049,Rhonda Hines,406,4,17514,1,2,2,4,8,224,Need Attention,365+ Days,3-5 Purchases,High
33053,Susan Baker,6,8,22968,1,5,5,5,15,555,Champions,0-30 Days,6-10 Purchases,Very High
33075,John Hays,153,6,17933,1,3,4,4,11,344,Loyal Customers,91-180 Days,6-10 Purchases,High
33104,Christopher Hunt,85,7,18665,1,4,5,4,13,454,Champions,61-90 Days,6-10 Purchases,High
33141,Nina Moreno,81,8,31183,1,4,5,5,14,455,Champions,61-90 Days,6-10 Purchases,Very High
33152,Holly Craig,44,8,19827,1,5,5,5,15,555,Champions,31-60 Days,6-10 Purchases,Very High
33167,Jacob Booth,43,7,17252,1,5,5,4,14,554,Champions,31-60 Days,6-10 Purchases,High
33193,Amy Mccullough,5,7,16142,1,5,5,4,14,554,Champions,0-30 Days,6-10 Purchases,High
33197,Michael Nguyen,79,6,21448,1,4,4,5,13,445,Champions,61-90 Days,6-10 Purchases,Very High
33208,Craig Miller,530,9,25489,1,1,5,5,11,155,At Risk,365+ Days,6-10 Purchases,Very High
33216,Eric Peterson,0,8,17624,1,5,5,4,14,554,Champions,0-30 Days,6-10 Purchases,High
33217,Jordan Perez,293,5,17005,1,2,3,4,9,234,At Risk,181-365 Days,3-5 Purchases,High
33224,Robert Burns,182,5,15090,1,3,3,4,10,334,Need Attention,181-365 Days,3-5 Purchases,High
33228,Rita Huang,21,10,27630,1,5,5,5,15,555,Champions,0-30 Days,6-10 Purchases,Very High
33237,John Carroll,304,7,20072,1,2,5,5,12,255,At Risk,181-365 Days,6-10 Purchases,Very High
33261,Erin Mejia,161,6,15910,1,3,4,4,11,344,Loyal Customers,91-180 Days,6-10 Purchases,High
33270,Tammy Anderson,154,5,17865,1,3,3,4,10,334,Need Attention,91-180 Days,3-5 Purchases,High
33279,Mr. Brian Smith,129,8,15310,1,4,5,4,13,454,Champions,91-180 Days,6-10 Purchases,High
33296,Jonathan Abbott,380,4,15008,1,2,2,4,8,224,Need Attention,365+ Days,3-5 Purchases,High
33320,Laura Vance,45,10,20949,1,5,5,5,15,555,Champions,31-60 Days,6-10 Purchases,Very High
33321,Christopher Boone,315,7,20013,1,2,5,5,12,255,At Risk,181-365 Days,6-10 Purchases,Very High
33361,Alexandra Hubbard,53,6,15686,1,5,4,4,13,544,Champions,31-60 Days,6-10 Purchases,High
33389,Amanda Mccullough,5,4,15431,1,5,2,4,11,524,Potential Loyalists,0-30 Days,3-5 Purchases,High
33395,Robert Bowen,96,8,23829,1,4,5,5,14,455,Champions,91-180 Days,6-10 Purchases,Very High
33402,Cheryl Collier,163,6,16739,1,3,4,4,11,344,Loyal Customers,91-180 Days,6-10 Purchases,High
33405,Ryan Sosa,41,10,25127,1,5,5,5,15,555,Champions,31-60 Days,6-10 Purchases,Very High
33423,Lisa Carter,29,5,17700,1,5,3,4,12,534,Potential Loyalists,0-30 Days,3-5 Purchases,High
33424,Howard Curtis,150,11,40152,1,3,5,5,13,355,Loyal Customers,91-180 Days,10+ Purchases,Very High
33430,Erica Fowler,275,6,22109,1,2,4,5,11,245,At Risk,181-365 Days,6-10 Purchases,Very High
33433,Travis Knox,260,6,18870,1,2,4,4,10,244,At Risk,181-365 Days,6-10 Purchases,High
33466,Mary Holland,242,6,23451,1,3,4,5,12,345,Loyal Customers,181-365 Days,6-10 Purchases,Very High
33494,Pamela Clark,397,8,17626,1,2,5,4,11,254,At Risk,365+ Days,6-10 Purchases,High
33513,Ashley Thomas,161,9,20255,1,3,5,5,13,355,Loyal Customers,91-180 Days,6-10 Purchases,Very High
33524,Laura Jackson,204,6,23049,1,3,4,5,12,345,Loyal Customers,181-365 Days,6-10 Purchases,Very High
33525,Shannon George,71,6,21617,1,4,4,5,13,445,Champions,61-90 Days,6-10 Purchases,Very High
33532,Ronald Flores,210,5,16614,1,3,3,4,10,334,Need Attention,181-365 Days,3-5 Purchases,High
33540,Danielle Adams,230,6,16840,1,3,4,4,11,344,Loyal Customers,181-365 Days,6-10 Purchases,High
33554,Sandra Schneider,109,6,15615,1,4,4,4,12,444,Champions,91-180 Days,6-10 Purchases,High
33566,Brandon Dunn,249,7,21523,1,2,5,5,12,255,At Risk,181-365 Days,6-10 Purchases,Very High
33568,Robert Kelly,204,13,31149,1,3,5,5,13,355,Loyal Customers,181-365 Days,10+ Purchases,Very High
33574,William Bryan,102,6,17575,1,4,4,4,12,444,Champions,91-180 Days,6-10 Purchases,High
33599,Bobby Stewart Jr.,45,7,18934,1,5,5,4,14,554,Champions,31-60 Days,6-10 Purchases,High
33601,Daniel Christensen,114,6,18190,1,4,4,4,12,444,Champions,91-180 Days,6-10 Purchases,High
33605,Richard Williams,144,4,18675,1,3,2,4,9,324,Need Attention,91-180 Days,3-5 Purchases,High
33615,Elaine Pope,33,11,31907,1,5,5,5,15,555,Champions,31-60 Days,10+ Purchases,Very High
33637,Terry Nguyen,331,7,17354,1,2,5,4,11,254,At Risk,181-365 Days,6-10 Purchases,High
33653,Carol Daniels,16,5,16629,1,5,3,4,12,534,Potential Loyalists,0-30 Days,3-5 Purchases,High
33658,Billy Hammond,32,6,17006,1,5,4,4,13,544,Champions,31-60 Days,6-10 Purchases,High
33668,Deborah Ruiz,353,6,16428,1,2,4,4,10,244,At Risk,181-365 Days,6-10 Purchases,High
33683,Jeremy Watts,31,9,24110,1,5,5,5,15,555,Champions,31-60 Days,6-10 Purchases,Very High
33684,Robert Nelson,134,6,17067,1,4,4,4,12,444,Champions,91-180 Days,6-10 Purchases,High
33709,Sandra Rivera,72,9,26771,1,4,5,5,14,455,Champions,61-90 Days,6-10 Purchases,Very High
33711,Judith Lopez MD,67,5,15871,1,4,3,4,11,434,Potential Loyalists,61-90 Days,3-5 Purchases,High
33717,Beverly Lopez,34,6,17569,1,5,4,4,13,544,Champions,31-60 Days,6-10 Purchases,High
33725,Amanda Campbell,198,9,16785,1,3,5,4,12,354,Loyal Customers,181-365 Days,6-10 Purchases,High
33739,Martin Johnson,206,11,25881,1,3,5,5,13,355,Loyal Customers,181-365 Days,10+ Purchases,Very High
33771,Amanda Meza,29,8,17651,1,5,5,4,14,554,Champions,0-30 Days,6-10 Purchases,High
33783,John Saunders,38,5,17951,1,5,3,4,12,534,Potential Loyalists,31-60 Days,3-5 Purchases,High
33787,Paul Conway,24,7,19890,1,5,5,5,15,555,Champions,0-30 Days,6-10 Purchases,Very High
33788,Deborah Stephens,150,8,17239,1,3,5,4,12,354,Loyal Customers,91-180 Days,6-10 Purchases,High
33800,Oscar Lewis,101,8,25962,1,4,5,5,14,455,Champions,91-180 Days,6-10 Purchases,Very High
33810,Dylan King,37,8,25203,1,5,5,5,15,555,Champions,31-60 Days,6-10 Purchases,Very High
33817,Laurie Carter,70,6,19881,1,4,4,5,13,445,Champions,61-90 Days,6-10 Purchases,Very High
33818,Susan Evans,50,5,18662,1,5,3,4,12,534,Potential Loyalists,31-60 Days,3-5 Purchases,High
33819,Bruce Callahan,89,7,22306,1,4,5,5,14,455,Champions,61-90 Days,6-10 Purchases,Very High
33836,Kathy Harris,229,7,19388,1,3,5,5,13,355,Loyal Customers,181-365 Days,6-10 Purchases,Very High
33845,Daniel Williams,167,10,21390,1,3,5,5,13,355,Loyal Customers,91-180 Days,6-10 Purchases,Very High
33851,Alexandra Collins,162,7,19280,1,3,5,5,13,355,Loyal Customers,91-180 Days,6-10 Purchases,Very High
33862,Mary Nelson,100,8,15908,1,4,5,4,13,454,Champions,91-180 Days,6-10 Purchases,High
33865,Jacob Vargas,101,12,26381,1,4,5,5,14,455,Champions,91-180 Days,10+ Purchases,Very High
33874,Deanna Hebert,135,10,36346,1,4,5,5,14,455,Champions,91-180 Days,6-10 Purchases,Very High
33902,Kathy Kennedy,295,6,16921,1,2,4,4,10,244,At Risk,181-365 Days,6-10 Purchases,High
33910,Daniel Rojas,129,10,25928,1,4,5,5,14,455,Champions,91-180 Days,6-10 Purchases,Very High
33924,Patricia Baker,13,12,36550,1,5,5,5,15,555,Champions,0-30 Days,10+ Purchases,Very High
33931,Randall Hatfield,565,6,18236,1,1,4,4,9,144,At Risk,365+ Days,6-10 Purchases,High
33963,Kelsey Palmer,33,5,15185,1,5,3,4,12,534,Potential Loyalists,31-60 Days,3-5 Purchases,High
33967,Cathy Ramirez,66,8,30454,1,4,5,5,14,455,Champions,61-90 Days,6-10 Purchases,Very High
33984,Kelly Williams,161,5,15545,1,3,3,4,10,334,Need Attention,91-180 Days,3-5 Purchases,High
34025,Aaron Morris,291,5,18428,1,2,3,4,9,234,At Risk,181-365 Days,3-5 Purchases,High
34054,Kristina Rose,16,9,17070,1,5,5,4,14,554,Champions,0-30 Days,6-10 Purchases,High
34069,Joel Porter,299,5,19055,1,2,3,4,9,234,At Risk,181-365 Days,3-5 Purchases,High
34071,Melissa Wyatt,52,6,15115,1,5,4,4,13,544,Champions,31-60 Days,6-10 Purchases,High
34100,Jessica Bates,58,7,19172,1,5,5,4,14,554,Champions,31-60 Days,6-10 Purchases,High
34123,Christopher Hooper,209,5,17308,1,3,3,4,10,334,Need Attention,181-365 Days,3-5 Purchases,High
34167,Brandon Graves,393,4,15881,1,2,2,4,8,224,Need Attention,365+ Days,3-5 Purchases,High
34192,Christina Sanders,73,5,17120,1,4,3,4,11,434,Potential Loyalists,61-90 Days,3-5 Purchases,High
34198,Hunter King,255,8,20564,1,2,5,5,12,255,At Risk,181-365 Days,6-10 Purchases,Very High
34202,Brian Thompson,314,4,15236,1,2,2,4,8,224,Need Attention,181-365 Days,3-5 Purchases,High
34211,Nicole Fuller,228,4,15964,1,3,2,4,9,324,Need Attention,181-365 Days,3-5 Purchases,High
34257,Lisa Garcia,29,8,28686,1,5,5,5,15,555,Champions,0-30 Days,6-10 Purchases,Very High
34288,Charles Singleton,353,8,21745,1,2,5,5,12,255,At Risk,181-365 Days,6-10 Purchases,Very High
34295,Michael Carter,257,7,18673,1,2,5,4,11,254,At Risk,181-365 Days,6-10 Purchases,High
34296,Brooke Cordova,138,7,26156,1,3,5,5,13,355,Loyal Customers,91-180 Days,6-10 Purchases,Very High
34300,John Diaz,65,7,22485,1,4,5,5,14,455,Champions,61-90 Days,6-10 Purchases,Very High
34320,Victoria Davenport,39,5,18093,1,5,3,4,12,534,Potential Loyalists,31-60 Days,3-5 Purchases,High
34346,Christine Lewis,2,6,16958,1,5,4,4,13,544,Champions,0-30 Days,6-10 Purchases,High
34350,Jennifer Schneider,78,7,24494,1,4,5,5,14,455,Champions,61-90 Days,6-10 Purchases,Very High
34361,Kevin Munoz,188,6,21166,1,3,4,5,12,345,Loyal Customers,181-365 Days,6-10 Purchases,Very High
34363,David Beltran,152,9,26006,1,3,5,5,13,355,Loyal Customers,91-180 Days,6-10 Purchases,Very High
34374,Victor Williams,276,7,18542,1,2,5,4,11,254,At Risk,181-365 Days,6-10 Purchases,High
34393,Stephanie Davis,113,6,17053,1,4,4,4,12,444,Champions,91-180 Days,6-10 Purchases,High
34398,Andrew Ingram,311,7,16933,1,2,5,4,11,254,At Risk,181-365 Days,6-10 Purchases,High
34405,Michael Johnson,199,8,18371,1,3,5,4,12,354,Loyal Customers,181-365 Days,6-10 Purchases,High
34415,Dominic Washington,1040,4,17431,1,1,2,4,7,124,Need Attention,365+ Days,3-5 Purchases,High
34430,Mark Kennedy,82,4,17627,1,4,2,4,10,424,Potential Loyalists,61-90 Days,3-5 Purchases,High
34438,Jeffrey Chavez,209,7,24285,1,3,5,5,13,355,Loyal Customers,181-365 Days,6-10 Purchases,Very High
34481,James Lewis,40,9,27314,1,5,5,5,15,555,Champions,31-60 Days,6-10 Purchases,Very High
34499,Erica Mcfarland,200,6,15782,1,3,4,4,11,344,Loyal Customers,181-365 Days,6-10 Purchases,High
34500,Andre Duran,143,9,26756,1,3,5,5,13,355,Loyal Customers,91-180 Days,6-10 Purchases,Very High
34507,Hannah Peterson,454,7,15163,1,1,5,4,10,154,At Risk,365+ Days,6-10 Purchases,High
34508,Lisa Scott,49,6,15302,1,5,4,4,13,544,Champions,31-60 Days,6-10 Purchases,High
34516,Cheryl Meyer,287,8,21038,1,2,5,5,12,255,At Risk,181-365 Days,6-10 Purchases,Very High
34538,Adrian Reyes,211,8,22892,1,3,5,5,13,355,Loyal Customers,181-365 Days,6-10 Purchases,Very High
34546,William Guzman,133,9,29772,1,4,5,5,14,455,Champions,91-180 Days,6-10 Purchases,Very High
34551,Laura Mendoza,54,13,32640,1,5,5,5,15,555,Champions,31-60 Days,10+ Purchases,Very High
34580,Zachary Carroll,520,8,28951,1,1,5,5,11,155,At Risk,365+ Days,6-10 Purchases,Very High
34589,Debra Palmer,4,6,18700,1,5,4,4,13,544,Champions,0-30 Days,6-10 Purchases,High
34591,Lisa Wright,5,8,21936,1,5,5,5,15,555,Champions,0-30 Days,6-10 Purchases,Very High
34614,Dylan Hernandez,302,10,24011,1,2,5,5,12,255,At Risk,181-365 Days,6-10 Purchases,Very High
34616,Erica Henderson,316,8,25057,1,2,5,5,12,255,At Risk,181-365 Days,6-10 Purchases,Very High
34668,Jessica Bridges,472,4,15167,1,1,2,4,7,124,Need Attention,365+ Days,3-5 Purchases,High
34672,Susan Clark,6,7,26494,1,5,5,5,15,555,Champions,0-30 Days,6-10 Purchases,Very High
34677,Julie Sanchez,242,6,15062,1,3,4,4,11,344,Loyal Customers,181-365 Days,6-10 Purchases,High
34685,Shaun Foley,174,6,15157,1,3,4,4,11,344,Loyal Customers,91-180 Days,6-10 Purchases,High
34697,Jennifer Ball,183,6,17498,1,3,4,4,11,344,Loyal Customers,181-365 Days,6-10 Purchases,High
34711,Joel Walker,26,6,19497,1,5,4,5,14,545,Champions,0-30 Days,6-10 Purchases,Very High
34718,Cameron Roach,232,5,20263,1,3,3,5,11,335,Need Attention,181-365 Days,3-5 Purchases,Very High
34742,Patty Gonzalez,7,7,17605,1,5,5,4,14,554,Champions,0-30 Days,6-10 Purchases,High
34747,Willie Kaiser,158,7,15235,1,3,5,4,12,354,Loyal Customers,91-180 Days,6-10 Purchases,High
34763,Shannon Cannon,58,6,25831,1,5,4,5,14,545,Champions,31-60 Days,6-10 Purchases,Very High
34787,Christopher Mahoney,59,6,16541,1,5,4,4,13,544,Champions,31-60 Days,6-10 Purchases,High
34790,Alexis Dunn DVM,59,9,19916,1,5,5,5,15,555,Champions,31-60 Days,6-10 Purchases,Very High
34809,Johnathan Powell,12,10,30665,1,5,5,5,15,555,Champions,0-30 Days,6-10 Purchases,Very High
34816,Scott Ibarra,323,5,18079,1,2,3,4,9,234,At Risk,181-365 Days,3-5 Purchases,High
34820,Michael Michael,153,4,14811,1,3,2,4,9,324,Need Attention,91-180 Days,3-5 Purchases,High
34836,Austin Patterson,154,6,19570,1,3,4,5,12,345,Loyal Customers,91-180 Days,6-10 Purchases,Very High
34841,Seth Washington,131,5,18430,1,4,3,4,11,434,Potential Loyalists,91-180 Days,3-5 Purchases,High
34847,Lori Montgomery,279,7,18217,1,2,5,4,11,254,At Risk,181-365 Days,6-10 Purchases,High
34852,Vanessa Barton,531,7,16497,1,1,5,4,10,154,At Risk,365+ Days,6-10 Purchases,High
34853,Reginald Yates,38,10,29900,1,5,5,5,15,555,Champions,31-60 Days,6-10 Purchases,Very High
34869,Kathleen Byrd,13,10,34554,1,5,5,5,15,555,Champions,0-30 Days,6-10 Purchases,Very High
34878,Carl Hamilton,20,7,24433,1,5,5,5,15,555,Champions,0-30 Days,6-10 Purchases,Very High
34885,Mr. Henry Hogan,14,8,21117,1,5,5,5,15,555,Champions,0-30 Days,6-10 Purchases,Very High
34901,Sheryl Dorsey,431,6,22729,1,1,4,5,10,145,At Risk,365+ Days,6-10 Purchases,Very High
34908,Donald Murray,46,5,16499,1,5,3,4,12,534,Potential Loyalists,31-60 Days,3-5 Purchases,High
34925,Annette Hayes,52,9,30844,1,5,5,5,15,555,Champions,31-60 Days,6-10 Purchases,Very High
34928,Jeffrey Davis,85,8,15267,1,4,5,4,13,454,Champions,61-90 Days,6-10 Purchases,High
34956,Grant Baker,91,6,15337,1,4,4,4,12,444,Champions,91-180 Days,6-10 Purchases,High
34960,Daniel Johnson,242,8,20740,1,3,5,5,13,355,Loyal Customers,181-365 Days,6-10 Purchases,Very High
34966,Ryan Barajas,63,7,23390,1,4,5,5,14,455,Champions,61-90 Days,6-10 Purchases,Very High
34982,Kimberly Martinez,36,6,15498,1,5,4,4,13,544,Champions,31-60 Days,6-10 Purchases,High
34992,Brandon Johnson,151,7,15154,1,3,5,4,12,354,Loyal Customers,91-180 Days,6-10 Purchases,High
35012,Monique Bell,228,8,24011,1,3,5,5,13,355,Loyal Customers,181-365 Days,6-10 Purchases,Very High
35029,Tanya White,100,6,24005,1,4,4,5,13,445,Champions,91-180 Days,6-10 Purchases,Very High
35037,Mrs. Jennifer Lucas,349,11,41218,1,2,5,5,12,255,At Risk,181-365 Days,10+ Purchases,Very High
35044,Brian Johnson,345,5,15096,1,2,3,4,9,234,At Risk,181-365 Days,3-5 Purchases,High
35050,Deborah Sanders,88,8,17430,1,4,5,4,13,454,Champions,61-90 Days,6-10 Purchases,High
35054,Sarah Odom,257,5,18329,1,2,3,4,9,234,At Risk,181-365 Days,3-5 Purchases,High
35058,Timothy Chapman,263,8,30450,1,2,5,5,12,255,At Risk,181-365 Days,6-10 Purchases,Very High
35066,Calvin Hill,284,7,15905,1,2,5,4,11,254,At Risk,181-365 Days,6-10 Purchases,High
35072,Regina Ortiz,501,7,16513,1,1,5,4,10,154,At Risk,365+ Days,6-10 Purchases,High
35088,Jose Lynch,176,6,14917,1,3,4,4,11,344,Loyal Customers,91-180 Days,6-10 Purchases,High
35114,Leah Allen,87,6,16859,1,4,4,4,12,444,Champions,61-90 Days,6-10 Purchases,High
35139,Nicole Williams,180,8,22030,1,3,5,5,13,355,Loyal Customers,91-180 Days,6-10 Purchases,Very High
35143,Dawn Rush,27,7,16842,1,5,5,4,14,554,Champions,0-30 Days,6-10 Purchases,High
35149,Melanie Hays,455,6,15023,1,1,4,4,9,144,At Risk,365+ Days,6-10 Purchases,High
35157,Diane Mcpherson,332,9,26259,1,2,5,5,12,255,At Risk,181-365 Days,6-10 Purchases,Very High
35172,Terry Davis,353,6,15466,1,2,4,4,10,244,At Risk,181-365 Days,6-10 Purchases,High
35192,Christian Miller,145,8,20529,1,3,5,5,13,355,Loyal Customers,91-180 Days,6-10 Purchases,Very High
35197,Barry Daniels,114,6,19161,1,4,4,4,12,444,Champions,91-180 Days,6-10 Purchases,High
35208,Eric Jones,271,4,16396,1,2,2,4,8,224,Need Attention,181-365 Days,3-5 Purchases,High
35215,Joseph Gutierrez,58,8,19901,1,5,5,5,15,555,Champions,31-60 Days,6-10 Purchases,Very High
35219,Andre Coleman,252,6,19347,1,2,4,5,11,245,At Risk,181-365 Days,6-10 Purchases,Very High
35238,George Avila,311,6,14856,1,2,4,4,10,244,At Risk,181-365 Days,6-10 Purchases,High
35240,Kelly Warren,209,9,31772,1,3,5,5,13,355,Loyal Customers,181-365 Days,6-10 Purchases,Very High
35242,Diana Daugherty,192,8,23504,1,3,5,5,13,355,Loyal Customers,181-365 Days,6-10 Purchases,Very High
35256,Joseph Carey,291,11,39268,1,2,5,5,12,255,At Risk,181-365 Days,10+ Purchases,Very High
35260,Kimberly Simmons,313,5,17917,1,2,3,4,9,234,At Risk,181-365 Days,3-5 Purchases,High
35261,Alexandra Sweeney,111,8,20315,1,4,5,5,14,455,Champions,91-180 Days,6-10 Purchases,Very High
35273,Kyle Rhodes,31,5,17533,1,5,3,4,12,534,Potential Loyalists,31-60 Days,3-5 Purchases,High
35286,Sharon Lopez,318,9,26506,1,2,5,5,12,255,At Risk,181-365 Days,6-10 Purchases,Very High
35303,Herbert Rivas,116,7,16048,1,4,5,4,13,454,Champions,91-180 Days,6-10 Purchases,High
35308,George Morales,129,8,25498,1,4,5,5,14,455,Champions,91-180 Days,6-10 Purchases,Very High
35310,Melanie Jackson,226,10,32436,1,3,5,5,13,355,Loyal Customers,181-365 Days,6-10 Purchases,Very High
35312,Katie Flowers,258,8,16767,1,2,5,4,11,254,At Risk,181-365 Days,6-10 Purchases,High
35331,Crystal Navarro,74,7,20860,1,4,5,5,14,455,Champions,61-90 Days,6-10 Purchases,Very High
35334,Alexander Faulkner,190,8,15567,1,3,5,4,12,354,Loyal Customers,181-365 Days,6-10 Purchases,High
35336,Mrs. Zoe Miller,420,6,20746,1,2,4,5,11,245,At Risk,365+ Days,6-10 Purchases,Very High
35337,Cynthia Austin,169,8,15714,1,3,5,4,12,354,Loyal Customers,91-180 Days,6-10 Purchases,High
35345,Ethan Good,262,7,25902,1,2,5,5,12,255,At Risk,181-365 Days,6-10 Purchases,Very High
35352,Cindy Bishop,16,6,16696,1,5,4,4,13,544,Champions,0-30 Days,6-10 Purchases,High
35373,Michael Hughes,80,8,18613,1,4,5,4,13,454,Champions,61-90 Days,6-10 Purchases,High
35383,Monica Poole,370,5,17114,1,2,3,4,9,234,At Risk,365+ Days,3-5 Purchases,High
35389,Brian Sanders,295,5,14938,1,2,3,4,9,234,At Risk,181-365 Days,3-5 Purchases,High
35398,Debra Ford,115,6,21016,1,4,4,5,13,445,Champions,91-180 Days,6-10 Purchases,Very High
35440,Jane Daniel,299,5,20059,1,2,3,5,10,235,At Risk,181-365 Days,3-5 Purchases,Very High
35459,Breanna Hendrix,161,10,25349,1,3,5,5,13,355,Loyal Customers,91-180 Days,6-10 Purchases,Very High
35464,Joseph Barrett,315,5,16039,1,2,3,4,9,234,At Risk,181-365 Days,3-5 Purchases,High
35469,Mary Johnson,40,7,26102,1,5,5,5,15,555,Champions,31-60 Days,6-10 Purchases,Very High
35505,Richard Perkins,394,4,15707,1,2,2,4,8,224,Need Attention,365+ Days,3-5 Purchases,High
35507,Brian Roman,85,6,18265,1,4,4,4,12,444,Champions,61-90 Days,6-10 Purchases,High
35520,Michael Johnson,439,5,15939,1,1,3,4,8,134,At Risk,365+ Days,3-5 Purchases,High
35547,Dr. Logan Barnett,148,5,18341,1,3,3,4,10,334,Need Attention,91-180 Days,3-5 Purchases,High
35550,Dennis Hunter,524,5,15917,1,1,3,4,8,134,At Risk,365+ Days,3-5 Purchases,High
35557,John Underwood,31,6,23151,1,5,4,5,14,545,Champions,31-60 Days,6-10 Purchases,Very High
35564,Tracy Rogers,4,6,19923,1,5,4,5,14,545,Champions,0-30 Days,6-10 Purchases,Very High
35571,Shannon Carney,170,8,25982,1,3,5,5,13,355,Loyal Customers,91-180 Days,6-10 Purchases,Very High
35572,Andrew Skinner II,41,10,22350,1,5,5,5,15,555,Champions,31-60 Days,6-10 Purchases,Very High
35579,Kristin Cameron,314,9,28208,1,2,5,5,12,255,At Risk,181-365 Days,6-10 Purchases,Very High
35580,James Levine,151,5,16098,1,3,3,4,10,334,Need Attention,91-180 Days,3-5 Purchases,High
35583,Patrick Cox,50,7,20943,1,5,5,5,15,555,Champions,31-60 Days,6-10 Purchases,Very High
35597,Julie Peterson,16,7,19002,1,5,5,4,14,554,Champions,0-30 Days,6-10 Purchases,High
35603,Robert Rodriguez,239,7,19661,1,3,5,5,13,355,Loyal Customers,181-365 Days,6-10 Purchases,Very High
35609,Danielle Clark,220,8,16746,1,3,5,4,12,354,Loyal Customers,181-365 Days,6-10 Purchases,High
35613,Connie Burgess,44,7,16388,1,5,5,4,14,554,Champions,31-60 Days,6-10 Purchases,High
35618,Yvonne Mccullough,189,6,18758,1,3,4,4,11,344,Loyal Customers,181-365 Days,6-10 Purchases,High
35652,Rebecca Miles,110,6,21914,1,4,4,5,13,445,Champions,91-180 Days,6-10 Purchases,Very High
35658,Stephanie Jones,30,7,19140,1,5,5,4,14,554,Champions,0-30 Days,6-10 Purchases,High
35660,Susan Taylor,213,6,20865,1,3,4,5,12,345,Loyal Customers,181-365 Days,6-10 Purchases,Very High
35661,Stacey Torres,415,5,15089,1,2,3,4,9,234,At Risk,365+ Days,3-5 Purchases,High
35667,Sherry Simpson,109,5,14814,1,4,3,4,11,434,Potential Loyalists,91-180 Days,3-5 Purchases,High
35669,Jerry Jackson,52,8,23131,1,5,5,5,15,555,Champions,31-60 Days,6-10 Purchases,Very High
35699,Karen Scott,3,6,18323,1,5,4,4,13,544,Champions,0-30 Days,6-10 Purchases,High
35719,Belinda Watkins,202,9,26641,1,3,5,5,13,355,Loyal Customers,181-365 Days,6-10 Purchases,Very High
35728,Dustin Young,374,7,17930,1,2,5,4,11,254,At Risk,365+ Days,6-10 Purchases,High
35767,Bonnie Fritz,301,5,15287,1,2,3,4,9,234,At Risk,181-365 Days,3-5 Purchases,High
35804,Alexis Tyler,78,9,29974,1,4,5,5,14,455,Champions,61-90 Days,6-10 Purchases,Very High
35816,Makayla Chase MD,101,6,19502,1,4,4,5,13,445,Champions,91-180 Days,6-10 Purchases,Very High
35819,Dr. Laura Ford DVM,170,6,17671,1,3,4,4,11,344,Loyal Customers,91-180 Days,6-10 Purchases,High
35829,Monica Jordan,178,9,19809,1,3,5,5,13,355,Loyal Customers,91-180 Days,6-10 Purchases,Very High
35845,Matthew Fuller,143,8,15414,1,3,5,4,12,354,Loyal Customers,91-180 Days,6-10 Purchases,High
35885,Kristen Young,236,6,15488,1,3,4,4,11,344,Loyal Customers,181-365 Days,6-10 Purchases,High
35929,Haley White,139,7,19636,1,3,5,5,13,355,Loyal Customers,91-180 Days,6-10 Purchases,Very High
35933,Megan Lara,19,7,25042,1,5,5,5,15,555,Champions,0-30 Days,6-10 Purchases,Very High
35943,Angela Murray,154,9,24783,1,3,5,5,13,355,Loyal Customers,91-180 Days,6-10 Purchases,Very High
35955,Allen Cole,34,8,20339,1,5,5,5,15,555,Champions,31-60 Days,6-10 Purchases,Very High
35968,Joshua Chen,47,6,15100,1,5,4,4,13,544,Champions,31-60 Days,6-10 Purchases,High
35977,Kelly Thomas,193,6,20004,1,3,4,5,12,345,Loyal Customers,181-365 Days,6-10 Purchases,Very High
35989,Kenneth Bentley,404,7,15410,1,2,5,4,11,254,At Risk,365+ Days,6-10 Purchases,High
36004,Melissa Patel,76,7,14823,1,4,5,4,13,454,Champions,61-90 Days,6-10 Purchases,High
36020,Carlos Obrien,256,5,15157,1,2,3,4,9,234,At Risk,181-365 Days,3-5 Purchases,High
36021,Jennifer Gentry,40,7,20430,1,5,5,5,15,555,Champions,31-60 Days,6-10 Purchases,Very High
36031,Reginald Crawford,134,7,18620,1,4,5,4,13,454,Champions,91-180 Days,6-10 Purchases,High
36061,Carrie Jensen,64,10,30931,1,4,5,5,14,455,Champions,61-90 Days,6-10 Purchases,Very High
36066,Clayton Martin,20,9,21000,1,5,5,5,15,555,Champions,0-30 Days,6-10 Purchases,Very High
36087,David Jordan,93,5,18088,1,4,3,4,11,434,Potential Loyalists,91-180 Days,3-5 Purchases,High
36102,Deanna Johnson,188,6,16501,1,3,4,4,11,344,Loyal Customers,181-365 Days,6-10 Purchases,High
36110,Carlos George DVM,81,7,21414,1,4,5,5,14,455,Champions,61-90 Days,6-10 Purchases,Very High
36114,Dr. Robert Freeman Jr.,332,6,21858,1,2,4,5,11,245,At Risk,181-365 Days,6-10 Purchases,Very High
36131,Louis Kelly,19,10,24499,1,5,5,5,15,555,Champions,0-30 Days,6-10 Purchases,Very High
36151,Elizabeth Burton,569,7,15718,1,1,5,4,10,154,At Risk,365+ Days,6-10 Purchases,High
36152,Brandi Walker,61,5,18869,1,4,3,4,11,434,Potential Loyalists,61-90 Days,3-5 Purchases,High
36174,Jeffrey Alvarez,109,11,24872,1,4,5,5,14,455,Champions,91-180 Days,10+ Purchases,Very High
36192,Donna Garcia,110,6,17356,1,4,4,4,12,444,Champions,91-180 Days,6-10 Purchases,High
36195,Mark Wolfe,335,11,32163,1,2,5,5,12,255,At Risk,181-365 Days,10+ Purchases,Very High
36196,Carmen Holmes,44,10,31932,1,5,5,5,15,555,Champions,31-60 Days,6-10 Purchases,Very High
36228,Andrew Doyle,55,9,26042,1,5,5,5,15,555,Champions,31-60 Days,6-10 Purchases,Very High
36231,Jason Williams,285,7,18312,1,2,5,4,11,254,At Risk,181-365 Days,6-10 Purchases,High
36264,April Brooks,83,10,28718,1,4,5,5,14,455,Champions,61-90 Days,6-10 Purchases,Very High
36268,Matthew Garcia,0,8,22615,1,5,5,5,15,555,Champions,0-30 Days,6-10 Purchases,Very High
36271,Lisa Rojas,435,6,22386,1,1,4,5,10,145,At Risk,365+ Days,6-10 Purchases,Very High
36272,Mary Munoz,35,6,15693,1,5,4,4,13,544,Champions,31-60 Days,6-10 Purchases,High
36276,Tammy Reyes,218,6,16552,1,3,4,4,11,344,Loyal Customers,181-365 Days,6-10 Purchases,High
36282,Stephen Collins,401,5,20430,1,2,3,5,10,235,At Risk,365+ Days,3-5 Purchases,Very High
36285,Kendra Smith,292,6,15326,1,2,4,4,10,244,At Risk,181-365 Days,6-10 Purchases,High
36289,Jeremy Walls,106,6,15727,1,4,4,4,12,444,Champions,91-180 Days,6-10 Purchases,High
36293,Cheryl Mcgrath,250,6,15678,1,2,4,4,10,244,At Risk,181-365 Days,6-10 Purchases,High
36300,Rebecca Kennedy,284,6,16343,1,2,4,4,10,244,At Risk,181-365 Days,6-10 Purchases,High
36310,Lucas Allison,55,8,19562,1,5,5,5,15,555,Champions,31-60 Days,6-10 Purchases,Very High
36319,Lauren Bush,66,11,28800,1,4,5,5,14,455,Champions,61-90 Days,10+ Purchases,Very High
36322,Ashley Fowler,71,5,17337,1,4,3,4,11,434,Potential Loyalists,61-90 Days,3-5 Purchases,High
36329,Diana Thompson,262,7,22642,1,2,5,5,12,255,At Risk,181-365 Days,6-10 Purchases,Very High
36335,Krystal Taylor,355,8,22280,1,2,5,5,12,255,At Risk,181-365 Days,6-10 Purchases,Very High
36363,Craig Smith,0,9,20604,1,5,5,5,15,555,Champions,0-30 Days,6-10 Purchases,Very High
36367,Samantha Harris,171,7,18489,1,3,5,4,12,354,Loyal Customers,91-180 Days,6-10 Purchases,High
36371,Susan Fleming,436,5,16468,1,1,3,4,8,134,At Risk,365+ Days,3-5 Purchases,High
36372,Janet Griffin DDS,124,6,20277,1,4,4,5,13,445,Champions,91-180 Days,6-10 Purchases,Very High
36373,Jacob Vaughn,184,10,32790,1,3,5,5,13,355,Loyal Customers,181-365 Days,6-10 Purchases,Very High
36451,Lisa Miller,167,8,18200,1,3,5,4,12,354,Loyal Customers,91-180 Days,6-10 Purchases,High
36456,Bryce Powers,46,8,26468,1,5,5,5,15,555,Champions,31-60 Days,6-10 Purchases,Very High
36465,Samuel Myers,207,9,22877,1,3,5,5,13,355,Loyal Customers,181-365 Days,6-10 Purchases,Very High
36473,Amanda Hernandez,94,5,16479,1,4,3,4,11,434,Potential Loyalists,91-180 Days,3-5 Purchases,High
36476,Lisa Garcia,118,7,17264,1,4,5,4,13,454,Champions,91-180 Days,6-10 Purchases,High
36481,John Carson,153,6,19075,1,3,4,4,11,344,Loyal Customers,91-180 Days,6-10 Purchases,High
36501,Bethany Knight,372,7,23028,1,2,5,5,12,255,At Risk,365+ Days,6-10 Purchases,Very High
36532,Abigail Salazar,387,5,15739,1,2,3,4,9,234,At Risk,365+ Days,3-5 Purchases,High
36543,Kathy Berry,116,8,19602,1,4,5,5,14,455,Champions,91-180 Days,6-10 Purchases,Very High
36550,Amanda Morris,287,8,24767,1,2,5,5,12,255,At Risk,181-365 Days,6-10 Purchases,Very High
36560,Danielle Johnson,214,10,28261,1,3,5,5,13,355,Loyal Customers,181-365 Days,6-10 Purchases,Very High
36578,Ashley Sosa,142,6,18985,1,3,4,4,11,344,Loyal Customers,91-180 Days,6-10 Purchases,High
36579,Leslie Hayes,116,7,15751,1,4,5,4,13,454,Champions,91-180 Days,6-10 Purchases,High
36585,Christine Hamilton,409,8,26866,1,2,5,5,12,255,At Risk,365+ Days,6-10 Purchases,Very High
36594,Lisa Bauer,315,6,17898,1,2,4,4,10,244,At Risk,181-365 Days,6-10 Purchases,High
36603,Joshua Tucker,74,8,27133,1,4,5,5,14,455,Champions,61-90 Days,6-10 Purchases,Very High
36611,Jocelyn Jensen,13,6,15522,1,5,4,4,13,544,Champions,0-30 Days,6-10 Purchases,High
36614,Mrs. Amy Owens MD,27,10,32577,1,5,5,5,15,555,Champions,0-30 Days,6-10 Purchases,Very High
36652,Lance Bailey,6,9,18488,1,5,5,4,14,554,Champions,0-30 Days,6-10 Purchases,High
36664,Scott Calhoun,58,9,21018,1,5,5,5,15,555,Champions,31-60 Days,6-10 Purchases,Very High
36665,Deborah Barron,182,5,16347,1,3,3,4,10,334,Need Attention,181-365 Days,3-5 Purchases,High
36667,Eric Ellis,59,9,27440,1,5,5,5,15,555,Champions,31-60 Days,6-10 Purchases,Very High
36673,Travis Lee,192,9,20975,1,3,5,5,13,355,Loyal Customers,181-365 Days,6-10 Purchases,Very High
36683,Anthony Martinez,5,7,19867,1,5,5,5,15,555,Champions,0-30 Days,6-10 Purchases,Very High
36687,Terri Schneider,61,7,16623,1,4,5,4,13,454,Champions,61-90 Days,6-10 Purchases,High
36695,Summer Berry,52,6,18506,1,5,4,4,13,544,Champions,31-60 Days,6-10 Purchases,High
36699,Patrick Lopez,71,6,16403,1,4,4,4,12,444,Champions,61-90 Days,6-10 Purchases,High
36755,Erika Bowers MD,56,6,24767,1,5,4,5,14,545,Champions,31-60 Days,6-10 Purchases,Very High
36758,Charles Beasley,52,7,17542,1,5,5,4,14,554,Champions,31-60 Days,6-10 Purchases,High
36787,Kelsey Lucas,88,7,25408,1,4,5,5,14,455,Champions,61-90 Days,6-10 Purchases,Very High
36788,Mrs. Sherri Harris,72,9,17591,1,4,5,4,13,454,Champions,61-90 Days,6-10 Purchases,High
36798,Diane Thornton,14,5,21295,1,5,3,5,13,535,Potential Loyalists,0-30 Days,3-5 Purchases,Very High
36844,Charles Vance,340,7,24543,1,2,5,5,12,255,At Risk,181-365 Days,6-10 Purchases,Very High
36861,Jessica Franklin,11,5,15570,1,5,3,4,12,534,Potential Loyalists,0-30 Days,3-5 Purchases,High
36872,Daniel Love,105,8,18797,1,4,5,4,13,454,Champions,91-180 Days,6-10 Purchases,High
36873,Stacy Martin,403,6,15130,1,2,4,4,10,244,At Risk,365+ Days,6-10 Purchases,High
36875,Gabrielle Johnson,39,7,21882,1,5,5,5,15,555,Champions,31-60 Days,6-10 Purchases,Very High
36881,Angela Brown,28,6,17429,1,5,4,4,13,544,Champions,0-30 Days,6-10 Purchases,High
36890,Walter Lewis,183,10,30681,1,3,5,5,13,355,Loyal Customers,181-365 Days,6-10 Purchases,Very High
36896,Cheyenne Shields,73,8,19919,1,4,5,5,14,455,Champions,61-90 Days,6-10 Purchases,Very High
36931,Heather Rocha,338,5,14844,1,2,3,4,9,234,At Risk,181-365 Days,3-5 Purchases,High
36955,Jasmine Charles,4,7,18190,1,5,5,4,14,554,Champions,0-30 Days,6-10 Purchases,High
36975,Frank Guerrero,6,7,21730,1,5,5,5,15,555,Champions,0-30 Days,6-10 Purchases,Very High
36987,Henry Wheeler,185,5,15042,1,3,3,4,10,334,Need Attention,181-365 Days,3-5 Purchases,High
37009,Jeremiah Bolton,286,8,18191,1,2,5,4,11,254,At Risk,181-365 Days,6-10 Purchases,High
37015,Tiffany Reynolds,362,7,18068,1,2,5,4,11,254,At Risk,181-365 Days,6-10 Purchases,High
37033,Joe Collier,29,8,19985,1,5,5,5,15,555,Champions,0-30 Days,6-10 Purchases,Very High
37042,Veronica Peterson,138,6,16053,1,3,4,4,11,344,Loyal Customers,91-180 Days,6-10 Purchases,High
37058,Alfred Chan,151,5,15471,1,3,3,4,10,334,Need Attention,91-180 Days,3-5 Purchases,High
37061,Jillian Daniels,205,7,15882,1,3,5,4,12,354,Loyal Customers,181-365 Days,6-10 Purchases,High
37062,Julie Barrett,135,9,25734,1,4,5,5,14,455,Champions,91-180 Days,6-10 Purchases,Very High
37065,Cynthia Boone,259,6,22742,1,2,4,5,11,245,At Risk,181-365 Days,6-10 Purchases,Very High
37082,Elizabeth Robinson,53,9,16884,1,5,5,4,14,554,Champions,31-60 Days,6-10 Purchases,High
37083,Jessica Scott,222,5,21744,1,3,3,5,11,335,Need Attention,181-365 Days,3-5 Purchases,Very High
37085,James Young,180,8,16951,1,3,5,4,12,354,Loyal Customers,91-180 Days,6-10 Purchases,High
37100,Aaron Hill,276,5,15857,1,2,3,4,9,234,At Risk,181-365 Days,3-5 Purchases,High
37109,Justin Swanson,398,7,17884,1,2,5,4,11,254,At Risk,365+ Days,6-10 Purchases,High
37111,Nicole Drake,757,4,15552,1,1,2,4,7,124,Need Attention,365+ Days,3-5 Purchases,High
37134,Ryan Barry,15,5,17007,1,5,3,4,12,534,Potential Loyalists,0-30 Days,3-5 Purchases,High
37166,Erin James,412,6,19091,1,2,4,4,10,244,At Risk,365+ Days,6-10 Purchases,High
37169,Anna Taylor,256,6,17299,1,2,4,4,10,244,At Risk,181-365 Days,6-10 Purchases,High
37174,Patricia Arnold,49,7,17456,1,5,5,4,14,554,Champions,31-60 Days,6-10 Purchases,High
37177,Edward Ray,56,4,15301,1,5,2,4,11,524,Potential Loyalists,31-60 Days,3-5 Purchases,High
37193,Jessica Coleman,47,5,15611,1,5,3,4,12,534,Potential Loyalists,31-60 Days,3-5 Purchases,High
37201,Michele Phillips,9,5,15759,1,5,3,4,12,534,Potential Loyalists,0-30 Days,3-5 Purchases,High
37236,Jordan Vaughn,12,9,20943,1,5,5,5,15,555,Champions,0-30 Days,6-10 Purchases,Very High
37241,Cole Jones,4,10,28285,1,5,5,5,15,555,Champions,0-30 Days,6-10 Purchases,Very High
37259,Kenneth Ortega,526,4,15387,1,1,2,4,7,124,Need Attention,365+ Days,3-5 Purchases,High
37272,Matthew Patterson,16,9,18395,1,5,5,4,14,554,Champions,0-30 Days,6-10 Purchases,High
37273,Richard Todd,203,8,21782,1,3,5,5,13,355,Loyal Customers,181-365 Days,6-10 Purchases,Very High
37304,Michelle Lewis,386,6,17999,1,2,4,4,10,244,At Risk,365+ Days,6-10 Purchases,High
37310,Angela Brown,89,10,31418,1,4,5,5,14,455,Champions,61-90 Days,6-10 Purchases,Very High
37327,Ricardo Patel,266,9,30770,1,2,5,5,12,255,At Risk,181-365 Days,6-10 Purchases,Very High
37352,Tina Jackson,224,7,20207,1,3,5,5,13,355,Loyal Customers,181-365 Days,6-10 Purchases,Very High
37359,Jerry Rice,50,12,32525,1,5,5,5,15,555,Champions,31-60 Days,10+ Purchases,Very High
37362,Sarah Krueger,237,5,15873,1,3,3,4,10,334,Need Attention,181-365 Days,3-5 Purchases,High
37376,Katherine West,723,5,15429,1,1,3,4,8,134,At Risk,365+ Days,3-5 Purchases,High
37401,James Padilla,26,6,25124,1,5,4,5,14,545,Champions,0-30 Days,6-10 Purchases,Very High
37408,Laurie George,424,6,20841,1,2,4,5,11,245,At Risk,365+ Days,6-10 Purchases,Very High
37418,Michael Rodriguez,13,7,16114,1,5,5,4,14,554,Champions,0-30 Days,6-10 Purchases,High
37436,Matthew Richards,457,9,25772,1,1,5,5,11,155,At Risk,365+ Days,6-10 Purchases,Very High
37455,Russell Johnson,165,6,16362,1,3,4,4,11,344,Loyal Customers,91-180 Days,6-10 Purchases,High
37465,Nicole Dixon,15,4,15502,1,5,2,4,11,524,Potential Loyalists,0-30 Days,3-5 Purchases,High
37473,Donald Pham,181,6,21722,1,3,4,5,12,345,Loyal Customers,181-365 Days,6-10 Purchases,Very High
37488,Allison Salinas,198,6,17058,1,3,4,4,11,344,Loyal Customers,181-365 Days,6-10 Purchases,High
37506,Travis Rubio,103,6,15866,1,4,4,4,12,444,Champions,91-180 Days,6-10 Purchases,High
37508,Ashley Martin,80,7,24483,1,4,5,5,14,455,Champions,61-90 Days,6-10 Purchases,Very High
37509,Daniel Lee,26,9,20002,1,5,5,5,15,555,Champions,0-30 Days,6-10 Purchases,Very High
37556,Mrs. Amanda Nguyen,7,9,29179,1,5,5,5,15,555,Champions,0-30 Days,6-10 Purchases,Very High
37560,Ana Patterson,218,9,18484,1,3,5,4,12,354,Loyal Customers,181-365 Days,6-10 Purchases,High
37574,Christopher Johnson,199,7,20483,1,3,5,5,13,355,Loyal Customers,181-365 Days,6-10 Purchases,Very High
37591,Holly Gallagher,34,5,15942,1,5,3,4,12,534,Potential Loyalists,31-60 Days,3-5 Purchases,High
37600,Mr. Geoffrey Burgess Jr.,186,4,15150,1,3,2,4,9,324,Need Attention,181-365 Days,3-5 Purchases,High
37629,Phillip Brown,148,6,17876,1,3,4,4,11,344,Loyal Customers,91-180 Days,6-10 Purchases,High
37651,David Wade,212,6,17607,1,3,4,4,11,344,Loyal Customers,181-365 Days,6-10 Purchases,High
37653,Autumn Jimenez,281,6,16906,1,2,4,4,10,244,At Risk,181-365 Days,6-10 Purchases,High
37669,Susan Fisher,195,8,15897,1,3,5,4,12,354,Loyal Customers,181-365 Days,6-10 Purchases,High
37677,Jason Tran,2,10,29074,1,5,5,5,15,555,Champions,0-30 Days,6-10 Purchases,Very High
37680,Natalie Davis,89,4,15515,1,4,2,4,10,424,Potential Loyalists,61-90 Days,3-5 Purchases,High
37691,Miss Laura Cross,875,4,14964,1,1,2,4,7,124,Need Attention,365+ Days,3-5 Purchases,High
37705,Kaitlin Burns,163,7,21200,1,3,5,5,13,355,Loyal Customers,91-180 Days,6-10 Purchases,Very High
37710,Sharon Lloyd,264,8,18150,1,2,5,4,11,254,At Risk,181-365 Days,6-10 Purchases,High
37728,John Chandler,140,7,19572,1,3,5,5,13,355,Loyal Customers,91-180 Days,6-10 Purchases,Very High
37734,Susan Perez,5,6,19377,1,5,4,5,14,545,Champions,0-30 Days,6-10 Purchases,Very High
37748,Robert Jones,189,5,20018,1,3,3,5,11,335,Need Attention,181-365 Days,3-5 Purchases,Very High
37752,Meghan Ruiz,73,7,22930,1,4,5,5,14,455,Champions,61-90 Days,6-10 Purchases,Very High
37767,Micheal Watkins,17,8,26687,1,5,5,5,15,555,Champions,0-30 Days,6-10 Purchases,Very High
37771,Debbie Wu,191,7,19947,1,3,5,5,13,355,Loyal Customers,181-365 Days,6-10 Purchases,Very High
37785,Scott Schultz,115,7,27148,1,4,5,5,14,455,Champions,91-180 Days,6-10 Purchases,Very High
37846,Amanda Stone,9,6,19251,1,5,4,4,13,544,Champions,0-30 Days,6-10 Purchases,High
37848,Megan Boyle,293,4,14808,1,2,2,4,8,224,Need Attention,181-365 Days,3-5 Purchases,High
37860,Wendy Smith,298,11,30214,1,2,5,5,12,255,At Risk,181-365 Days,10+ Purchases,Very High
37897,Brent Williams,68,6,15396,1,4,4,4,12,444,Champions,61-90 Days,6-10 Purchases,High
37904,Connie Mcconnell,704,8,23693,1,1,5,5,11,155,At Risk,365+ Days,6-10 Purchases,Very High
37907,Alyssa Shea,156,10,30563,1,3,5,5,13,355,Loyal Customers,91-180 Days,6-10 Purchases,Very High
37912,Brandi Guzman,79,6,19407,1,4,4,5,13,445,Champions,61-90 Days,6-10 Purchases,Very High
37914,Michael Weaver,7,8,18294,1,5,5,4,14,554,Champions,0-30 Days,6-10 Purchases,High
37928,Mary Martin,325,5,14825,1,2,3,4,9,234,At Risk,181-365 Days,3-5 Purchases,High
37959,Christopher Powers,371,8,23775,1,2,5,5,12,255,At Risk,365+ Days,6-10 Purchases,Very High
37967,Karen Harris,25,7,16866,1,5,5,4,14,554,Champions,0-30 Days,6-10 Purchases,High
37977,Carl Armstrong,102,6,15681,1,4,4,4,12,444,Champions,91-180 Days,6-10 Purchases,High
37985,Mark Zavala,421,7,19246,1,2,5,4,11,254,At Risk,365+ Days,6-10 Purchases,High
37989,Bryan Day,303,5,19665,1,2,3,5,10,235,At Risk,181-365 Days,3-5 Purchases,Very High
38010,Diane Stephenson,20,7,16789,1,5,5,4,14,554,Champions,0-30 Days,6-10 Purchases,High
38021,Tony Chen,76,6,20047,1,4,4,5,13,445,Champions,61-90 Days,6-10 Purchases,Very High
38036,Amanda Diaz,148,6,17500,1,3,4,4,11,344,Loyal Customers,91-180 Days,6-10 Purchases,High
38054,Gina Brewer,52,7,19764,1,5,5,5,15,555,Champions,31-60 Days,6-10 Purchases,Very High
38056,Frank Shaw,78,8,24252,1,4,5,5,14,455,Champions,61-90 Days,6-10 Purchases,Very High
38057,Catherine Pollard,538,9,29925,1,1,5,5,11,155,At Risk,365+ Days,6-10 Purchases,Very High
38058,Jonathan Walker,278,7,16914,1,2,5,4,11,254,At Risk,181-365 Days,6-10 Purchases,High
38061,Katherine Wolfe,110,7,23341,1,4,5,5,14,455,Champions,91-180 Days,6-10 Purchases,Very High
38069,Peter Klein,224,6,16128,1,3,4,4,11,344,Loyal Customers,181-365 Days,6-10 Purchases,High
38071,Johnny Myers,333,4,17162,1,2,2,4,8,224,Need Attention,181-365 Days,3-5 Purchases,High
38077,Gilbert Juarez,78,8,33471,1,4,5,5,14,455,Champions,61-90 Days,6-10 Purchases,Very High
38092,Jennifer Taylor,59,8,20187,1,5,5,5,15,555,Champions,31-60 Days,6-10 Purchases,Very High
38106,Meagan Yu,110,5,16755,1,4,3,4,11,434,Potential Loyalists,91-180 Days,3-5 Purchases,High
38107,Rachel Martinez,122,6,19320,1,4,4,5,13,445,Champions,91-180 Days,6-10 Purchases,Very High
38123,Matthew Kelly,333,10,27963,1,2,5,5,12,255,At Risk,181-365 Days,6-10 Purchases,Very High
38141,Robin Smith,256,9,22992,1,2,5,5,12,255,At Risk,181-365 Days,6-10 Purchases,Very High
38155,Julie Blackwell,10,11,38405,1,5,5,5,15,555,Champions,0-30 Days,10+ Purchases,Very High
38179,Amy Ortega,161,6,15461,1,3,4,4,11,344,Loyal Customers,91-180 Days,6-10 Purchases,High
38183,Tracy Wright,194,8,25306,1,3,5,5,13,355,Loyal Customers,181-365 Days,6-10 Purchases,Very High
38192,Denise Perkins,212,6,21546,1,3,4,5,12,345,Loyal Customers,181-365 Days,6-10 Purchases,Very High
38207,Lori Schaefer,200,4,18081,1,3,2,4,9,324,Need Attention,181-365 Days,3-5 Purchases,High
38232,Nancy Weber,179,5,16595,1,3,3,4,10,334,Need Attention,91-180 Days,3-5 Purchases,High
38239,Samuel Anderson,244,6,17846,1,2,4,4,10,244,At Risk,181-365 Days,6-10 Purchases,High
38282,Kathy Myers,112,6,19241,1,4,4,4,12,444,Champions,91-180 Days,6-10 Purchases,High
38326,Marco Arroyo,347,5,16511,1,2,3,4,9,234,At Risk,181-365 Days,3-5 Purchases,High
38329,Richard Mckinney,205,11,39101,1,3,5,5,13,355,Loyal Customers,181-365 Days,10+ Purchases,Very High
38333,Gerald Shaffer,43,8,21954,1,5,5,5,15,555,Champions,31-60 Days,6-10 Purchases,Very High
38347,Regina Fischer,64,10,24216,1,4,5,5,14,455,Champions,61-90 Days,6-10 Purchases,Very High
38369,Manuel Boyd,394,8,28236,1,2,5,5,12,255,At Risk,365+ Days,6-10 Purchases,Very High
38394,Melissa Howard,20,7,21319,1,5,5,5,15,555,Champions,0-30 Days,6-10 Purchases,Very High
38414,Joe Barrett,299,6,18106,1,2,4,4,10,244,At Risk,181-365 Days,6-10 Purchases,High
38426,Sarah Jensen,185,6,18755,1,3,4,4,11,344,Loyal Customers,181-365 Days,6-10 Purchases,High
38459,Jesus Frank III,42,10,23869,1,5,5,5,15,555,Champions,31-60 Days,6-10 Purchases,Very High
38466,William Gonzalez,5,8,25209,1,5,5,5,15,555,Champions,0-30 Days,6-10 Purchases,Very High
38477,Robert Mack,143,6,17346,1,3,4,4,11,344,Loyal Customers,91-180 Days,6-10 Purchases,High
38488,Joseph Frank,97,8,15755,1,4,5,4,13,454,Champions,91-180 Days,6-10 Purchases,High
38515,Pamela Huffman,34,4,16228,1,5,2,4,11,524,Potential Loyalists,31-60 Days,3-5 Purchases,High
38541,Jonathan Ortiz,162,7,17583,1,3,5,4,12,354,Loyal Customers,91-180 Days,6-10 Purchases,High
38558,Jessica Galloway,272,6,21736,1,2,4,5,11,245,At Risk,181-365 Days,6-10 Purchases,Very High
38562,Charles Harper,251,9,26379,1,2,5,5,12,255,At Risk,181-365 Days,6-10 Purchases,Very High
38566,Matthew Medina,5,9,20989,1,5,5,5,15,555,Champions,0-30 Days,6-10 Purchases,Very High
38605,Thomas Herrera,799,4,15389,1,1,2,4,7,124,Need Attention,365+ Days,3-5 Purchases,High
38619,Sara Tran,394,9,26016,1,2,5,5,12,255,At Risk,365+ Days,6-10 Purchases,Very High
38626,Eric Roth,56,8,25510,1,5,5,5,15,555,Champions,31-60 Days,6-10 Purchases,Very High
38634,Rebecca Martin,2,12,34753,1,5,5,5,15,555,Champions,0-30 Days,10+ Purchases,Very High
38654,Anthony Stone,139,5,20509,1,3,3,5,11,335,Need Attention,91-180 Days,3-5 Purchases,Very High
38709,Daniel Oliver,95,5,16101,1,4,3,4,11,434,Potential Loyalists,91-180 Days,3-5 Purchases,High
38717,Danielle Parker,35,9,20753,1,5,5,5,15,555,Champions,31-60 Days,6-10 Purchases,Very High
38730,Leonard Roberts,506,9,28248,1,1,5,5,11,155,At Risk,365+ Days,6-10 Purchases,Very High
38748,Ebony Smith,229,6,22649,1,3,4,5,12,345,Loyal Customers,181-365 Days,6-10 Purchases,Very High
38765,Megan Mckee,43,7,18814,1,5,5,4,14,554,Champions,31-60 Days,6-10 Purchases,High
38771,Mark Williams,29,8,19978,1,5,5,5,15,555,Champions,0-30 Days,6-10 Purchases,Very High
38775,Cynthia Armstrong,232,5,15054,1,3,3,4,10,334,Need Attention,181-365 Days,3-5 Purchases,High
38814,Deanna Pierce,44,5,15768,1,5,3,4,12,534,Potential Loyalists,31-60 Days,3-5 Purchases,High
38819,Isaac Rogers,17,6,16985,1,5,4,4,13,544,Champions,0-30 Days,6-10 Purchases,High
38820,Robert Aguilar,102,7,17126,1,4,5,4,13,454,Champions,91-180 Days,6-10 Purchases,High
38821,Kristina Reed,26,7,20656,1,5,5,5,15,555,Champions,0-30 Days,6-10 Purchases,Very High
38834,Mary Hernandez,151,8,16173,1,3,5,4,12,354,Loyal Customers,91-180 Days,6-10 Purchases,High
38855,Amy Sullivan,50,8,20375,1,5,5,5,15,555,Champions,31-60 Days,6-10 Purchases,Very High
38869,Bradley Hudson,184,4,16162,1,3,2,4,9,324,Need Attention,181-365 Days,3-5 Purchases,High
38877,Mark Whitney,129,8,24433,1,4,5,5,14,455,Champions,91-180 Days,6-10 Purchases,Very High
38881,Kenneth Gomez,45,6,18797,1,5,4,4,13,544,Champions,31-60 Days,6-10 Purchases,High
38882,Laurie Jones,24,8,21768,1,5,5,5,15,555,Champions,0-30 Days,6-10 Purchases,Very High
38887,Elizabeth Smith,120,6,15120,1,4,4,4,12,444,Champions,91-180 Days,6-10 Purchases,High
38890,Donald Shea,488,6,15962,1,1,4,4,9,144,At Risk,365+ Days,6-10 Purchases,High
38910,Jeremy Moore,131,6,18072,1,4,4,4,12,444,Champions,91-180 Days,6-10 Purchases,High
38918,Mikayla Castillo,468,6,18171,1,1,4,4,9,144,At Risk,365+ Days,6-10 Purchases,High
38925,Robert Taylor,60,13,30770,1,4,5,5,14,455,Champions,31-60 Days,10+ Purchases,Very High
38945,Blake Gould,171,7,16894,1,3,5,4,12,354,Loyal Customers,91-180 Days,6-10 Purchases,High
38988,David Walker,524,5,18366,1,1,3,4,8,134,At Risk,365+ Days,3-5 Purchases,High
38992,Lauren Williams,432,9,28517,1,1,5,5,11,155,At Risk,365+ Days,6-10 Purchases,Very High
38993,Heather Boone,29,8,19703,1,5,5,5,15,555,Champions,0-30 Days,6-10 Purchases,Very High
38999,Ashley Hernandez,144,5,18443,1,3,3,4,10,334,Need Attention,91-180 Days,3-5 Purchases,High
39008,Johnny Marsh,134,5,16105,1,4,3,4,11,434,Potential Loyalists,91-180 Days,3-5 Purchases,High
39009,Nicole Kelley,95,9,23576,1,4,5,5,14,455,Champions,91-180 Days,6-10 Purchases,Very High
39018,Jacob Davis,121,5,14968,1,4,3,4,11,434,Potential Loyalists,91-180 Days,3-5 Purchases,High
39021,Miss Sophia Rodriguez,77,5,17329,1,4,3,4,11,434,Potential Loyalists,61-90 Days,3-5 Purchases,High
39026,Amanda Hernandez,69,8,22891,1,4,5,5,14,455,Champions,61-90 Days,6-10 Purchases,Very High
39039,Stephanie Hawkins,10,7,20604,1,5,5,5,15,555,Champions,0-30 Days,6-10 Purchases,Very High
39041,Melissa Sampson,12,8,29370,1,5,5,5,15,555,Champions,0-30 Days,6-10 Purchases,Very High
39056,Mary Wade,61,6,21137,1,4,4,5,13,445,Champions,61-90 Days,6-10 Purchases,Very High
39059,Peter Bass,475,8,24076,1,1,5,5,11,155,At Risk,365+ Days,6-10 Purchases,Very High
39061,Jonathan Jimenez,200,6,15105,1,3,4,4,11,344,Loyal Customers,181-365 Days,6-10 Purchases,High
39073,David Norman,229,5,14817,1,3,3,4,10,334,Need Attention,181-365 Days,3-5 Purchases,High
39090,Sara Griffin,501,6,18943,1,1,4,4,9,144,At Risk,365+ Days,6-10 Purchases,High
39117,Lindsay Walker,94,9,23402,1,4,5,5,14,455,Champions,91-180 Days,6-10 Purchases,Very High
39126,Joseph Rice,43,5,19777,1,5,3,5,13,535,Potential Loyalists,31-60 Days,3-5 Purchases,Very High
39132,Sabrina Ewing,116,5,15017,1,4,3,4,11,434,Potential Loyalists,91-180 Days,3-5 Purchases,High
39152,Sandra James,123,8,24261,1,4,5,5,14,455,Champions,91-180 Days,6-10 Purchases,Very High
39153,Jeffrey Johnson,436,8,22026,1,1,5,5,11,155,At Risk,365+ Days,6-10 Purchases,Very High
39165,Samantha Wright,368,6,19121,1,2,4,4,10,244,At Risk,365+ Days,6-10 Purchases,High
39195,April Weaver,301,5,18464,1,2,3,4,9,234,At Risk,181-365 Days,3-5 Purchases,High
39201,Hannah Harding,486,5,15260,1,1,3,4,8,134,At Risk,365+ Days,3-5 Purchases,High
39220,David Ellison,286,7,19254,1,2,5,4,11,254,At Risk,181-365 Days,6-10 Purchases,High
39235,Amanda Conway,99,6,22845,1,4,4,5,13,445,Champions,91-180 Days,6-10 Purchases,Very High
39251,Abigail Blankenship,201,8,20054,1,3,5,5,13,355,Loyal Customers,181-365 Days,6-10 Purchases,Very High
39252,Shawna Perry,227,8,20637,1,3,5,5,13,355,Loyal Customers,181-365 Days,6-10 Purchases,Very High
39270,James Johnson,105,5,15443,1,4,3,4,11,434,Potential Loyalists,91-180 Days,3-5 Purchases,High
39293,Donald Torres,1,6,14965,1,5,4,4,13,544,Champions,0-30 Days,6-10 Purchases,High
39304,Christopher Graham,231,7,16600,1,3,5,4,12,354,Loyal Customers,181-365 Days,6-10 Purchases,High
39312,Matthew Davis,19,7,23783,1,5,5,5,15,555,Champions,0-30 Days,6-10 Purchases,Very High
39322,Brittany Price,6,8,24744,1,5,5,5,15,555,Champions,0-30 Days,6-10 Purchases,Very High
39328,Donna Phillips,569,7,24458,1,1,5,5,11,155,At Risk,365+ Days,6-10 Purchases,Very High
39332,Amy Griffin,229,6,15982,1,3,4,4,11,344,Loyal Customers,181-365 Days,6-10 Purchases,High
39368,Joshua Hartman,96,6,17803,1,4,4,4,12,444,Champions,91-180 Days,6-10 Purchases,High
39393,Richard Kelly,47,5,17319,1,5,3,4,12,534,Potential Loyalists,31-60 Days,3-5 Purchases,High
39403,Lauren Weber,128,7,18234,1,4,5,4,13,454,Champions,91-180 Days,6-10 Purchases,High
39419,Mr. Mathew Grimes,246,6,20624,1,2,4,5,11,245,At Risk,181-365 Days,6-10 Purchases,Very High
39435,Joseph Johnson,33,6,16758,1,5,4,4,13,544,Champions,31-60 Days,6-10 Purchases,High
39436,Amy Cohen,89,9,26159,1,4,5,5,14,455,Champions,61-90 Days,6-10 Purchases,Very High
39449,Joseph Morris,169,8,30786,1,3,5,5,13,355,Loyal Customers,91-180 Days,6-10 Purchases,Very High
39455,Erika Jensen,50,7,16562,1,5,5,4,14,554,Champions,31-60 Days,6-10 Purchases,High
39458,Stacey Hogan,46,7,23926,1,5,5,5,15,555,Champions,31-60 Days,6-10 Purchases,Very High
39488,Tracey Arroyo,23,9,28594,1,5,5,5,15,555,Champions,0-30 Days,6-10 Purchases,Very High
39494,Kimberly Hayes,64,7,21970,1,4,5,5,14,455,Champions,61-90 Days,6-10 Purchases,Very High
39499,John Munoz,70,9,23031,1,4,5,5,14,455,Champions,61-90 Days,6-10 Purchases,Very High
39504,Randy Ramos PhD,94,9,23003,1,4,5,5,14,455,Champions,91-180 Days,6-10 Purchases,Very High
39515,Jessica Thomas,65,10,22747,1,4,5,5,14,455,Champions,61-90 Days,6-10 Purchases,Very High
39519,Michael Hughes,105,9,26680,1,4,5,5,14,455,Champions,91-180 Days,6-10 Purchases,Very High
39537,Diane Rogers,169,4,16813,1,3,2,4,9,324,Need Attention,91-180 Days,3-5 Purchases,High
39543,Joshua Edwards,7,9,19198,1,5,5,4,14,554,Champions,0-30 Days,6-10 Purchases,High
39588,Jenny Wells,363,7,19643,1,2,5,5,12,255,At Risk,181-365 Days,6-10 Purchases,Very High
39595,William Nelson,26,9,16232,1,5,5,4,14,554,Champions,0-30 Days,6-10 Purchases,High
39626,John Abbott,171,5,18599,1,3,3,4,10,334,Need Attention,91-180 Days,3-5 Purchases,High
39641,Debra Dixon,96,6,15352,1,4,4,4,12,444,Champions,91-180 Days,6-10 Purchases,High
39674,Darin Smith,186,5,16337,1,3,3,4,10,334,Need Attention,181-365 Days,3-5 Purchases,High
39681,Steven Rivera,323,7,20007,1,2,5,5,12,255,At Risk,181-365 Days,6-10 Purchases,Very High
39697,Michael Nicholson,45,4,14857,1,5,2,4,11,524,Potential Loyalists,31-60 Days,3-5 Purchases,High
39699,Andrew Olson,110,9,24961,1,4,5,5,14,455,Champions,91-180 Days,6-10 Purchases,Very High
39716,Evan Huffman,41,6,17311,1,5,4,4,13,544,Champions,31-60 Days,6-10 Purchases,High
39722,Tiffany Galloway,40,9,22009,1,5,5,5,15,555,Champions,31-60 Days,6-10 Purchases,Very High
39741,Mary White,176,4,14959,1,3,2,4,9,324,Need Attention,91-180 Days,3-5 Purchases,High
39763,Bruce Carney,93,9,24002,1,4,5,5,14,455,Champions,91-180 Days,6-10 Purchases,Very High
39786,Kimberly Rice,125,6,19125,1,4,4,4,12,444,Champions,91-180 Days,6-10 Purchases,High
39787,Jasmine Patrick,249,5,15348,1,2,3,4,9,234,At Risk,181-365 Days,3-5 Purchases,High
39807,Lauren Robertson,102,5,19702,1,4,3,5,12,435,Potential Loyalists,91-180 Days,3-5 Purchases,Very High
39822,Joshua Salinas,228,8,23261,1,3,5,5,13,355,Loyal Customers,181-365 Days,6-10 Purchases,Very High
39824,Sandra Walter,85,11,22064,1,4,5,5,14,455,Champions,61-90 Days,10+ Purchases,Very High
39825,Melissa Frey,278,7,21365,1,2,5,5,12,255,At Risk,181-365 Days,6-10 Purchases,Very High
39836,Keith Thomas,154,7,23572,1,3,5,5,13,355,Loyal Customers,91-180 Days,6-10 Purchases,Very High
39873,Ethan Lamb,220,6,19487,1,3,4,5,12,345,Loyal Customers,181-365 Days,6-10 Purchases,Very High
39879,Philip Richardson,4,8,24981,1,5,5,5,15,555,Champions,0-30 Days,6-10 Purchases,Very High
39896,Stacey Moore,506,6,16980,1,1,4,4,9,144,At Risk,365+ Days,6-10 Purchases,High
39926,Shirley Montgomery,169,8,21909,1,3,5,5,13,355,Loyal Customers,91-180 Days,6-10 Purchases,Very High
39937,Jill Lane,34,5,17221,1,5,3,4,12,534,Potential Loyalists,31-60 Days,3-5 Purchases,High
39945,Rachel Allen,54,6,21875,1,5,4,5,14,545,Champions,31-60 Days,6-10 Purchases,Very High
39947,Ashley Hoffman,246,8,20282,1,2,5,5,12,255,At Risk,181-365 Days,6-10 Purchases,Very High
39964,Tyler Duncan,33,8,26424,1,5,5,5,15,555,Champions,31-60 Days,6-10 Purchases,Very High
39985,Carl Lewis,108,6,18359,1,4,4,4,12,444,Champions,91-180 Days,6-10 Purchases,High
40011,Marcus Carson,36,10,23641,1,5,5,5,15,555,Champions,31-60 Days,6-10 Purchases,Very High
40047,Albert Boyle,39,7,24256,1,5,5,5,15,555,Champions,31-60 Days,6-10 Purchases,Very High
40050,Bryan Drake,288,6,16999,1,2,4,4,10,244,At Risk,181-365 Days,6-10 Purchases,High
40053,Russell Kelly,69,8,24772,1,4,5,5,14,455,Champions,61-90 Days,6-10 Purchases,Very High
40055,Charles Gibson,141,6,17921,1,3,4,4,11,344,Loyal Customers,91-180 Days,6-10 Purchases,High
40058,Charles Davidson,44,10,32996,1,5,5,5,15,555,Champions,31-60 Days,6-10 Purchases,Very High
40078,Emma Tran,34,5,15421,1,5,3,4,12,534,Potential Loyalists,31-60 Days,3-5 Purchases,High
40090,Michael Rojas,63,6,16223,1,4,4,4,12,444,Champions,61-90 Days,6-10 Purchases,High
40098,Bradley Hebert,232,6,23098,1,3,4,5,12,345,Loyal Customers,181-365 Days,6-10 Purchases,Very High
40099,Tara Miller,127,8,26562,1,4,5,5,14,455,Champions,91-180 Days,6-10 Purchases,Very High
40132,Isaiah King,115,6,17818,1,4,4,4,12,444,Champions,91-180 Days,6-10 Purchases,High
40156,Jonathan Watson,96,6,17118,1,4,4,4,12,444,Champions,91-180 Days,6-10 Purchases,High
40157,Eric Daniels,836,4,15758,1,1,3,4,8,134,At Risk,365+ Days,3-5 Purchases,High
40160,Terri Hale,18,5,17686,1,5,3,4,12,534,Potential Loyalists,0-30 Days,3-5 Purchases,High
40191,Kim Beck,64,6,21236,1,4,4,5,13,445,Champions,61-90 Days,6-10 Purchases,Very High
40202,Cheryl Olson,44,6,15393,1,5,4,4,13,544,Champions,31-60 Days,6-10 Purchases,High
40219,Duane Jackson,40,8,17928,1,5,5,4,14,554,Champions,31-60 Days,6-10 Purchases,High
40221,Erica Martin,31,7,17750,1,5,5,4,14,554,Champions,31-60 Days,6-10 Purchases,High
40222,Donald Russo,55,7,17756,1,5,5,4,14,554,Champions,31-60 Days,6-10 Purchases,High
40241,Nathan Hernandez,21,8,24439,1,5,5,5,15,555,Champions,0-30 Days,6-10 Purchases,Very High
40252,Monica Bryan,368,6,19996,1,2,4,5,11,245,At Risk,365+ Days,6-10 Purchases,Very High
40267,Andrea Williams,23,8,24999,1,5,5,5,15,555,Champions,0-30 Days,6-10 Purchases,Very High
40283,Alex Ruiz,9,4,15032,1,5,3,4,12,534,Potential Loyalists,0-30 Days,3-5 Purchases,High
40300,Jonathan Wright,82,8,28844,1,4,5,5,14,455,Champions,61-90 Days,6-10 Purchases,Very High
40303,Alexander Smith,49,9,23508,1,5,5,5,15,555,Champions,31-60 Days,6-10 Purchases,Very High
40307,Andrea Sampson,40,7,15629,1,5,5,4,14,554,Champions,31-60 Days,6-10 Purchases,High
40311,John Kelley,35,6,18784,1,5,4,4,13,544,Champions,31-60 Days,6-10 Purchases,High
40344,April Hess,21,10,19398,1,5,5,5,15,555,Champions,0-30 Days,6-10 Purchases,Very High
40346,Elizabeth Harmon,166,5,16852,1,3,3,4,10,334,Need Attention,91-180 Days,3-5 Purchases,High
40357,Daniel Cherry,126,5,15341,1,4,3,4,11,434,Potential Loyalists,91-180 Days,3-5 Purchases,High
40367,Ryan Grant,180,8,23256,1,3,5,5,13,355,Loyal Customers,91-180 Days,6-10 Purchases,Very High
40372,Kevin Paul,224,5,15909,1,3,3,4,10,334,Need Attention,181-365 Days,3-5 Purchases,High
40402,Ryan Willis,165,5,14967,1,3,3,4,10,334,Need Attention,91-180 Days,3-5 Purchases,High
40408,Crystal Price,184,9,20316,1,3,5,5,13,355,Loyal Customers,181-365 Days,6-10 Purchases,Very High
40422,Mary Roberts,38,5,17993,1,5,3,4,12,534,Potential Loyalists,31-60 Days,3-5 Purchases,High
40453,Anne Lyons,215,7,20473,1,3,5,5,13,355,Loyal Customers,181-365 Days,6-10 Purchases,Very High
40457,Cameron Bradley,7,6,20634,1,5,4,5,14,545,Champions,0-30 Days,6-10 Purchases,Very High
40478,Maria Brown,164,5,19415,1,3,3,5,11,335,Need Attention,91-180 Days,3-5 Purchases,Very High
40481,Daniel Summers,579,4,16298,1,1,3,4,8,134,At Risk,365+ Days,3-5 Purchases,High
40513,Mark Foley,452,6,19437,1,1,4,5,10,145,At Risk,365+ Days,6-10 Purchases,Very High
40518,David White DVM,436,6,22326,1,1,4,5,10,145,At Risk,365+ Days,6-10 Purchases,Very High
40573,Hannah Mack,24,8,22429,1,5,5,5,15,555,Champions,0-30 Days,6-10 Purchases,Very High
40609,Lisa Russell,35,6,15593,1,5,4,4,13,544,Champions,31-60 Days,6-10 Purchases,High
40626,Barbara Gonzalez,69,12,33360,1,4,5,5,14,455,Champions,61-90 Days,10+ Purchases,Very High
40648,Jorge Fowler,82,9,23019,1,4,5,5,14,455,Champions,61-90 Days,6-10 Purchases,Very High
40650,Teresa Hoffman DDS,30,7,19217,1,5,5,4,14,554,Champions,0-30 Days,6-10 Purchases,High
40661,Jimmy Mcdaniel,127,8,25855,1,4,5,5,14,455,Champions,91-180 Days,6-10 Purchases,Very High
40689,Paul James,662,5,18014,1,1,3,4,8,134,At Risk,365+ Days,3-5 Purchases,High
40702,Troy Green,84,5,15184,1,4,3,4,11,434,Potential Loyalists,61-90 Days,3-5 Purchases,High
40710,Christine Simon,306,8,24523,1,2,5,5,12,255,At Risk,181-365 Days,6-10 Purchases,Very High
40719,Paul Huff,155,8,27757,1,3,5,5,13,355,Loyal Customers,91-180 Days,6-10 Purchases,Very High
40730,Joy Perry,340,5,18643,1,2,3,4,9,234,At Risk,181-365 Days,3-5 Purchases,High
40735,Gabrielle White,59,10,31903,1,5,5,5,15,555,Champions,31-60 Days,6-10 Purchases,Very High
40745,Theresa Downs,3,9,16154,1,5,5,4,14,554,Champions,0-30 Days,6-10 Purchases,High
40748,Robert Bond,119,6,17240,1,4,4,4,12,444,Champions,91-180 Days,6-10 Purchases,High
40778,April Austin DDS,432,6,22409,1,1,4,5,10,145,At Risk,365+ Days,6-10 Purchases,Very High
40784,Mark Zimmerman,496,5,16860,1,1,3,4,8,134,At Risk,365+ Days,3-5 Purchases,High
40786,Amber Griffith,53,8,25891,1,5,5,5,15,555,Champions,31-60 Days,6-10 Purchases,Very High
40795,William Hahn,138,6,17111,1,3,4,4,11,344,Loyal Customers,91-180 Days,6-10 Purchases,High
40815,Mark Moody,302,8,23794,1,2,5,5,12,255,At Risk,181-365 Days,6-10 Purchases,Very High
40860,Samuel Hughes,204,6,16162,1,3,4,4,11,344,Loyal Customers,181-365 Days,6-10 Purchases,High
40862,Michael Jackson,57,8,14807,1,5,5,4,14,554,Champions,31-60 Days,6-10 Purchases,High
40863,Scott Palmer,312,9,22868,1,2,5,5,12,255,At Risk,181-365 Days,6-10 Purchases,Very High
40876,Justin Bautista,33,7,16281,1,5,5,4,14,554,Champions,31-60 Days,6-10 Purchases,High
40877,Shane Crawford,181,4,17280,1,3,3,4,10,334,Need Attention,181-365 Days,3-5 Purchases,High
40896,Kelli Johnson,195,7,26686,1,3,5,5,13,355,Loyal Customers,181-365 Days,6-10 Purchases,Very High
40905,Alexis Baker,508,6,15244,1,1,4,4,9,144,At Risk,365+ Days,6-10 Purchases,High
40909,Andrew Black,404,7,18494,1,2,5,4,11,254,At Risk,365+ Days,6-10 Purchases,High
40910,Holly Garcia MD,131,8,15894,1,4,5,4,13,454,Champions,91-180 Days,6-10 Purchases,High
40918,Mary Lee,155,9,18749,1,3,5,4,12,354,Loyal Customers,91-180 Days,6-10 Purchases,High
40919,Evan Martinez,143,9,25633,1,3,5,5,13,355,Loyal Customers,91-180 Days,6-10 Purchases,Very High
40924,Richard Kelly,177,11,23158,1,3,5,5,13,355,Loyal Customers,91-180 Days,10+ Purchases,Very High
40928,Lisa Dillon,113,7,17919,1,4,5,4,13,454,Champions,91-180 Days,6-10 Purchases,High
40931,Paula Oliver,15,7,23752,1,5,5,5,15,555,Champions,0-30 Days,6-10 Purchases,Very High
40935,Andre Wang,381,6,16492,1,2,4,4,10,244,At Risk,365+ Days,6-10 Purchases,High
40942,Jennifer Smith,109,9,28535,1,4,5,5,14,455,Champions,91-180 Days,6-10 Purchases,Very High
40985,Kathy Nelson,347,13,28063,1,2,5,5,12,255,At Risk,181-365 Days,10+ Purchases,Very High
40986,Donald Obrien,291,4,15157,1,2,3,4,9,234,At Risk,181-365 Days,3-5 Purchases,High
41003,Kenneth Villarreal,102,8,19482,1,4,5,5,14,455,Champions,91-180 Days,6-10 Purchases,Very High
41018,Stephen Hill,310,6,21923,1,2,4,5,11,245,At Risk,181-365 Days,6-10 Purchases,Very High
41019,Marisa Kelly,8,6,15880,1,5,4,4,13,544,Champions,0-30 Days,6-10 Purchases,High
41024,Aaron Dudley,8,6,19411,1,5,4,5,14,545,Champions,0-30 Days,6-10 Purchases,Very High
41038,Tina Goodman,35,7,17203,1,5,5,4,14,554,Champions,31-60 Days,6-10 Purchases,High
41045,Robert Tran,414,4,15889,1,2,3,4,9,234,At Risk,365+ Days,3-5 Purchases,High
41057,Carla Mitchell,250,7,15735,1,2,5,4,11,254,At Risk,181-365 Days,6-10 Purchases,High
41065,Dr. Catherine Jensen,4,7,21083,1,5,5,5,15,555,Champions,0-30 Days,6-10 Purchases,Very High
41066,Robert Rogers,252,7,25496,1,2,5,5,12,255,At Risk,181-365 Days,6-10 Purchases,Very High
41079,Taylor Shepard,50,8,22968,1,5,5,5,15,555,Champions,31-60 Days,6-10 Purchases,Very High
41080,Susan Mendez,514,5,20139,1,1,3,5,9,135,At Risk,365+ Days,3-5 Purchases,Very High
41084,Victoria Stewart,21,10,22620,1,5,5,5,15,555,Champions,0-30 Days,6-10 Purchases,Very High
41086,Daniel Martin,238,8,22837,1,3,5,5,13,355,Loyal Customers,181-365 Days,6-10 Purchases,Very High
41095,Michael Smith,150,8,24332,1,3,5,5,13,355,Loyal Customers,91-180 Days,6-10 Purchases,Very High
41097,Joseph Mooney,136,9,22502,1,4,5,5,14,455,Champions,91-180 Days,6-10 Purchases,Very High
41098,Christina Sullivan,403,8,30034,1,2,5,5,12,255,At Risk,365+ Days,6-10 Purchases,Very High
41119,Mitchell Robinson,108,10,23370,1,4,5,5,14,455,Champions,91-180 Days,6-10 Purchases,Very High
41120,Shannon Bennett,482,7,17184,1,1,5,4,10,154,At Risk,365+ Days,6-10 Purchases,High
41132,Ashley Swanson,418,7,23823,1,2,5,5,12,255,At Risk,365+ Days,6-10 Purchases,Very High
41169,Debra Welch,124,5,15406,1,4,3,4,11,434,Potential Loyalists,91-180 Days,3-5 Purchases,High
41175,Jacqueline Newton,106,8,21705,1,4,5,5,14,455,Champions,91-180 Days,6-10 Purchases,Very High
41190,Joseph Phillips,24,8,21603,1,5,5,5,15,555,Champions,0-30 Days,6-10 Purchases,Very High
41192,Hannah Schmidt,291,4,15021,1,2,3,4,9,234,At Risk,181-365 Days,3-5 Purchases,High
41196,Juan Gonzalez,46,5,17163,1,5,3,4,12,534,Potential Loyalists,31-60 Days,3-5 Purchases,High
41215,Robert Martin,205,8,16804,1,3,5,4,12,354,Loyal Customers,181-365 Days,6-10 Purchases,High
41225,Barbara Hall,171,6,15285,1,3,4,4,11,344,Loyal Customers,91-180 Days,6-10 Purchases,High
41233,Aaron Wilson,27,7,25786,1,5,5,5,15,555,Champions,0-30 Days,6-10 Purchases,Very High
41268,Shane Rich,23,5,16237,1,5,3,4,12,534,Potential Loyalists,0-30 Days,3-5 Purchases,High
41284,Kayla Willis,211,7,20673,1,3,5,5,13,355,Loyal Customers,181-365 Days,6-10 Purchases,Very High
41290,Keith Diaz,4,11,29830,1,5,5,5,15,555,Champions,0-30 Days,10+ Purchases,Very High
41300,Tammy Reilly,41,7,20923,1,5,5,5,15,555,Champions,31-60 Days,6-10 Purchases,Very High
41308,Donald Bennett,56,5,17359,1,5,3,4,12,534,Potential Loyalists,31-60 Days,3-5 Purchases,High
41344,Jose Hunt MD,238,6,20785,1,3,4,5,12,345,Loyal Customers,181-365 Days,6-10 Purchases,Very High
41354,Ryan Thomas,0,6,15198,1,5,4,4,13,544,Champions,0-30 Days,6-10 Purchases,High
41365,Melissa Hooper,194,8,20927,1,3,5,5,13,355,Loyal Customers,181-365 Days,6-10 Purchases,Very High
41387,Kayla Mathews,63,6,16949,1,4,4,4,12,444,Champions,61-90 Days,6-10 Purchases,High
41398,Lisa Miller,36,5,16527,1,5,3,4,12,534,Potential Loyalists,31-60 Days,3-5 Purchases,High
41412,Amy Williams,248,6,19577,1,2,4,5,11,245,At Risk,181-365 Days,6-10 Purchases,Very High
41450,Rodney Rodriguez,83,8,17590,1,4,5,4,13,454,Champions,61-90 Days,6-10 Purchases,High
41453,Wayne Khan,54,8,26697,1,5,5,5,15,555,Champions,31-60 Days,6-10 Purchases,Very High
41498,Kelly Taylor,282,7,20137,1,2,5,5,12,255,At Risk,181-365 Days,6-10 Purchases,Very High
41523,Jennifer Humphrey,8,10,28486,1,5,5,5,15,555,Champions,0-30 Days,6-10 Purchases,Very High
41546,Brian Anderson,214,6,21331,1,3,4,5,12,345,Loyal Customers,181-365 Days,6-10 Purchases,Very High
41550,Caleb Flores,170,5,20794,1,3,3,5,11,335,Need Attention,91-180 Days,3-5 Purchases,Very High
41555,Timothy Walsh,86,10,27580,1,4,5,5,14,455,Champions,61-90 Days,6-10 Purchases,Very High
41558,Deborah Davis,227,6,15268,1,3,4,4,11,344,Loyal Customers,181-365 Days,6-10 Purchases,High
41559,Ariana Phillips,278,8,15866,1,2,5,4,11,254,At Risk,181-365 Days,6-10 Purchases,High
41565,Paul Roy,21,11,30294,1,5,5,5,15,555,Champions,0-30 Days,10+ Purchases,Very High
41571,Angela Williams,122,8,27577,1,4,5,5,14,455,Champions,91-180 Days,6-10 Purchases,Very High
41616,Kim Wallace,6,6,17023,1,5,4,4,13,544,Champions,0-30 Days,6-10 Purchases,High
41618,Nancy Houston,43,5,16209,1,5,3,4,12,534,Potential Loyalists,31-60 Days,3-5 Purchases,High
41639,Gregory Medina,172,6,17719,1,3,4,4,11,344,Loyal Customers,91-180 Days,6-10 Purchases,High
41669,David Ruiz,64,6,16036,1,4,4,4,12,444,Champions,61-90 Days,6-10 Purchases,High
41672,Rodney Washington,105,6,18504,1,4,4,4,12,444,Champions,91-180 Days,6-10 Purchases,High
41677,Clifford Munoz,228,6,20420,1,3,4,5,12,345,Loyal Customers,181-365 Days,6-10 Purchases,Very High
41679,Jennifer Cowan,331,10,31156,1,2,5,5,12,255,At Risk,181-365 Days,6-10 Purchases,Very High
41685,Sandra Williams,14,8,25629,1,5,5,5,15,555,Champions,0-30 Days,6-10 Purchases,Very High
41720,Diane Rivera,84,5,16650,1,4,3,4,11,434,Potential Loyalists,61-90 Days,3-5 Purchases,High
41728,Jamie Johnson,0,7,19298,1,5,5,5,15,555,Champions,0-30 Days,6-10 Purchases,Very High
41767,Mrs. Rachel Thomas,198,5,21422,1,3,3,5,11,335,Need Attention,181-365 Days,3-5 Purchases,Very High
41789,Duane Gill,40,6,21470,1,5,4,5,14,545,Champions,31-60 Days,6-10 Purchases,Very High
41835,Larry Jensen,26,8,26640,1,5,5,5,15,555,Champions,0-30 Days,6-10 Purchases,Very High
41852,Michael Douglas,64,5,17908,1,4,3,4,11,434,Potential Loyalists,61-90 Days,3-5 Purchases,High
41891,Steven Bryant,40,8,24431,1,5,5,5,15,555,Champions,31-60 Days,6-10 Purchases,Very High
41898,Barbara Johnson,310,8,15351,1,2,5,4,11,254,At Risk,181-365 Days,6-10 Purchases,High
41909,Bethany Adams,58,6,18736,1,5,4,4,13,544,Champions,31-60 Days,6-10 Purchases,High
41923,Michelle Mendez,48,5,14859,1,5,3,4,12,534,Potential Loyalists,31-60 Days,3-5 Purchases,High
41944,Tracy Stewart,3,8,17017,1,5,5,4,14,554,Champions,0-30 Days,6-10 Purchases,High
41981,Virginia Boyd,44,7,15431,1,5,5,4,14,554,Champions,31-60 Days,6-10 Purchases,High
41997,Catherine Goodwin,1,4,16049,1,5,3,4,12,534,Potential Loyalists,0-30 Days,3-5 Purchases,High
42007,Mackenzie Harris,242,5,18827,1,3,3,4,10,334,Need Attention,181-365 Days,3-5 Purchases,High
42039,Brett Jones,479,6,19631,1,1,4,5,10,145,At Risk,365+ Days,6-10 Purchases,Very High
42056,Michelle Davis,171,6,20995,1,3,4,5,12,345,Loyal Customers,91-180 Days,6-10 Purchases,Very High
42114,Sean Roberts,52,7,16054,1,5,5,4,14,554,Champions,31-60 Days,6-10 Purchases,High
42131,Austin Hughes,15,6,18080,1,5,4,4,13,544,Champions,0-30 Days,6-10 Purchases,High
42137,Robert Bates,57,6,15847,1,5,4,4,13,544,Champions,31-60 Days,6-10 Purchases,High
42149,Robert Sanford,8,6,18910,1,5,4,4,13,544,Champions,0-30 Days,6-10 Purchases,High
42155,Jacob Carlson,106,5,15999,1,4,3,4,11,434,Potential Loyalists,91-180 Days,3-5 Purchases,High
42179,Jennifer Stephens,180,13,36654,1,3,5,5,13,355,Loyal Customers,91-180 Days,10+ Purchases,Very High
42203,Amanda Klein,374,9,19742,1,2,5,5,12,255,At Risk,365+ Days,6-10 Purchases,Very High
42209,Deanna Medina,88,6,19792,1,4,4,5,13,445,Champions,61-90 Days,6-10 Purchases,Very High
42231,Robert Miller,245,9,23427,1,2,5,5,12,255,At Risk,181-365 Days,6-10 Purchases,Very High
42242,Steven Proctor,18,10,24937,1,5,5,5,15,555,Champions,0-30 Days,6-10 Purchases,Very High
42244,Patrick Turner,192,7,17225,1,3,5,4,12,354,Loyal Customers,181-365 Days,6-10 Purchases,High
42247,William Jones,115,7,18700,1,4,5,4,13,454,Champions,91-180 Days,6-10 Purchases,High
42248,Lisa Moon,111,5,17331,1,4,3,4,11,434,Potential Loyalists,91-180 Days,3-5 Purchases,High
42250,Michelle Keller,142,9,28063,1,3,5,5,13,355,Loyal Customers,91-180 Days,6-10 Purchases,Very High
42260,Susan Myers,174,7,17244,1,3,5,4,12,354,Loyal Customers,91-180 Days,6-10 Purchases,High
42277,Christopher Fry,98,7,18784,1,4,5,4,13,454,Champions,91-180 Days,6-10 Purchases,High
42280,Tiffany Davis,597,7,17030,1,1,5,4,10,154,At Risk,365+ Days,6-10 Purchases,High
42283,John Nicholson,242,4,16671,1,3,3,4,10,334,Need Attention,181-365 Days,3-5 Purchases,High
42291,James White,174,10,20714,1,3,5,5,13,355,Loyal Customers,91-180 Days,6-10 Purchases,Very High
42307,Amber Carter,313,7,16972,1,2,5,4,11,254,At Risk,181-365 Days,6-10 Purchases,High
42323,Donna Horton,350,8,18236,1,2,5,4,11,254,At Risk,181-365 Days,6-10 Purchases,High
42348,Joseph Rogers,43,7,20630,1,5,5,5,15,555,Champions,31-60 Days,6-10 Purchases,Very High
42361,Matthew Vazquez,270,9,22139,1,2,5,5,12,255,At Risk,181-365 Days,6-10 Purchases,Very High
42395,John Mcintyre,256,7,21180,1,2,5,5,12,255,At Risk,181-365 Days,6-10 Purchases,Very High
42404,Andres Ray,5,8,26557,1,5,5,5,15,555,Champions,0-30 Days,6-10 Purchases,Very High
42418,Sean Novak,22,9,24003,1,5,5,5,15,555,Champions,0-30 Days,6-10 Purchases,Very High
42423,Carol Carson,69,7,21351,1,4,5,5,14,455,Champions,61-90 Days,6-10 Purchases,Very High
42474,Katherine Miller,68,7,21612,1,4,5,5,14,455,Champions,61-90 Days,6-10 Purchases,Very High
42475,Calvin Flores,60,9,19284,1,4,5,5,14,455,Champions,31-60 Days,6-10 Purchases,Very High
42488,Stephen Turner,325,5,16588,1,2,3,4,9,234,At Risk,181-365 Days,3-5 Purchases,High
42489,Richard Avila,65,7,20968,1,4,5,5,14,455,Champions,61-90 Days,6-10 Purchases,Very High
42491,Micheal Maynard,42,10,37834,1,5,5,5,15,555,Champions,31-60 Days,6-10 Purchases,Very High
42504,Patricia Hayes,218,5,18614,1,3,3,4,10,334,Need Attention,181-365 Days,3-5 Purchases,High
42529,Shane Poole,59,6,19957,1,5,4,5,14,545,Champions,31-60 Days,6-10 Purchases,Very High
42545,Christopher Swanson,37,8,24052,1,5,5,5,15,555,Champions,31-60 Days,6-10 Purchases,Very High
42546,Sylvia Ford,583,6,17794,1,1,4,4,9,144,At Risk,365+ Days,6-10 Purchases,High
42551,Diana Clarke,69,7,21780,1,4,5,5,14,455,Champions,61-90 Days,6-10 Purchases,Very High
42556,Jorge Galloway,479,7,24939,1,1,5,5,11,155,At Risk,365+ Days,6-10 Purchases,Very High
42579,Dylan Roach,12,7,18699,1,5,5,4,14,554,Champions,0-30 Days,6-10 Purchases,High
42606,Sharon Kim,397,6,15320,1,2,4,4,10,244,At Risk,365+ Days,6-10 Purchases,High
42613,Steven Garcia,91,5,20968,1,4,3,5,12,435,Potential Loyalists,91-180 Days,3-5 Purchases,Very High
42618,David Johnson,104,6,16195,1,4,4,4,12,444,Champions,91-180 Days,6-10 Purchases,High
42629,Karen Joseph,19,5,16513,1,5,3,4,12,534,Potential Loyalists,0-30 Days,3-5 Purchases,High
42647,Tim Cox,366,6,15814,1,2,4,4,10,244,At Risk,365+ Days,6-10 Purchases,High
42686,Robert Burgess,74,7,23325,1,4,5,5,14,455,Champions,61-90 Days,6-10 Purchases,Very High
42691,James Martin,324,6,16408,1,2,4,4,10,244,At Risk,181-365 Days,6-10 Purchases,High
42703,Jeffrey Robles,181,8,20623,1,3,5,5,13,355,Loyal Customers,181-365 Days,6-10 Purchases,Very High
42706,Kristen Kent,368,7,18748,1,2,5,4,11,254,At Risk,365+ Days,6-10 Purchases,High
42723,Kent Miles,297,5,18209,1,2,3,4,9,234,At Risk,181-365 Days,3-5 Purchases,High
42725,Terry Schneider,96,5,16883,1,4,3,4,11,434,Potential Loyalists,91-180 Days,3-5 Purchases,High
42727,Peter English,87,8,29256,1,4,5,5,14,455,Champions,61-90 Days,6-10 Purchases,Very High
42733,Stacey Martin,147,6,16590,1,3,4,4,11,344,Loyal Customers,91-180 Days,6-10 Purchases,High
42740,Dana Mckinney,98,5,19042,1,4,3,4,11,434,Potential Loyalists,91-180 Days,3-5 Purchases,High
42750,Jane Tanner,113,7,19654,1,4,5,5,14,455,Champions,91-180 Days,6-10 Purchases,Very High
42752,Robert Wright,235,5,16291,1,3,3,4,10,334,Need Attention,181-365 Days,3-5 Purchases,High
42756,David Barnes,20,6,19736,1,5,4,5,14,545,Champions,0-30 Days,6-10 Purchases,Very High
42765,Cheryl Peterson,71,9,24539,1,4,5,5,14,455,Champions,61-90 Days,6-10 Purchases,Very High
42793,Gary Taylor,218,7,18553,1,3,5,4,12,354,Loyal Customers,181-365 Days,6-10 Purchases,High
42826,Matthew Bush,225,7,18466,1,3,5,4,12,354,Loyal Customers,181-365 Days,6-10 Purchases,High
42849,Charles Thomas,66,7,25913,1,4,5,5,14,455,Champions,61-90 Days,6-10 Purchases,Very High
42893,Marie Brown,129,8,21536,1,4,5,5,14,455,Champions,91-180 Days,6-10 Purchases,Very High
42921,Diane Harris,103,6,17804,1,4,4,4,12,444,Champions,91-180 Days,6-10 Purchases,High
42966,Tonya Bennett,26,9,22500,1,5,5,5,15,555,Champions,0-30 Days,6-10 Purchases,Very High
42989,Scott Clayton,61,7,15418,1,4,5,4,13,454,Champions,61-90 Days,6-10 Purchases,High
42994,Jerry Mckenzie,98,6,22765,1,4,4,5,13,445,Champions,91-180 Days,6-10 Purchases,Very High
43004,Samuel Hoover,201,5,14859,1,3,3,4,10,334,Need Attention,181-365 Days,3-5 Purchases,High
43018,Taylor Tapia,2,9,25632,1,5,5,5,15,555,Champions,0-30 Days,6-10 Purchases,Very High
43031,Karen Crawford,277,7,14818,1,2,5,4,11,254,At Risk,181-365 Days,6-10 Purchases,High
43033,Allison Mayo,258,8,16884,1,2,5,4,11,254,At Risk,181-365 Days,6-10 Purchases,High
43060,Monica Barber,55,7,16038,1,5,5,4,14,554,Champions,31-60 Days,6-10 Purchases,High
43061,Patrick Little,229,4,15005,1,3,3,4,10,334,Need Attention,181-365 Days,3-5 Purchases,High
43091,Bobby Reeves,830,5,17060,1,1,3,4,8,134,At Risk,365+ Days,3-5 Purchases,High
43095,Deborah Daniels,261,6,16599,1,2,4,4,10,244,At Risk,181-365 Days,6-10 Purchases,High
43127,Penny Hubbard,122,8,23240,1,4,5,5,14,455,Champions,91-180 Days,6-10 Purchases,Very High
43154,Dwayne Shelton,281,5,15337,1,2,3,4,9,234,At Risk,181-365 Days,3-5 Purchases,High
43155,Donald Mullins,47,6,16705,1,5,4,4,13,544,Champions,31-60 Days,6-10 Purchases,High
43170,Dale Hancock,28,4,17213,1,5,3,4,12,534,Potential Loyalists,0-30 Days,3-5 Purchases,High
43189,William Davenport PhD,261,6,18184,1,2,4,4,10,244,At Risk,181-365 Days,6-10 Purchases,High
43196,Brandi Moore,724,7,22488,1,1,5,5,11,155,At Risk,365+ Days,6-10 Purchases,Very High
43199,Julie Wiggins,163,9,29594,1,3,5,5,13,355,Loyal Customers,91-180 Days,6-10 Purchases,Very High
43223,Tanya Bishop,191,8,23310,1,3,5,5,13,355,Loyal Customers,181-365 Days,6-10 Purchases,Very High
43233,Scott Romero,4,7,19850,1,5,5,5,15,555,Champions,0-30 Days,6-10 Purchases,Very High
43235,Alexis Jones,144,7,22994,1,3,5,5,13,355,Loyal Customers,91-180 Days,6-10 Purchases,Very High
43248,Patricia Thomas,6,7,18161,1,5,5,4,14,554,Champions,0-30 Days,6-10 Purchases,High
43256,Alexander Cruz,188,5,16948,1,3,3,4,10,334,Need Attention,181-365 Days,3-5 Purchases,High
43283,Christopher Bell,291,8,19008,1,2,5,4,11,254,At Risk,181-365 Days,6-10 Purchases,High
43308,Jordan Vargas DDS,116,6,18810,1,4,4,4,12,444,Champions,91-180 Days,6-10 Purchases,High
43315,Elizabeth Gibson,27,7,22698,1,5,5,5,15,555,Champions,0-30 Days,6-10 Purchases,Very High
43316,David Knight,70,9,25405,1,4,5,5,14,455,Champions,61-90 Days,6-10 Purchases,Very High
43342,Andrew Mcpherson,342,9,24269,1,2,5,5,12,255,At Risk,181-365 Days,6-10 Purchases,Very High
43354,Robin Hutchinson,413,7,24597,1,2,5,5,12,255,At Risk,365+ Days,6-10 Purchases,Very High
43362,Barbara Grant,47,8,31082,1,5,5,5,15,555,Champions,31-60 Days,6-10 Purchases,Very High
43367,Gail Dominguez,368,6,15534,1,2,4,4,10,244,At Risk,365+ Days,6-10 Purchases,High
43370,Robert Wilson,75,6,19245,1,4,4,4,12,444,Champions,61-90 Days,6-10 Purchases,High
43385,Michael Ford,93,8,22971,1,4,5,5,14,455,Champions,91-180 Days,6-10 Purchases,Very High
43389,Felicia Mills,241,6,15413,1,3,4,4,11,344,Loyal Customers,181-365 Days,6-10 Purchases,High
43424,Cheryl Baxter,101,9,19452,1,4,5,5,14,455,Champions,91-180 Days,6-10 Purchases,Very High
43426,Gary Moon,232,5,17195,1,3,3,4,10,334,Need Attention,181-365 Days,3-5 Purchases,High
43427,Amber Johnson,97,7,21263,1,4,5,5,14,455,Champions,91-180 Days,6-10 Purchases,Very High
43430,Samantha Smith,445,7,22668,1,1,5,5,11,155,At Risk,365+ Days,6-10 Purchases,Very High
43454,Tammy White,183,6,19677,1,3,4,5,12,345,Loyal Customers,181-365 Days,6-10 Purchases,Very High
43477,Matthew Bush,88,5,16172,1,4,3,4,11,434,Potential Loyalists,61-90 Days,3-5 Purchases,High
43479,Stacy Kelly,335,5,15790,1,2,3,4,9,234,At Risk,181-365 Days,3-5 Purchases,High
43484,Dr. Kathy Shah,23,12,32186,1,5,5,5,15,555,Champions,0-30 Days,10+ Purchases,Very High
43513,Casey Holmes,467,9,29751,1,1,5,5,11,155,At Risk,365+ Days,6-10 Purchases,Very High
43534,Seth Hammond,910,6,23666,1,1,4,5,10,145,At Risk,365+ Days,6-10 Purchases,Very High
43545,Joshua Perry,75,9,23729,1,4,5,5,14,455,Champions,61-90 Days,6-10 Purchases,Very High
43562,Dr. Todd Nelson DDS,24,6,17039,1,5,4,4,13,544,Champions,0-30 Days,6-10 Purchases,High
43592,Tonya Hall,16,9,24949,1,5,5,5,15,555,Champions,0-30 Days,6-10 Purchases,Very High
43609,Maxwell Martinez,30,8,24096,1,5,5,5,15,555,Champions,0-30 Days,6-10 Purchases,Very High
43625,Tanya Webster,71,7,19972,1,4,5,5,14,455,Champions,61-90 Days,6-10 Purchases,Very High
43629,Mr. Daniel Hanna,14,10,26001,1,5,5,5,15,555,Champions,0-30 Days,6-10 Purchases,Very High
43647,Daisy White,496,4,16031,1,1,3,4,8,134,At Risk,365+ Days,3-5 Purchases,High
43666,Brandi Zuniga,395,6,17937,1,2,4,4,10,244,At Risk,365+ Days,6-10 Purchases,High
43669,Thomas Andrews,469,7,17058,1,1,5,4,10,154,At Risk,365+ Days,6-10 Purchases,High
43683,Cody Flynn,280,6,16112,1,2,4,4,10,244,At Risk,181-365 Days,6-10 Purchases,High
43684,Jennifer Sutton,245,9,25146,1,2,5,5,12,255,At Risk,181-365 Days,6-10 Purchases,Very High
43696,Andrew Burns,217,7,16773,1,3,5,4,12,354,Loyal Customers,181-365 Days,6-10 Purchases,High
43718,Sonya Peck,113,8,21670,1,4,5,5,14,455,Champions,91-180 Days,6-10 Purchases,Very High
43754,Alexandria Hickman,37,8,28783,1,5,5,5,15,555,Champions,31-60 Days,6-10 Purchases,Very High
43775,Susan Anderson,336,5,17518,1,2,3,4,9,234,At Risk,181-365 Days,3-5 Purchases,High
43795,Alyssa Reed,191,6,19649,1,3,4,5,12,345,Loyal Customers,181-365 Days,6-10 Purchases,Very High
43837,Julie Peterson,186,5,19695,1,3,3,5,11,335,Need Attention,181-365 Days,3-5 Purchases,Very High
43839,Darren White,327,8,27825,1,2,5,5,12,255,At Risk,181-365 Days,6-10 Purchases,Very High
43851,Heather Wood,69,9,20418,1,4,5,5,14,455,Champions,61-90 Days,6-10 Purchases,Very High
43855,Elizabeth Chambers,252,8,24006,1,2,5,5,12,255,At Risk,181-365 Days,6-10 Purchases,Very High
43870,Kimberly Daugherty,58,10,29855,1,5,5,5,15,555,Champions,31-60 Days,6-10 Purchases,Very High
43873,Joseph Murray,387,10,30750,1,2,5,5,12,255,At Risk,365+ Days,6-10 Purchases,Very High
43881,Michael Gray,518,5,17930,1,1,3,4,8,134,At Risk,365+ Days,3-5 Purchases,High
43885,Russell Lee,311,6,20414,1,2,4,5,11,245,At Risk,181-365 Days,6-10 Purchases,Very High
43910,John Anderson,15,6,19537,1,5,4,5,14,545,Champions,0-30 Days,6-10 Purchases,Very High
43916,Richard Lane,133,6,17763,1,4,4,4,12,444,Champions,91-180 Days,6-10 Purchases,High
43924,Andrew Matthews,589,8,15484,1,1,5,4,10,154,At Risk,365+ Days,6-10 Purchases,High
43927,Emma Holden,143,6,19794,1,3,4,5,12,345,Loyal Customers,91-180 Days,6-10 Purchases,Very High
43934,Jason Clark,200,9,25890,1,3,5,5,13,355,Loyal Customers,181-365 Days,6-10 Purchases,Very High
43935,Gabrielle Moore,162,12,34854,1,3,5,5,13,355,Loyal Customers,91-180 Days,10+ Purchases,Very High
43938,Elizabeth Singh,252,7,18438,1,2,5,4,11,254,At Risk,181-365 Days,6-10 Purchases,High
43952,Ryan Fox,61,7,19951,1,4,5,5,14,455,Champions,61-90 Days,6-10 Purchases,Very High
43955,Margaret Cain,78,6,18225,1,4,4,4,12,444,Champions,61-90 Days,6-10 Purchases,High
43960,Frank Castro,399,7,17872,1,2,5,4,11,254,At Risk,365+ Days,6-10 Purchases,High
43964,Zachary Hawkins,44,8,18863,1,5,5,4,14,554,Champions,31-60 Days,6-10 Purchases,High
43968,Scott Silva,8,5,17407,1,5,3,4,12,534,Potential Loyalists,0-30 Days,3-5 Purchases,High
43979,Jennifer Floyd,20,8,22434,1,5,5,5,15,555,Champions,0-30 Days,6-10 Purchases,Very High
44005,Alexander Brown,243,8,18831,1,2,5,4,11,254,At Risk,181-365 Days,6-10 Purchases,High
44018,Emily Le,112,7,18371,1,4,5,4,13,454,Champions,91-180 Days,6-10 Purchases,High
44034,Mike Sandoval,148,6,19487,1,3,4,5,12,345,Loyal Customers,91-180 Days,6-10 Purchases,Very High
44071,Barbara Nelson,473,7,20805,1,1,5,5,11,155,At Risk,365+ Days,6-10 Purchases,Very High
44075,Amy Morris,123,7,20564,1,4,5,5,14,455,Champions,91-180 Days,6-10 Purchases,Very High
44091,Breanna Smith,5,7,26659,1,5,5,5,15,555,Champions,0-30 Days,6-10 Purchases,Very High
44092,Edward Miller,161,9,20149,1,3,5,5,13,355,Loyal Customers,91-180 Days,6-10 Purchases,Very High
44111,Curtis Romero,792,8,20940,1,1,5,5,11,155,At Risk,365+ Days,6-10 Purchases,Very High
44117,Raymond Hughes,556,6,16051,1,1,4,4,9,144,At Risk,365+ Days,6-10 Purchases,High
44119,Timothy Villanueva,309,7,21464,1,2,5,5,12,255,At Risk,181-365 Days,6-10 Purchases,Very High
44148,Michael Orozco,9,7,15800,1,5,5,4,14,554,Champions,0-30 Days,6-10 Purchases,High
44150,Robert Harris,154,7,18844,1,3,5,4,12,354,Loyal Customers,91-180 Days,6-10 Purchases,High
44151,Roger Lynn,88,8,24646,1,4,5,5,14,455,Champions,61-90 Days,6-10 Purchases,Very High
44161,Catherine Roberts,61,6,17103,1,4,4,4,12,444,Champions,61-90 Days,6-10 Purchases,High
44164,Brian Gallegos,714,5,17149,1,1,3,4,8,134,At Risk,365+ Days,3-5 Purchases,High
44168,Nicole Castillo,492,6,20256,1,1,4,5,10,145,At Risk,365+ Days,6-10 Purchases,Very High
44175,Jesus Harris,139,7,18764,1,3,5,4,12,354,Loyal Customers,91-180 Days,6-10 Purchases,High
44179,Alex Robinson,66,6,22641,1,4,4,5,13,445,Champions,61-90 Days,6-10 Purchases,Very High
44182,Sonia Smith,688,6,17937,1,1,4,4,9,144,At Risk,365+ Days,6-10 Purchases,High
44184,Lindsey Ramirez,130,9,18770,1,4,5,4,13,454,Champions,91-180 Days,6-10 Purchases,High
44201,Pamela Romero,42,8,29309,1,5,5,5,15,555,Champions,31-60 Days,6-10 Purchases,Very High
44225,William Duncan,390,7,20143,1,2,5,5,12,255,At Risk,365+ Days,6-10 Purchases,Very High
44235,Diane Martin,16,6,17145,1,5,4,4,13,544,Champions,0-30 Days,6-10 Purchases,High
44236,Mary Reynolds,194,8,23964,1,3,5,5,13,355,Loyal Customers,181-365 Days,6-10 Purchases,Very High
44242,Albert May MD,216,4,15253,1,3,3,4,10,334,Need Attention,181-365 Days,3-5 Purchases,High
44269,Gregory Davis,194,6,16393,1,3,4,4,11,344,Loyal Customers,181-365 Days,6-10 Purchases,High
44278,Robert Blair,23,5,15162,1,5,3,4,12,534,Potential Loyalists,0-30 Days,3-5 Purchases,High
44279,Brett Costa,126,8,23580,1,4,5,5,14,455,Champions,91-180 Days,6-10 Purchases,Very High
44282,Ashley Bryant,82,8,19307,1,4,5,5,14,455,Champions,61-90 Days,6-10 Purchases,Very High
44304,Sara Pope,220,6,17810,1,3,4,4,11,344,Loyal Customers,181-365 Days,6-10 Purchases,High
44316,Courtney Johnson,279,8,20346,1,2,5,5,12,255,At Risk,181-365 Days,6-10 Purchases,Very High
44325,Kathy Wong,78,7,24248,1,4,5,5,14,455,Champions,61-90 Days,6-10 Purchases,Very High
44376,Daniel Vega,916,4,15642,1,1,3,4,8,134,At Risk,365+ Days,3-5 Purchases,High
44403,Tamara Newton,381,5,17079,1,2,3,4,9,234,At Risk,365+ Days,3-5 Purchases,High
44432,Kimberly Trujillo,0,6,17730,1,5,4,4,13,544,Champions,0-30 Days,6-10 Purchases,High
44450,Isaiah Romero,54,5,17560,1,5,3,4,12,534,Potential Loyalists,31-60 Days,3-5 Purchases,High
44503,Jonathan Harrington,610,5,14946,1,1,3,4,8,134,At Risk,365+ Days,3-5 Purchases,High
44506,William Clarke,291,9,20716,1,2,5,5,12,255,At Risk,181-365 Days,6-10 Purchases,Very High
44532,Timothy Spencer,148,6,17156,1,3,4,4,11,344,Loyal Customers,91-180 Days,6-10 Purchases,High
44573,Elizabeth Kaiser MD,178,7,21345,1,3,5,5,13,355,Loyal Customers,91-180 Days,6-10 Purchases,Very High
44577,Tracy Brown,207,6,18281,1,3,4,4,11,344,Loyal Customers,181-365 Days,6-10 Purchases,High
44623,Jack Whitaker,93,9,25554,1,4,5,5,14,455,Champions,91-180 Days,6-10 Purchases,Very High
44635,Stephanie Duncan,26,7,16026,1,5,5,4,14,554,Champions,0-30 Days,6-10 Purchases,High
44643,Timothy Delgado,74,7,18854,1,4,5,4,13,454,Champions,61-90 Days,6-10 Purchases,High
44644,Julie Mason,57,5,15277,1,5,3,4,12,534,Potential Loyalists,31-60 Days,3-5 Purchases,High
44681,Kristin Hobbs,196,8,20634,1,3,5,5,13,355,Loyal Customers,181-365 Days,6-10 Purchases,Very High
44684,Kristina Wright,115,7,16587,1,4,5,4,13,454,Champions,91-180 Days,6-10 Purchases,High
44689,Renee Pacheco,190,7,17933,1,3,5,4,12,354,Loyal Customers,181-365 Days,6-10 Purchases,High
44707,Jeffrey Holland,71,6,14928,1,4,4,4,12,444,Champions,61-90 Days,6-10 Purchases,High
44749,Aaron Martinez,490,7,19050,1,1,5,4,10,154,At Risk,365+ Days,6-10 Purchases,High
44756,John Herrera,103,11,31926,1,4,5,5,14,455,Champions,91-180 Days,10+ Purchases,Very High
44806,Crystal Gallagher DDS,274,6,15858,1,2,4,4,10,244,At Risk,181-365 Days,6-10 Purchases,High
44822,Tracy Farmer,471,8,16245,1,1,5,4,10,154,At Risk,365+ Days,6-10 Purchases,High
44851,Nathan Walker,58,6,17076,1,5,4,4,13,544,Champions,31-60 Days,6-10 Purchases,High
44853,Gregory Miller,228,8,24980,1,3,5,5,13,355,Loyal Customers,181-365 Days,6-10 Purchases,Very High
44902,Cheryl Ray,124,6,23986,1,4,4,5,13,445,Champions,91-180 Days,6-10 Purchases,Very High
44912,Michelle Lopez,15,7,18715,1,5,5,4,14,554,Champions,0-30 Days,6-10 Purchases,High
44931,Larry Booth,59,9,21889,1,5,5,5,15,555,Champions,31-60 Days,6-10 Purchases,Very High
44955,Stacy Jacobs,368,6,18361,1,2,4,4,10,244,At Risk,365+ Days,6-10 Purchases,High
44961,Kyle Warren,6,8,25800,1,5,5,5,15,555,Champions,0-30 Days,6-10 Purchases,Very High
44985,Lauren Martin,103,7,22776,1,4,5,5,14,455,Champions,91-180 Days,6-10 Purchases,Very High
44992,Teresa Lynch,7,7,18256,1,5,5,4,14,554,Champions,0-30 Days,6-10 Purchases,High
45012,Michael Floyd,162,7,21860,1,3,5,5,13,355,Loyal Customers,91-180 Days,6-10 Purchases,Very High
45062,Brittney Burke,197,6,19612,1,3,4,5,12,345,Loyal Customers,181-365 Days,6-10 Purchases,Very High
45076,Deborah Clark,244,5,20523,1,2,3,5,10,235,At Risk,181-365 Days,3-5 Purchases,Very High
45090,Lisa Mata,241,8,29252,1,3,5,5,13,355,Loyal Customers,181-365 Days,6-10 Purchases,Very High
45112,Oscar Rollins,474,5,16309,1,1,3,4,8,134,At Risk,365+ Days,3-5 Purchases,High
45125,Kenneth Wheeler,33,6,21306,1,5,4,5,14,545,Champions,31-60 Days,6-10 Purchases,Very High
45137,Susan Young,188,5,19503,1,3,3,5,11,335,Need Attention,181-365 Days,3-5 Purchases,Very High
45139,Alex Kirby,289,6,21315,1,2,4,5,11,245,At Risk,181-365 Days,6-10 Purchases,Very High
45149,Carla Clarke,93,5,15732,1,4,3,4,11,434,Potential Loyalists,91-180 Days,3-5 Purchases,High
45154,Julie Mcclain,617,7,17026,1,1,5,4,10,154,At Risk,365+ Days,6-10 Purchases,High
45155,David Henderson,44,9,27533,1,5,5,5,15,555,Champions,31-60 Days,6-10 Purchases,Very High
45168,Cynthia King,37,9,22515,1,5,5,5,15,555,Champions,31-60 Days,6-10 Purchases,Very High
45171,Angela Moreno,3,11,28972,1,5,5,5,15,555,Champions,0-30 Days,10+ Purchases,Very High
45190,Jennifer Brock,25,7,17489,1,5,5,4,14,554,Champions,0-30 Days,6-10 Purchases,High
45209,Carolyn Simmons,77,7,25500,1,4,5,5,14,455,Champions,61-90 Days,6-10 Purchases,Very High
45222,Alexander Mejia,441,6,16108,1,1,4,4,9,144,At Risk,365+ Days,6-10 Purchases,High
45227,Shawn Thompson,343,5,15877,1,2,3,4,9,234,At Risk,181-365 Days,3-5 Purchases,High
45248,Jose Richards,455,5,15215,1,1,3,4,8,134,At Risk,365+ Days,3-5 Purchases,High
45249,Patricia Moore,50,4,15947,1,5,3,4,12,534,Potential Loyalists,31-60 Days,3-5 Purchases,High
45284,Paul Leonard,94,8,17047,1,4,5,4,13,454,Champions,91-180 Days,6-10 Purchases,High
45293,Ashley Sims,49,7,14918,1,5,5,4,14,554,Champions,31-60 Days,6-10 Purchases,High
45296,Lisa Smith,151,8,17769,1,3,5,4,12,354,Loyal Customers,91-180 Days,6-10 Purchases,High
45297,Jill Harrington,300,6,17288,1,2,4,4,10,244,At Risk,181-365 Days,6-10 Purchases,High
45300,Regina Best DDS,129,7,19577,1,4,5,5,14,455,Champions,91-180 Days,6-10 Purchases,Very High
45308,Anita Martin,190,8,20416,1,3,5,5,13,355,Loyal Customers,181-365 Days,6-10 Purchases,Very High
45318,Emily Chen,281,7,23902,1,2,5,5,12,255,At Risk,181-365 Days,6-10 Purchases,Very High
45322,Jamie Barton,424,6,19554,1,2,4,5,11,245,At Risk,365+ Days,6-10 Purchases,Very High
45349,Nathan Brown,77,9,18927,1,4,5,4,13,454,Champions,61-90 Days,6-10 Purchases,High
45356,Caitlin Williams,302,7,20893,1,2,5,5,12,255,At Risk,181-365 Days,6-10 Purchases,Very High
45362,Joshua Patel,69,8,20108,1,4,5,5,14,455,Champions,61-90 Days,6-10 Purchases,Very High
45382,Courtney French,7,9,31012,1,5,5,5,15,555,Champions,0-30 Days,6-10 Purchases,Very High
45395,Christina Pittman,139,9,23908,1,3,5,5,13,355,Loyal Customers,91-180 Days,6-10 Purchases,Very High
45403,Tasha Hoffman,154,7,20362,1,3,5,5,13,355,Loyal Customers,91-180 Days,6-10 Purchases,Very High
45426,Cassie Lee,158,6,16680,1,3,4,4,11,344,Loyal Customers,91-180 Days,6-10 Purchases,High
45427,Erica Reid,13,4,14822,1,5,3,4,12,534,Potential Loyalists,0-30 Days,3-5 Purchases,High
45430,Kathleen Houston,573,8,23871,1,1,5,5,11,155,At Risk,365+ Days,6-10 Purchases,Very High
45432,Michael Mcdaniel,420,5,15701,1,2,3,4,9,234,At Risk,365+ Days,3-5 Purchases,High
45436,George Price,101,6,21535,1,4,4,5,13,445,Champions,91-180 Days,6-10 Purchases,Very High
45439,Joy Allen,285,4,17046,1,2,3,4,9,234,At Risk,181-365 Days,3-5 Purchases,High
45452,Jamie Martinez,15,10,30749,1,5,5,5,15,555,Champions,0-30 Days,6-10 Purchases,Very High
45458,David Kennedy,18,9,25053,1,5,5,5,15,555,Champions,0-30 Days,6-10 Purchases,Very High
45467,Scott Torres,382,7,19190,1,2,5,4,11,254,At Risk,365+ Days,6-10 Purchases,High
45488,Derek Brown,129,7,19218,1,4,5,4,13,454,Champions,91-180 Days,6-10 Purchases,High
45504,Alexander Buckley,54,4,15858,1,5,3,4,12,534,Potential Loyalists,31-60 Days,3-5 Purchases,High
45532,Lisa Skinner,218,10,23047,1,3,5,5,13,355,Loyal Customers,181-365 Days,6-10 Purchases,Very High
45533,Maureen White,238,6,15057,1,3,4,4,11,344,Loyal Customers,181-365 Days,6-10 Purchases,High
45557,Monica Hancock,23,6,18654,1,5,4,4,13,544,Champions,0-30 Days,6-10 Purchases,High
45576,Lori Russell,171,7,22601,1,3,5,5,13,355,Loyal Customers,91-180 Days,6-10 Purchases,Very High
45579,Mr. Steven Cole,116,5,17411,1,4,3,4,11,434,Potential Loyalists,91-180 Days,3-5 Purchases,High
45602,Steve Galloway MD,0,7,18427,1,5,5,4,14,554,Champions,0-30 Days,6-10 Purchases,High
45631,Lori Wallace,234,8,22883,1,3,5,5,13,355,Loyal Customers,181-365 Days,6-10 Purchases,Very High
45715,Derek Stevens,193,5,18678,1,3,3,4,10,334,Need Attention,181-365 Days,3-5 Purchases,High
45720,Henry Montgomery,7,8,16353,1,5,5,4,14,554,Champions,0-30 Days,6-10 Purchases,High
45726,Jenna Conner,118,6,17552,1,4,4,4,12,444,Champions,91-180 Days,6-10 Purchases,High
45749,Gregory Gallegos,73,7,23931,1,4,5,5,14,455,Champions,61-90 Days,6-10 Purchases,Very High
45751,Kristina Blake,80,7,24727,1,4,5,5,14,455,Champions,61-90 Days,6-10 Purchases,Very High
45756,Joseph Lawrence,255,5,16635,1,2,3,4,9,234,At Risk,181-365 Days,3-5 Purchases,High
45787,Vanessa Edwards,233,8,18933,1,3,5,4,12,354,Loyal Customers,181-365 Days,6-10 Purchases,High
45791,Michele Ryan,211,7,26642,1,3,5,5,13,355,Loyal Customers,181-365 Days,6-10 Purchases,Very High
45804,Stephanie Bailey,324,6,17256,1,2,4,4,10,244,At Risk,181-365 Days,6-10 Purchases,High
45812,Benjamin Olson,5,4,15606,1,5,3,4,12,534,Potential Loyalists,0-30 Days,3-5 Purchases,High
45822,Samuel Matthews,277,5,19095,1,2,3,4,9,234,At Risk,181-365 Days,3-5 Purchases,High
45857,Tracy Taylor,287,8,18705,1,2,5,4,11,254,At Risk,181-365 Days,6-10 Purchases,High
45862,Sean Adkins,46,10,23676,1,5,5,5,15,555,Champions,31-60 Days,6-10 Purchases,Very High
45898,Timothy Lowe,103,4,15240,1,4,3,4,11,434,Potential Loyalists,91-180 Days,3-5 Purchases,High
45914,Kendra Russell,103,6,20005,1,4,4,5,13,445,Champions,91-180 Days,6-10 Purchases,Very High
45922,Stephen Bond,19,6,20839,1,5,4,5,14,545,Champions,0-30 Days,6-10 Purchases,Very High
45929,Colleen Hudson,83,6,22942,1,4,4,5,13,445,Champions,61-90 Days,6-10 Purchases,Very High
45932,Holly Rasmussen,180,7,16927,1,3,5,4,12,354,Loyal Customers,91-180 Days,6-10 Purchases,High
45944,James Ingram,71,11,37697,1,4,5,5,14,455,Champions,61-90 Days,10+ Purchases,Very High
45950,Katrina Wolf,40,5,15049,1,5,3,4,12,534,Potential Loyalists,31-60 Days,3-5 Purchases,High
45955,Jennifer Robles,59,6,15638,1,5,4,4,13,544,Champions,31-60 Days,6-10 Purchases,High
45971,Scott Anderson,2,8,17858,1,5,5,4,14,554,Champions,0-30 Days,6-10 Purchases,High
45984,Sean Reed,194,7,17089,1,3,5,4,12,354,Loyal Customers,181-365 Days,6-10 Purchases,High
45985,Kristopher Chavez,65,8,30186,1,4,5,5,14,455,Champions,61-90 Days,6-10 Purchases,Very High
45989,Roger Harris,162,5,14902,1,3,3,4,10,334,Need Attention,91-180 Days,3-5 Purchases,High
45993,Justin Rodriguez,75,8,20151,1,4,5,5,14,455,Champions,61-90 Days,6-10 Purchases,Very High
46017,Elizabeth Barnes,40,6,17241,1,5,4,4,13,544,Champions,31-60 Days,6-10 Purchases,High
46030,Denise Flores,195,6,16256,1,3,4,4,11,344,Loyal Customers,181-365 Days,6-10 Purchases,High
46032,Jennifer Schroeder,110,5,19835,1,4,3,5,12,435,Potential Loyalists,91-180 Days,3-5 Purchases,Very High
46040,Robert Torres,71,6,19326,1,4,4,5,13,445,Champions,61-90 Days,6-10 Purchases,Very High
46049,Oscar Martinez,93,10,25506,1,4,5,5,14,455,Champions,91-180 Days,6-10 Purchases,Very High
46056,Alyssa Cardenas,168,5,18371,1,3,3,4,10,334,Need Attention,91-180 Days,3-5 Purchases,High
46064,Edgar Woods,398,9,22335,1,2,5,5,12,255,At Risk,365+ Days,6-10 Purchases,Very High
46065,David Hayes,641,5,15321,1,1,3,4,8,134,At Risk,365+ Days,3-5 Purchases,High
46080,Kimberly Berger,428,6,18248,1,1,4,4,9,144,At Risk,365+ Days,6-10 Purchases,High
46097,Taylor Woodward,44,5,21160,1,5,3,5,13,535,Potential Loyalists,31-60 Days,3-5 Purchases,Very High
46100,Robert Ryan,8,6,19642,1,5,4,5,14,545,Champions,0-30 Days,6-10 Purchases,Very High
46106,Samuel Martinez,67,5,17317,1,4,3,4,11,434,Potential Loyalists,61-90 Days,3-5 Purchases,High
46112,Marcus Haynes,367,8,22691,1,2,5,5,12,255,At Risk,365+ Days,6-10 Purchases,Very High
46131,Jeffrey Dean,200,8,19592,1,3,5,5,13,355,Loyal Customers,181-365 Days,6-10 Purchases,Very High
46145,Jason Williams,215,10,29904,1,3,5,5,13,355,Loyal Customers,181-365 Days,6-10 Purchases,Very High
46158,Brian Anderson,68,6,21121,1,4,4,5,13,445,Champions,61-90 Days,6-10 Purchases,Very High
46172,Devin Gordon,119,6,17664,1,4,4,4,12,444,Champions,91-180 Days,6-10 Purchases,High
46173,Tara Ramirez,22,10,26048,1,5,5,5,15,555,Champions,0-30 Days,6-10 Purchases,Very High
46175,Timothy Hall,270,6,23651,1,2,4,5,11,245,At Risk,181-365 Days,6-10 Purchases,Very High
46177,Katelyn Smith,136,5,17368,1,4,3,4,11,434,Potential Loyalists,91-180 Days,3-5 Purchases,High
46191,Taylor Turner,165,6,18335,1,3,4,4,11,344,Loyal Customers,91-180 Days,6-10 Purchases,High
46206,Jeremiah Graham,106,5,15538,1,4,3,4,11,434,Potential Loyalists,91-180 Days,3-5 Purchases,High
46208,Matthew Smith,267,8,15450,1,2,5,4,11,254,At Risk,181-365 Days,6-10 Purchases,High
46213,Luke Duncan,141,5,15557,1,3,3,4,10,334,Need Attention,91-180 Days,3-5 Purchases,High
46227,Stephen Meadows,165,5,16662,1,3,3,4,10,334,Need Attention,91-180 Days,3-5 Purchases,High
46245,Gabrielle King,124,5,17164,1,4,4,4,12,444,Champions,91-180 Days,3-5 Purchases,High
46258,Ashlee Allen,148,5,15848,1,3,4,4,11,344,Loyal Customers,91-180 Days,3-5 Purchases,High
46288,Leon Torres Jr.,16,7,22970,1,5,5,5,15,555,Champions,0-30 Days,6-10 Purchases,Very High
46290,Mr. Richard Lynch Jr.,424,7,21934,1,2,5,5,12,255,At Risk,365+ Days,6-10 Purchases,Very High
46293,Cheryl Garcia,93,7,18871,1,4,5,4,13,454,Champions,91-180 Days,6-10 Purchases,High
46316,Zachary Salazar,742,4,15552,1,1,3,4,8,134,At Risk,365+ Days,3-5 Purchases,High
46322,Joseph Davis,106,6,19171,1,4,4,4,12,444,Champions,91-180 Days,6-10 Purchases,High
46355,Jenny Jimenez,164,7,15200,1,3,5,4,12,354,Loyal Customers,91-180 Days,6-10 Purchases,High
46356,Cynthia Wolf,58,11,33655,1,5,5,5,15,555,Champions,31-60 Days,10+ Purchases,Very High
46357,Kenneth Reyes,148,7,24995,1,3,5,5,13,355,Loyal Customers,91-180 Days,6-10 Purchases,Very High
46359,Stacey Ortega,387,8,17972,1,2,5,4,11,254,At Risk,365+ Days,6-10 Purchases,High
46374,Barbara Hancock,560,4,15141,1,1,3,4,8,134,At Risk,365+ Days,3-5 Purchases,High
46437,Yolanda Guerra,218,6,18569,1,3,4,4,11,344,Loyal Customers,181-365 Days,6-10 Purchases,High
46459,Matthew Harris,258,6,16944,1,2,4,4,10,244,At Risk,181-365 Days,6-10 Purchases,High
46492,Stephen Cervantes,210,5,17684,1,3,4,4,11,344,Loyal Customers,181-365 Days,3-5 Purchases,High
46510,Brittany Riddle,69,5,18113,1,4,4,4,12,444,Champions,61-90 Days,3-5 Purchases,High
46514,Danielle Estes,176,6,21101,1,3,4,5,12,345,Loyal Customers,91-180 Days,6-10 Purchases,Very High
46525,Scott Thompson,138,6,19345,1,3,4,5,12,345,Loyal Customers,91-180 Days,6-10 Purchases,Very High
46536,Raymond Sutton,199,11,30470,1,3,5,5,13,355,Loyal Customers,181-365 Days,10+ Purchases,Very High
46542,Rebecca Ryan,20,6,18834,1,5,4,4,13,544,Champions,0-30 Days,6-10 Purchases,High
46563,Christian Gallagher,584,7,24375,1,1,5,5,11,155,At Risk,365+ Days,6-10 Purchases,Very High
46568,Cheryl Petty,102,8,18912,1,4,5,4,13,454,Champions,91-180 Days,6-10 Purchases,High
46584,Jeff Cummings,15,6,17378,1,5,4,4,13,544,Champions,0-30 Days,6-10 Purchases,High
46599,Shawn Mclean,202,5,16195,1,3,4,4,11,344,Loyal Customers,181-365 Days,3-5 Purchases,High
46630,Jordan Nguyen,3,9,24838,1,5,5,5,15,555,Champions,0-30 Days,6-10 Purchases,Very High
46632,Jamie Castillo,4,5,21276,1,5,4,5,14,545,Champions,0-30 Days,3-5 Purchases,Very High
46633,Robert Wagner,207,5,23822,1,3,4,5,12,345,Loyal Customers,181-365 Days,3-5 Purchases,Very High
46645,Robert Graves,132,6,16962,1,4,4,4,12,444,Champions,91-180 Days,6-10 Purchases,High
46657,Robert Barnes,186,9,24058,1,3,5,5,13,355,Loyal Customers,181-365 Days,6-10 Purchases,Very High
46659,Debra Murphy,214,7,25398,1,3,5,5,13,355,Loyal Customers,181-365 Days,6-10 Purchases,Very High
46669,Rita Robinson,115,7,22861,1,4,5,5,14,455,Champions,91-180 Days,6-10 Purchases,Very High
46688,Brittany Bass,104,8,19872,1,4,5,5,14,455,Champions,91-180 Days,6-10 Purchases,Very High
46693,Deanna King,220,5,17945,1,3,4,4,11,344,Loyal Customers,181-365 Days,3-5 Purchases,High
46705,Donna Wright,110,6,16244,1,4,4,4,12,444,Champions,91-180 Days,6-10 Purchases,High
46709,Melissa Bailey,72,7,20229,1,4,5,5,14,455,Champions,61-90 Days,6-10 Purchases,Very High
46718,Debra Wilson,441,8,21989,1,1,5,5,11,155,At Risk,365+ Days,6-10 Purchases,Very High
46727,Russell Ramos,28,8,19264,1,5,5,4,14,554,Champions,0-30 Days,6-10 Purchases,High
46730,Ann Jimenez,15,7,15539,1,5,5,4,14,554,Champions,0-30 Days,6-10 Purchases,High
46740,Cody Mcguire,506,6,19573,1,1,4,5,10,145,At Risk,365+ Days,6-10 Purchases,Very High
46751,John Owens,340,4,14899,1,2,3,4,9,234,At Risk,181-365 Days,3-5 Purchases,High
46753,Michael Myers,36,8,24372,1,5,5,5,15,555,Champions,31-60 Days,6-10 Purchases,Very High
46759,Shaun Lopez,58,7,15764,1,5,5,4,14,554,Champions,31-60 Days,6-10 Purchases,High
46760,Courtney Keith,4,8,23702,1,5,5,5,15,555,Champions,0-30 Days,6-10 Purchases,Very High
46764,Tiffany Patel,210,6,21325,1,3,4,5,12,345,Loyal Customers,181-365 Days,6-10 Purchases,Very High
46793,Mrs. Angelica Baker,63,7,27174,1,4,5,5,14,455,Champions,61-90 Days,6-10 Purchases,Very High
46800,Louis Alvarado,271,5,18677,1,2,4,4,10,244,At Risk,181-365 Days,3-5 Purchases,High
46816,Alyssa Newman,303,6,21435,1,2,4,5,11,245,At Risk,181-365 Days,6-10 Purchases,Very High
46836,Curtis Parker,186,8,18132,1,3,5,4,12,354,Loyal Customers,181-365 Days,6-10 Purchases,High
46838,Gregory Smith,312,8,25464,1,2,5,5,12,255,At Risk,181-365 Days,6-10 Purchases,Very High
46857,Nicolas Mills,81,6,17099,1,4,4,4,12,444,Champions,61-90 Days,6-10 Purchases,High
46885,Daniel Smith,269,5,15438,1,2,4,4,10,244,At Risk,181-365 Days,3-5 Purchases,High
46914,Amy Thomas,182,7,20295,1,3,5,5,13,355,Loyal Customers,181-365 Days,6-10 Purchases,Very High
46924,Mark Green,241,4,17335,1,3,3,4,10,334,Need Attention,181-365 Days,3-5 Purchases,High
46929,Jacob Sanchez,182,10,27194,1,3,5,5,13,355,Loyal Customers,181-365 Days,6-10 Purchases,Very High
46947,Daniel Hickman,99,6,20264,1,4,4,5,13,445,Champions,91-180 Days,6-10 Purchases,Very High
46949,Steve Doyle,15,7,14838,1,5,5,4,14,554,Champions,0-30 Days,6-10 Purchases,High
46952,Ashley Morgan,449,5,16710,1,1,4,4,9,144,At Risk,365+ Days,3-5 Purchases,High
46957,Katie Gray,199,5,16167,1,3,4,4,11,344,Loyal Customers,181-365 Days,3-5 Purchases,High
46974,Brandon Bautista,22,7,16252,1,5,5,4,14,554,Champions,0-30 Days,6-10 Purchases,High
46996,Molly Hart,111,7,20687,1,4,5,5,14,455,Champions,91-180 Days,6-10 Purchases,Very High
46997,Willie Hurst,153,8,22513,1,3,5,5,13,355,Loyal Customers,91-180 Days,6-10 Purchases,Very High
47027,Sarah Williams,77,6,16193,1,4,4,4,12,444,Champions,61-90 Days,6-10 Purchases,High
47039,Jon Hall,274,10,26728,1,2,5,5,12,255,At Risk,181-365 Days,6-10 Purchases,Very High
47057,Candace Whitaker,77,4,14833,1,4,3,4,11,434,Potential Loyalists,61-90 Days,3-5 Purchases,High
47072,John Cox,116,9,26583,1,4,5,5,14,455,Champions,91-180 Days,6-10 Purchases,Very High
47087,Debbie Lopez,104,17,45700,1,4,5,5,14,455,Champions,91-180 Days,10+ Purchases,Very High
47118,Jason Howard,137,9,29579,1,3,5,5,13,355,Loyal Customers,91-180 Days,6-10 Purchases,Very High
47120,Paul Reynolds,223,7,23948,1,3,5,5,13,355,Loyal Customers,181-365 Days,6-10 Purchases,Very High
47132,Eric Clark,5,11,32881,1,5,5,5,15,555,Champions,0-30 Days,10+ Purchases,Very High
47141,Mary Morris,112,7,22745,1,4,5,5,14,455,Champions,91-180 Days,6-10 Purchases,Very High
47150,Brian Foster,394,7,18553,1,2,5,4,11,254,At Risk,365+ Days,6-10 Purchases,High
47153,Eduardo Snyder,311,5,15166,1,2,4,4,10,244,At Risk,181-365 Days,3-5 Purchases,High
47155,Mr. Donald Powell,112,7,19859,1,4,5,5,14,455,Champions,91-180 Days,6-10 Purchases,Very High
47159,Kimberly Williams,12,10,20537,1,5,5,5,15,555,Champions,0-30 Days,6-10 Purchases,Very High
47174,Lori Bowman,137,5,15342,1,3,4,4,11,344,Loyal Customers,91-180 Days,3-5 Purchases,High
47194,James Austin,427,6,20481,1,1,4,5,10,145,At Risk,365+ Days,6-10 Purchases,Very High
47208,Teresa Jacobson,90,12,34017,1,4,5,5,14,455,Champions,61-90 Days,10+ Purchases,Very High
47219,Megan Jones,273,6,16938,1,2,4,4,10,244,At Risk,181-365 Days,6-10 Purchases,High
47261,Tony Warren,17,6,16876,1,5,4,4,13,544,Champions,0-30 Days,6-10 Purchases,High
47276,Paula Morales,319,6,22107,1,2,4,5,11,245,At Risk,181-365 Days,6-10 Purchases,Very High
47287,Cheyenne Hernandez,216,7,27307,1,3,5,5,13,355,Loyal Customers,181-365 Days,6-10 Purchases,Very High
47320,Sharon Henry,214,6,16328,1,3,4,4,11,344,Loyal Customers,181-365 Days,6-10 Purchases,High
47330,Rachel Jackson,65,7,20866,1,4,5,5,14,455,Champions,61-90 Days,6-10 Purchases,Very High
47331,Sandra Mcgee,279,7,18236,1,2,5,4,11,254,At Risk,181-365 Days,6-10 Purchases,High
47339,John Sutton,5,6,16374,1,5,4,4,13,544,Champions,0-30 Days,6-10 Purchases,High
47344,Daniel Chambers,302,9,20860,1,2,5,5,12,255,At Risk,181-365 Days,6-10 Purchases,Very High
47357,Matthew Morrison,71,6,16059,1,4,4,4,12,444,Champions,61-90 Days,6-10 Purchases,High
47365,Curtis Jones,512,9,28458,1,1,5,5,11,155,At Risk,365+ Days,6-10 Purchases,Very High
47373,Robert Meyer,472,6,18142,1,1,4,4,9,144,At Risk,365+ Days,6-10 Purchases,High
47387,Stacy Martinez,68,12,25640,1,4,5,5,14,455,Champions,61-90 Days,10+ Purchases,Very High
47390,Brad Ramirez,233,9,33845,1,3,5,5,13,355,Loyal Customers,181-365 Days,6-10 Purchases,Very High
47393,Troy Randall,20,8,18154,1,5,5,4,14,554,Champions,0-30 Days,6-10 Purchases,High
47413,Elizabeth Brown,33,8,15889,1,5,5,4,14,554,Champions,31-60 Days,6-10 Purchases,High
47429,Christopher Massey,50,7,21814,1,5,5,5,15,555,Champions,31-60 Days,6-10 Purchases,Very High
47444,Kelly Kline,196,5,16405,1,3,4,4,11,344,Loyal Customers,181-365 Days,3-5 Purchases,High
47446,Karen Chapman,15,11,32806,1,5,5,5,15,555,Champions,0-30 Days,10+ Purchases,Very High
47448,Kelly Martinez,898,7,27953,1,1,5,5,11,155,At Risk,365+ Days,6-10 Purchases,Very High
47456,Alex Gay,192,8,21044,1,3,5,5,13,355,Loyal Customers,181-365 Days,6-10 Purchases,Very High
47469,Patrick Smith,389,8,27708,1,2,5,5,12,255,At Risk,365+ Days,6-10 Purchases,Very High
47472,Jessica Johnson,186,8,23813,1,3,5,5,13,355,Loyal Customers,181-365 Days,6-10 Purchases,Very High
47483,Lance Kelly,147,8,15632,1,3,5,4,12,354,Loyal Customers,91-180 Days,6-10 Purchases,High
47493,Stephanie Johnson,75,7,16463,1,4,5,4,13,454,Champions,61-90 Days,6-10 Purchases,High
47516,Justin Macias,323,5,17574,1,2,4,4,10,244,At Risk,181-365 Days,3-5 Purchases,High
47533,Gina Kim,82,9,22670,1,4,5,5,14,455,Champions,61-90 Days,6-10 Purchases,Very High
47545,David Gibson,787,5,16859,1,1,4,4,9,144,At Risk,365+ Days,3-5 Purchases,High
47561,Misty Bullock,328,10,25819,1,2,5,5,12,255,At Risk,181-365 Days,6-10 Purchases,Very High
47592,Christopher Hoover,183,8,22161,1,3,5,5,13,355,Loyal Customers,181-365 Days,6-10 Purchases,Very High
47596,Margaret Day,197,5,16418,1,3,4,4,11,344,Loyal Customers,181-365 Days,3-5 Purchases,High
47598,Michael Harrison,19,8,17338,1,5,5,4,14,554,Champions,0-30 Days,6-10 Purchases,High
47607,Bob Ramos,145,6,18042,1,3,4,4,11,344,Loyal Customers,91-180 Days,6-10 Purchases,High
47639,Brett Scott,145,8,21128,1,3,5,5,13,355,Loyal Customers,91-180 Days,6-10 Purchases,Very High
47640,Daniel Green,31,7,20840,1,5,5,5,15,555,Champions,31-60 Days,6-10 Purchases,Very High
47648,Stacey Escobar,355,6,18099,1,2,4,4,10,244,At Risk,181-365 Days,6-10 Purchases,High
47652,Elizabeth Lee,191,9,25726,1,3,5,5,13,355,Loyal Customers,181-365 Days,6-10 Purchases,Very High
47680,Jonathan Richardson DDS,14,7,20634,1,5,5,5,15,555,Champions,0-30 Days,6-10 Purchases,Very High
47682,Haley Dennis,108,6,15621,1,4,4,4,12,444,Champions,91-180 Days,6-10 Purchases,High
47693,Chad Graham,142,8,20525,1,3,5,5,13,355,Loyal Customers,91-180 Days,6-10 Purchases,Very High
47707,John Lee,109,6,17270,1,4,4,4,12,444,Champions,91-180 Days,6-10 Purchases,High
47723,Theresa Dunn,116,7,21102,1,4,5,5,14,455,Champions,91-180 Days,6-10 Purchases,Very High
47732,Rebecca Cooper,117,5,15936,1,4,4,4,12,444,Champions,91-180 Days,3-5 Purchases,High
47747,Evan Gentry,0,7,16089,1,5,5,4,14,554,Champions,0-30 Days,6-10 Purchases,High
47759,Jonathon Bradley,40,6,22218,1,5,4,5,14,545,Champions,31-60 Days,6-10 Purchases,Very High
47760,Ricardo Barry,116,8,27893,1,4,5,5,14,455,Champions,91-180 Days,6-10 Purchases,Very High
47774,Sarah Avila,207,7,21331,1,3,5,5,13,355,Loyal Customers,181-365 Days,6-10 Purchases,Very High
47789,Angela Johnson,45,8,23793,1,5,5,5,15,555,Champions,31-60 Days,6-10 Purchases,Very High
47796,Alexandra Armstrong,426,5,16870,1,2,4,4,10,244,At Risk,365+ Days,3-5 Purchases,High
47815,Beverly Warren,202,8,18762,1,3,5,4,12,354,Loyal Customers,181-365 Days,6-10 Purchases,High
47828,Katelyn Hancock,295,7,30051,1,2,5,5,12,255,At Risk,181-365 Days,6-10 Purchases,Very High
47862,Robert Young,19,10,30228,1,5,5,5,15,555,Champions,0-30 Days,6-10 Purchases,Very High
47905,Lydia Andrade,357,8,24006,1,2,5,5,12,255,At Risk,181-365 Days,6-10 Purchases,Very High
47920,Edward Johnson,73,7,24582,1,4,5,5,14,455,Champions,61-90 Days,6-10 Purchases,Very High
47924,Christy Cameron,78,6,17492,1,4,4,4,12,444,Champions,61-90 Days,6-10 Purchases,High
47926,David Pratt,75,5,17073,1,4,4,4,12,444,Champions,61-90 Days,3-5 Purchases,High
47934,Krista Stevens,224,4,15388,1,3,3,4,10,334,Need Attention,181-365 Days,3-5 Purchases,High
47935,Joseph Horn,19,6,18453,1,5,4,4,13,544,Champions,0-30 Days,6-10 Purchases,High
47953,Steven Montgomery,111,5,18477,1,4,4,4,12,444,Champions,91-180 Days,3-5 Purchases,High
47955,Matthew Day,142,8,23217,1,3,5,5,13,355,Loyal Customers,91-180 Days,6-10 Purchases,Very High
47988,Brady Jackson,549,6,19903,1,1,4,5,10,145,At Risk,365+ Days,6-10 Purchases,Very High
47994,Susan Jones,175,7,23560,1,3,5,5,13,355,Loyal Customers,91-180 Days,6-10 Purchases,Very High
48002,William Bishop,232,7,23171,1,3,5,5,13,355,Loyal Customers,181-365 Days,6-10 Purchases,Very High
48016,Michael Brewer,47,5,15071,1,5,4,4,13,544,Champions,31-60 Days,3-5 Purchases,High
48034,Nathan Rubio,69,5,15883,1,4,4,4,12,444,Champions,61-90 Days,3-5 Purchases,High
48036,Amber Johnson,517,7,21969,1,1,5,5,11,155,At Risk,365+ Days,6-10 Purchases,Very High
48055,John Johnson,152,6,16403,1,3,4,4,11,344,Loyal Customers,91-180 Days,6-10 Purchases,High
48057,Anna Estrada,177,7,15672,1,3,5,4,12,354,Loyal Customers,91-180 Days,6-10 Purchases,High
48058,Sarah Walls,26,7,23954,1,5,5,5,15,555,Champions,0-30 Days,6-10 Purchases,Very High
48065,Cathy Miller,89,6,16689,1,4,4,4,12,444,Champions,61-90 Days,6-10 Purchases,High
48088,Jennifer King,111,4,17605,1,4,3,4,11,434,Potential Loyalists,91-180 Days,3-5 Purchases,High
48110,Paula Tucker,161,5,15403,1,3,4,4,11,344,Loyal Customers,91-180 Days,3-5 Purchases,High
48120,William Smith,440,5,15517,1,1,4,4,9,144,At Risk,365+ Days,3-5 Purchases,High
48122,Nicole Wilson,322,5,17463,1,2,4,4,10,244,At Risk,181-365 Days,3-5 Purchases,High
48145,Denise Snow,70,8,25292,1,4,5,5,14,455,Champions,61-90 Days,6-10 Purchases,Very High
48148,Sarah Morrison,421,7,26607,1,2,5,5,12,255,At Risk,365+ Days,6-10 Purchases,Very High
48179,Jesse Alexander,1,11,31188,1,5,5,5,15,555,Champions,0-30 Days,10+ Purchases,Very High
48181,Daniel Nguyen,355,7,25266,1,2,5,5,12,255,At Risk,181-365 Days,6-10 Purchases,Very High
48206,Ricky Vega,333,10,28238,1,2,5,5,12,255,At Risk,181-365 Days,6-10 Purchases,Very High
48212,Lisa Terry,170,5,16604,1,3,4,4,11,344,Loyal Customers,91-180 Days,3-5 Purchases,High
48227,Alyssa Bowman,474,8,19214,1,1,5,4,10,154,At Risk,365+ Days,6-10 Purchases,High
48232,Miss Vickie Orr,47,7,27751,1,5,5,5,15,555,Champions,31-60 Days,6-10 Purchases,Very High
48235,Tonya Rodriguez,300,7,26444,1,2,5,5,12,255,At Risk,181-365 Days,6-10 Purchases,Very High
48236,Tammy Miller,259,7,15169,1,2,5,4,11,254,At Risk,181-365 Days,6-10 Purchases,High
48242,Holly Watson,40,8,23707,1,5,5,5,15,555,Champions,31-60 Days,6-10 Purchases,Very High
48243,Mr. Scott Smith,25,6,15842,1,5,4,4,13,544,Champions,0-30 Days,6-10 Purchases,High
48248,Rebecca Wilson,225,6,19217,1,3,4,4,11,344,Loyal Customers,181-365 Days,6-10 Purchases,High
48250,Brett Mccall,46,7,17532,1,5,5,4,14,554,Champions,31-60 Days,6-10 Purchases,High
48286,Paul Arias,205,6,19742,1,3,4,5,12,345,Loyal Customers,181-365 Days,6-10 Purchases,Very High
48288,Stephen Sullivan,156,5,16524,1,3,4,4,11,344,Loyal Customers,91-180 Days,3-5 Purchases,High
48297,Elizabeth Walker,268,7,16847,1,2,5,4,11,254,At Risk,181-365 Days,6-10 Purchases,High
48327,Brian Daniels,106,7,22396,1,4,5,5,14,455,Champions,91-180 Days,6-10 Purchases,Very High
48337,Pamela Monroe,208,5,15549,1,3,4,4,11,344,Loyal Customers,181-365 Days,3-5 Purchases,High
48360,Ellen Beard,13,6,20018,1,5,4,5,14,545,Champions,0-30 Days,6-10 Purchases,Very High
48371,Thomas Francis,416,5,17773,1,2,4,4,10,244,At Risk,365+ Days,3-5 Purchases,High
48378,Ronald Keith,44,5,17598,1,5,4,4,13,544,Champions,31-60 Days,3-5 Purchases,High
48393,Paula Brown,427,5,16722,1,1,4,4,9,144,At Risk,365+ Days,3-5 Purchases,High
48394,Colleen Black,95,7,18434,1,4,5,4,13,454,Champions,91-180 Days,6-10 Purchases,High
48402,Mr. Steven Hernandez DVM,45,7,20311,1,5,5,5,15,555,Champions,31-60 Days,6-10 Purchases,Very High
48411,Daniel Lynch,27,5,15715,1,5,4,4,13,544,Champions,0-30 Days,3-5 Purchases,High
48413,Jason Bradley,802,6,15586,1,1,4,4,9,144,At Risk,365+ Days,6-10 Purchases,High
48459,Jacqueline Sullivan,811,6,19677,1,1,4,5,10,145,At Risk,365+ Days,6-10 Purchases,Very High
48465,Laura Reyes,47,7,23075,1,5,5,5,15,555,Champions,31-60 Days,6-10 Purchases,Very High
48475,Robin Macdonald,549,8,21067,1,1,5,5,11,155,At Risk,365+ Days,6-10 Purchases,Very High
48480,Christian May,394,5,18459,1,2,4,4,10,244,At Risk,365+ Days,3-5 Purchases,High
48487,Laura Nguyen,265,7,21134,1,2,5,5,12,255,At Risk,181-365 Days,6-10 Purchases,Very High
48495,Rita Goodwin,108,9,22514,1,4,5,5,14,455,Champions,91-180 Days,6-10 Purchases,Very High
48497,Arthur Martinez,487,6,19568,1,1,4,5,10,145,At Risk,365+ Days,6-10 Purchases,Very High
48508,Michael Shea,182,5,15452,1,3,4,4,11,344,Loyal Customers,181-365 Days,3-5 Purchases,High
48518,Teresa Chapman,179,9,23309,1,3,5,5,13,355,Loyal Customers,91-180 Days,6-10 Purchases,Very High
48545,Jennifer Taylor,2,8,19840,1,5,5,5,15,555,Champions,0-30 Days,6-10 Purchases,Very High
48557,Vickie Hendrix,31,5,18026,1,5,4,4,13,544,Champions,31-60 Days,3-5 Purchases,High
48622,Misty Woods,96,7,20251,1,4,5,5,14,455,Champions,91-180 Days,6-10 Purchases,Very High
48628,Cameron Drake,18,13,29276,1,5,5,5,15,555,Champions,0-30 Days,10+ Purchases,Very High
48633,Brandon Cunningham,6,5,16944,1,5,4,4,13,544,Champions,0-30 Days,3-5 Purchases,High
48637,Melody Richardson,103,6,16434,1,4,4,4,12,444,Champions,91-180 Days,6-10 Purchases,High
48659,Kathryn Walker,84,8,25466,1,4,5,5,14,455,Champions,61-90 Days,6-10 Purchases,Very High
48685,Robert Miller,23,11,34860,1,5,5,5,15,555,Champions,0-30 Days,10+ Purchases,Very High
48691,Nicholas Stevens,227,6,17197,1,3,4,4,11,344,Loyal Customers,181-365 Days,6-10 Purchases,High
48704,Jennifer Johnson,331,8,18498,1,2,5,4,11,254,At Risk,181-365 Days,6-10 Purchases,High
48711,David Perry,439,5,16469,1,1,4,4,9,144,At Risk,365+ Days,3-5 Purchases,High
48726,Amanda Green,100,5,15506,1,4,4,4,12,444,Champions,91-180 Days,3-5 Purchases,High
48731,Linda Martin,266,7,17551,1,2,5,4,11,254,At Risk,181-365 Days,6-10 Purchases,High
48733,Cassidy Williams,119,8,29452,1,4,5,5,14,455,Champions,91-180 Days,6-10 Purchases,Very High
48748,David Barrera,14,10,27779,1,5,5,5,15,555,Champions,0-30 Days,6-10 Purchases,Very High
48762,Amy Henderson,68,7,15552,1,4,5,4,13,454,Champions,61-90 Days,6-10 Purchases,High
48767,Jonathan Hebert,585,5,16446,1,1,4,4,9,144,At Risk,365+ Days,3-5 Purchases,High
48786,Jennifer Gray,60,6,20098,1,4,4,5,13,445,Champions,31-60 Days,6-10 Purchases,Very High
48797,Sarah Forbes,167,5,15038,1,3,4,4,11,344,Loyal Customers,91-180 Days,3-5 Purchases,High
48814,Susan Walker,221,7,15413,1,3,5,4,12,354,Loyal Customers,181-365 Days,6-10 Purchases,High
48824,Sara Miller,340,9,19722,1,2,5,5,12,255,At Risk,181-365 Days,6-10 Purchases,Very High
48827,Kevin Morgan,194,5,16936,1,3,4,4,11,344,Loyal Customers,181-365 Days,3-5 Purchases,High
48828,Mary Wilson,429,6,19222,1,1,4,4,9,144,At Risk,365+ Days,6-10 Purchases,High
48829,William Smith,0,7,20525,1,5,5,5,15,555,Champions,0-30 Days,6-10 Purchases,Very High
48836,Kelly Lutz,513,6,16086,1,1,4,4,9,144,At Risk,365+ Days,6-10 Purchases,High
48844,Jason Atkins,557,6,21001,1,1,4,5,10,145,At Risk,365+ Days,6-10 Purchases,Very High
48846,William Baker,73,8,22220,1,4,5,5,14,455,Champions,61-90 Days,6-10 Purchases,Very High
48863,Emily Jimenez,112,8,30690,1,4,5,5,14,455,Champions,91-180 Days,6-10 Purchases,Very High
48909,Manuel Chambers,132,6,16444,1,4,4,4,12,444,Champions,91-180 Days,6-10 Purchases,High
48917,Emily Griffin,754,5,15956,1,1,4,4,9,144,At Risk,365+ Days,3-5 Purchases,High
48930,Christopher Allison,6,6,22209,1,5,4,5,14,545,Champions,0-30 Days,6-10 Purchases,Very High
48940,Kimberly Moreno,70,9,17765,1,4,5,4,13,454,Champions,61-90 Days,6-10 Purchases,High
48947,Anthony Hardy,227,6,18058,1,3,4,4,11,344,Loyal Customers,181-365 Days,6-10 Purchases,High
48964,Raymond Ruiz,92,5,15150,1,4,4,4,12,444,Champions,91-180 Days,3-5 Purchases,High
48976,John Peterson,97,10,20259,1,4,5,5,14,455,Champions,91-180 Days,6-10 Purchases,Very High
48998,Megan Munoz,19,6,23542,1,5,4,5,14,545,Champions,0-30 Days,6-10 Purchases,Very High
49003,William Thomas,188,6,15623,1,3,4,4,11,344,Loyal Customers,181-365 Days,6-10 Purchases,High
49005,Nicole Phillips,120,5,21725,1,4,4,5,13,445,Champions,91-180 Days,3-5 Purchases,Very High
49009,Calvin Cherry,369,8,15389,1,2,5,4,11,254,At Risk,365+ Days,6-10 Purchases,High
49011,Janet Davis DDS,715,7,21201,1,1,5,5,11,155,At Risk,365+ Days,6-10 Purchases,Very High
49017,Dennis Murray,280,8,22489,1,2,5,5,12,255,At Risk,181-365 Days,6-10 Purchases,Very High
49018,Richard Wright,202,6,16620,1,3,4,4,11,344,Loyal Customers,181-365 Days,6-10 Purchases,High
49022,Vickie Huffman DDS,14,5,17118,1,5,4,4,13,544,Champions,0-30 Days,3-5 Purchases,High
49026,Zachary Perry,62,8,19089,1,4,5,4,13,454,Champions,61-90 Days,6-10 Purchases,High
49053,Crystal Hill,231,11,28361,1,3,5,5,13,355,Loyal Customers,181-365 Days,10+ Purchases,Very High
49056,Sandra Ramirez DDS,392,4,15624,1,2,3,4,9,234,At Risk,365+ Days,3-5 Purchases,High
49065,Robert Mcgrath,3,7,17761,1,5,5,4,14,554,Champions,0-30 Days,6-10 Purchases,High
49069,Heather Barker,299,6,15768,1,2,4,4,10,244,At Risk,181-365 Days,6-10 Purchases,High
49084,Miguel Salas,231,7,20316,1,3,5,5,13,355,Loyal Customers,181-365 Days,6-10 Purchases,Very High
49130,Carlos Shaw,99,10,29898,1,4,5,5,14,455,Champions,91-180 Days,6-10 Purchases,Very High
49159,Connor Cooper,195,8,29530,1,3,5,5,13,355,Loyal Customers,181-365 Days,6-10 Purchases,Very High
49165,Shawn White,348,6,18123,1,2,4,4,10,244,At Risk,181-365 Days,6-10 Purchases,High
49175,Logan Stephenson,115,7,16989,1,4,5,4,13,454,Champions,91-180 Days,6-10 Purchases,High
49200,Robert Sims,22,10,22597,1,5,5,5,15,555,Champions,0-30 Days,6-10 Purchases,Very High
49208,Theresa Sherman,178,6,15827,1,3,4,4,11,344,Loyal Customers,91-180 Days,6-10 Purchases,High
49235,Gabrielle Mitchell,17,6,17247,1,5,4,4,13,544,Champions,0-30 Days,6-10 Purchases,High
49238,Shelly Ramirez,171,5,15022,1,3,4,4,11,344,Loyal Customers,91-180 Days,3-5 Purchases,High
49248,Kimberly Anderson,27,9,28762,1,5,5,5,15,555,Champions,0-30 Days,6-10 Purchases,Very High
49264,Dawn Jordan,232,6,15943,1,3,4,4,11,344,Loyal Customers,181-365 Days,6-10 Purchases,High
49284,Jason Contreras,26,6,19135,1,5,4,4,13,544,Champions,0-30 Days,6-10 Purchases,High
49291,Dustin Smith,98,10,24905,1,4,5,5,14,455,Champions,91-180 Days,6-10 Purchases,Very High
49315,Steven Miller,57,7,19394,1,5,5,5,15,555,Champions,31-60 Days,6-10 Purchases,Very High
49335,Patricia Medina,231,13,40210,1,3,5,5,13,355,Loyal Customers,181-365 Days,10+ Purchases,Very High
49381,Christina Yates,95,8,31506,1,4,5,5,14,455,Champions,91-180 Days,6-10 Purchases,Very High
49392,Katelyn White,136,11,33182,1,4,5,5,14,455,Champions,91-180 Days,10+ Purchases,Very High
49403,Adam Coffey,311,6,19299,1,2,4,5,11,245,At Risk,181-365 Days,6-10 Purchases,Very High
49422,Christopher Smith,42,6,16762,1,5,4,4,13,544,Champions,31-60 Days,6-10 Purchases,High
49463,Carol Walker,71,5,16621,1,4,4,4,12,444,Champions,61-90 Days,3-5 Purchases,High
49464,Nicole Pace,62,5,16877,1,4,4,4,12,444,Champions,61-90 Days,3-5 Purchases,High
49497,Patrick Church,12,4,17166,1,5,3,4,12,534,Potential Loyalists,0-30 Days,3-5 Purchases,High
49504,James Barnes,87,9,25291,1,4,5,5,14,455,Champions,61-90 Days,6-10 Purchases,Very High
49513,Christopher Robinson,64,7,15987,1,4,5,4,13,454,Champions,61-90 Days,6-10 Purchases,High
49515,Joshua Walker,179,5,19610,1,3,4,5,12,345,Loyal Customers,91-180 Days,3-5 Purchases,Very High
49528,Ryan Hall,11,6,17645,1,5,4,4,13,544,Champions,0-30 Days,6-10 Purchases,High
49537,Nathan Torres,360,11,37631,1,2,5,5,12,255,At Risk,181-365 Days,10+ Purchases,Very High
49539,Felicia Hayes,8,11,30995,1,5,5,5,15,555,Champions,0-30 Days,10+ Purchases,Very High
49543,Jennifer Berg,203,6,15777,1,3,4,4,11,344,Loyal Customers,181-365 Days,6-10 Purchases,High
49563,Dr. Douglas Brown,278,8,16998,1,2,5,4,11,254,At Risk,181-365 Days,6-10 Purchases,High
49582,Victoria Hendricks,298,5,17010,1,2,4,4,10,244,At Risk,181-365 Days,3-5 Purchases,High
49586,Walter Tran,18,9,23919,1,5,5,5,15,555,Champions,0-30 Days,6-10 Purchases,Very High
49593,Steve Patton,269,12,27087,1,2,5,5,12,255,At Risk,181-365 Days,10+ Purchases,Very High
49609,Heather Fleming,85,6,21251,1,4,4,5,13,445,Champions,61-90 Days,6-10 Purchases,Very High
49658,Norman Cooper,80,6,15405,1,4,4,4,12,444,Champions,61-90 Days,6-10 Purchases,High
49678,Jennifer Cummings,70,8,18850,1,4,5,4,13,454,Champions,61-90 Days,6-10 Purchases,High
49696,Carl Hughes,109,5,20784,1,4,4,5,13,445,Champions,91-180 Days,3-5 Purchases,Very High
49722,Anthony Martinez,29,9,25185,1,5,5,5,15,555,Champions,0-30 Days,6-10 Purchases,Very High
49725,Chelsey Harris,512,4,18118,1,1,3,4,8,134,At Risk,365+ Days,3-5 Purchases,High
49737,Michael Holland,158,5,18537,1,3,4,4,11,344,Loyal Customers,91-180 Days,3-5 Purchases,High
49747,Kelly Jordan,145,9,25306,1,3,5,5,13,355,Loyal Customers,91-180 Days,6-10 Purchases,Very High
49755,Carol Costa,28,9,24821,1,5,5,5,15,555,Champions,0-30 Days,6-10 Purchases,Very High
49782,Kevin Davis,370,7,19534,1,2,5,5,12,255,At Risk,365+ Days,6-10 Purchases,Very High
49786,Mike Marshall,28,6,21530,1,5,4,5,14,545,Champions,0-30 Days,6-10 Purchases,Very High
49801,Alison Brown,25,7,15302,1,5,5,4,14,554,Champions,0-30 Days,6-10 Purchases,High
49809,Ashley Stephens,141,8,18737,1,3,5,4,12,354,Loyal Customers,91-180 Days,6-10 Purchases,High
49821,Colleen Green,247,5,16826,1,2,4,4,10,244,At Risk,181-365 Days,3-5 Purchases,High
49827,Joshua Chapman,155,6,18782,1,3,4,4,11,344,Loyal Customers,91-180 Days,6-10 Purchases,High
49906,Tamara Mcbride,6,11,32235,1,5,5,5,15,555,Champions,0-30 Days,10+ Purchases,Very High
49950,Beth Vaughan,135,6,16031,1,4,4,4,12,444,Champions,91-180 Days,6-10 Purchases,High
49963,Jessica Chase,82,5,19591,1,4,4,5,13,445,Champions,61-90 Days,3-5 Purchases,Very High
49976,Brian Carter,100,6,15088,1,4,4,4,12,444,Champions,91-180 Days,6-10 Purchases,High
49984,John Fowler,183,5,15916,1,3,4,4,11,344,Loyal Customers,181-365 Days,3-5 Purchases,High
