customer_id,customer_name,recency,frequency,monetary,churn,R_Score,F_Score,M_Score,RFM_Score,RFM_Score_Code,Customer_Segment
3,Julie Wolfe,88,8,22587,0,4,5,5,14,455,Champions
8,Michael Weber,129,6,15265,0,4,4,4,12,444,Champions
10,Jessica Daniels,229,8,20857,1,3,5,5,13,355,Loyal Customers
11,Ashley Lucas,136,10,23691,0,4,5,5,14,455,Champions
15,Heather Jimenez,102,5,19748,0,4,3,5,12,435,Potential Loyalists
17,Amy Morse,13,9,24042,0,5,5,5,15,555,Champions
18,David Sanchez,115,8,23726,0,4,5,5,14,455,Champions
20,John Rivera,215,8,21428,0,3,5,5,13,355,Loyal Customers
22,Marvin Smith,20,9,32052,0,5,5,5,15,555,Champions
23,Joseph Hernandez,85,6,19200,1,4,4,4,12,444,Champions
24,Jamie Watson,141,6,23966,1,3,4,5,12,345,Loyal Customers
30,Jerry Montes,68,11,31412,0,4,5,5,14,455,Champions
35,Jacqueline French,136,8,12260,1,4,5,3,12,453,Loyal Customers
46,Gina Simpson,99,7,19650,0,4,4,5,13,445,Champions
50,Gail Lopez,20,5,15669,0,5,3,4,12,534,Potential Loyalists
56,Carolyn Keith,135,8,20131,0,4,5,5,14,455,Champions
59,David Aguilar,27,6,16868,0,5,4,4,13,544,Champions
67,Andrea Scott,0,10,26885,0,5,5,5,15,555,Champions
68,Evan Fuller,423,8,24392,0,2,5,5,12,255,At Risk
70,Miss Sara Black,74,7,16339,0,4,4,4,12,444,Champions
71,Linda Vazquez,62,7,29547,1,4,4,5,13,445,Champions
73,David Freeman,70,6,19807,0,4,4,5,13,445,Champions
81,Isaac Ingram,357,8,26059,1,2,5,5,12,255,At Risk
82,Cassandra Yu,42,7,25574,0,5,4,5,14,545,Champions
86,Pamela Oconnell,73,6,16526,0,4,4,4,12,444,Champions
91,Thomas Sandoval,1,7,18782,0,5,4,4,13,544,Champions
94,Duane Anderson,74,6,15746,1,4,4,4,12,444,Champions
95,Ricky Dudley,8,7,15109,0,5,4,4,13,544,Champions
96,Jerry Vasquez,90,6,21417,0,4,4,5,13,445,Champions
99,Melody Rush,82,9,27864,0,4,5,5,14,455,Champions
106,Vickie Griffin,7,6,25190,0,5,4,5,14,545,Champions
108,Andrea Smith,9,6,19997,0,5,4,5,14,545,Champions
113,James Williams,89,7,19076,0,4,4,4,12,444,Champions
118,Brian Nelson,91,7,18827,0,4,4,4,12,444,Champions
119,Deanna Jackson,19,7,21299,0,5,4,5,14,545,Champions
123,Gene Willis,46,10,22880,0,5,5,5,15,555,Champions
128,Michael Morales,136,8,20798,0,4,5,5,14,455,Champions
130,Jessica Curtis,44,5,17654,0,5,3,4,12,534,Potential Loyalists
131,Stephanie Burch,149,8,28943,0,3,5,5,13,355,Loyal Customers
143,Rachael Kelly MD,125,10,28052,0,4,5,5,14,455,Champions
145,Wendy Dawson,36,9,29550,0,5,5,5,15,555,Champions
154,John Lewis,100,9,25380,0,4,5,5,14,455,Champions
156,Michael Lopez,37,9,22874,0,5,5,5,15,555,Champions
164,Trevor Deleon,55,8,29989,1,5,5,5,15,555,Champions
167,Chad Johnson,24,7,22147,0,5,4,5,14,545,Champions
172,Greg Stanley,15,7,13223,1,5,4,3,12,543,Loyal Customers
174,Linda Johnson,77,7,18810,0,4,4,4,12,444,Champions
175,Peter Jones,23,10,25850,0,5,5,5,15,555,Champions
179,Raymond Cooper,158,6,21133,0,3,4,5,12,345,Loyal Customers
183,Steven Bond,185,9,18355,0,3,5,4,12,354,Loyal Customers
184,Kimberly Tanner,118,7,19182,0,4,4,4,12,444,Champions
185,Emily Carter,12,5,18565,1,5,3,4,12,534,Potential Loyalists
190,Susan Mcdaniel,181,7,21718,0,3,4,5,12,345,Loyal Customers
206,Leslie West,89,9,33113,1,4,5,5,14,455,Champions
214,Debra Cobb,82,6,20552,0,4,4,5,13,445,Champions
216,Melissa Ortega,9,8,26378,0,5,5,5,15,555,Champions
217,Donna Meyer,133,7,21199,0,4,4,5,13,445,Champions
225,Jennifer Roberts,169,9,27373,0,3,5,5,13,355,Loyal Customers
236,Christopher Williams,91,7,18070,0,4,4,4,12,444,Champions
239,Kyle Gallagher DDS,1,9,16179,0,5,5,4,14,554,Champions
240,Mr. Johnny Ramos,88,7,27504,0,4,4,5,13,445,Champions
243,James Sullivan,18,7,19425,1,5,4,5,14,545,Champions
249,Elizabeth Craig,201,10,38148,0,3,5,5,13,355,Loyal Customers
250,Laura Peters,108,6,16159,0,4,4,4,12,444,Champions
253,Zachary Freeman,97,7,24519,1,4,4,5,13,445,Champions
255,Jordan Juarez,53,10,20773,0,5,5,5,15,555,Champions
257,Frank Morgan,248,8,22547,0,2,5,5,12,255,At Risk
261,Carl Lee,51,5,15835,1,5,3,4,12,534,Potential Loyalists
265,Carmen Parker,47,9,21815,0,5,5,5,15,555,Champions
273,Lisa Powers,152,9,24460,0,3,5,5,13,355,Loyal Customers
274,Michelle Chen,17,5,16900,0,5,3,4,12,534,Potential Loyalists
275,Eric Bond,94,10,26491,1,4,5,5,14,455,Champions
276,Daniel Jordan,88,7,17400,0,4,4,4,12,444,Champions
282,Michael Fitzgerald,5,8,22195,0,5,5,5,15,555,Champions
290,Brittany Scott,90,9,24353,0,4,5,5,14,455,Champions
295,Alexander Strickland,197,9,27737,1,3,5,5,13,355,Loyal Customers
296,Shawn Osborne,132,7,20804,1,4,4,5,13,445,Champions
300,Dr. Lindsay Wu DDS,133,6,19977,0,4,4,5,13,445,Champions
308,Lynn Wilson,20,7,14780,0,5,4,3,12,543,Loyal Customers
314,Lindsey Craig,78,8,18933,1,4,5,4,13,454,Champions
315,Laura Knight,13,6,19217,0,5,4,4,13,544,Champions
316,Mitchell Lopez,140,7,25377,0,3,4,5,12,345,Loyal Customers
317,Madeline Howard,103,8,16513,0,4,5,4,13,454,Champions
319,Sarah Keith,37,10,23082,1,5,5,5,15,555,Champions
324,Crystal Russo,19,7,16742,0,5,4,4,13,544,Champions
340,Carol Velazquez,40,7,24638,0,5,4,5,14,545,Champions
341,Jean Brown,29,8,17859,0,5,5,4,14,554,Champions
346,Holly Padilla,63,7,16157,0,4,4,4,12,444,Champions
347,Dr. Susan Sawyer,73,8,21875,0,4,5,5,14,455,Champions
350,Leah Garcia,135,8,22382,0,4,5,5,14,455,Champions
351,William Wood,58,5,19807,0,5,3,5,13,535,Potential Loyalists
352,Patrick Williams,180,8,19887,1,3,5,5,13,355,Loyal Customers
356,Kenneth Shelton,88,8,22983,0,4,5,5,14,455,Champions
363,Tabitha Shea,167,8,27299,0,3,5,5,13,355,Loyal Customers
368,Justin Eaton,14,8,28667,0,5,5,5,15,555,Champions
369,Christopher Greer,249,8,28653,0,2,5,5,12,255,At Risk
370,John Smith DDS,162,9,25741,1,3,5,5,13,355,Loyal Customers
372,Willie Williams,210,7,21589,0,3,4,5,12,345,Loyal Customers
374,Sandra Paul,96,7,18545,0,4,4,4,12,444,Champions
379,Victoria Hill,11,13,26926,0,5,5,5,15,555,Champions
385,Justin Ramirez,95,13,19146,0,4,5,4,13,454,Champions
387,Elizabeth Thompson,34,11,36989,1,5,5,5,15,555,Champions
389,Andrew Ryan,23,7,15497,1,5,4,4,13,544,Champions
395,Stacy Price,3,10,25602,0,5,5,5,15,555,Champions
396,Kimberly Stewart,49,6,17647,1,5,4,4,13,544,Champions
399,Lori Gonzales,71,7,17086,0,4,4,4,12,444,Champions
400,Edward Collins MD,261,12,33709,0,2,5,5,12,255,At Risk
402,David Gibson,0,6,14420,0,5,4,3,12,543,Loyal Customers
405,Robert Owen,44,6,19924,0,5,4,5,14,545,Champions
407,Michael Leonard,220,7,20644,0,3,4,5,12,345,Loyal Customers
413,Linda Williams,52,6,19045,0,5,4,4,13,544,Champions
415,Dennis Bender,48,7,19376,0,5,4,5,14,545,Champions
416,Angela Bryant,88,7,14965,0,4,4,4,12,444,Champions
419,Stephen Moore,59,8,23627,0,5,5,5,15,555,Champions
427,James Vargas,14,9,22480,0,5,5,5,15,555,Champions
431,Brittany Jones,91,8,25467,0,4,5,5,14,455,Champions
432,Allen Wood,1,7,22702,0,5,4,5,14,545,Champions
439,Rebecca Bowen,13,8,18362,0,5,5,4,14,554,Champions
440,James Vaughn,95,10,28560,0,4,5,5,14,455,Champions
443,Cody Barajas,7,8,26062,1,5,5,5,15,555,Champions
444,Brad Knight,63,7,25034,0,4,4,5,13,445,Champions
446,Thomas Lewis,98,9,22465,1,4,5,5,14,455,Champions
450,Christopher Burgess,113,7,18267,0,4,4,4,12,444,Champions
465,Keith Smith,147,7,20580,0,3,4,5,12,345,Loyal Customers
468,Erin Lucas,52,8,24500,0,5,5,5,15,555,Champions
471,Andrea Brown,35,6,12763,0,5,4,3,12,543,Loyal Customers
475,Erin Simmons DDS,48,9,14942,0,5,5,4,14,554,Champions
488,Jasmin Greer,160,7,21330,1,3,4,5,12,345,Loyal Customers
505,Kevin Baldwin,74,13,31931,0,4,5,5,14,455,Champions
506,Mark Smith,53,9,16383,1,5,5,4,14,554,Champions
513,Juan Shaw,44,11,21332,0,5,5,5,15,555,Champions
520,Brittany Lewis,103,6,15681,0,4,4,4,12,444,Champions
525,Christopher Smith,41,8,25058,0,5,5,5,15,555,Champions
529,Jeremy Castillo,110,6,18297,1,4,4,4,12,444,Champions
537,Ricardo Kline,35,9,33315,0,5,5,5,15,555,Champions
541,Carlos Poole,95,7,16195,1,4,4,4,12,444,Champions
545,Beth Smith,100,6,16230,1,4,4,4,12,444,Champions
548,Michael Mitchell,18,10,30644,0,5,5,5,15,555,Champions
549,Kayla Medina,157,7,21906,0,3,4,5,12,345,Loyal Customers
552,Brian Moreno,23,7,16845,0,5,4,4,13,544,Champions
562,Yolanda Petty,94,7,24604,0,4,4,5,13,445,Champions
563,Ronnie Taylor,48,6,14702,0,5,4,3,12,543,Loyal Customers
565,Jonathan Mendoza,134,7,18806,0,4,4,4,12,444,Champions
567,Kelly Burton,147,7,19590,0,3,4,5,12,345,Loyal Customers
569,Michael Hanson,44,7,15714,0,5,4,4,13,544,Champions
572,Matthew Romero,17,6,15086,0,5,4,4,13,544,Champions
576,Regina Khan,40,7,21768,0,5,4,5,14,545,Champions
586,Denise Miller,128,7,18681,0,4,4,4,12,444,Champions
587,Roger Franklin,6,7,20708,1,5,4,5,14,545,Champions
588,Robert Moore,3,7,24049,0,5,4,5,14,545,Champions
592,Jeffrey Arellano,292,9,21753,1,2,5,5,12,255,At Risk
599,Maria Freeman,95,10,19970,0,4,5,5,14,455,Champions
601,Mr. Randall Simmons MD,24,7,14055,0,5,4,3,12,543,Loyal Customers
606,Corey Ayers,65,7,16901,0,4,4,4,12,444,Champions
608,Elizabeth Porter,413,8,25576,0,2,5,5,12,255,At Risk
609,Terri Douglas,163,9,26548,1,3,5,5,13,355,Loyal Customers
614,Jacob Strong,59,8,16224,0,5,5,4,14,554,Champions
616,Raymond Torres,59,9,28085,0,5,5,5,15,555,Champions
618,Tanya Williams,86,9,18462,0,4,5,4,13,454,Champions
620,Jennifer Henderson,91,7,22270,0,4,4,5,13,445,Champions
623,Sierra Rodriguez,244,9,27963,0,2,5,5,12,255,At Risk
624,Raymond Mendez,70,7,18808,0,4,4,4,12,444,Champions
629,William Murphy,217,7,25069,0,3,4,5,12,345,Loyal Customers
630,Edward Lambert,48,6,17673,0,5,4,4,13,544,Champions
632,Samuel Morrow,111,7,28428,0,4,4,5,13,445,Champions
634,Nathan Le,137,7,24909,1,4,4,5,13,445,Champions
635,Charles Wilson,23,5,17728,0,5,3,4,12,534,Potential Loyalists
638,Dean Bauer,88,8,19958,1,4,5,5,14,455,Champions
645,Jeremy Mcdonald,227,8,18954,0,3,5,4,12,354,Loyal Customers
646,William Anderson,107,6,20521,0,4,4,5,13,445,Champions
655,Heather Evans,120,8,25437,0,4,5,5,14,455,Champions
656,Michael Le,31,9,22005,0,5,5,5,15,555,Champions
665,Michael Garcia,94,9,27161,1,4,5,5,14,455,Champions
671,Suzanne Mathews,103,7,23688,0,4,4,5,13,445,Champions
672,Brittany Kline,170,9,28593,0,3,5,5,13,355,Loyal Customers
673,Jacob Silva,6,7,19648,0,5,4,5,14,545,Champions
677,Jamie Hall,91,8,25693,1,4,5,5,14,455,Champions
681,Dr. Kenneth Shields,49,7,27789,1,5,4,5,14,545,Champions
689,Sarah Humphrey,395,8,29573,0,2,5,5,12,255,At Risk
696,Kelsey Evans,70,6,14888,1,4,4,4,12,444,Champions
708,Sarah Robinson,41,6,12837,0,5,4,3,12,543,Loyal Customers
709,Pamela Ramirez,46,7,21354,0,5,4,5,14,545,Champions
714,Jessica Garcia,66,6,18342,1,4,4,4,12,444,Champions
715,John Atkinson,164,7,27385,0,3,4,5,12,345,Loyal Customers
718,James Pacheco,35,5,15248,0,5,3,4,12,534,Potential Loyalists
722,John Johnson MD,27,7,21573,0,5,4,5,14,545,Champions
736,Samantha Shannon,14,8,28018,0,5,5,5,15,555,Champions
737,Kristopher Estrada,60,7,17250,0,4,4,4,12,444,Champions
740,William Cooper,104,7,19334,0,4,4,5,13,445,Champions
743,Joseph Salazar,134,6,17035,0,4,4,4,12,444,Champions
744,Tiffany Alvarez,95,6,18644,0,4,4,4,12,444,Champions
749,Virginia Hart,25,7,21954,0,5,4,5,14,545,Champions
751,Brandon Cannon,99,9,28890,0,4,5,5,14,455,Champions
759,Deborah Hoffman,56,6,15196,0,5,4,4,13,544,Champions
760,Mrs. Hannah Sullivan MD,252,10,23054,0,2,5,5,12,255,At Risk
768,Joshua Davis,55,8,26452,0,5,5,5,15,555,Champions
775,Russell Mcdonald,80,9,23432,0,4,5,5,14,455,Champions
776,Kimberly Case,113,8,16944,0,4,5,4,13,454,Champions
780,Ryan Hendricks,118,8,17750,1,4,5,4,13,454,Champions
781,Hannah Marshall,49,6,16968,0,5,4,4,13,544,Champions
782,Paula Cooper,1,6,16298,0,5,4,4,13,544,Champions
785,Jonathan Bush,75,8,25417,0,4,5,5,14,455,Champions
786,Jason Watkins,2,8,24589,0,5,5,5,15,555,Champions
795,Leslie Reed,11,8,10911,0,5,5,2,12,552,Potential Loyalists
797,Vincent Green,12,9,25481,0,5,5,5,15,555,Champions
799,Christopher Elliott,105,9,28005,0,4,5,5,14,455,Champions
801,Kimberly Tyler,106,7,18407,0,4,4,4,12,444,Champions
802,Jacob Price,117,7,25912,0,4,4,5,13,445,Champions
803,Arthur Howard,169,6,23515,0,3,4,5,12,345,Loyal Customers
809,Taylor Bishop,20,15,45738,0,5,5,5,15,555,Champions
811,Caleb Jones,74,6,16782,0,4,4,4,12,444,Champions
815,Michelle Powers,48,9,25303,1,5,5,5,15,555,Champions
818,Julie Miller,115,8,19698,0,4,5,5,14,455,Champions
819,Colin Jackson,205,9,28483,1,3,5,5,13,355,Loyal Customers
826,Jason Wood,286,9,25270,0,2,5,5,12,255,At Risk
832,Sabrina Duncan,91,6,19927,1,4,4,5,13,445,Champions
834,Justin Crosby,78,8,22999,1,4,5,5,14,455,Champions
837,Darrell Turner,118,6,15500,0,4,4,4,12,444,Champions
841,Steven Goodwin,1,7,20495,0,5,4,5,14,545,Champions
842,Robert Graves,12,6,14649,0,5,4,3,12,543,Loyal Customers
843,Anthony Anderson,60,7,17739,0,4,4,4,12,444,Champions
844,Joshua Terrell,7,8,26850,1,5,5,5,15,555,Champions
851,Thomas Smith,210,10,26702,0,3,5,5,13,355,Loyal Customers
855,Laura Morales,53,7,20140,0,5,4,5,14,545,Champions
860,Maureen Bishop,14,8,13518,1,5,5,3,13,553,Loyal Customers
865,Michael Hawkins,29,8,26746,0,5,5,5,15,555,Champions
866,Amy Fisher,264,8,26278,0,2,5,5,12,255,At Risk
868,Matthew Lewis,229,10,24373,0,3,5,5,13,355,Loyal Customers
869,Rachel Barker,235,9,28740,0,3,5,5,13,355,Loyal Customers
873,Brian Thompson,175,10,25684,0,3,5,5,13,355,Loyal Customers
880,Frederick Kim,35,7,19993,0,5,4,5,14,545,Champions
882,Bridget Miller,182,9,27305,0,3,5,5,13,355,Loyal Customers
885,Brian Hill,86,8,17616,0,4,5,4,13,454,Champions
886,Xavier Robinson,59,9,21608,0,5,5,5,15,555,Champions
896,Veronica Price,111,9,25710,0,4,5,5,14,455,Champions
897,Adam Higgins,93,7,22362,1,4,4,5,13,445,Champions
898,Wanda Tyler,83,8,23870,0,4,5,5,14,455,Champions
900,Jonathan Miller,375,8,28623,0,2,5,5,12,255,At Risk
901,Rebecca Coleman,82,7,19116,0,4,4,4,12,444,Champions
902,Gail Ford,47,8,23298,0,5,5,5,15,555,Champions
904,Christopher Martinez,99,8,25615,0,4,5,5,14,455,Champions
906,Hannah Lara,0,12,27438,0,5,5,5,15,555,Champions
907,Brianna Frost,55,5,16527,1,5,3,4,12,534,Potential Loyalists
910,Luke Garner,134,8,22406,0,4,5,5,14,455,Champions
911,Brenda Castaneda,74,6,19651,0,4,4,5,13,445,Champions
916,Grant Sampson,269,10,19557,0,2,5,5,12,255,At Risk
925,Stacey Holt,14,8,18806,0,5,5,4,14,554,Champions
928,Donald Rivera,71,8,22896,0,4,5,5,14,455,Champions
931,Janet Bennett,182,6,23997,0,3,4,5,12,345,Loyal Customers
934,Troy Wallace,94,6,16085,0,4,4,4,12,444,Champions
943,Brandon Perez,26,9,29325,0,5,5,5,15,555,Champions
944,Caroline Alvarado,137,6,18745,1,4,4,4,12,444,Champions
947,Katelyn Hall,10,8,19791,0,5,5,5,15,555,Champions
948,Susan Reid,60,9,18961,0,4,5,4,13,454,Champions
951,Elizabeth Garza,92,6,15351,0,4,4,4,12,444,Champions
953,Randy Roberts,144,7,23228,1,3,4,5,12,345,Loyal Customers
965,Crystal Deleon,105,6,17354,0,4,4,4,12,444,Champions
971,James Baker,43,10,21880,0,5,5,5,15,555,Champions
980,Melissa Knox,39,8,26327,1,5,5,5,15,555,Champions
982,Jenny Marks,53,6,19363,0,5,4,5,14,545,Champions
986,Virginia Wright,69,6,20366,0,4,4,5,13,445,Champions
994,Whitney Johnson,204,7,23695,0,3,4,5,12,345,Loyal Customers
1001,Anthony Mendoza,31,5,16072,0,5,3,4,12,534,Potential Loyalists
1003,Janet Durham,97,8,14308,0,4,5,3,12,453,Loyal Customers
1007,Jaime Green,58,7,20008,0,5,4,5,14,545,Champions
1010,Julie Jacobs,84,8,29339,0,4,5,5,14,455,Champions
1013,Monica Hancock,243,7,19860,0,3,4,5,12,345,Loyal Customers
1016,Daniel Smith,46,7,21129,0,5,4,5,14,545,Champions
1024,Margaret Garrett,217,7,26216,0,3,4,5,12,345,Loyal Customers
1027,Jordan Evans,91,12,24980,1,4,5,5,14,455,Champions
1030,Curtis Brady,141,8,19973,0,3,5,5,13,355,Loyal Customers
1035,Kiara Kidd,112,10,24396,0,4,5,5,14,455,Champions
1041,Diana Francis,11,9,28895,0,5,5,5,15,555,Champions
1045,Emma Evans,350,10,24840,0,2,5,5,12,255,At Risk
1049,Brandon Stanton,8,6,13472,0,5,4,3,12,543,Loyal Customers
1052,Lisa Stanton,62,6,15528,0,4,4,4,12,444,Champions
1057,Hunter Williams,109,7,17374,0,4,4,4,12,444,Champions
1060,Jeffery Smith,181,8,20932,1,3,5,5,13,355,Loyal Customers
1061,Rachel Mendoza,26,5,15451,0,5,3,4,12,534,Potential Loyalists
1070,Brenda Eaton,71,7,16663,1,4,4,4,12,444,Champions
1071,Sabrina Lewis,27,6,16468,0,5,4,4,13,544,Champions
1078,Miranda Davis,192,11,24693,1,3,5,5,13,355,Loyal Customers
1089,Paul Hart,64,7,17429,0,4,4,4,12,444,Champions
1091,Bianca Bailey,90,6,22860,0,4,4,5,13,445,Champions
1097,Dustin Howard,121,7,20039,0,4,4,5,13,445,Champions
1098,Elizabeth Howell,57,6,19161,0,5,4,4,13,544,Champions
1099,Edwin Graham,13,6,15577,1,5,4,4,13,544,Champions
1107,Daniel Wallace,68,6,15239,1,4,4,4,12,444,Champions
1109,Debbie Morton,173,7,21595,0,3,4,5,12,345,Loyal Customers
1111,Daniel Braun,28,8,21872,1,5,5,5,15,555,Champions
1120,Phyllis Wood,253,9,25185,0,2,5,5,12,255,At Risk
1121,Anne Goodman,212,8,23780,0,3,5,5,13,355,Loyal Customers
1123,Jamie Gutierrez,362,10,23407,1,2,5,5,12,255,At Risk
1125,Melissa Powell,156,9,23124,0,3,5,5,13,355,Loyal Customers
1126,Brittany Peters,42,8,17074,0,5,5,4,14,554,Champions
1131,Janet Morse,135,6,16359,0,4,4,4,12,444,Champions
1133,Charles Mclaughlin,24,8,25731,1,5,5,5,15,555,Champions
1136,Angela Rogers,141,8,22760,0,3,5,5,13,355,Loyal Customers
1137,Andrea Burke,34,6,21963,0,5,4,5,14,545,Champions
1139,Luis Fischer,7,6,18585,0,5,4,4,13,544,Champions
1140,Morgan Obrien,70,7,23166,0,4,4,5,13,445,Champions
1146,Marcus Cannon,98,7,19808,0,4,4,5,13,445,Champions
1148,Brandon Frank,20,6,20145,0,5,4,5,14,545,Champions
1155,Ashley Mathews,224,10,31599,0,3,5,5,13,355,Loyal Customers
1161,Frank Bender,416,9,24138,1,2,5,5,12,255,At Risk
1169,Jaime Gutierrez,129,7,27659,0,4,4,5,13,445,Champions
1171,Jeffrey Goodwin,124,7,26394,0,4,4,5,13,445,Champions
1173,Sabrina Hicks,50,7,11907,0,5,4,3,12,543,Loyal Customers
1177,Amanda Frey,240,6,21465,1,3,4,5,12,345,Loyal Customers
1179,James Fletcher,47,6,18135,0,5,4,4,13,544,Champions
1181,Alicia Nunez,57,6,18428,0,5,4,4,13,544,Champions
1183,David Rogers,59,5,17407,0,5,3,4,12,534,Potential Loyalists
1185,Julie Russo,76,6,20410,1,4,4,5,13,445,Champions
1193,Rebecca Clark,238,6,20437,1,3,4,5,12,345,Loyal Customers
1194,Russell Hampton,46,11,36741,0,5,5,5,15,555,Champions
1195,Nathan Moore,13,12,41980,0,5,5,5,15,555,Champions
1196,David Phillips,88,8,14642,0,4,5,3,12,453,Loyal Customers
1197,Sean Johnson,31,6,13217,0,5,4,3,12,543,Loyal Customers
1200,Andrew Love,199,6,23427,0,3,4,5,12,345,Loyal Customers
1202,Sarah Dixon,52,7,19684,1,5,4,5,14,545,Champions
1204,Amy Rowland,14,7,15053,0,5,4,4,13,544,Champions
1213,Kimberly Ortega,193,8,23982,1,3,5,5,13,355,Loyal Customers
1214,Timothy Yates,312,8,24283,1,2,5,5,12,255,At Risk
1217,Michelle Diaz,100,9,24356,1,4,5,5,14,455,Champions
1218,Samuel Hughes,147,7,21869,0,3,4,5,12,345,Loyal Customers
1226,Jennifer Hernandez,69,9,21736,1,4,5,5,14,455,Champions
1227,Brooke Carr,177,8,21753,0,3,5,5,13,355,Loyal Customers
1229,Jesse Glover,32,6,15690,0,5,4,4,13,544,Champions
1233,David Smith,141,7,19764,0,3,4,5,12,345,Loyal Customers
1234,Walter Salazar,145,9,30321,0,3,5,5,13,355,Loyal Customers
1237,Todd Shepherd,88,8,19182,0,4,5,4,13,454,Champions
1241,Robert Kim,175,6,20171,0,3,4,5,12,345,Loyal Customers
1243,Danielle Schroeder,191,6,20451,0,3,4,5,12,345,Loyal Customers
1245,Mark Schneider,104,8,16688,0,4,5,4,13,454,Champions
1247,Angela Taylor,101,6,15686,0,4,4,4,12,444,Champions
1248,Mary Mccullough,110,11,24932,0,4,5,5,14,455,Champions
1250,Nicole Norris,67,9,26033,0,4,5,5,14,455,Champions
1253,Alicia Allen,31,7,20030,0,5,4,5,14,545,Champions
1256,Darren Simmons,136,7,23487,0,4,4,5,13,445,Champions
1258,Morgan Mccall,98,8,25062,0,4,5,5,14,455,Champions
1262,Tyler Edwards,40,6,14102,0,5,4,3,12,543,Loyal Customers
1264,John Peterson,202,9,21250,0,3,5,5,13,355,Loyal Customers
1274,Tracy Norman,5,6,18112,0,5,4,4,13,544,Champions
1275,Jennifer Smith,26,9,25680,0,5,5,5,15,555,Champions
1279,Alison Short,66,10,29180,0,4,5,5,14,455,Champions
1283,Melissa Pollard,36,6,14800,0,5,4,3,12,543,Loyal Customers
1285,Kenneth Burgess,273,9,26841,1,2,5,5,12,255,At Risk
1287,Kelsey Martin,409,8,23369,0,2,5,5,12,255,At Risk
1293,Michael Ferguson,326,10,19501,0,2,5,5,12,255,At Risk
1295,Matthew Jacobs,37,7,19501,0,5,4,5,14,545,Champions
1296,Cassandra Johnson,7,5,21770,0,5,3,5,13,535,Potential Loyalists
1305,Jason Lopez,82,6,18433,0,4,4,4,12,444,Champions
1308,Melissa Anderson,144,8,18682,0,3,5,4,12,354,Loyal Customers
1311,Christy Kim,14,9,20373,1,5,5,5,15,555,Champions
1317,Mrs. Martha Thomas,145,11,31367,1,3,5,5,13,355,Loyal Customers
1318,Dominic Robinson,158,9,20970,0,3,5,5,13,355,Loyal Customers
1320,Lisa Kerr,43,8,13465,0,5,5,3,13,553,Loyal Customers
1321,Joshua Morris,74,7,19929,0,4,4,5,13,445,Champions
1327,Amy Hill,69,6,24527,0,4,4,5,13,445,Champions
1329,Frank Rocha,55,9,22655,0,5,5,5,15,555,Champions
1330,Jeremy Johnson,92,6,17102,0,4,4,4,12,444,Champions
1331,Joseph Gibson,221,6,21051,0,3,4,5,12,345,Loyal Customers
1335,Lisa Gordon,46,7,24569,0,5,4,5,14,545,Champions
1337,Emily Boone DVM,205,6,19728,1,3,4,5,12,345,Loyal Customers
1339,Jessica Cannon,29,5,15791,0,5,3,4,12,534,Potential Loyalists
1341,Dr. Jeffrey Heath,71,7,22181,1,4,4,5,13,445,Champions
1342,Vincent Black,50,9,28997,1,5,5,5,15,555,Champions
1345,Mrs. Alicia Howard,156,10,28030,0,3,5,5,13,355,Loyal Customers
1350,Steven Morris,131,6,20917,0,4,4,5,13,445,Champions
1352,Wayne Holder,7,7,12727,0,5,4,3,12,543,Loyal Customers
1364,Sandra Gonzales,14,8,22422,0,5,5,5,15,555,Champions
1367,Colleen Martinez,94,10,23015,0,4,5,5,14,455,Champions
1368,Kelly Brown,56,8,21188,0,5,5,5,15,555,Champions
1369,Amanda Turner,177,8,27033,0,3,5,5,13,355,Loyal Customers
1370,Kelsey Schwartz,222,8,17773,1,3,5,4,12,354,Loyal Customers
1371,Austin Lopez,5,6,18203,0,5,4,4,13,544,Champions
1374,Evelyn Fox,37,8,23055,1,5,5,5,15,555,Champions
1379,Robert Bennett,341,11,30394,0,2,5,5,12,255,At Risk
1383,Autumn Curtis,195,7,21207,0,3,4,5,12,345,Loyal Customers
1385,Laurie Cantrell,53,8,22196,1,5,5,5,15,555,Champions
1387,Jasmine Mason,57,6,16945,0,5,4,4,13,544,Champions
1388,Anthony Rodriguez,101,9,19139,0,4,5,4,13,454,Champions
1393,Julia Olsen,167,7,24786,0,3,4,5,12,345,Loyal Customers
1394,Monique Smith,70,8,17254,0,4,5,4,13,454,Champions
1398,Audrey Robinson,91,9,26755,0,4,5,5,14,455,Champions
1399,Aimee Ross,33,7,27310,0,5,4,5,14,545,Champions
1401,Robert Diaz,347,8,21474,0,2,5,5,12,255,At Risk
1408,Steven Ibarra,63,7,26231,1,4,4,5,13,445,Champions
1417,Steve Mason,63,10,32098,1,4,5,5,14,455,Champions
1423,Andrew Lopez,91,6,16730,0,4,4,4,12,444,Champions
1425,Joseph Campbell,5,6,16382,1,5,4,4,13,544,Champions
1426,Christine Griffin,197,8,19836,0,3,5,5,13,355,Loyal Customers
1427,Alexander Boyer,34,8,22394,1,5,5,5,15,555,Champions
1429,Donna Jennings,0,10,20805,1,5,5,5,15,555,Champions
1430,Heather Ferguson,199,7,23979,1,3,4,5,12,345,Loyal Customers
1431,Mrs. Robin Murphy MD,71,10,31856,0,4,5,5,14,455,Champions
1433,Jennifer Powers,80,7,20496,0,4,4,5,13,445,Champions
1442,Joshua Ortiz,116,8,26509,0,4,5,5,14,455,Champions
1443,Anthony Copeland,186,6,19852,0,3,4,5,12,345,Loyal Customers
1446,Kirk Davis,62,7,21440,0,4,4,5,13,445,Champions
1447,Christopher Keller,9,7,20035,1,5,4,5,14,545,Champions
1456,Michael Taylor,130,6,16486,0,4,4,4,12,444,Champions
1461,Jennifer Valenzuela,6,8,19767,0,5,5,5,15,555,Champions
1465,Joseph Townsend,57,7,16675,0,5,4,4,13,544,Champions
1470,Sierra Morris,104,8,24078,0,4,5,5,14,455,Champions
1471,Sarah Sexton,15,6,16553,1,5,4,4,13,544,Champions
1473,Paula Aguilar,9,7,17499,0,5,4,4,13,544,Champions
1481,Andrea Spencer,149,9,23889,0,3,5,5,13,355,Loyal Customers
1483,Nathan Long,8,8,21812,0,5,5,5,15,555,Champions
1486,Kathryn Mckinney,80,8,18169,0,4,5,4,13,454,Champions
1487,Pam Horn,4,9,24752,0,5,5,5,15,555,Champions
1492,Melinda Hall,10,10,23951,0,5,5,5,15,555,Champions
1495,Anna Rodriguez,328,8,19846,1,2,5,5,12,255,At Risk
1503,Susan Williams,155,7,27501,0,3,4,5,12,345,Loyal Customers
1509,Tina Baker,52,10,31236,0,5,5,5,15,555,Champions
1510,Emily Moran,5,5,16298,0,5,3,4,12,534,Potential Loyalists
1515,Jason Robertson,28,6,14662,0,5,4,3,12,543,Loyal Customers
1519,Robert Fritz,115,7,17225,0,4,4,4,12,444,Champions
1522,Joseph Welch,119,6,17328,0,4,4,4,12,444,Champions
1527,Nathaniel Parker,25,7,23656,0,5,4,5,14,545,Champions
1528,Jim Taylor,295,9,27527,0,2,5,5,12,255,At Risk
1534,Larry Carrillo,25,7,21558,1,5,4,5,14,545,Champions
1536,Alan Stevens,80,11,23540,0,4,5,5,14,455,Champions
1539,Laurie Garcia,114,8,25245,0,4,5,5,14,455,Champions
1542,Terry Walters,23,8,15676,0,5,5,4,14,554,Champions
1546,Robert Murray,103,10,24587,1,4,5,5,14,455,Champions
1552,Christopher Brooks,213,9,28342,0,3,5,5,13,355,Loyal Customers
1555,Zachary Hampton,104,8,25953,0,4,5,5,14,455,Champions
1559,Kevin Bailey,22,7,12155,0,5,4,3,12,543,Loyal Customers
1566,Angela Olsen,15,7,18842,0,5,4,4,13,544,Champions
1569,Carla Morris,92,8,18412,0,4,5,4,13,454,Champions
1577,Amy Ritter,12,6,17605,1,5,4,4,13,544,Champions
1578,Elizabeth Gonzalez,240,6,22267,0,3,4,5,12,345,Loyal Customers
1581,Elizabeth Garcia,384,10,25920,0,2,5,5,12,255,At Risk
1586,Francis Evans,113,6,15296,1,4,4,4,12,444,Champions
1590,Paul Pruitt,10,6,12712,0,5,4,3,12,543,Loyal Customers
1599,Melissa Brown,22,6,20336,1,5,4,5,14,545,Champions
1611,Cynthia Henderson,14,8,16744,0,5,5,4,14,554,Champions
1612,Andres Buchanan,25,6,13514,0,5,4,3,12,543,Loyal Customers
1620,Mark Allen,26,9,21376,0,5,5,5,15,555,Champions
1624,Mrs. Julie Schroeder,20,5,17932,0,5,3,4,12,534,Potential Loyalists
1625,Stephen Durham,24,5,16824,0,5,3,4,12,534,Potential Loyalists
1631,Shawn Martinez,75,7,16675,0,4,4,4,12,444,Champions
1633,Jillian Martinez,71,13,32787,0,4,5,5,14,455,Champions
1635,Ian Sexton,48,9,29626,0,5,5,5,15,555,Champions
1639,Joshua Day,190,7,21015,0,3,4,5,12,345,Loyal Customers
1645,Dustin Wilson,132,13,32761,0,4,5,5,14,455,Champions
1647,Holly Barrett,13,7,16100,1,5,4,4,13,544,Champions
1652,Elizabeth Hensley,130,6,21857,0,4,4,5,13,445,Champions
1653,Kristen Nguyen,37,10,28471,1,5,5,5,15,555,Champions
1657,Michele Mckenzie,100,7,16124,0,4,4,4,12,444,Champions
1658,Zachary Little,123,8,15477,0,4,5,4,13,454,Champions
1659,Melissa Gonzalez,128,10,33629,0,4,5,5,14,455,Champions
1664,Paul Taylor,136,7,17167,1,4,4,4,12,444,Champions
1671,Matthew Camacho,52,6,11497,0,5,4,3,12,543,Loyal Customers
1672,Bradley Walker,28,6,16436,1,5,4,4,13,544,Champions
1675,Debra Castillo,25,5,17289,0,5,3,4,12,534,Potential Loyalists
1677,Michelle Chambers,192,6,21484,0,3,4,5,12,345,Loyal Customers
1687,Sharon Bowman,207,10,23871,0,3,5,5,13,355,Loyal Customers
1689,Carolyn Johnson,9,6,17430,0,5,4,4,13,544,Champions
1697,Tina Friedman,192,8,23830,0,3,5,5,13,355,Loyal Customers
1712,Justin Allen,26,9,27127,0,5,5,5,15,555,Champions
1715,Jason Miller,52,9,22845,1,5,5,5,15,555,Champions
1732,Richard Walsh,107,6,20318,0,4,4,5,13,445,Champions
1743,Scott Rodriguez,63,8,24398,1,4,5,5,14,455,Champions
1748,Timothy Martin,86,7,19046,0,4,4,4,12,444,Champions
1750,Michael Brown,56,8,18887,1,5,5,4,14,554,Champions
1751,Leah Logan,42,7,15487,0,5,4,4,13,544,Champions
1753,Joseph Vargas,273,9,26597,0,2,5,5,12,255,At Risk
1761,Patricia Butler,130,7,21407,1,4,4,5,13,445,Champions
1762,Jordan Quinn,123,7,16302,0,4,4,4,12,444,Champions
1764,Steven Marsh,216,8,28175,0,3,5,5,13,355,Loyal Customers
1765,Andrew Smith,9,7,26389,0,5,4,5,14,545,Champions
1768,David Austin,38,7,22609,0,5,4,5,14,545,Champions
1771,Jessica Brown,184,10,28561,1,3,5,5,13,355,Loyal Customers
1776,Tara Anderson,169,7,22471,0,3,4,5,12,345,Loyal Customers
1777,Danielle Williams,158,9,17341,0,3,5,4,12,354,Loyal Customers
1778,Keith Hamilton,226,6,20106,0,3,4,5,12,345,Loyal Customers
1780,Tyler Patel,12,5,16096,0,5,3,4,12,534,Potential Loyalists
1790,Carrie Kennedy,58,6,15363,0,5,4,4,13,544,Champions
1798,James Savage,321,8,22216,0,2,5,5,12,255,At Risk
1799,Robin Riley,146,8,24843,0,3,5,5,13,355,Loyal Customers
1801,Katherine Moore,47,6,11886,0,5,4,3,12,543,Loyal Customers
1805,Curtis Ortega,53,6,14797,1,5,4,3,12,543,Loyal Customers
1809,Teresa Shea,176,10,29621,0,3,5,5,13,355,Loyal Customers
1810,Sarah Vega,172,6,19557,0,3,4,5,12,345,Loyal Customers
1814,Matthew Robbins,105,8,17561,0,4,5,4,13,454,Champions
1815,Nicole Raymond,32,9,18755,0,5,5,4,14,554,Champions
1816,Dr. Daniel Campbell,173,6,20324,1,3,4,5,12,345,Loyal Customers
1820,Allison Jackson,64,6,16348,0,4,4,4,12,444,Champions
1825,Steven Mitchell,230,8,23681,0,3,5,5,13,355,Loyal Customers
1828,Kathryn Smith,29,5,20977,0,5,3,5,13,535,Potential Loyalists
1832,Tanner Moore,167,7,23712,0,3,4,5,12,345,Loyal Customers
1836,Savannah Medina,117,8,24868,0,4,5,5,14,455,Champions
1838,Parker Cannon,121,7,19710,0,4,4,5,13,445,Champions
1839,Bailey Nguyen,179,8,15422,0,3,5,4,12,354,Loyal Customers
1844,Daniel Mcdaniel,214,7,22672,0,3,4,5,12,345,Loyal Customers
1847,Austin Mcguire,135,8,24642,0,4,5,5,14,455,Champions
1851,Lori Brewer,36,6,22182,0,5,4,5,14,545,Champions
1853,Jennifer Pennington,134,6,16621,1,4,4,4,12,444,Champions
1862,Christopher Smith,240,9,20704,1,3,5,5,13,355,Loyal Customers
1863,Tanya Lopez,42,10,24308,1,5,5,5,15,555,Champions
1871,Charles Ellison,32,5,15181,0,5,3,4,12,534,Potential Loyalists
1872,Mary Cox,91,6,16007,0,4,4,4,12,444,Champions
1881,Rhonda Vasquez,13,5,17070,0,5,3,4,12,534,Potential Loyalists
1882,Nathan Stevens,6,10,25375,1,5,5,5,15,555,Champions
1883,Kelly Bush,179,9,32884,0,3,5,5,13,355,Loyal Customers
1885,Olivia Miller,60,7,22180,0,4,4,5,13,445,Champions
1887,Janet Mahoney,48,8,27387,0,5,5,5,15,555,Champions
1891,Kelly Mercado,235,7,20546,0,3,4,5,12,345,Loyal Customers
1893,Christopher Hughes,42,7,15245,1,5,4,4,13,544,Champions
1894,Benjamin Johnson,51,7,25651,0,5,4,5,14,545,Champions
1895,Julie Cowan,90,7,18180,0,4,4,4,12,444,Champions
1897,Michael Thomas,145,6,20210,1,3,4,5,12,345,Loyal Customers
1900,Dawn Bennett,88,10,36969,1,4,5,5,14,455,Champions
1903,Breanna Ross,116,7,23496,1,4,4,5,13,445,Champions
1904,Mark Pearson,25,7,14491,0,5,4,3,12,543,Loyal Customers
1909,Patricia Campbell,383,8,23771,0,2,5,5,12,255,At Risk
1913,Amanda Taylor,99,6,16880,0,4,4,4,12,444,Champions
1917,Eric Johnson,111,7,21832,0,4,4,5,13,445,Champions
1921,Anthony Foley,54,8,13731,0,5,5,3,13,553,Loyal Customers
1925,Sydney Price,99,6,15005,0,4,4,4,12,444,Champions
1926,Steven Cole,11,7,17564,0,5,4,4,13,544,Champions
1927,Teresa Zavala,169,7,24465,1,3,4,5,12,345,Loyal Customers
1931,Sarah Campbell,6,8,23198,0,5,5,5,15,555,Champions
1950,Sarah Ford,2,6,13141,0,5,4,3,12,543,Loyal Customers
1956,Lauren Munoz,44,6,21123,0,5,4,5,14,545,Champions
1959,Nicholas Peterson,123,8,17611,0,4,5,4,13,454,Champions
1965,Karen Munoz,4,10,31427,0,5,5,5,15,555,Champions
1966,Andrew Eaton,136,9,25483,1,4,5,5,14,455,Champions
1969,Teresa Davis,23,7,25369,0,5,4,5,14,545,Champions
1977,Cole Dominguez,182,9,30622,1,3,5,5,13,355,Loyal Customers
1978,Kristin Blackwell MD,218,8,19346,0,3,5,5,13,355,Loyal Customers
1979,Damon George,8,8,23941,0,5,5,5,15,555,Champions
1987,Connie Heath,26,6,13512,1,5,4,3,12,543,Loyal Customers
1999,Regina Contreras,88,11,35207,0,4,5,5,14,455,Champions
2004,Alex Byrd,223,7,19648,0,3,4,5,12,345,Loyal Customers
2013,Raymond Edwards,104,7,22963,0,4,4,5,13,445,Champions
2015,Jennifer Martinez,28,7,16857,0,5,4,4,13,544,Champions
2016,Douglas Johnson,34,8,24451,0,5,5,5,15,555,Champions
2039,Savannah King,135,7,20962,0,4,4,5,13,445,Champions
2050,Patrick Clark,13,6,20841,0,5,4,5,14,545,Champions
2054,Zachary Cruz,53,7,14548,0,5,4,3,12,543,Loyal Customers
2060,Michael Dixon,89,7,22364,0,4,4,5,13,445,Champions
2062,Andrew Avila,78,7,24555,0,4,4,5,13,445,Champions
2063,Robert Valentine,108,7,20219,0,4,4,5,13,445,Champions
2067,Allison Hendricks,209,8,23087,1,3,5,5,13,355,Loyal Customers
2070,Caroline Johnson,17,7,14572,0,5,4,3,12,543,Loyal Customers
2073,Jenny Lopez,70,8,18962,0,4,5,4,13,454,Champions
2076,Brandon Williams,23,6,17433,0,5,4,4,13,544,Champions
2077,Robert Trujillo,78,8,20683,0,4,5,5,14,455,Champions
2078,Deanna Benton,68,8,28067,0,4,5,5,14,455,Champions
2081,Andrea Rush,239,9,25004,0,3,5,5,13,355,Loyal Customers
2084,Norman Ward,62,5,20223,1,4,3,5,12,435,Potential Loyalists
2085,Justin Jones,6,8,20508,0,5,5,5,15,555,Champions
2095,Christopher West,34,8,26764,0,5,5,5,15,555,Champions
2097,Alexandra Bryant,140,8,25147,1,3,5,5,13,355,Loyal Customers
2098,Michael Gross,137,7,19983,0,4,4,5,13,445,Champions
2099,Nicole Petty PhD,48,11,24639,1,5,5,5,15,555,Champions
2103,Brian Roberts,0,8,23095,0,5,5,5,15,555,Champions
2104,Anna Mcconnell,140,8,20843,0,3,5,5,13,355,Loyal Customers
2108,Martin Perez,221,8,18900,0,3,5,4,12,354,Loyal Customers
2117,Johnny Callahan,12,10,26874,0,5,5,5,15,555,Champions
2118,Robert Holmes,117,7,17908,0,4,4,4,12,444,Champions
2121,Sarah Lucas,8,7,16922,0,5,4,4,13,544,Champions
2131,Theodore Evans,108,8,25485,0,4,5,5,14,455,Champions
2137,Angel Mcdowell,96,8,29654,1,4,5,5,14,455,Champions
2138,Zachary Ayers,84,9,22381,0,4,5,5,14,455,Champions
2139,Teresa Williams,74,6,18533,0,4,4,4,12,444,Champions
2140,Thomas Larson,49,5,15015,1,5,3,4,12,534,Potential Loyalists
2143,Jay Alvarez,83,9,25872,1,4,5,5,14,455,Champions
2149,Brianna Lynch,70,8,19696,0,4,5,5,14,455,Champions
2150,Jacqueline Mcdonald,47,7,21084,0,5,4,5,14,545,Champions
2156,Edward Lawrence,98,6,17095,0,4,4,4,12,444,Champions
2162,William Ramos,93,6,20429,1,4,4,5,13,445,Champions
2164,Charles Medina DDS,168,8,16914,0,3,5,4,12,354,Loyal Customers
2165,Linda Ortiz,7,8,19561,0,5,5,5,15,555,Champions
2171,Michael Peters III,53,9,26558,1,5,5,5,15,555,Champions
2172,Diana Grant,1,11,29191,0,5,5,5,15,555,Champions
2174,Nicole Ward,208,8,17975,0,3,5,4,12,354,Loyal Customers
2176,Steven Stephenson,188,7,28976,0,3,4,5,12,345,Loyal Customers
2180,Jerry Cobb,6,6,23400,1,5,4,5,14,545,Champions
2182,Regina Walker,166,10,29958,0,3,5,5,13,355,Loyal Customers
2183,Jill Short,101,7,17704,1,4,4,4,12,444,Champions
2186,Daniel Sawyer,178,8,19632,0,3,5,5,13,355,Loyal Customers
2189,Valerie Myers,14,6,14215,0,5,4,3,12,543,Loyal Customers
2192,Stephanie Smith,14,6,21232,1,5,4,5,14,545,Champions
2194,Alexander Graham,32,6,15614,0,5,4,4,13,544,Champions
2197,Tiffany Lopez,61,9,24906,0,4,5,5,14,455,Champions
2215,Karen Silva,175,11,27282,1,3,5,5,13,355,Loyal Customers
2218,Virginia Lewis,56,9,21141,1,5,5,5,15,555,Champions
2225,Tara Perkins,55,11,40179,0,5,5,5,15,555,Champions
2232,Lawrence Baker,78,7,20459,0,4,4,5,13,445,Champions
2233,Cheryl Robertson,44,7,14076,0,5,4,3,12,543,Loyal Customers
2238,Linda Cox,109,6,23497,1,4,4,5,13,445,Champions
2240,Michael Green,35,8,21459,0,5,5,5,15,555,Champions
2242,Michelle Ballard,109,6,16836,0,4,4,4,12,444,Champions
2243,Taylor Jones,44,7,19037,0,5,4,4,13,544,Champions
2247,Deborah Larsen,27,12,39314,1,5,5,5,15,555,Champions
2249,Lisa Gonzales,10,12,34973,0,5,5,5,15,555,Champions
2252,Ronald Anderson,54,6,12247,0,5,4,3,12,543,Loyal Customers
2259,Joanne Williams,95,6,17502,0,4,4,4,12,444,Champions
2260,Ronald Romero,59,10,36083,0,5,5,5,15,555,Champions
2262,Xavier Collins,93,6,18239,0,4,4,4,12,444,Champions
2293,Ronald Wolfe,197,7,21004,0,3,4,5,12,345,Loyal Customers
2297,Jillian Lynch,8,9,31678,0,5,5,5,15,555,Champions
2299,Nancy Reyes,24,7,17651,0,5,4,4,13,544,Champions
2305,Jean Alvarado,82,5,21494,0,4,3,5,12,435,Potential Loyalists
2306,Lisa Marsh,119,7,21185,0,4,4,5,13,445,Champions
2310,Rebecca Garcia,176,6,20308,0,3,4,5,12,345,Loyal Customers
2313,Laura Gill,130,7,17934,0,4,4,4,12,444,Champions
2317,Scott Mcfarland,312,10,28744,0,2,5,5,12,255,At Risk
2319,Mark Osborne DDS,319,9,23243,1,2,5,5,12,255,At Risk
2321,Donna Wilkins,77,8,24592,0,4,5,5,14,455,Champions
2325,Stephen Sutton,339,9,31436,0,2,5,5,12,255,At Risk
2328,Jennifer Brown,179,7,31704,1,3,4,5,12,345,Loyal Customers
2330,Tony Hernandez,204,9,25452,0,3,5,5,13,355,Loyal Customers
2331,Alan Nguyen,19,6,11818,0,5,4,3,12,543,Loyal Customers
2334,Dustin Farrell,32,13,35179,0,5,5,5,15,555,Champions
2346,Lauren Nunez,31,6,17097,0,5,4,4,13,544,Champions
2347,Alexandra Fernandez,43,5,16558,0,5,3,4,12,534,Potential Loyalists
2350,Jordan Russell,27,8,24046,0,5,5,5,15,555,Champions
2354,Melanie Vasquez,26,6,14139,0,5,4,3,12,543,Loyal Customers
2357,Mrs. Christine Carlson,63,11,34528,0,4,5,5,14,455,Champions
2358,Debra Green,9,9,27108,1,5,5,5,15,555,Champions
2359,Savannah Curtis,144,7,22886,0,3,4,5,12,345,Loyal Customers
2360,Kimberly Simpson,113,8,21163,0,4,5,5,14,455,Champions
2362,Christopher Moody,90,6,18295,0,4,4,4,12,444,Champions
2365,Roger Murray,4,6,13522,0,5,4,3,12,543,Loyal Customers
2374,Andrea Watts,76,8,15053,0,4,5,4,13,454,Champions
2378,Gregg Scott,38,8,16131,0,5,5,4,14,554,Champions
2380,Tom Mclean MD,85,6,18059,0,4,4,4,12,444,Champions
2385,Theresa Reese,154,8,19020,0,3,5,4,12,354,Loyal Customers
2392,Teresa Smith,101,10,27995,0,4,5,5,14,455,Champions
2400,Alexa Weeks,34,6,15552,0,5,4,4,13,544,Champions
2401,Tyler Hoffman,46,6,16804,0,5,4,4,13,544,Champions
2404,Jennifer Murray,41,5,15393,0,5,3,4,12,534,Potential Loyalists
2418,Hannah Benitez,53,8,27120,0,5,5,5,15,555,Champions
2425,Jonathan Kline,11,8,21182,0,5,5,5,15,555,Champions
2428,William Hopkins,79,8,19276,0,4,5,5,14,455,Champions
2430,Renee Scott,128,9,16651,0,4,5,4,13,454,Champions
2432,Dr. Linda Johnson,82,7,17985,0,4,4,4,12,444,Champions
2433,Haley Monroe,66,7,20299,1,4,4,5,13,445,Champions
2441,Kari Robertson,81,7,18783,1,4,4,4,12,444,Champions
2445,Ruben Snyder,30,6,16986,0,5,4,4,13,544,Champions
2446,Nicole Long,9,7,22258,0,5,4,5,14,545,Champions
2452,Heidi Wallace,196,7,24162,0,3,4,5,12,345,Loyal Customers
2453,Karen Green,38,8,22016,0,5,5,5,15,555,Champions
2459,Brian Stuart,74,11,23110,1,4,5,5,14,455,Champions
2460,Dr. Betty Peters MD,230,6,19812,1,3,4,5,12,345,Loyal Customers
2461,Raymond Patterson,279,9,26838,0,2,5,5,12,255,At Risk
2465,Lisa Flynn,372,9,31100,0,2,5,5,12,255,At Risk
2483,Brandi Campbell,372,8,22841,0,2,5,5,12,255,At Risk
2487,Mrs. Wendy Smith,59,5,16236,1,5,3,4,12,534,Potential Loyalists
2489,Gina Henderson,223,8,28322,0,3,5,5,13,355,Loyal Customers
2492,Cheryl Rodriguez,52,7,11502,0,5,4,3,12,543,Loyal Customers
2493,Brittany Zimmerman,29,6,21812,0,5,4,5,14,545,Champions
2494,Carol Garza,53,6,21413,0,5,4,5,14,545,Champions
2498,Scott Jackson,50,6,21399,0,5,4,5,14,545,Champions
2500,Meredith Warren,27,5,16290,0,5,3,4,12,534,Potential Loyalists
2502,Melissa Jones,132,12,28439,0,4,5,5,14,455,Champions
2504,Jacqueline Patterson,27,6,13652,0,5,4,3,12,543,Loyal Customers
2506,Rachel Williams,12,6,15130,0,5,4,4,13,544,Champions
2512,Thomas Newman,82,9,22866,0,4,5,5,14,455,Champions
2520,Katelyn Castillo,51,6,27658,0,5,4,5,14,545,Champions
2522,Juan Gross,11,5,16597,1,5,3,4,12,534,Potential Loyalists
2525,Teresa Lewis,48,7,14035,0,5,4,3,12,543,Loyal Customers
2529,Cory Lewis,252,10,27200,0,2,5,5,12,255,At Risk
2530,Rebecca Franco,68,7,18883,0,4,4,4,12,444,Champions
2532,Jason Hopkins,20,8,20130,0,5,5,5,15,555,Champions
2537,Chelsea Shields,192,7,21976,0,3,4,5,12,345,Loyal Customers
2538,Miss Sophia Hoffman,191,11,20385,1,3,5,5,13,355,Loyal Customers
2541,Brooke Moore,23,8,19359,0,5,5,5,15,555,Champions
2545,Chase Smith,176,8,24920,0,3,5,5,13,355,Loyal Customers
2546,Keith Lopez,78,7,18222,1,4,4,4,12,444,Champions
2554,Gabriela Richmond,100,7,19495,0,4,4,5,13,445,Champions
2557,Natalie Krueger,227,8,19361,0,3,5,5,13,355,Loyal Customers
2558,Joseph Patel,186,7,20742,1,3,4,5,12,345,Loyal Customers
2559,Martin Ashley,63,6,23843,0,4,4,5,13,445,Champions
2563,Donald Graves,19,6,15807,0,5,4,4,13,544,Champions
2567,Lori Hodges,72,7,15938,0,4,4,4,12,444,Champions
2568,Monique Vasquez,44,7,21081,0,5,4,5,14,545,Champions
2573,Deborah Good,22,6,13724,1,5,4,3,12,543,Loyal Customers
2578,Jennifer Evans,24,9,29031,0,5,5,5,15,555,Champions
2582,Kimberly Franco,32,6,11891,0,5,4,3,12,543,Loyal Customers
2596,Jessica Baldwin,5,6,15545,0,5,4,4,13,544,Champions
2600,Amber Duncan,20,9,25167,0,5,5,5,15,555,Champions
2604,Brian Moore,26,5,16699,0,5,3,4,12,534,Potential Loyalists
2606,Alfred Young,141,6,22293,1,3,4,5,12,345,Loyal Customers
2612,Brian Baker,18,8,21280,0,5,5,5,15,555,Champions
2618,Kelly Smith,47,9,24820,0,5,5,5,15,555,Champions
2619,Shelley Sexton,227,8,22290,0,3,5,5,13,355,Loyal Customers
2620,Daniel James,55,6,11793,0,5,4,3,12,543,Loyal Customers
2621,Todd Hernandez,164,9,18665,0,3,5,4,12,354,Loyal Customers
2622,Sarah Lopez,46,6,15932,0,5,4,4,13,544,Champions
2626,Lisa Smith,135,7,16107,0,4,4,4,12,444,Champions
2629,Wayne Walton,79,10,24408,1,4,5,5,14,455,Champions
2631,Phyllis Sanders,42,10,31533,0,5,5,5,15,555,Champions
2632,John Lopez,60,7,20195,0,4,4,5,13,445,Champions
2638,Brandy Jennings,69,9,23553,0,4,5,5,14,455,Champions
2641,Natalie Strickland,100,8,18928,0,4,5,4,13,454,Champions
2645,Alexander Dillon,28,7,15998,0,5,4,4,13,544,Champions
2648,Jessica Small,79,7,23406,0,4,4,5,13,445,Champions
2651,Danny Baker,5,5,22087,0,5,3,5,13,535,Potential Loyalists
2658,Alicia Rosario,106,6,16099,0,4,4,4,12,444,Champions
2661,Mr. Charles Jackson,68,7,21211,0,4,4,5,13,445,Champions
2671,Gerald Bennett,51,7,12857,0,5,4,3,12,543,Loyal Customers
2673,Sonya Garcia,237,7,21508,0,3,4,5,12,345,Loyal Customers
2678,Charles Jones,28,7,12850,1,5,4,3,12,543,Loyal Customers
2684,Taylor Pineda,88,7,20276,0,4,4,5,13,445,Champions
2694,Kylie Diaz,23,6,12068,0,5,4,3,12,543,Loyal Customers
2697,Kyle Newton,26,9,25442,0,5,5,5,15,555,Champions
2698,Walter Hughes,341,9,21018,1,2,5,5,12,255,At Risk
2700,Misty Perkins,25,7,20656,0,5,4,5,14,545,Champions
2701,Michael Ho,9,6,14031,0,5,4,3,12,543,Loyal Customers
2706,William Madden,53,9,24115,0,5,5,5,15,555,Champions
2708,Amanda Garcia,44,9,18915,0,5,5,4,14,554,Champions
2709,Omar Powell,316,10,33803,0,2,5,5,12,255,At Risk
2714,Tyler Jones,79,7,19784,0,4,4,5,13,445,Champions
2715,Michele Dougherty,6,9,30867,0,5,5,5,15,555,Champions
2725,Gary Owens,2,6,13075,0,5,4,3,12,543,Loyal Customers
2726,Laura Williams,34,7,23460,0,5,4,5,14,545,Champions
2727,Colleen Thompson,98,6,20435,0,4,4,5,13,445,Champions
2728,Jay Meyer,219,8,24870,0,3,5,5,13,355,Loyal Customers
2730,Terry Sparks,145,13,31775,1,3,5,5,13,355,Loyal Customers
2732,Michael Wade,128,7,19048,0,4,4,4,12,444,Champions
2740,Mark Lawson,75,8,27102,0,4,5,5,14,455,Champions
2741,Elizabeth Hayes,427,9,27007,0,2,5,5,12,255,At Risk
2748,Anthony Duncan,97,6,14859,0,4,4,4,12,444,Champions
2750,Jeffrey Mendoza,72,10,24366,0,4,5,5,14,455,Champions
2756,Michelle Torres,165,9,19547,0,3,5,5,13,355,Loyal Customers
2757,Dr. Aaron Anderson PhD,98,7,24950,0,4,4,5,13,445,Champions
2758,Andrew Rice,40,7,23332,0,5,4,5,14,545,Champions
2760,Juan Martinez,49,10,26649,0,5,5,5,15,555,Champions
2765,Sarah Dougherty,2,7,15687,0,5,4,4,13,544,Champions
2766,Spencer Wilson Jr.,1,6,13313,0,5,4,3,12,543,Loyal Customers
2771,Taylor Davis,194,12,32750,0,3,5,5,13,355,Loyal Customers
2773,Veronica Bailey,54,10,24787,1,5,5,5,15,555,Champions
2776,Scott Whitehead,129,7,25589,0,4,4,5,13,445,Champions
2777,Cristina Lewis,93,7,16140,0,4,4,4,12,444,Champions
2779,Amanda Johnson,42,10,28498,0,5,5,5,15,555,Champions
2782,Melanie Tran,14,7,23025,0,5,4,5,14,545,Champions
2784,Laura Salazar,35,8,28152,0,5,5,5,15,555,Champions
2790,Johnny George,293,9,20750,0,2,5,5,12,255,At Risk
2792,Dr. Courtney Taylor,63,6,20534,0,4,4,5,13,445,Champions
2793,Shawn Curry,30,5,15570,1,5,3,4,12,534,Potential Loyalists
2796,Danielle Anderson,145,9,28918,0,3,5,5,13,355,Loyal Customers
2801,Jacqueline Stokes,72,7,20903,0,4,4,5,13,445,Champions
2807,Melissa Rodriguez,70,6,15936,0,4,4,4,12,444,Champions
2808,Brian Velasquez,262,10,21963,1,2,5,5,12,255,At Risk
2811,Eric Malone,158,10,24036,0,3,5,5,13,355,Loyal Customers
2812,Barbara Sanchez,113,6,15811,0,4,4,4,12,444,Champions
2815,Daniel Johnson,131,6,15165,0,4,4,4,12,444,Champions
2822,Michael Stephens,201,7,21097,0,3,4,5,12,345,Loyal Customers
2825,Shawn Hogan,71,7,31407,0,4,4,5,13,445,Champions
2833,Jennifer Pham,333,11,28554,1,2,5,5,12,255,At Risk
2837,Kristine Charles,76,6,19270,1,4,4,4,12,444,Champions
2838,Haley Cook,11,5,19373,0,5,3,5,13,535,Potential Loyalists
2842,Kayla Black,48,5,16835,0,5,3,4,12,534,Potential Loyalists
2844,Emily Cruz,15,9,26970,0,5,5,5,15,555,Champions
2845,Edward Burgess,24,5,17024,0,5,3,4,12,534,Potential Loyalists
2847,Melinda Curry,75,7,25043,0,4,4,5,13,445,Champions
2854,Tanya Nichols,31,7,19915,1,5,4,5,14,545,Champions
2855,Sandra Hayes,26,7,15012,0,5,4,4,13,544,Champions
2863,Debbie Smith,414,8,28002,0,2,5,5,12,255,At Risk
2870,Alex Smith,65,8,18856,0,4,5,4,13,454,Champions
2873,John Huffman,121,8,20374,0,4,5,5,14,455,Champions
2876,Michael Wong,373,9,19786,0,2,5,5,12,255,At Risk
2880,Tony Hayes,9,9,20435,0,5,5,5,15,555,Champions
2885,Mr. Gary Chapman,26,6,16733,0,5,4,4,13,544,Champions
2890,Joel Wilson,66,7,19601,0,4,4,5,13,445,Champions
2893,Kimberly Roberts,73,8,25462,0,4,5,5,14,455,Champions
2897,Jared Green,60,6,16313,0,4,4,4,12,444,Champions
2899,Erica Moody,114,6,20066,0,4,4,5,13,445,Champions
2901,Roy Lewis,89,11,30832,0,4,5,5,14,455,Champions
2904,Sharon Meyer,106,7,21159,0,4,4,5,13,445,Champions
2905,Johnny Lamb,172,6,19400,0,3,4,5,12,345,Loyal Customers
2909,Paul Willis,97,8,20047,0,4,5,5,14,455,Champions
2914,Carmen Delgado,255,8,22383,0,2,5,5,12,255,At Risk
2919,Brian Ward,256,10,32027,0,2,5,5,12,255,At Risk
2926,Amy Ford,115,7,16952,1,4,4,4,12,444,Champions
2927,David Cross,119,8,29161,1,4,5,5,14,455,Champions
2932,Nancy Williams,4,6,13617,1,5,4,3,12,543,Loyal Customers
2942,Paul Turner,392,9,29168,0,2,5,5,12,255,At Risk
2943,Dana White,169,8,24450,1,3,5,5,13,355,Loyal Customers
2946,Danielle Moyer,202,9,22415,1,3,5,5,13,355,Loyal Customers
2947,Erik Norton,183,7,25775,0,3,4,5,12,345,Loyal Customers
2954,Cynthia Holt,126,8,25423,1,4,5,5,14,455,Champions
2964,Jared Bruce,37,8,19081,0,5,5,4,14,554,Champions
2967,Paul Harris,43,5,15042,0,5,3,4,12,534,Potential Loyalists
2970,Casey Stark PhD,150,8,21030,0,3,5,5,13,355,Loyal Customers
2995,Jonathan Joyce,4,6,22129,0,5,4,5,14,545,Champions
2996,Mrs. Ashley Barry,16,7,22595,0,5,4,5,14,545,Champions
3003,Shawn Leblanc,206,6,21980,0,3,4,5,12,345,Loyal Customers
3008,Brian Robertson,154,7,24958,0,3,4,5,12,345,Loyal Customers
3020,Dorothy Randall,180,9,31102,0,3,5,5,13,355,Loyal Customers
3021,Jennifer Green,36,6,18602,0,5,4,4,13,544,Champions
3022,Gwendolyn Cunningham,20,7,18536,0,5,4,4,13,544,Champions
3024,Jeffrey Petty,6,7,18449,0,5,4,4,13,544,Champions
3025,Jesse Wilson,68,7,23210,1,4,4,5,13,445,Champions
3027,Brian Malone,127,7,15793,0,4,4,4,12,444,Champions
3028,Kelly Pena,4,7,23591,0,5,4,5,14,545,Champions
3029,Richard Baker,61,7,16349,0,4,4,4,12,444,Champions
3032,Bianca Rivera,44,7,22921,0,5,4,5,14,545,Champions
3034,Lindsay Tran,187,8,24712,0,3,5,5,13,355,Loyal Customers
3036,Steven Archer MD,35,6,19073,0,5,4,4,13,544,Champions
3041,Steven Taylor,47,6,19594,0,5,4,5,14,545,Champions
3044,William Singh,46,6,17469,0,5,4,4,13,544,Champions
3049,Thomas Kelly,130,10,21488,0,4,5,5,14,455,Champions
3054,Bianca Kelley,131,13,41957,0,4,5,5,14,455,Champions
3059,Amy Spencer,26,6,17055,1,5,4,4,13,544,Champions
3061,Brandon Hawkins,2,6,11982,0,5,4,3,12,543,Loyal Customers
3063,Tyler Green,14,9,31709,0,5,5,5,15,555,Champions
3072,Debra Harris,51,9,23806,1,5,5,5,15,555,Champions
3079,Mrs. Kelli Turner,189,6,20041,0,3,4,5,12,345,Loyal Customers
3081,Manuel Carey,75,6,16215,0,4,4,4,12,444,Champions
3086,Laura Smith,24,9,29394,0,5,5,5,15,555,Champions
3092,Shannon Thompson,10,8,15580,0,5,5,4,14,554,Champions
3094,Mrs. Amy Hebert,3,5,18429,0,5,3,4,12,534,Potential Loyalists
3103,Jennifer Vazquez,134,9,20108,0,4,5,5,14,455,Champions
3110,Tara Watkins,131,6,16681,0,4,4,4,12,444,Champions
3111,Cory Lewis,26,5,15999,0,5,3,4,12,534,Potential Loyalists
3115,Zachary James,56,7,19608,0,5,4,5,14,545,Champions
3116,Thomas Long,143,11,26591,0,3,5,5,13,355,Loyal Customers
3122,Philip Weiss,25,5,16409,0,5,3,4,12,534,Potential Loyalists
3123,Judy Davidson,24,6,16157,0,5,4,4,13,544,Champions
3135,Angela Hubbard,76,10,27015,1,4,5,5,14,455,Champions
3140,Karen Hughes,17,9,22261,1,5,5,5,15,555,Champions
3141,Christian Richmond,57,6,21645,0,5,4,5,14,545,Champions
3143,April Gonzalez,187,7,21521,0,3,4,5,12,345,Loyal Customers
3145,Adriana Cunningham,9,5,15312,1,5,3,4,12,534,Potential Loyalists
3147,Brian Wilson,21,10,30058,0,5,5,5,15,555,Champions
3149,Kenneth Mccall,26,6,16827,0,5,4,4,13,544,Champions
3152,Cynthia Brown,82,8,13945,0,4,5,3,12,453,Loyal Customers
3154,Laura Peterson,72,6,17413,0,4,4,4,12,444,Champions
3160,Thomas Sanchez PhD,69,7,17613,0,4,4,4,12,444,Champions
3168,Joseph Anderson,49,6,22241,0,5,4,5,14,545,Champions
3172,Jodi Pollard,151,6,23093,0,3,4,5,12,345,Loyal Customers
3175,Lisa Davis,91,7,15016,1,4,4,4,12,444,Champions
3182,Elizabeth Boyd,38,8,22072,0,5,5,5,15,555,Champions
3188,Donald Ramirez,101,6,18216,0,4,4,4,12,444,Champions
3190,Kayla Wilkerson,206,7,26265,0,3,4,5,12,345,Loyal Customers
3199,Jeffrey Dougherty,3,5,18262,0,5,3,4,12,534,Potential Loyalists
3209,Theresa Smith,61,6,19320,1,4,4,5,13,445,Champions
3210,Elizabeth Harris,157,8,21614,0,3,5,5,13,355,Loyal Customers
3211,Roy Ramirez,4,7,18104,0,5,4,4,13,544,Champions
3213,Willie Wyatt,137,8,23700,0,4,5,5,14,455,Champions
3214,Calvin Allison,250,10,33284,0,2,5,5,12,255,At Risk
3218,Emily Gardner,173,11,28032,1,3,5,5,13,355,Loyal Customers
3219,Kelly Miller,6,7,20791,0,5,4,5,14,545,Champions
3224,Brian Jacobson,13,7,23855,0,5,4,5,14,545,Champions
3227,Louis Garcia,59,10,27145,0,5,5,5,15,555,Champions
3229,Zachary Nelson,74,7,16868,0,4,4,4,12,444,Champions
3240,Brandon Cole MD,67,13,34383,0,4,5,5,14,455,Champions
3255,Michael Castro,2,6,14805,0,5,4,3,12,543,Loyal Customers
3257,Ethan Moore,134,8,22918,0,4,5,5,14,455,Champions
3262,Mrs. Sarah Anderson,51,5,16886,0,5,3,4,12,534,Potential Loyalists
3270,Cameron Mitchell,49,8,17357,0,5,5,4,14,554,Champions
3271,Carlos Johnson,162,9,28046,0,3,5,5,13,355,Loyal Customers
3272,George Black,32,6,17254,1,5,4,4,13,544,Champions
3273,Alyssa Douglas,133,6,15782,1,4,4,4,12,444,Champions
3274,Sean Kirk,88,6,19506,0,4,4,5,13,445,Champions
3285,Troy Anderson,28,8,24488,0,5,5,5,15,555,Champions
3286,Trevor Silva,38,8,23398,0,5,5,5,15,555,Champions
3291,Anthony Cunningham,320,9,30205,1,2,5,5,12,255,At Risk
3293,Kelly Castillo,247,8,29021,1,2,5,5,12,255,At Risk
3299,William Larsen,82,7,16753,0,4,4,4,12,444,Champions
3309,Peter Scott,30,12,32674,0,5,5,5,15,555,Champions
3314,Christopher Morales,22,6,14926,1,5,4,4,13,544,Champions
3316,Jean Wilson,99,9,33018,0,4,5,5,14,455,Champions
3321,Meredith Ryan,125,9,18393,1,4,5,4,13,454,Champions
3326,Katherine Franco,82,9,19734,0,4,5,5,14,455,Champions
3327,Yolanda Wilcox,40,12,37173,0,5,5,5,15,555,Champions
3331,Kathleen Hammond,106,11,30256,0,4,5,5,14,455,Champions
3332,Katie Zimmerman,123,9,19975,0,4,5,5,14,455,Champions
3335,Arthur Ellis,9,7,17541,0,5,4,4,13,544,Champions
3337,Gerald Knapp,237,8,27084,1,3,5,5,13,355,Loyal Customers
3338,Robin Fowler MD,76,6,16555,0,4,4,4,12,444,Champions
3341,Cole Washington,76,7,20713,0,4,4,5,13,445,Champions
3343,Danny Morales,34,7,20162,0,5,4,5,14,545,Champions
3350,Eric Gonzalez,109,8,21588,1,4,5,5,14,455,Champions
3352,Kathryn Wilson,59,5,19086,0,5,3,4,12,534,Potential Loyalists
3353,Deborah Clark,280,9,19599,0,2,5,5,12,255,At Risk
3357,Paul West,124,10,30810,0,4,5,5,14,455,Champions
3359,Karla Hansen,193,7,20506,1,3,4,5,12,345,Loyal Customers
3363,Kathryn Lee,85,7,22670,0,4,4,5,13,445,Champions
3364,Brittany Harvey,16,9,27910,0,5,5,5,15,555,Champions
3369,Kelsey Bush,155,7,19821,0,3,4,5,12,345,Loyal Customers
3370,Caleb Wilson,85,7,16748,0,4,4,4,12,444,Champions
3373,Kimberly Hughes,73,7,21474,0,4,4,5,13,445,Champions
3377,Kathryn Smith,124,8,15647,0,4,5,4,13,454,Champions
3383,Scott Cox,115,9,16797,1,4,5,4,13,454,Champions
3389,Christopher Burgess,126,10,25883,0,4,5,5,14,455,Champions
3390,Daniel Vasquez,7,8,24687,0,5,5,5,15,555,Champions
3391,Nicole Ballard,76,10,23844,0,4,5,5,14,455,Champions
3392,Jerome Martin,185,7,20746,0,3,4,5,12,345,Loyal Customers
3394,Haley Wood,169,7,19835,0,3,4,5,12,345,Loyal Customers
3402,Andre Harris,6,7,21683,1,5,4,5,14,545,Champions
3404,Stephen Jones,164,8,16494,0,3,5,4,12,354,Loyal Customers
3405,Tanner Taylor,94,6,15449,0,4,4,4,12,444,Champions
3413,Samantha Ibarra,13,7,20484,1,5,4,5,14,545,Champions
3415,Kenneth Mcintyre,10,6,18606,0,5,4,4,13,544,Champions
3417,Ian Chandler,49,9,27710,0,5,5,5,15,555,Champions
3418,Kimberly Medina,124,6,15476,0,4,4,4,12,444,Champions
3419,Melanie Peterson,43,6,24190,0,5,4,5,14,545,Champions
3420,Heather Turner,224,11,31752,1,3,5,5,13,355,Loyal Customers
3430,Evan Lawson,66,6,21327,0,4,4,5,13,445,Champions
3432,Matthew Bennett,37,7,19457,0,5,4,5,14,545,Champions
3438,John Hanson,21,6,17153,0,5,4,4,13,544,Champions
3439,Daniel Olson,44,7,14834,0,5,4,4,13,544,Champions
3443,Dr. Hunter Liu Jr.,122,9,21503,1,4,5,5,14,455,Champions
3447,Casey Fox,113,8,17534,0,4,5,4,13,454,Champions
3457,Angel Hood,2,6,14992,0,5,4,4,13,544,Champions
3460,Victoria Quinn,95,7,16111,1,4,4,4,12,444,Champions
3465,Ryan Brooks,47,6,15478,0,5,4,4,13,544,Champions
3469,Barbara Mendoza,9,6,18641,0,5,4,4,13,544,Champions
3473,Rachel Kennedy DVM,80,8,17659,0,4,5,4,13,454,Champions
3478,Sean Richards,81,6,17639,1,4,4,4,12,444,Champions
3480,Travis Obrien,161,7,20289,0,3,4,5,12,345,Loyal Customers
3492,Mark Johnson,175,7,24343,0,3,4,5,12,345,Loyal Customers
3500,Todd Carlson,131,10,30034,0,4,5,5,14,455,Champions
3507,Dawn Bean,120,7,19211,0,4,4,4,12,444,Champions
3509,Jimmy Campos,350,8,22975,0,2,5,5,12,255,At Risk
3513,Tiffany Evans,248,10,22413,1,2,5,5,12,255,At Risk
3517,Christian Michael,67,8,21150,0,4,5,5,14,455,Champions
3518,Christopher Terry,10,7,17269,0,5,4,4,13,544,Champions
3519,Sheila Salinas,385,8,20839,0,2,5,5,12,255,At Risk
3520,Christopher Estrada,153,10,28804,0,3,5,5,13,355,Loyal Customers
3526,Zachary Rocha,6,10,19564,1,5,5,5,15,555,Champions
3531,Elizabeth Weaver,87,7,25454,0,4,4,5,13,445,Champions
3534,Jonathan Spence,150,10,27955,0,3,5,5,13,355,Loyal Customers
3535,Leah Flores,87,9,31863,0,4,5,5,14,455,Champions
3536,Erika Oconnell,117,7,21726,1,4,4,5,13,445,Champions
3540,Colton Ramirez,101,12,24962,1,4,5,5,14,455,Champions
3544,Madeline Brown,123,6,17679,1,4,4,4,12,444,Champions
3550,Martha Malone,38,10,28396,0,5,5,5,15,555,Champions
3552,Joshua Bennett,44,6,18701,0,5,4,4,13,544,Champions
3553,Paul Carr,77,9,24800,0,4,5,5,14,455,Champions
3556,John Sullivan,190,7,19526,0,3,4,5,12,345,Loyal Customers
3558,Caroline Keller,19,6,19869,0,5,4,5,14,545,Champions
3563,James Gonzales,20,8,21834,0,5,5,5,15,555,Champions
3564,Robert Brandt,6,9,23975,0,5,5,5,15,555,Champions
3567,Carol Williams,128,8,17479,0,4,5,4,13,454,Champions
3568,Hannah Jones,89,9,30578,1,4,5,5,14,455,Champions
3569,Tammy Baker,80,6,26439,0,4,4,5,13,445,Champions
3572,John Johnson,15,7,17111,0,5,4,4,13,544,Champions
3574,Eric Zimmerman,106,8,24321,0,4,5,5,14,455,Champions
3576,Aaron Harrell,242,14,46518,0,3,5,5,13,355,Loyal Customers
3582,Amanda Boyd,47,6,21689,0,5,4,5,14,545,Champions
3584,Miss Sara Moore,190,8,21188,0,3,5,5,13,355,Loyal Customers
3585,Alexandra Turner,3,6,11669,0,5,4,3,12,543,Loyal Customers
3586,Jeffrey Gonzalez,243,7,24343,0,3,4,5,12,345,Loyal Customers
3589,Mark Torres,67,6,15746,0,4,4,4,12,444,Champions
3593,Kelly Reyes,29,7,13372,0,5,4,3,12,543,Loyal Customers
3598,Jennifer Ward,2,8,17622,0,5,5,4,14,554,Champions
3601,Anthony Hahn,23,6,16168,0,5,4,4,13,544,Champions
3602,Peter Dyer,279,8,22952,0,2,5,5,12,255,At Risk
3603,Paul Kelly,47,7,26657,0,5,4,5,14,545,Champions
3608,Megan Reyes,33,8,14105,0,5,5,3,13,553,Loyal Customers
3613,Peter Smith,58,7,26161,0,5,4,5,14,545,Champions
3616,Donald Bush,77,8,25330,0,4,5,5,14,455,Champions
3624,Timothy Hicks,54,6,21745,0,5,4,5,14,545,Champions
3627,Victoria Rios,56,8,25207,1,5,5,5,15,555,Champions
3634,David Hickman,113,8,22365,0,4,5,5,14,455,Champions
3640,Julia Charles,49,7,23037,0,5,4,5,14,545,Champions
3644,Maria Conner,260,8,27475,0,2,5,5,12,255,At Risk
3645,Roberto Barker,54,7,15420,0,5,4,4,13,544,Champions
3650,Nicole Conner,23,8,23227,1,5,5,5,15,555,Champions
3660,Seth Davis,79,9,22325,0,4,5,5,14,455,Champions
3661,Sonya Lamb,84,6,17289,1,4,4,4,12,444,Champions
3662,Shelly Wilson,42,6,18697,0,5,4,4,13,544,Champions
3665,Xavier Rodgers,17,9,26225,0,5,5,5,15,555,Champions
3667,Jeffery Trevino,32,5,18581,0,5,3,4,12,534,Potential Loyalists
3668,Jason Taylor,25,8,24456,0,5,5,5,15,555,Champions
3671,Christopher Quinn,389,8,24916,1,2,5,5,12,255,At Risk
3677,Jason Brown,54,10,31991,0,5,5,5,15,555,Champions
3681,Grace Pennington,96,7,19319,0,4,4,5,13,445,Champions
3693,Kenneth Le,295,8,24994,0,2,5,5,12,255,At Risk
3694,Frank Orr,156,9,27194,0,3,5,5,13,355,Loyal Customers
3695,Stephanie Roberts,19,6,18263,0,5,4,4,13,544,Champions
3700,Mark Bates,348,8,22740,0,2,5,5,12,255,At Risk
3701,Mrs. Janice Huff,220,8,25518,0,3,5,5,13,355,Loyal Customers
3702,Angela Carpenter,50,7,21100,0,5,4,5,14,545,Champions
3705,Thomas Mitchell,275,10,25677,0,2,5,5,12,255,At Risk
3707,Natasha Morales,88,9,21302,1,4,5,5,14,455,Champions
3713,Troy Harvey,178,7,31065,0,3,4,5,12,345,Loyal Customers
3716,Mitchell Craig,61,8,18637,0,4,5,4,13,454,Champions
3723,Michael Brown,35,7,19915,1,5,4,5,14,545,Champions
3726,Dr. Emily Hill,48,7,24244,0,5,4,5,14,545,Champions
3728,Stephen Collins,202,7,22231,0,3,4,5,12,345,Loyal Customers
3730,Andres Hicks,28,5,16166,0,5,3,4,12,534,Potential Loyalists
3736,Samantha Morgan,46,8,20990,0,5,5,5,15,555,Champions
3745,Matthew Owens,125,8,20247,0,4,5,5,14,455,Champions
3747,Richard Smith,46,8,24124,0,5,5,5,15,555,Champions
3752,David Allen,65,6,17416,0,4,4,4,12,444,Champions
3755,Wanda Hanna,96,7,26244,1,4,4,5,13,445,Champions
3758,Peter Boyd,21,7,24149,0,5,4,5,14,545,Champions
3759,Cheryl Alvarado,63,8,26491,0,4,5,5,14,455,Champions
3764,Brittany May,30,6,18858,0,5,4,4,13,544,Champions
3766,Whitney Flowers,10,6,18743,0,5,4,4,13,544,Champions
3773,Jennifer Carney,64,7,15435,0,4,4,4,12,444,Champions
3779,Christopher Ray,54,8,17645,1,5,5,4,14,554,Champions
3782,Juan Mills,69,6,20215,0,4,4,5,13,445,Champions
3783,Robert Wade,86,8,26950,1,4,5,5,14,455,Champions
3784,Stephanie Richard,8,7,17447,0,5,4,4,13,544,Champions
3786,Kevin Stevens,157,8,26220,0,3,5,5,13,355,Loyal Customers
3787,Crystal Key,41,7,26283,0,5,4,5,14,545,Champions
3788,Michael Schroeder,116,9,27091,0,4,5,5,14,455,Champions
3789,Colin Williams,139,8,22343,0,3,5,5,13,355,Loyal Customers
3794,Joshua Day,10,9,27122,0,5,5,5,15,555,Champions
3795,Brooke Cohen,31,8,14282,0,5,5,3,13,553,Loyal Customers
3800,Heather Pearson,128,6,18210,1,4,4,4,12,444,Champions
3801,Melissa Olson,361,9,22331,0,2,5,5,12,255,At Risk
3807,Ronald Keller,202,8,20202,0,3,5,5,13,355,Loyal Customers
3809,Kyle Mercer,120,10,36463,1,4,5,5,14,455,Champions
3811,Kari Jones,127,10,25456,1,4,5,5,14,455,Champions
3814,Robert Stewart,97,6,18374,0,4,4,4,12,444,Champions
3817,Summer Barton,143,8,27078,1,3,5,5,13,355,Loyal Customers
3820,Ronald Chandler,314,8,27572,0,2,5,5,12,255,At Risk
3823,Mario Sandoval,92,6,16946,0,4,4,4,12,444,Champions
3825,Jeffrey Peters,203,12,35111,0,3,5,5,13,355,Loyal Customers
3830,Eric Ryan,183,9,21517,0,3,5,5,13,355,Loyal Customers
3833,Joshua White,85,6,17010,1,4,4,4,12,444,Champions
3835,Amber Espinoza,40,6,19564,0,5,4,5,14,545,Champions
3841,Nathan Palmer,8,5,18859,0,5,3,4,12,534,Potential Loyalists
3844,Olivia Johnson,8,9,23110,0,5,5,5,15,555,Champions
3856,Eric Roberson,107,6,15154,0,4,4,4,12,444,Champions
3867,Sherry Nelson,3,7,16309,0,5,4,4,13,544,Champions
3868,Michelle Gray,146,7,19586,1,3,4,5,12,345,Loyal Customers
3869,Michelle Bush,12,8,28497,0,5,5,5,15,555,Champions
3870,Jessica Morris,47,8,26694,1,5,5,5,15,555,Champions
3871,Daniel Barajas,58,10,20471,0,5,5,5,15,555,Champions
3876,Michael Baldwin,9,5,16072,0,5,3,4,12,534,Potential Loyalists
3879,Jason Jackson,385,8,27333,1,2,5,5,12,255,At Risk
3880,Gregory Le,207,7,19963,0,3,4,5,12,345,Loyal Customers
3886,Brandon Lopez,47,5,17996,0,5,3,4,12,534,Potential Loyalists
3888,Adam Hill,293,8,28700,0,2,5,5,12,255,At Risk
3894,Jamie Anderson,202,6,21070,1,3,4,5,12,345,Loyal Customers
3895,Matthew Lester,52,5,15772,1,5,3,4,12,534,Potential Loyalists
3896,Elizabeth Haynes,38,6,19555,0,5,4,5,14,545,Champions
3897,Willie Snyder,30,7,19576,1,5,4,5,14,545,Champions
3899,Kelli Munoz,15,6,14421,0,5,4,3,12,543,Loyal Customers
3901,Gary Smith,8,5,15126,1,5,3,4,12,534,Potential Loyalists
3902,Paul Long,3,8,23651,0,5,5,5,15,555,Champions
3904,Sandra Randall,74,7,18160,1,4,4,4,12,444,Champions
3907,Tonya Arnold,28,9,23585,0,5,5,5,15,555,Champions
3908,Thomas Roberts,304,8,20333,1,2,5,5,12,255,At Risk
3909,Keith Mooney,25,7,19139,0,5,4,4,13,544,Champions
3911,Cassie Rubio,12,8,19146,1,5,5,4,14,554,Champions
3913,Brian Perry,145,7,19293,0,3,4,5,12,345,Loyal Customers
3917,Christine Harris,24,11,28407,0,5,5,5,15,555,Champions
3918,Katherine Henry,6,6,12281,0,5,4,3,12,543,Loyal Customers
3919,Tony Newton,47,6,17491,0,5,4,4,13,544,Champions
3920,Dawn Goodwin,95,8,17892,1,4,5,4,13,454,Champions
3925,Alexis Silva,57,6,17680,0,5,4,4,13,544,Champions
3929,Lindsey Russell,160,7,22936,0,3,4,5,12,345,Loyal Customers
3935,Kenneth Taylor,135,8,22599,0,4,5,5,14,455,Champions
3941,William Howard,27,7,13115,0,5,4,3,12,543,Loyal Customers
3943,Shannon Stanley DDS,44,5,15104,0,5,3,4,12,534,Potential Loyalists
3947,Douglas Brown,29,9,32896,1,5,5,5,15,555,Champions
3951,James Barnes,13,8,29263,1,5,5,5,15,555,Champions
3959,Donald Marshall,275,8,25145,0,2,5,5,12,255,At Risk
3973,Cathy Martin,101,9,18872,1,4,5,4,13,454,Champions
3976,Jeffery Herring,91,8,17986,0,4,5,4,13,454,Champions
3981,Benjamin Williams,36,9,28571,1,5,5,5,15,555,Champions
3984,Jonathan Chapman,211,8,20045,0,3,5,5,13,355,Loyal Customers
3986,Pamela Owens,6,7,20741,0,5,4,5,14,545,Champions
3988,Terry Rodriguez,109,7,17332,0,4,4,4,12,444,Champions
3990,Laura Prince,64,10,23462,1,4,5,5,14,455,Champions
3991,Gregory Parrish,3,9,19700,0,5,5,5,15,555,Champions
3992,Jeffrey Mora,145,8,16541,1,3,5,4,12,354,Loyal Customers
3994,Trevor Anderson,62,6,15448,1,4,4,4,12,444,Champions
4001,Henry Woodard,189,7,21854,0,3,4,5,12,345,Loyal Customers
4006,Linda Gonzalez,159,10,26866,0,3,5,5,13,355,Loyal Customers
4008,Raymond Hernandez,27,8,18484,0,5,5,4,14,554,Champions
4011,Andrea Estes,156,9,27640,0,3,5,5,13,355,Loyal Customers
4013,Mary Obrien,82,7,17565,0,4,4,4,12,444,Champions
4016,Tiffany French,126,7,22173,1,4,4,5,13,445,Champions
4022,Michelle Smith,31,7,15653,1,5,4,4,13,544,Champions
4042,Shannon Hernandez,111,7,17390,0,4,4,4,12,444,Champions
4049,Eric Rogers,50,6,19055,0,5,4,4,13,544,Champions
4051,Barbara Hall,42,5,14811,0,5,3,4,12,534,Potential Loyalists
4055,David Anderson,24,7,22111,0,5,4,5,14,545,Champions
4057,Benjamin Bishop,13,6,16947,0,5,4,4,13,544,Champions
4058,Julie Payne,96,6,24346,0,4,4,5,13,445,Champions
4066,Allison Harris,17,9,21508,0,5,5,5,15,555,Champions
4067,Jerome Cohen,80,7,20609,0,4,4,5,13,445,Champions
4069,David Moyer,16,6,17080,0,5,4,4,13,544,Champions
4075,Angela Santos,71,7,26649,0,4,4,5,13,445,Champions
4076,Tammie Delgado,131,6,20901,0,4,4,5,13,445,Champions
4077,Zachary Dean,76,9,29391,0,4,5,5,14,455,Champions
4082,Tony Williams,52,5,16481,1,5,3,4,12,534,Potential Loyalists
4098,Jason Jones,94,11,36278,0,4,5,5,14,455,Champions
4106,Alan Mora,47,7,19038,0,5,4,4,13,544,Champions
4107,Michelle Carney,137,6,17779,0,4,4,4,12,444,Champions
4112,Lee Vargas,82,8,23234,1,4,5,5,14,455,Champions
4115,Valerie Robbins,67,7,16932,0,4,4,4,12,444,Champions
4116,Karen Barrett,0,11,22590,0,5,5,5,15,555,Champions
4119,Patricia Banks,178,7,20332,0,3,4,5,12,345,Loyal Customers
4120,Ryan Jenkins,6,6,16278,0,5,4,4,13,544,Champions
4121,Jeanne Morgan,367,9,26219,0,2,5,5,12,255,At Risk
4124,Wesley Shaw,151,9,29918,0,3,5,5,13,355,Loyal Customers
4126,Bradley Ford,87,8,27490,0,4,5,5,14,455,Champions
4130,Eric Robinson,140,6,21568,0,3,4,5,12,345,Loyal Customers
4131,Mrs. Kim Oconnell,51,5,18446,0,5,3,4,12,534,Potential Loyalists
4133,Aaron Colon,11,6,16263,0,5,4,4,13,544,Champions
4134,Carrie Robbins,5,7,19821,1,5,4,5,14,545,Champions
4135,Eric Watson,250,10,31943,0,2,5,5,12,255,At Risk
4137,Kelsey Wright,34,7,18246,1,5,4,4,13,544,Champions
4139,Brian Taylor,49,6,15606,0,5,4,4,13,544,Champions
4142,Jennifer Serrano,78,9,22856,0,4,5,5,14,455,Champions
4150,Michael Hammond,39,9,26912,1,5,5,5,15,555,Champions
4152,Mrs. Jennifer Stephenson,65,6,18375,0,4,4,4,12,444,Champions
4155,Michelle Pollard,33,9,27857,0,5,5,5,15,555,Champions
4156,Stacey Costa,32,5,15343,0,5,3,4,12,534,Potential Loyalists
4157,Raymond Gonzales,93,6,18913,0,4,4,4,12,444,Champions
4163,Jacqueline Knapp,6,6,18518,0,5,4,4,13,544,Champions
4166,Rebecca Evans,88,8,28884,0,4,5,5,14,455,Champions
4177,Robin Smith,160,8,19928,1,3,5,5,13,355,Loyal Customers
4181,Elizabeth Williams,122,7,16828,0,4,4,4,12,444,Champions
4184,Jeffrey Gomez,37,7,13026,0,5,4,3,12,543,Loyal Customers
4185,Patricia Smith,1,7,25311,1,5,4,5,14,545,Champions
4192,Brenda Johnson,123,7,23036,0,4,4,5,13,445,Champions
4193,Connie Thompson,44,6,18693,0,5,4,4,13,544,Champions
4196,Michael Mack,36,7,22729,1,5,4,5,14,545,Champions
4198,John Smith,117,9,17114,1,4,5,4,13,454,Champions
4202,Timothy Stephens,23,8,23655,0,5,5,5,15,555,Champions
4206,Scott Garcia,106,7,19621,0,4,4,5,13,445,Champions
4207,Gary Lozano,159,10,30387,0,3,5,5,13,355,Loyal Customers
4209,Kevin Calhoun,121,7,18959,0,4,4,4,12,444,Champions
4212,James Taylor,17,5,15484,0,5,3,4,12,534,Potential Loyalists
4219,Sharon Williams,57,6,12573,0,5,4,3,12,543,Loyal Customers
4226,Alexander Campbell,26,6,19044,0,5,4,4,13,544,Champions
4228,Gregory Snow,236,6,20090,1,3,4,5,12,345,Loyal Customers
4235,Michael Tucker,46,5,14829,0,5,3,4,12,534,Potential Loyalists
4239,Janice Andrews MD,118,6,18317,0,4,4,4,12,444,Champions
4244,Melissa Lozano DDS,12,8,18110,1,5,5,4,14,554,Champions
4250,Jacqueline Russo,40,6,14224,1,5,4,3,12,543,Loyal Customers
4251,Alicia Cunningham,218,9,26075,0,3,5,5,13,355,Loyal Customers
4254,John Vazquez,4,13,42931,0,5,5,5,15,555,Champions
4256,Michael Murphy,105,9,27649,0,4,5,5,14,455,Champions
4258,Kim Garcia,93,11,31198,0,4,5,5,14,455,Champions
4262,Shelly Mcbride,92,5,19427,0,4,3,5,12,435,Potential Loyalists
4264,Ryan Leon,34,6,21623,1,5,4,5,14,545,Champions
4267,Sharon Ford,22,6,12412,0,5,4,3,12,543,Loyal Customers
4268,Traci Hicks,111,9,15763,1,4,5,4,13,454,Champions
4271,Christopher Jones,50,8,22178,1,5,5,5,15,555,Champions
4272,Kimberly Rangel,35,6,23119,0,5,4,5,14,545,Champions
4277,Elizabeth Stevenson,113,7,16463,0,4,4,4,12,444,Champions
4288,Barry Martinez,115,9,19392,0,4,5,5,14,455,Champions
4290,Laura Maddox PhD,98,6,18676,0,4,4,4,12,444,Champions
4291,John Terry,88,6,16112,0,4,4,4,12,444,Champions
4292,Miguel Santiago,12,7,20366,0,5,4,5,14,545,Champions
4298,Keith Davis,88,6,19340,0,4,4,5,13,445,Champions
4302,Amy Wiggins,36,7,21096,0,5,4,5,14,545,Champions
4303,Valerie Phelps,68,6,15995,1,4,4,4,12,444,Champions
4304,Kayla Lee,15,6,16761,1,5,4,4,13,544,Champions
4307,Peter Jenkins,69,10,29988,1,4,5,5,14,455,Champions
4315,Monique Hammond,59,5,17850,0,5,3,4,12,534,Potential Loyalists
4317,Angela Lopez,15,8,22875,0,5,5,5,15,555,Champions
4324,Martin Gonzalez,170,9,27847,0,3,5,5,13,355,Loyal Customers
4327,Aaron Myers,5,7,21509,0,5,4,5,14,545,Champions
4335,Jeffery Stevenson,51,6,17446,1,5,4,4,13,544,Champions
4340,Madison Crawford,163,8,24370,0,3,5,5,13,355,Loyal Customers
4342,John Norman,57,8,17710,0,5,5,4,14,554,Champions
4348,Jason Snyder,421,9,25053,0,2,5,5,12,255,At Risk
4349,William Rivas,42,7,22069,0,5,4,5,14,545,Champions
4354,Christina Gray,58,6,16949,0,5,4,4,13,544,Champions
4356,Carolyn Ramirez,125,7,16868,0,4,4,4,12,444,Champions
4358,Erin Alexander,50,6,17179,0,5,4,4,13,544,Champions
4362,Sarah Richardson,181,8,24760,0,3,5,5,13,355,Loyal Customers
4363,Julie Brown,37,7,16850,0,5,4,4,13,544,Champions
4365,Amy Walker,100,6,17349,0,4,4,4,12,444,Champions
4366,Monica Christensen,51,6,11866,0,5,4,3,12,543,Loyal Customers
4369,Mary Chandler,97,10,30956,1,4,5,5,14,455,Champions
4370,Crystal Estrada,150,7,22922,1,3,4,5,12,345,Loyal Customers
4384,Stacey Burns,90,6,23207,0,4,4,5,13,445,Champions
4385,Sheila Christensen,44,6,23233,1,5,4,5,14,545,Champions
4391,Hannah Woodward,289,9,21514,0,2,5,5,12,255,At Risk
4392,Mr. Miguel Morales,131,7,19776,0,4,4,5,13,445,Champions
4396,Brandon Merritt,82,7,23402,1,4,4,5,13,445,Champions
4400,Shelly Cochran,136,7,22828,0,4,4,5,13,445,Champions
4401,Andrea Paul,195,9,24757,0,3,5,5,13,355,Loyal Customers
4402,Thomas King,37,9,26667,0,5,5,5,15,555,Champions
4408,Katherine Burns,139,8,22976,0,3,5,5,13,355,Loyal Customers
4413,Robert Huffman,42,6,16353,0,5,4,4,13,544,Champions
4417,Patricia Nelson,33,7,16370,0,5,4,4,13,544,Champions
4418,Allison Kaiser,88,7,21675,0,4,4,5,13,445,Champions
4419,Katherine Parker,176,9,33795,1,3,5,5,13,355,Loyal Customers
4426,Amanda Singh,75,6,16207,0,4,4,4,12,444,Champions
4435,Jennifer Dean,118,8,22480,0,4,5,5,14,455,Champions
4445,Katie Frank,56,7,22358,1,5,4,5,14,545,Champions
4450,Kristin Davis,76,6,19356,1,4,4,5,13,445,Champions
4455,Lisa Kidd DDS,85,7,18127,0,4,4,4,12,444,Champions
4456,Shane Jones DDS,45,6,13781,0,5,4,3,12,543,Loyal Customers
4458,Raymond Wolfe,39,9,35657,1,5,5,5,15,555,Champions
4468,Stephanie Vaughan,26,6,17236,0,5,4,4,13,544,Champions
4469,Dr. Andrew Weber,5,6,17659,0,5,4,4,13,544,Champions
4472,Rhonda Russell,99,7,21183,0,4,4,5,13,445,Champions
4474,Jeffrey Thompson,98,9,26974,0,4,5,5,14,455,Champions
4476,Wendy Walter,93,9,26499,1,4,5,5,14,455,Champions
4478,James Werner,238,8,22503,0,3,5,5,13,355,Loyal Customers
4485,Haley Bailey,83,8,19222,0,4,5,4,13,454,Champions
4489,Ethan Reese,163,8,22375,0,3,5,5,13,355,Loyal Customers
4498,Mr. Brandon Cooper,54,11,26700,0,5,5,5,15,555,Champions
4504,Terri Oneal,106,6,20331,0,4,4,5,13,445,Champions
4505,Glen Reynolds,224,9,23247,1,3,5,5,13,355,Loyal Customers
4517,Michael Grant,53,7,15486,0,5,4,4,13,544,Champions
4518,Brian Gonzales,169,8,21243,0,3,5,5,13,355,Loyal Customers
4521,Sydney Lewis,202,7,19587,0,3,4,5,12,345,Loyal Customers
4529,Kimberly Mcdonald,99,8,18689,0,4,5,4,13,454,Champions
4536,Amanda Heath,24,9,26013,0,5,5,5,15,555,Champions
4539,Tonya Brown,9,7,21843,0,5,4,5,14,545,Champions
4551,Charles Lee,291,9,23218,0,2,5,5,12,255,At Risk
4553,Casey Norton,71,7,16790,0,4,4,4,12,444,Champions
4554,Nicholas Garcia,155,8,18388,1,3,5,4,12,354,Loyal Customers
4558,Brenda Keller,119,6,22018,0,4,4,5,13,445,Champions
4567,Thomas Powell,221,7,26690,0,3,4,5,12,345,Loyal Customers
4570,Mary Trujillo,21,9,24007,0,5,5,5,15,555,Champions
4571,Angelica Crawford,73,6,16372,0,4,4,4,12,444,Champions
4580,Donald Espinoza,97,8,25260,1,4,5,5,14,455,Champions
4581,William Hopkins,31,7,19298,0,5,4,5,14,545,Champions
4585,Jared Williams,120,11,35122,0,4,5,5,14,455,Champions
4591,Kathleen Rodriguez,155,8,21181,0,3,5,5,13,355,Loyal Customers
4597,Kimberly Bennett,92,9,25021,0,4,5,5,14,455,Champions
4604,Shane Sawyer,345,10,22474,0,2,5,5,12,255,At Risk
4607,Kelly Hall,227,10,31015,0,3,5,5,13,355,Loyal Customers
4608,Amy Nunez,32,6,17702,0,5,4,4,13,544,Champions
4615,Evelyn Murray,29,5,18436,1,5,3,4,12,534,Potential Loyalists
4619,Danielle Meyer,90,6,18222,0,4,4,4,12,444,Champions
4622,Jessica Lopez,27,7,16978,1,5,4,4,13,544,Champions
4626,Troy Swanson,206,8,27146,0,3,5,5,13,355,Loyal Customers
4630,Lisa Lawson,89,6,16859,0,4,4,4,12,444,Champions
4633,Jennifer Thomas,91,7,16344,0,4,4,4,12,444,Champions
4639,Adam Marshall DDS,4,7,16929,0,5,4,4,13,544,Champions
4642,Kimberly Shea,21,8,17638,0,5,5,4,14,554,Champions
4647,Gary Johnson,46,9,29923,0,5,5,5,15,555,Champions
4648,Shari Frazier,115,6,17092,1,4,4,4,12,444,Champions
4656,Mary Brown,6,6,14036,1,5,4,3,12,543,Loyal Customers
4658,Daniel Alvarez,170,9,24644,0,3,5,5,13,355,Loyal Customers
4667,Nathan Palmer,241,9,26057,0,3,5,5,13,355,Loyal Customers
4670,Brian Dominguez,11,6,24907,0,5,4,5,14,545,Champions
4672,Brian Ortiz,42,7,20692,1,5,4,5,14,545,Champions
4673,Anne Gutierrez,57,6,11543,0,5,4,3,12,543,Loyal Customers
4679,Kimberly Zimmerman,99,9,28755,0,4,5,5,14,455,Champions
4681,Rose Schneider,280,10,27159,1,2,5,5,12,255,At Risk
4688,Andrew Williams,1,9,32751,1,5,5,5,15,555,Champions
4690,Matthew Jefferson,13,6,14663,1,5,4,3,12,543,Loyal Customers
4697,Shelby Williams,9,6,15928,0,5,4,4,13,544,Champions
4701,Catherine Smith,384,9,27467,0,2,5,5,12,255,At Risk
4706,Curtis Clark Jr.,35,7,18034,0,5,4,4,13,544,Champions
4707,Tonya Thompson,39,5,15899,0,5,3,4,12,534,Potential Loyalists
4710,Catherine Thompson,111,7,18902,0,4,4,4,12,444,Champions
4726,Stephen Fleming,12,12,35519,0,5,5,5,15,555,Champions
4731,Patricia Henry,42,7,16873,1,5,4,4,13,544,Champions
4733,Terry Miller,5,10,31917,0,5,5,5,15,555,Champions
4734,Brian Hall,104,8,30488,0,4,5,5,14,455,Champions
4736,Tracy Davis,56,10,21552,1,5,5,5,15,555,Champions
4737,Dennis Roth,30,8,17043,0,5,5,4,14,554,Champions
4738,Kelly Michael,56,6,17976,1,5,4,4,13,544,Champions
4748,Laura Frost,242,10,27416,1,3,5,5,13,355,Loyal Customers
4752,William Shannon,153,11,29364,0,3,5,5,13,355,Loyal Customers
4757,Phillip Peters,234,9,24244,1,3,5,5,13,355,Loyal Customers
4759,Lindsay Brown,232,8,23401,0,3,5,5,13,355,Loyal Customers
4763,Amanda Warren,10,8,21751,0,5,5,5,15,555,Champions
4767,Jack Silva,76,8,18065,1,4,5,4,13,454,Champions
4775,Deborah Watson,29,8,24576,0,5,5,5,15,555,Champions
4783,Matthew Sims,29,5,16790,0,5,3,4,12,534,Potential Loyalists
4785,Angela Mendoza,136,11,28750,0,4,5,5,14,455,Champions
4789,Wendy Hammond,107,7,20197,0,4,4,5,13,445,Champions
4795,Melissa Vega,100,7,18239,0,4,4,4,12,444,Champions
4797,Willie Murray,176,6,27692,0,3,4,5,12,345,Loyal Customers
4803,Bryan Brown,133,6,16487,0,4,4,4,12,444,Champions
4808,Catherine Robinson,107,6,18465,1,4,4,4,12,444,Champions
4810,Benjamin Benson,31,9,33704,0,5,5,5,15,555,Champions
4815,Annette Christensen,110,9,29054,0,4,5,5,14,455,Champions
4834,Steven Rush,45,9,34231,0,5,5,5,15,555,Champions
4837,Jeffrey Booth,3,8,23922,0,5,5,5,15,555,Champions
4839,Jordan Yang,190,7,21271,1,3,4,5,12,345,Loyal Customers
4847,Michelle Mcneil,44,6,15031,0,5,4,4,13,544,Champions
4857,Timothy Ross,3,8,20606,0,5,5,5,15,555,Champions
4860,Lorraine Cobb,57,6,15581,0,5,4,4,13,544,Champions
4863,Jason White,20,7,15315,1,5,4,4,13,544,Champions
4865,Sharon Davis,9,6,17964,0,5,4,4,13,544,Champions
4867,Trevor Ryan,38,6,16892,0,5,4,4,13,544,Champions
4871,Stephanie Allen,411,8,24159,0,2,5,5,12,255,At Risk
4873,Greg Lewis,85,6,17151,0,4,4,4,12,444,Champions
4876,Megan Phillips,307,8,22780,1,2,5,5,12,255,At Risk
4878,Isaiah Butler,21,6,18475,1,5,4,4,13,544,Champions
4890,Krista Jacobson,78,7,15019,0,4,4,4,12,444,Champions
4892,Jessica Coleman,3,7,15621,0,5,4,4,13,544,Champions
4897,Robert Elliott,216,6,19877,0,3,4,5,12,345,Loyal Customers
4903,Jordan Mcdonald,47,5,16671,0,5,3,4,12,534,Potential Loyalists
4904,Paige Johnson,190,7,23551,0,3,4,5,12,345,Loyal Customers
4915,Katherine Mitchell,10,5,15853,0,5,3,4,12,534,Potential Loyalists
4916,Kelly Eaton,13,6,12756,0,5,4,3,12,543,Loyal Customers
4919,Melissa Tapia,71,6,17950,0,4,4,4,12,444,Champions
4921,Shawn Delgado,50,6,19841,0,5,4,5,14,545,Champions
4926,Dakota Rivers,22,8,19061,1,5,5,4,14,554,Champions
4928,Jill Shaw,91,6,17322,0,4,4,4,12,444,Champions
4930,Kelly Dyer,134,6,18639,0,4,4,4,12,444,Champions
4935,Manuel Adams,103,8,19487,1,4,5,5,14,455,Champions
4937,Jennifer Salazar,136,6,14946,0,4,4,4,12,444,Champions
4942,Ryan Hernandez,126,9,29690,0,4,5,5,14,455,Champions
4943,Cindy Hanna,120,8,14286,0,4,5,3,12,453,Loyal Customers
4944,Frank Morgan,99,6,18443,0,4,4,4,12,444,Champions
4946,Jonathon Hubbard,28,6,20895,0,5,4,5,14,545,Champions
4947,Amy Anderson,30,5,16101,0,5,3,4,12,534,Potential Loyalists
4954,Christopher Woodward,20,10,35104,0,5,5,5,15,555,Champions
4956,Jonathan Holland,101,6,18115,0,4,4,4,12,444,Champions
4957,Kyle Kline,15,8,21903,0,5,5,5,15,555,Champions
4967,Timothy Barnett,232,8,19806,1,3,5,5,13,355,Loyal Customers
4977,Cathy Hill,68,6,23515,0,4,4,5,13,445,Champions
4984,Samuel Berry,40,9,23371,0,5,5,5,15,555,Champions
4985,Michelle Pratt,28,6,19738,0,5,4,5,14,545,Champions
4986,Todd Carson,131,6,18911,0,4,4,4,12,444,Champions
4987,Jessica Schneider,281,8,24979,0,2,5,5,12,255,At Risk
4995,Keith Waters,59,6,15490,0,5,4,4,13,544,Champions
5000,David Thomas,94,9,18803,0,4,5,4,13,454,Champions
5001,Randy Monroe,34,6,12061,0,5,4,3,12,543,Loyal Customers
5005,Carla Garcia,155,6,22237,0,3,4,5,12,345,Loyal Customers
5006,Debra Boyd,28,12,26471,0,5,5,5,15,555,Champions
5014,Eric Oconnor,100,8,11685,0,4,5,3,12,453,Loyal Customers
5015,Jennifer Cummings,86,7,18628,0,4,4,4,12,444,Champions
5016,Joseph Scott,87,6,15782,0,4,4,4,12,444,Champions
5022,Guy Lopez,89,7,17021,1,4,4,4,12,444,Champions
5023,Theresa Stevens,41,7,15024,1,5,4,4,13,544,Champions
5030,Edward Lynn,20,7,25474,0,5,4,5,14,545,Champions
5033,Jason Bush,94,6,19021,0,4,4,4,12,444,Champions
5035,Sandra Foster,21,5,22332,1,5,3,5,13,535,Potential Loyalists
5037,Justin Dunn,61,8,25103,0,4,5,5,14,455,Champions
5047,Denise Santos,121,10,22551,0,4,5,5,14,455,Champions
5048,Lisa Meyer PhD,169,9,30705,0,3,5,5,13,355,Loyal Customers
5050,Devin Foster,96,8,23213,0,4,5,5,14,455,Champions
5056,David Mckay,61,7,22067,0,4,4,5,13,445,Champions
5067,Scott Walker,59,6,18052,0,5,4,4,13,544,Champions
5069,Janice Gates MD,113,6,21787,0,4,4,5,13,445,Champions
5073,Kevin Miller,38,9,28485,1,5,5,5,15,555,Champions
5074,Christopher Dillon,17,5,18792,0,5,3,4,12,534,Potential Loyalists
5082,Natalie Coleman,2,6,20374,0,5,4,5,14,545,Champions
5083,Brenda Mitchell,10,9,18917,0,5,5,4,14,554,Champions
5087,Jason Hayes,85,6,19399,0,4,4,5,13,445,Champions
5088,Cheyenne Chung,94,6,18594,0,4,4,4,12,444,Champions
5096,Allen Long,100,7,23628,0,4,4,5,13,445,Champions
5098,Jerome Thompson,239,8,22995,0,3,5,5,13,355,Loyal Customers
5104,Curtis Hubbard,4,6,11560,0,5,4,3,12,543,Loyal Customers
5105,Brandy Walters,271,8,19344,1,2,5,5,12,255,At Risk
5106,Kristi Wood,192,10,30231,1,3,5,5,13,355,Loyal Customers
5107,Jenny Hawkins,153,9,21950,1,3,5,5,13,355,Loyal Customers
5116,Stacey Arias,129,7,22988,0,4,4,5,13,445,Champions
5131,Claudia Krueger,86,7,16054,0,4,4,4,12,444,Champions
5140,Brian Kelley,127,6,20183,0,4,4,5,13,445,Champions
5156,Brian White,54,9,19396,1,5,5,5,15,555,Champions
5157,Jeffrey Barrera,9,6,14598,0,5,4,3,12,543,Loyal Customers
5161,Deanna Hernandez,19,5,20354,0,5,3,5,13,535,Potential Loyalists
5169,Rachel Peterson,36,6,12906,0,5,4,3,12,543,Loyal Customers
5189,Kaitlyn Watson,6,9,23651,0,5,5,5,15,555,Champions
5196,Peggy Hayes,75,7,15385,0,4,4,4,12,444,Champions
5203,Thomas Graham,182,6,21256,0,3,4,5,12,345,Loyal Customers
5210,Patricia Williams,384,8,24877,0,2,5,5,12,255,At Risk
5212,Joel Roberts,37,6,16225,0,5,4,4,13,544,Champions
5224,Holly Williams,49,8,13748,0,5,5,3,13,553,Loyal Customers
5225,Joshua Logan,98,6,17258,0,4,4,4,12,444,Champions
5235,Christopher Wong,127,7,18729,1,4,4,4,12,444,Champions
5244,Cheyenne Sweeney,95,6,17891,0,4,4,4,12,444,Champions
5246,Jessica Williams,243,10,26348,0,3,5,5,13,355,Loyal Customers
5247,Laura Castaneda,94,8,25363,0,4,5,5,14,455,Champions
5251,Cody Brown,21,6,18023,0,5,4,4,13,544,Champions
5252,Adrian Hughes,52,15,42137,0,5,5,5,15,555,Champions
5257,Christopher Rojas,48,8,23252,1,5,5,5,15,555,Champions
5259,Isaac Hughes,88,8,20897,0,4,5,5,14,455,Champions
5260,Ruben Lee,54,6,22797,0,5,4,5,14,545,Champions
5261,Kaylee Perez,241,10,36298,0,3,5,5,13,355,Loyal Customers
5266,Douglas Gonzalez,9,6,15903,0,5,4,4,13,544,Champions
5267,Thomas Ramos,16,9,26443,0,5,5,5,15,555,Champions
5269,Karen Warner,25,8,17854,1,5,5,4,14,554,Champions
5271,Anthony Moran,30,9,24337,0,5,5,5,15,555,Champions
5291,Laura Bryant,41,7,13743,0,5,4,3,12,543,Loyal Customers
5294,Sean Trevino,36,7,16769,0,5,4,4,13,544,Champions
5295,Matthew Perkins,17,7,14544,0,5,4,3,12,543,Loyal Customers
5296,Tamara Johnson,88,5,20040,1,4,3,5,12,435,Potential Loyalists
5301,William Andrews,34,9,32806,0,5,5,5,15,555,Champions
5309,Christina Oconnor,143,8,21283,1,3,5,5,13,355,Loyal Customers
5312,Juan Anderson,64,6,23346,0,4,4,5,13,445,Champions
5313,Anthony Powers,46,8,29258,0,5,5,5,15,555,Champions
5324,Christopher Hall,62,6,18424,0,4,4,4,12,444,Champions
5327,Bethany Molina,121,6,15832,0,4,4,4,12,444,Champions
5329,Andrew Clark,196,10,28653,0,3,5,5,13,355,Loyal Customers
5334,Aaron Wilson,0,8,24277,0,5,5,5,15,555,Champions
5335,Michelle Lee,11,8,19540,0,5,5,5,15,555,Champions
5336,Scott Lewis,130,8,22390,0,4,5,5,14,455,Champions
5339,Kimberly Colon,111,8,16685,1,4,5,4,13,454,Champions
5340,Kristin Rivera,104,7,23589,0,4,4,5,13,445,Champions
5346,Michael Jennings,0,6,17663,1,5,4,4,13,544,Champions
5355,Marisa Jones,67,8,18320,0,4,5,4,13,454,Champions
5356,Mackenzie Nunez,155,8,22190,0,3,5,5,13,355,Loyal Customers
5358,Gregory Johnston,122,6,16220,0,4,4,4,12,444,Champions
5371,Craig Woodard,35,7,26218,0,5,4,5,14,545,Champions
5372,Kimberly Jennings,45,7,18991,0,5,4,4,13,544,Champions
5374,Kevin Graves,21,8,19482,1,5,5,5,15,555,Champions
5377,Timothy Roberts,51,10,17267,0,5,5,4,14,554,Champions
5387,Grace Blankenship,27,5,16956,0,5,3,4,12,534,Potential Loyalists
5393,Christina Williams,51,9,21402,0,5,5,5,15,555,Champions
5394,Joshua Walsh,192,7,19829,0,3,4,5,12,345,Loyal Customers
5398,John Chapman,33,5,15075,0,5,3,4,12,534,Potential Loyalists
5400,Randy Yu,141,7,26303,0,3,4,5,12,345,Loyal Customers
5402,Leslie Thompson,127,6,18027,0,4,4,4,12,444,Champions
5406,John Davis,1,7,15896,1,5,4,4,13,544,Champions
5408,Jill Cook,92,10,27707,0,4,5,5,14,455,Champions
5409,Douglas Dixon,177,14,43287,0,3,5,5,13,355,Loyal Customers
5414,Mason Liu,31,8,18692,0,5,5,4,14,554,Champions
5417,Rachel Scott,10,7,17761,0,5,4,4,13,544,Champions
5418,Juan Gonzalez,18,7,15763,0,5,4,4,13,544,Champions
5419,Marcia Martinez,28,7,15466,1,5,4,4,13,544,Champions
5421,Peter Foley,16,5,15210,0,5,3,4,12,534,Potential Loyalists
5422,Sharon Dixon,4,5,17672,0,5,3,4,12,534,Potential Loyalists
5423,Dr. Shannon Mooney,211,7,22711,0,3,4,5,12,345,Loyal Customers
5424,Christopher Gray,30,7,21825,0,5,4,5,14,545,Champions
5430,Seth Sanders,29,7,21509,0,5,4,5,14,545,Champions
5444,Mario Monroe,9,8,22088,0,5,5,5,15,555,Champions
5445,Jennifer Osborn,7,7,17913,0,5,4,4,13,544,Champions
5446,Meghan Black,30,8,22948,1,5,5,5,15,555,Champions
5448,Robert Clark DVM,139,9,30702,1,3,5,5,13,355,Loyal Customers
5450,Robert King,94,6,15209,0,4,4,4,12,444,Champions
5454,Ryan Willis,4,9,27684,0,5,5,5,15,555,Champions
5455,Jose Davis,31,5,20328,0,5,3,5,13,535,Potential Loyalists
5462,Amanda Buchanan,15,9,21180,0,5,5,5,15,555,Champions
5464,Beth Foster,20,8,21915,0,5,5,5,15,555,Champions
5469,Ruben Davis,66,7,20842,0,4,4,5,13,445,Champions
5470,Yesenia Cooper,27,7,22147,0,5,4,5,14,545,Champions
5474,Martin Lang,49,8,13693,0,5,5,3,13,553,Loyal Customers
5475,Dan Thornton,40,9,26627,0,5,5,5,15,555,Champions
5478,Julia Jackson,226,8,17646,1,3,5,4,12,354,Loyal Customers
5485,Matthew Smith,137,6,17790,0,4,4,4,12,444,Champions
5487,Michael Wood,8,6,18934,0,5,4,4,13,544,Champions
5493,Jacqueline Anderson,109,8,24955,0,4,5,5,14,455,Champions
5494,Pamela Hubbard,150,8,20299,1,3,5,5,13,355,Loyal Customers
5495,Michelle Hicks,150,8,25177,0,3,5,5,13,355,Loyal Customers
5502,Kayla Jones PhD,31,6,14977,1,5,4,4,13,544,Champions
5507,Jessica Contreras,41,6,12510,0,5,4,3,12,543,Loyal Customers
5509,Michael Hale,30,9,22986,1,5,5,5,15,555,Champions
5511,Mary Sweeney,139,8,21467,1,3,5,5,13,355,Loyal Customers
5513,Daniel Hampton,55,7,13335,0,5,4,3,12,543,Loyal Customers
5526,Alicia Mullins,15,8,21523,0,5,5,5,15,555,Champions
5537,Christopher Nichols,38,7,16905,0,5,4,4,13,544,Champions
5540,Michael Grant,51,7,14854,1,5,4,4,13,544,Champions
5553,Karen Peterson,112,6,16052,1,4,4,4,12,444,Champions
5557,Kathryn Rodriguez,157,8,17565,0,3,5,4,12,354,Loyal Customers
5559,Edward Nguyen,108,9,24604,0,4,5,5,14,455,Champions
5560,Matthew Schultz,39,6,13243,0,5,4,3,12,543,Loyal Customers
5562,Brian Bates,233,6,21506,0,3,4,5,12,345,Loyal Customers
5570,Jill Wright,136,12,26870,1,4,5,5,14,455,Champions
5574,Hailey Hall,17,9,32639,0,5,5,5,15,555,Champions
5586,Johnny Williams,152,7,30764,0,3,4,5,12,345,Loyal Customers
5602,Paul Reed,248,9,26858,0,2,5,5,12,255,At Risk
5605,Tamara Barton,17,7,12015,0,5,4,3,12,543,Loyal Customers
5609,Ryan Patel,52,6,13926,0,5,4,3,12,543,Loyal Customers
5613,Jacqueline Kelley,19,6,15422,0,5,4,4,13,544,Champions
5614,Brian Kelly,220,8,19481,0,3,5,5,13,355,Loyal Customers
5620,Dana Ryan,72,12,38503,0,4,5,5,14,455,Champions
5623,Leonard Rice,35,9,27443,1,5,5,5,15,555,Champions
5627,Brian Marshall,32,10,21775,0,5,5,5,15,555,Champions
5630,Greg Barry,70,13,40768,0,4,5,5,14,455,Champions
5634,Troy Banks,55,9,27640,0,5,5,5,15,555,Champions
5635,Roger Williams,115,7,20884,1,4,4,5,13,445,Champions
5637,John Wells,77,8,18007,0,4,5,4,13,454,Champions
5641,Karen Cook,103,7,21541,0,4,4,5,13,445,Champions
5653,Donna Barton,67,8,25955,0,4,5,5,14,455,Champions
5660,Michael Riley,42,6,15857,0,5,4,4,13,544,Champions
5661,Victoria Carter,6,6,12061,0,5,4,3,12,543,Loyal Customers
5673,Bradley Webb,103,8,18788,0,4,5,4,13,454,Champions
5675,Thomas Barrett,89,11,29930,0,4,5,5,14,455,Champions
5678,Kristina Smith,231,8,15181,0,3,5,4,12,354,Loyal Customers
5681,Sharon Pham,106,9,23081,1,4,5,5,14,455,Champions
5682,Elizabeth Watkins,61,8,25767,0,4,5,5,14,455,Champions
5684,Julian Austin,58,7,16691,1,5,4,4,13,544,Champions
5694,Christine Pena,31,12,28996,0,5,5,5,15,555,Champions
5698,Monique Hicks,12,8,23767,0,5,5,5,15,555,Champions
5699,Willie Hawkins,53,9,24904,0,5,5,5,15,555,Champions
5700,Lindsay Morgan,242,8,17732,0,3,5,4,12,354,Loyal Customers
5702,Mrs. Susan Bauer,61,9,21518,0,4,5,5,14,455,Champions
5711,Haley Anthony,42,5,16524,0,5,3,4,12,534,Potential Loyalists
5713,Ashley Smith,24,6,15011,0,5,4,4,13,544,Champions
5714,John Brown,251,10,30217,0,2,5,5,12,255,At Risk
5715,Michelle Chase,214,7,20214,0,3,4,5,12,345,Loyal Customers
5722,Zachary Goodman,149,6,22221,1,3,4,5,12,345,Loyal Customers
5731,Tina Scott,37,10,28300,0,5,5,5,15,555,Champions
5732,Brett Johnson,134,6,16597,0,4,4,4,12,444,Champions
5737,Barbara Maxwell,71,7,18632,0,4,4,4,12,444,Champions
5739,Kevin Young MD,49,7,24396,0,5,4,5,14,545,Champions
5740,James Faulkner,90,6,22211,0,4,4,5,13,445,Champions
5742,Donald Burke,203,10,23482,0,3,5,5,13,355,Loyal Customers
5759,Julie Gentry,173,6,21055,0,3,4,5,12,345,Loyal Customers
5760,Tiffany Brown,121,10,37235,0,4,5,5,14,455,Champions
5763,Michelle Miller,104,9,31133,1,4,5,5,14,455,Champions
5765,Ian Moody,124,7,20957,0,4,4,5,13,445,Champions
5766,Ryan Walker,134,6,15951,0,4,4,4,12,444,Champions
5768,Alexis Steele MD,37,6,18614,0,5,4,4,13,544,Champions
5771,Brandon Rivers,144,7,21698,0,3,4,5,12,345,Loyal Customers
5773,Joshua Cooper,57,5,20118,0,5,3,5,13,535,Potential Loyalists
5782,Charlene Golden,200,8,24967,0,3,5,5,13,355,Loyal Customers
5783,Kathleen Hays,30,6,15987,1,5,4,4,13,544,Champions
5787,Tammy Sanchez,220,8,16585,0,3,5,4,12,354,Loyal Customers
5798,Matthew Hanson,80,6,15103,0,4,4,4,12,444,Champions
5799,Ryan Santos,148,9,17877,0,3,5,4,12,354,Loyal Customers
5801,Justin Le,53,5,19950,1,5,3,5,13,535,Potential Loyalists
5804,Pamela Robinson,12,9,27140,0,5,5,5,15,555,Champions
5807,Dean Steele,209,7,26136,1,3,4,5,12,345,Loyal Customers
5808,Raymond Carter,226,7,26064,0,3,4,5,12,345,Loyal Customers
5809,Mark James,13,8,18971,1,5,5,4,14,554,Champions
5820,Cindy Morales,14,5,19032,0,5,3,4,12,534,Potential Loyalists
5822,Aaron Franklin,4,9,23038,0,5,5,5,15,555,Champions
5825,Bradley Sheppard,16,6,13960,1,5,4,3,12,543,Loyal Customers
5827,Bradley Williams,69,6,15053,1,4,4,4,12,444,Champions
5828,Deanna Crawford,2,6,25198,0,5,4,5,14,545,Champions
5829,Alan Bell,11,8,23266,0,5,5,5,15,555,Champions
5831,Mr. Nicholas Henderson,29,5,16900,1,5,3,4,12,534,Potential Loyalists
5835,Tyler Garrett,147,11,30748,0,3,5,5,13,355,Loyal Customers
5836,Kathy Torres,38,6,16668,0,5,4,4,13,544,Champions
5844,Maria Owens,31,12,46541,0,5,5,5,15,555,Champions
5845,Ralph Johnson,2,12,40737,0,5,5,5,15,555,Champions
5846,Lisa Allen,8,7,20100,0,5,4,5,14,545,Champions
5849,James Cooper,36,6,13174,0,5,4,3,12,543,Loyal Customers
5850,Diana Ford,12,7,22623,0,5,4,5,14,545,Champions
5851,Katelyn Ford,108,5,19404,0,4,3,5,12,435,Potential Loyalists
5853,Anthony Dominguez,32,5,19159,0,5,3,4,12,534,Potential Loyalists
5855,Mark Mann,34,6,14815,0,5,4,4,13,544,Champions
5859,Amy Murray,126,8,15547,0,4,5,4,13,454,Champions
5861,Jennifer Johnson,21,7,18653,0,5,4,4,13,544,Champions
5863,Mary Williams,57,7,16648,1,5,4,4,13,544,Champions
5867,Matthew Gaines,3,6,21547,0,5,4,5,14,545,Champions
5868,Keith Wallace,228,7,22461,0,3,4,5,12,345,Loyal Customers
5870,Robert Burch,149,9,25300,0,3,5,5,13,355,Loyal Customers
5871,Janet Cunningham,56,7,17436,0,5,4,4,13,544,Champions
5874,Richard Cruz,19,10,21242,0,5,5,5,15,555,Champions
5877,Amber Brooks,13,9,24822,0,5,5,5,15,555,Champions
5878,Brian Weber,14,5,15464,0,5,3,4,12,534,Potential Loyalists
5880,Derek Brown,42,8,20059,0,5,5,5,15,555,Champions
5888,Jeanette Moore,118,7,17318,0,4,4,4,12,444,Champions
5899,Laura Murray,94,7,26538,0,4,4,5,13,445,Champions
5901,Cynthia Williams,45,6,21145,0,5,4,5,14,545,Champions
5906,Mark Warren,12,9,22431,0,5,5,5,15,555,Champions
5909,Calvin Jones,39,8,19087,1,5,5,4,14,554,Champions
5911,Thomas Knight,129,6,21065,0,4,4,5,13,445,Champions
5913,Kenneth Taylor,53,6,12870,1,5,4,3,12,543,Loyal Customers
5914,Carlos Choi,153,8,23203,1,3,5,5,13,355,Loyal Customers
5916,Amber Flores,22,7,15435,0,5,4,4,13,544,Champions
5918,Jessica Romero,21,6,15568,1,5,4,4,13,544,Champions
5922,Steve Hutchinson,32,7,16374,0,5,4,4,13,544,Champions
5925,David Vargas,137,8,27979,0,4,5,5,14,455,Champions
5930,Anthony Roberts,2,8,17625,0,5,5,4,14,554,Champions
5932,David Huang,55,7,11922,0,5,4,3,12,543,Loyal Customers
5938,Rebecca Malone,46,6,23028,1,5,4,5,14,545,Champions
5942,Kerri Nelson,115,7,18384,0,4,4,4,12,444,Champions
5945,Elizabeth Chang,8,8,26532,0,5,5,5,15,555,Champions
5955,Dakota Shields,38,7,21220,0,5,4,5,14,545,Champions
5961,Kayla Santos,69,7,15031,0,4,4,4,12,444,Champions
5964,Ryan Owen,52,9,23658,0,5,5,5,15,555,Champions
5969,Corey Collins,42,10,27113,0,5,5,5,15,555,Champions
5970,Jerome Bridges,61,8,21757,0,4,5,5,14,455,Champions
5979,Margaret Foster,19,6,16647,0,5,4,4,13,544,Champions
5980,Jamie Rodriguez,127,9,23723,0,4,5,5,14,455,Champions
5983,Keith Parrish,67,8,23018,0,4,5,5,14,455,Champions
5984,Brent Lewis,60,6,15940,0,4,4,4,12,444,Champions
5985,Michelle Sheppard,292,8,28927,0,2,5,5,12,255,At Risk
5986,Nancy Lam,40,8,23947,0,5,5,5,15,555,Champions
5988,Molly Mullins,180,8,20171,0,3,5,5,13,355,Loyal Customers
5990,Jackson Chase,314,8,23022,0,2,5,5,12,255,At Risk
5996,Rachel Harvey,38,6,15816,0,5,4,4,13,544,Champions
5997,Jasmine Nelson,86,7,20655,0,4,4,5,13,445,Champions
6006,Anna Pratt,1,7,25887,1,5,4,5,14,545,Champions
6018,Ronald Adams,0,5,16134,0,5,3,4,12,534,Potential Loyalists
6020,Andrew Howe,325,10,32766,1,2,5,5,12,255,At Risk
6030,Richard Vega,97,6,21218,1,4,4,5,13,445,Champions
6032,Linda Collins MD,11,6,14944,0,5,4,4,13,544,Champions
6036,Rhonda Bryant,48,6,18143,1,5,4,4,13,544,Champions
6037,Randall Bright,174,9,19262,0,3,5,4,12,354,Loyal Customers
6040,Karen Carey,25,7,19068,0,5,4,4,13,544,Champions
6042,Devon Wilson,87,7,26047,0,4,4,5,13,445,Champions
6057,Donald Miller,174,7,20120,1,3,4,5,12,345,Loyal Customers
6060,Christopher White,84,9,26295,0,4,5,5,14,455,Champions
6064,Richard Guzman,31,8,22189,0,5,5,5,15,555,Champions
6066,William Jones,67,10,21395,1,4,5,5,14,455,Champions
6067,Alexandria Robertson,128,8,21406,1,4,5,5,14,455,Champions
6068,Melissa Williams,192,7,23750,0,3,4,5,12,345,Loyal Customers
6070,Diana Robbins DDS,6,7,20480,0,5,4,5,14,545,Champions
6075,Vincent Baker MD,26,6,14569,0,5,4,3,12,543,Loyal Customers
6079,Janet Blair,211,7,24478,0,3,4,5,12,345,Loyal Customers
6080,Michael Maldonado,220,9,25607,0,3,5,5,13,355,Loyal Customers
6085,Jacqueline Salinas,81,8,27547,0,4,5,5,14,455,Champions
6089,Megan Reed,114,10,26384,0,4,5,5,14,455,Champions
6093,Megan Woodard,97,7,19086,0,4,4,4,12,444,Champions
6095,Terry Barry,19,7,19959,1,5,4,5,14,545,Champions
6101,Tiffany Perez,70,9,29248,0,4,5,5,14,455,Champions
6105,Susan Jackson,92,7,20124,0,4,4,5,13,445,Champions
6107,Michael Wilcox,41,8,29973,0,5,5,5,15,555,Champions
6108,Ian Flores,88,8,23911,0,4,5,5,14,455,Champions
6109,Crystal Griffin,182,7,23443,0,3,4,5,12,345,Loyal Customers
6110,Jennifer Beasley,11,9,20906,0,5,5,5,15,555,Champions
6112,Ryan Todd,11,9,17805,0,5,5,4,14,554,Champions
6114,Sherry Richardson,22,6,18349,0,5,4,4,13,544,Champions
6123,Steven Fernandez,17,9,28765,0,5,5,5,15,555,Champions
6127,Tammy Bradley,12,7,16106,0,5,4,4,13,544,Champions
6128,Amanda Bishop,90,8,20318,0,4,5,5,14,455,Champions
6131,Danielle Hess,79,9,23543,0,4,5,5,14,455,Champions
6133,Donald Caldwell,79,11,24224,0,4,5,5,14,455,Champions
6135,Alicia Newton,58,5,16077,1,5,3,4,12,534,Potential Loyalists
6142,Willie Smith,147,11,27474,0,3,5,5,13,355,Loyal Customers
6145,Stephen Cooper,50,7,20759,0,5,4,5,14,545,Champions
6147,Calvin Bonilla,233,11,28588,0,3,5,5,13,355,Loyal Customers
6149,Meagan Burgess,136,8,14821,0,4,5,4,13,454,Champions
6154,Ryan Page,35,7,21325,0,5,4,5,14,545,Champions
6170,Benjamin Williams,187,8,21774,0,3,5,5,13,355,Loyal Customers
6173,Marc Carter,68,7,19116,1,4,4,4,12,444,Champions
6177,Tricia Curtis,16,9,24583,0,5,5,5,15,555,Champions
6181,Sarah Frazier,146,9,26609,0,3,5,5,13,355,Loyal Customers
6187,Angelica Perez,182,10,29293,0,3,5,5,13,355,Loyal Customers
6188,Chloe Arroyo,271,9,21898,0,2,5,5,12,255,At Risk
6194,Kelly Rice,114,8,18989,0,4,5,4,13,454,Champions
6206,Lawrence Doyle,56,7,16046,0,5,4,4,13,544,Champions
6207,Tracey Rowe,213,6,19961,0,3,4,5,12,345,Loyal Customers
6210,Sheila Hawkins,21,6,14112,0,5,4,3,12,543,Loyal Customers
6212,Theodore Carter,156,7,21816,0,3,4,5,12,345,Loyal Customers
6216,Nicholas Johnson,57,9,29953,0,5,5,5,15,555,Champions
6221,Kevin Smith,63,7,19160,1,4,4,4,12,444,Champions
6226,John Cox,186,11,28028,0,3,5,5,13,355,Loyal Customers
6231,Michael Mays,26,9,21318,0,5,5,5,15,555,Champions
6239,April Richardson,205,8,21962,0,3,5,5,13,355,Loyal Customers
6240,Michael Blackwell,40,8,23041,0,5,5,5,15,555,Champions
6245,Jason Franklin,140,10,25847,0,3,5,5,13,355,Loyal Customers
6246,Sydney Freeman,77,7,21447,1,4,4,5,13,445,Champions
6247,Scott Owen,84,8,20771,0,4,5,5,14,455,Champions
6256,Amanda Walker,34,5,15844,1,5,3,4,12,534,Potential Loyalists
6258,Madeline Williams,15,7,15914,1,5,4,4,13,544,Champions
6259,Wesley Brown,77,6,16718,0,4,4,4,12,444,Champions
6263,Ralph Cox,50,9,28207,0,5,5,5,15,555,Champions
6266,Kenneth Floyd,33,6,12048,0,5,4,3,12,543,Loyal Customers
6267,Jorge Henderson,124,9,16241,0,4,5,4,13,454,Champions
6280,Kimberly Lopez,189,8,21970,0,3,5,5,13,355,Loyal Customers
6283,Antonio Williams,130,8,18173,0,4,5,4,13,454,Champions
6288,Michael Gibson,45,5,16340,1,5,3,4,12,534,Potential Loyalists
6289,Thomas Warren,9,7,16767,0,5,4,4,13,544,Champions
6292,Jeanette Watson,56,6,11446,0,5,4,3,12,543,Loyal Customers
6297,Joshua Doyle,94,7,18984,0,4,4,4,12,444,Champions
6298,Christine Williams,62,8,19281,1,4,5,5,14,455,Champions
6305,Paul Reed,12,8,18620,1,5,5,4,14,554,Champions
6314,Barbara Goodman,32,9,14357,0,5,5,3,13,553,Loyal Customers
6315,Nicole Parker,170,7,22485,0,3,4,5,12,345,Loyal Customers
6316,Samuel Roberts,131,7,19322,0,4,4,5,13,445,Champions
6321,Edward Pearson,237,7,22794,0,3,4,5,12,345,Loyal Customers
6326,Brandy Nunez,140,8,21385,0,3,5,5,13,355,Loyal Customers
6328,Alex Waller DDS,60,7,20800,0,4,4,5,13,445,Champions
6331,Christine Rhodes,9,7,19548,1,5,4,5,14,545,Champions
6332,Katie Martinez,53,9,19898,0,5,5,5,15,555,Champions
6340,Melissa Roach,24,7,20117,0,5,4,5,14,545,Champions
6348,William Nelson,28,6,19859,0,5,4,5,14,545,Champions
6349,Jacob Brooks,17,10,29075,1,5,5,5,15,555,Champions
6353,Joseph Reese,46,9,29609,1,5,5,5,15,555,Champions
6355,Victoria Henry,66,7,19865,0,4,4,5,13,445,Champions
6356,Richard Howard,9,6,14745,1,5,4,3,12,543,Loyal Customers
6357,Steven Sullivan,5,8,18353,0,5,5,4,14,554,Champions
6359,Stacey Romero,32,6,16104,0,5,4,4,13,544,Champions
6362,April Cox,37,8,17041,0,5,5,4,14,554,Champions
6367,Sean Sutton,47,6,17960,0,5,4,4,13,544,Champions
6369,April Mckinney,2,8,19002,1,5,5,4,14,554,Champions
6372,Jose Thomas,119,7,19409,1,4,4,5,13,445,Champions
6380,Christy Bean,125,7,19615,0,4,4,5,13,445,Champions
6381,Jamie Austin,29,6,15901,0,5,4,4,13,544,Champions
6382,Meagan Johnson,59,6,15892,0,5,4,4,13,544,Champions
6383,Lynn Robertson,131,6,17266,0,4,4,4,12,444,Champions
6387,Sheila Gonzalez,220,8,24889,0,3,5,5,13,355,Loyal Customers
6390,Stephen Kline,65,13,27096,0,4,5,5,14,455,Champions
6394,Luis Warren,169,9,23106,0,3,5,5,13,355,Loyal Customers
6399,Nicholas Gilbert,164,8,25835,0,3,5,5,13,355,Loyal Customers
6401,George Shannon,55,7,24959,0,5,4,5,14,545,Champions
6408,George Gordon,31,7,16610,0,5,4,4,13,544,Champions
6409,Monique Harris,71,9,23430,0,4,5,5,14,455,Champions
6411,Sherry Taylor,187,6,20598,0,3,4,5,12,345,Loyal Customers
6413,Michael Salazar,184,8,26709,0,3,5,5,13,355,Loyal Customers
6426,Patricia Elliott,86,15,36241,0,4,5,5,14,455,Champions
6427,Andrew Davis,61,9,15177,0,4,5,4,13,454,Champions
6430,Richard Hunter,111,7,25845,0,4,4,5,13,445,Champions
6433,Joanna Acosta,3,9,24631,0,5,5,5,15,555,Champions
6435,Calvin Moore,102,6,15899,1,4,4,4,12,444,Champions
6436,Angela Campbell,23,6,21288,0,5,4,5,14,545,Champions
6437,Diana Evans,98,7,19477,0,4,4,5,13,445,Champions
6439,David Mendoza,5,10,27832,0,5,5,5,15,555,Champions
6443,Richard Hamilton,55,6,13525,0,5,4,3,12,543,Loyal Customers
6446,Nicole Sanchez,97,6,21071,0,4,4,5,13,445,Champions
6448,Emily Lowery,165,9,25209,0,3,5,5,13,355,Loyal Customers
6457,Sarah Mitchell,51,6,21554,1,5,4,5,14,545,Champions
6463,Amber Miller,82,9,23211,0,4,5,5,14,455,Champions
6466,Tiffany Hernandez,99,8,22367,1,4,5,5,14,455,Champions
6470,Brenda Jordan,116,8,20857,0,4,5,5,14,455,Champions
6478,Colleen Jackson,181,8,20771,1,3,5,5,13,355,Loyal Customers
6480,Casey Crawford,15,10,25530,0,5,5,5,15,555,Champions
6482,Sara Santos,315,8,21534,0,2,5,5,12,255,At Risk
6495,Andrea Allen,16,7,27879,0,5,4,5,14,545,Champions
6498,Jeanette Miller,79,6,18142,0,4,4,4,12,444,Champions
6502,Heather Lewis,216,9,20129,1,3,5,5,13,355,Loyal Customers
6505,Melissa Smith,6,6,12779,1,5,4,3,12,543,Loyal Customers
6506,Laura Harris,83,9,21684,0,4,5,5,14,455,Champions
6508,Kyle Matthews,59,9,16190,0,5,5,4,14,554,Champions
6509,Jacqueline Holt,10,6,17980,0,5,4,4,13,544,Champions
6517,Jennifer Petty,7,5,16431,1,5,3,4,12,534,Potential Loyalists
6522,Victoria Smith,31,9,25705,0,5,5,5,15,555,Champions
6525,Lisa Richards,77,7,16633,0,4,4,4,12,444,Champions
6529,Alfred Rangel,304,8,22101,0,2,5,5,12,255,At Risk
6531,Emily Garcia,71,8,22110,0,4,5,5,14,455,Champions
6532,Dominique Glenn,16,7,15362,0,5,4,4,13,544,Champions
6534,Julie Greene,44,7,19372,0,5,4,5,14,545,Champions
6537,Joseph Campos,31,9,29970,0,5,5,5,15,555,Champions
6538,Kathryn Watkins,38,8,18745,1,5,5,4,14,554,Champions
6540,Anthony Peck,88,5,19879,0,4,3,5,12,435,Potential Loyalists
6544,Matthew Perez,101,7,20184,0,4,4,5,13,445,Champions
6550,David Kim,166,7,26304,0,3,4,5,12,345,Loyal Customers
6554,Darren Fields,126,8,13260,0,4,5,3,12,453,Loyal Customers
6555,Tiffany Hendricks,252,8,24709,0,2,5,5,12,255,At Risk
6559,Whitney Livingston,12,7,25771,0,5,4,5,14,545,Champions
6564,James Robinson,86,6,17512,0,4,4,4,12,444,Champions
6565,Christopher Short,161,8,16807,0,3,5,4,12,354,Loyal Customers
6566,Mr. Billy Silva DDS,1,6,22718,0,5,4,5,14,545,Champions
6568,Eric Mason,38,6,19871,0,5,4,5,14,545,Champions
6571,James Hill,205,9,22143,0,3,5,5,13,355,Loyal Customers
6572,John Herrera,45,8,18243,1,5,5,4,14,554,Champions
6584,Tammy Curtis,15,9,28557,0,5,5,5,15,555,Champions
6591,Kristy Terrell,304,9,29699,1,2,5,5,12,255,At Risk
6606,Chloe Jones,40,6,18956,0,5,4,4,13,544,Champions
6616,Jeffrey Hicks,118,6,15114,0,4,4,4,12,444,Champions
6617,Lisa Smith,46,7,12708,0,5,4,3,12,543,Loyal Customers
6620,Carla Miller,183,9,28715,0,3,5,5,13,355,Loyal Customers
6623,Kelsey Nash,111,8,24646,0,4,5,5,14,455,Champions
6625,Jason Garcia,52,7,15749,1,5,4,4,13,544,Champions
6628,Kevin Martinez,7,7,24506,0,5,4,5,14,545,Champions
6629,Brittany Simpson,222,10,23621,1,3,5,5,13,355,Loyal Customers
6632,Brian Howard DDS,207,6,20549,0,3,4,5,12,345,Loyal Customers
6635,Lonnie Harrison,57,7,17724,0,5,4,4,13,544,Champions
6638,Spencer Johnson,15,9,24935,0,5,5,5,15,555,Champions
6640,Brian Branch,36,6,15864,0,5,4,4,13,544,Champions
6650,Diamond Pitts,174,7,21524,1,3,4,5,12,345,Loyal Customers
6653,Nicole Flores,85,6,16596,0,4,4,4,12,444,Champions
6655,Michael Cook,31,12,32952,0,5,5,5,15,555,Champions
6658,Mindy Moody,243,7,29082,0,3,4,5,12,345,Loyal Customers
6659,Beth Branch,175,11,23200,0,3,5,5,13,355,Loyal Customers
6661,Krista Gonzalez,22,7,23788,0,5,4,5,14,545,Champions
6662,Andrea Sanchez,167,11,26035,1,3,5,5,13,355,Loyal Customers
6666,Karla Mack,6,8,27025,0,5,5,5,15,555,Champions
6668,John Jones,169,8,21094,1,3,5,5,13,355,Loyal Customers
6669,David King,353,8,20681,0,2,5,5,12,255,At Risk
6670,Angela Allen,96,7,15875,0,4,4,4,12,444,Champions
6680,Dennis Brown,84,7,18030,0,4,4,4,12,444,Champions
6681,Abigail Rice,35,6,11774,0,5,4,3,12,543,Loyal Customers
6682,William Villanueva,128,6,19543,0,4,4,5,13,445,Champions
6683,Erik Curry,22,6,15429,0,5,4,4,13,544,Champions
6685,Marc Stevens,180,7,21119,0,3,4,5,12,345,Loyal Customers
6687,Monica Jordan,240,10,18909,0,3,5,4,12,354,Loyal Customers
6693,Evelyn Sullivan,98,7,15052,1,4,4,4,12,444,Champions
6699,Andre Hernandez,9,7,23193,0,5,4,5,14,545,Champions
6702,Dylan Gomez,219,8,19169,0,3,5,4,12,354,Loyal Customers
6705,Tonya Turner,145,7,24236,1,3,4,5,12,345,Loyal Customers
6707,David Leon,18,6,16984,1,5,4,4,13,544,Champions
6723,Kelly Howard,51,5,16377,0,5,3,4,12,534,Potential Loyalists
6724,Charles Donaldson,58,6,14026,0,5,4,3,12,543,Loyal Customers
6725,Louis Oneal,73,6,18315,1,4,4,4,12,444,Champions
6726,Brenda Roy,133,9,23097,1,4,5,5,14,455,Champions
6727,Richard Perez,162,7,19455,1,3,4,5,12,345,Loyal Customers
6728,Catherine Velasquez,65,8,19078,0,4,5,4,13,454,Champions
6733,Morgan Wiley,7,10,29497,0,5,5,5,15,555,Champions
6734,Andrea Lang,88,6,22022,0,4,4,5,13,445,Champions
6736,Daniel Brandt,10,9,24134,0,5,5,5,15,555,Champions
6737,Emily Willis,25,7,21575,0,5,4,5,14,545,Champions
6738,Jacob Mcgee,64,10,29538,1,4,5,5,14,455,Champions
6740,Regina Livingston,54,8,21252,1,5,5,5,15,555,Champions
6741,Matthew Flores,269,8,28063,1,2,5,5,12,255,At Risk
6743,Eric Wilson,29,5,15360,0,5,3,4,12,534,Potential Loyalists
6748,Tracy Gross,85,7,20624,0,4,4,5,13,445,Champions
6756,Diana Bautista,276,8,23430,0,2,5,5,12,255,At Risk
6760,Kelly Miller,115,8,24669,1,4,5,5,14,455,Champions
6766,Anne Silva,309,8,19641,1,2,5,5,12,255,At Risk
6769,Joshua Howe,249,9,19536,0,2,5,5,12,255,At Risk
6771,Carolyn Foster,176,7,22525,0,3,4,5,12,345,Loyal Customers
6775,Eric Blankenship,36,7,15977,0,5,4,4,13,544,Champions
6786,Peter Williamson,14,12,42385,1,5,5,5,15,555,Champions
6789,Andrew Salazar,294,11,39574,0,2,5,5,12,255,At Risk
6793,Nicholas Richards,49,6,12278,0,5,4,3,12,543,Loyal Customers
6806,Vanessa Snyder,5,8,19951,1,5,5,5,15,555,Champions
6807,Benjamin Fisher,149,7,26686,0,3,4,5,12,345,Loyal Customers
6811,Nicole Doyle,143,8,23575,0,3,5,5,13,355,Loyal Customers
6815,Brittany Woodward,43,12,33833,0,5,5,5,15,555,Champions
6817,Jaclyn Allen,243,9,27580,1,3,5,5,13,355,Loyal Customers
6818,Susan Hanson,15,5,15274,0,5,3,4,12,534,Potential Loyalists
6822,David Williams,250,8,25948,0,2,5,5,12,255,At Risk
6833,Renee Nichols,99,8,26754,0,4,5,5,14,455,Champions
6849,Susan Kennedy,42,8,28393,0,5,5,5,15,555,Champions
6852,Matthew Mccullough,134,7,17251,1,4,4,4,12,444,Champions
6853,Paul Gutierrez,43,5,16350,0,5,3,4,12,534,Potential Loyalists
6854,Chad Thompson,2,5,15550,0,5,3,4,12,534,Potential Loyalists
6855,Mr. Donald Miller,239,10,25474,1,3,5,5,13,355,Loyal Customers
6857,Matthew Rivera,242,7,21441,1,3,4,5,12,345,Loyal Customers
6858,Jessica Carter,29,6,16024,0,5,4,4,13,544,Champions
6865,Alexander Jones,24,6,13498,0,5,4,3,12,543,Loyal Customers
6870,Troy Yates,37,6,16456,0,5,4,4,13,544,Champions
6871,Julie Williamson,34,9,21869,0,5,5,5,15,555,Champions
6874,Ricardo Nelson,49,8,20108,0,5,5,5,15,555,Champions
6876,Teresa Ortiz DVM,359,12,25014,0,2,5,5,12,255,At Risk
6882,Nicole Reed,400,9,24163,0,2,5,5,12,255,At Risk
6884,Melissa Montoya,118,8,19136,0,4,5,4,13,454,Champions
6885,Dana Smith,127,8,16972,0,4,5,4,13,454,Champions
6888,John Cuevas,201,6,21067,0,3,4,5,12,345,Loyal Customers
6892,Denise Schmidt,172,7,21872,0,3,4,5,12,345,Loyal Customers
6893,Karen Jones,52,5,17277,1,5,3,4,12,534,Potential Loyalists
6894,Michael Adams,106,7,22756,0,4,4,5,13,445,Champions
6897,Corey Miller,203,9,28435,1,3,5,5,13,355,Loyal Customers
6900,William Russell DDS,12,5,17286,0,5,3,4,12,534,Potential Loyalists
6903,Brenda Porter,34,5,17359,0,5,3,4,12,534,Potential Loyalists
6904,Logan Mueller,214,7,24496,0,3,4,5,12,345,Loyal Customers
6917,Francisco Kelley,1,7,20630,0,5,4,5,14,545,Champions
6919,Raymond Smith,242,7,20256,0,3,4,5,12,345,Loyal Customers
6922,Tim Maynard,41,6,19346,0,5,4,5,14,545,Champions
6924,David Quinn,185,10,30259,0,3,5,5,13,355,Loyal Customers
6926,Ashley Gordon,41,8,21775,0,5,5,5,15,555,Champions
6927,Deanna Underwood,104,6,20042,0,4,4,5,13,445,Champions
6930,Karen Riley,103,9,27888,0,4,5,5,14,455,Champions
6931,Diamond Henderson,197,8,18711,0,3,5,4,12,354,Loyal Customers
6934,Marc Anderson,15,6,18138,1,5,4,4,13,544,Champions
6939,Mark Stafford,69,9,20480,0,4,5,5,14,455,Champions
6940,Kimberly Johnson,162,8,23045,0,3,5,5,13,355,Loyal Customers
6941,Raymond Reyes,1,9,29978,0,5,5,5,15,555,Champions
6942,Samuel Larson,14,6,15469,0,5,4,4,13,544,Champions
6947,Traci Jimenez,223,9,27704,0,3,5,5,13,355,Loyal Customers
6950,Emily Turner,5,5,15137,0,5,3,4,12,534,Potential Loyalists
6951,Sara Gray,17,7,12504,0,5,4,3,12,543,Loyal Customers
6952,Jessica Allen,19,7,16727,1,5,4,4,13,544,Champions
6963,Connor Holmes,119,9,33358,1,4,5,5,14,455,Champions
6968,Travis Gonzalez,38,7,25716,0,5,4,5,14,545,Champions
6970,Sean Phillips,218,7,22342,0,3,4,5,12,345,Loyal Customers
6974,Lauren Santiago,55,8,24070,1,5,5,5,15,555,Champions
6982,Michael Kim,202,7,20999,0,3,4,5,12,345,Loyal Customers
6990,Kevin Owens,60,8,26421,0,4,5,5,14,455,Champions
6993,Lori Townsend,11,7,15787,1,5,4,4,13,544,Champions
6996,Antonio Liu,19,6,15976,1,5,4,4,13,544,Champions
6999,Richard Stephens II,191,7,19424,1,3,4,5,12,345,Loyal Customers
7001,Dale Gonzales,424,10,32510,0,2,5,5,12,255,At Risk
7012,Paula Smith,99,7,17958,0,4,4,4,12,444,Champions
7018,Karina Knox,86,10,28127,0,4,5,5,14,455,Champions
7021,Darren Little,21,6,18813,1,5,4,4,13,544,Champions
7022,Dr. Shannon Booth DVM,35,9,20266,1,5,5,5,15,555,Champions
7024,Andrew Jackson,150,8,22313,0,3,5,5,13,355,Loyal Customers
7027,Marco Long,47,8,23453,0,5,5,5,15,555,Champions
7028,Michelle Johnson,171,7,23568,0,3,4,5,12,345,Loyal Customers
7029,Ashley Miller,87,8,27278,0,4,5,5,14,455,Champions
7030,Laura Noble,18,6,26575,0,5,4,5,14,545,Champions
7040,Juan Walker,35,7,20334,0,5,4,5,14,545,Champions
7042,Kim Mccall,96,6,20607,0,4,4,5,13,445,Champions
7049,Daniel Byrd,39,6,16668,0,5,4,4,13,544,Champions
7054,Susan Ruiz,42,10,25607,0,5,5,5,15,555,Champions
7055,Jared Baker,80,6,17287,1,4,4,4,12,444,Champions
7056,Kelsey Jones,17,8,21192,0,5,5,5,15,555,Champions
7065,Sophia Cameron,59,6,18622,0,5,4,4,13,544,Champions
7071,Bryan Rojas,13,6,16913,0,5,4,4,13,544,Champions
7073,Sandra Shah,75,8,21429,1,4,5,5,14,455,Champions
7074,Connie Stuart,345,9,33519,0,2,5,5,12,255,At Risk
7078,Robert Fuller,38,5,18468,0,5,3,4,12,534,Potential Loyalists
7079,Kimberly Allen,119,7,21012,0,4,4,5,13,445,Champions
7086,Victoria Harris,20,7,18959,0,5,4,4,13,544,Champions
7092,Jonathan Harrison,16,7,24055,0,5,4,5,14,545,Champions
7094,Zachary Allen,39,5,16989,0,5,3,4,12,534,Potential Loyalists
7099,Amy Howard,29,7,20599,0,5,4,5,14,545,Champions
7102,Patricia Davis,347,9,29730,1,2,5,5,12,255,At Risk
7105,Alexis Logan,68,10,19669,0,4,5,5,14,455,Champions
7113,Martin Barber,31,7,19177,0,5,4,4,13,544,Champions
7115,Ms. Sarah Ortega,88,7,19035,0,4,4,4,12,444,Champions
7126,Dominique Brown,8,8,23385,0,5,5,5,15,555,Champions
7129,Catherine Gardner,63,9,25834,0,4,5,5,14,455,Champions
7133,Candace Hartman,118,11,34096,0,4,5,5,14,455,Champions
7135,James Hill,115,6,19447,0,4,4,5,13,445,Champions
7139,Paul Brown,66,7,24174,0,4,4,5,13,445,Champions
7141,Stephanie Mcdonald,30,6,16159,0,5,4,4,13,544,Champions
7143,Mary Singh,0,6,17368,0,5,4,4,13,544,Champions
7148,Kayla Hunt,26,6,17635,0,5,4,4,13,544,Champions
7151,Taylor Smith,23,8,14284,1,5,5,3,13,553,Loyal Customers
7152,Zachary Logan,38,6,15188,0,5,4,4,13,544,Champions
7162,Guy Mccullough,0,9,16421,0,5,5,4,14,554,Champions
7164,Jennifer Sanchez,72,10,34567,0,4,5,5,14,455,Champions
7165,Manuel Berg,103,13,39937,0,4,5,5,14,455,Champions
7168,Crystal Miller,68,9,19027,0,4,5,4,13,454,Champions
7176,Rachel Barnes,41,8,20141,0,5,5,5,15,555,Champions
7177,Brittany Berger,32,5,17557,0,5,3,4,12,534,Potential Loyalists
7185,Tracie Walker,142,8,24276,0,3,5,5,13,355,Loyal Customers
7186,Alicia Barron,155,7,25636,0,3,4,5,12,345,Loyal Customers
7190,Christina Foster,79,8,26126,0,4,5,5,14,455,Champions
7191,Thomas Glenn,3,7,13932,0,5,4,3,12,543,Loyal Customers
7194,Jacqueline Cline,12,10,24676,1,5,5,5,15,555,Champions
7196,Richard Butler,77,6,15176,0,4,4,4,12,444,Champions
7203,Marcus Wilson,38,8,18590,0,5,5,4,14,554,Champions
7204,Benjamin Morris,55,7,22766,0,5,4,5,14,545,Champions
7209,Ricky Wolf MD,288,9,21550,0,2,5,5,12,255,At Risk
7213,Amy Lopez,158,6,19568,0,3,4,5,12,345,Loyal Customers
7215,Charles Williams,32,8,20070,1,5,5,5,15,555,Champions
7216,Stephen Mcdaniel,22,6,11935,1,5,4,3,12,543,Loyal Customers
7222,Kendra Lane DVM,20,7,22372,0,5,4,5,14,545,Champions
7223,Teresa Zavala,102,6,16123,0,4,4,4,12,444,Champions
7224,James Vasquez,49,6,17391,0,5,4,4,13,544,Champions
7229,Melissa Abbott,194,8,23060,0,3,5,5,13,355,Loyal Customers
7230,Jacob Swanson,59,12,30523,0,5,5,5,15,555,Champions
7231,Jessica Mcdonald,72,8,19321,0,4,5,5,14,455,Champions
7232,Taylor Holland,35,8,21872,0,5,5,5,15,555,Champions
7234,Sherry Villanueva,187,7,20642,0,3,4,5,12,345,Loyal Customers
7237,Brandon Pearson,20,9,23505,0,5,5,5,15,555,Champions
7238,Ruth Luna,95,9,20523,0,4,5,5,14,455,Champions
7240,Andrew Carney,48,8,20849,0,5,5,5,15,555,Champions
7241,Chad Davis,182,8,18362,0,3,5,4,12,354,Loyal Customers
7245,Emily Wilson,85,6,18992,0,4,4,4,12,444,Champions
7247,Dr. Steven Smith DVM,197,8,19569,0,3,5,5,13,355,Loyal Customers
7248,Thomas Meyer,128,7,17330,1,4,4,4,12,444,Champions
7250,Trevor Holmes,58,9,33515,0,5,5,5,15,555,Champions
7256,Eric Knapp,50,7,20893,1,5,4,5,14,545,Champions
7259,David Moody,76,8,29801,0,4,5,5,14,455,Champions
7267,Paula Mcclure,36,7,23098,0,5,4,5,14,545,Champions
7268,John Jensen,219,6,21585,1,3,4,5,12,345,Loyal Customers
7269,Elizabeth Thomas,219,7,21550,0,3,4,5,12,345,Loyal Customers
7271,Danielle Palmer,19,11,31041,0,5,5,5,15,555,Champions
7277,Pamela Frederick,39,6,18936,0,5,4,4,13,544,Champions
7279,Rachael Burns,21,5,15244,0,5,3,4,12,534,Potential Loyalists
7283,Rebecca Wheeler,25,8,16601,1,5,5,4,14,554,Champions
7289,Sharon Hayden,25,7,21621,1,5,4,5,14,545,Champions
7291,Sherry Bullock,8,7,13651,1,5,4,3,12,543,Loyal Customers
7292,Sean Lloyd,51,5,17911,0,5,3,4,12,534,Potential Loyalists
7293,Amanda Gibson,186,10,25961,0,3,5,5,13,355,Loyal Customers
7299,Eric Morris,40,13,33208,0,5,5,5,15,555,Champions
7300,Sara Sanchez,24,8,22505,0,5,5,5,15,555,Champions
7304,Janet Lewis,102,7,17516,0,4,4,4,12,444,Champions
7308,Mrs. Erica Rodriguez,120,9,27607,1,4,5,5,14,455,Champions
7311,Kyle Wilson,142,7,22070,0,3,4,5,12,345,Loyal Customers
7323,Gabriella Smith,66,8,23442,1,4,5,5,14,455,Champions
7325,Brian Hayes,44,7,13234,0,5,4,3,12,543,Loyal Customers
7335,Sheila Webb,82,8,17990,0,4,5,4,13,454,Champions
7343,Peter Smith,211,7,22610,1,3,4,5,12,345,Loyal Customers
7349,Peter Lee,76,9,25317,1,4,5,5,14,455,Champions
7351,Mike Hays,25,5,17647,1,5,3,4,12,534,Potential Loyalists
7352,William Hill,46,9,18960,0,5,5,4,14,554,Champions
7354,Robert Grant,52,6,15873,0,5,4,4,13,544,Champions
7356,Vanessa Ibarra MD,25,5,16306,0,5,3,4,12,534,Potential Loyalists
7362,Mackenzie Moreno,39,9,26268,0,5,5,5,15,555,Champions
7365,Tina Miller,358,9,24406,0,2,5,5,12,255,At Risk
7366,Jill Parker,36,9,26401,0,5,5,5,15,555,Champions
7369,Todd Jackson,98,9,25944,1,4,5,5,14,455,Champions
7370,Lynn Ray,137,8,18691,0,3,5,4,12,354,Loyal Customers
7377,Amanda Watson,79,9,23302,0,4,5,5,14,455,Champions
7378,Shannon Benton,122,9,18648,0,4,5,4,13,454,Champions
7379,Tracy Tyler,8,9,26383,1,5,5,5,15,555,Champions
7383,Shawn Abbott,23,7,19493,1,5,4,5,14,545,Champions
7387,Richard Ramirez,136,6,17841,0,4,4,4,12,444,Champions
7388,Pam Nguyen,277,8,21615,0,2,5,5,12,255,At Risk
7390,Adam Jones,27,9,26033,0,5,5,5,15,555,Champions
7391,Heather Sanders,293,10,33411,0,2,5,5,12,255,At Risk
7395,Joe Hughes,8,6,13048,0,5,4,3,12,543,Loyal Customers
7396,Monica Brooks,53,7,23914,0,5,4,5,14,545,Champions
7401,Micheal Hull,46,10,22633,0,5,5,5,15,555,Champions
7407,Curtis Miller,64,10,23492,0,4,5,5,14,455,Champions
7409,Joy Smith,57,9,20948,0,5,5,5,15,555,Champions
7410,Brittany Allen DDS,198,9,24741,0,3,5,5,13,355,Loyal Customers
7413,Richard Copeland,42,5,18481,0,5,3,4,12,534,Potential Loyalists
7419,Rachel Jackson,264,9,21241,0,2,5,5,12,255,At Risk
7425,Sharon Hamilton,71,8,25984,0,4,5,5,14,455,Champions
7430,Elizabeth Harrison,38,6,16147,0,5,4,4,13,544,Champions
7433,Michael Woods,1,10,27196,0,5,5,5,15,555,Champions
7434,James Hamilton,90,6,18791,0,4,4,4,12,444,Champions
7436,Mark Thomas,75,6,15418,0,4,4,4,12,444,Champions
7439,Adrian Weiss,40,7,19842,0,5,4,5,14,545,Champions
7441,Allison Mcdaniel,49,6,13630,0,5,4,3,12,543,Loyal Customers
7442,Tyler Brewer,38,13,28183,0,5,5,5,15,555,Champions
7445,Mallory Boyd,97,6,16654,0,4,4,4,12,444,Champions
7450,Jordan Villa,3,8,23612,1,5,5,5,15,555,Champions
7452,Clarence Bradshaw,8,7,18556,0,5,4,4,13,544,Champions
7458,Amber Hardy,114,6,15662,0,4,4,4,12,444,Champions
7464,Angela Manning,27,8,24439,0,5,5,5,15,555,Champions
7465,Alyssa Oliver,284,8,29051,0,2,5,5,12,255,At Risk
7471,Tamara Larson,52,8,22034,0,5,5,5,15,555,Champions
7474,Luis Moore,19,7,22528,0,5,4,5,14,545,Champions
7475,Dawn Schwartz,114,8,20186,0,4,5,5,14,455,Champions
7484,Jeffrey Hamilton,18,6,13888,0,5,4,3,12,543,Loyal Customers
7489,Joseph Mann,14,8,18339,0,5,5,4,14,554,Champions
7490,Joseph Griffin,41,5,15455,0,5,3,4,12,534,Potential Loyalists
7491,Whitney White,211,8,23824,0,3,5,5,13,355,Loyal Customers
7496,Brandon Summers,76,5,19895,0,4,3,5,12,435,Potential Loyalists
7497,Nathan Brady,43,8,18234,1,5,5,4,14,554,Champions
7510,Jessica Collins,21,9,15756,0,5,5,4,14,554,Champions
7515,Michelle Bond,37,6,19802,1,5,4,5,14,545,Champions
7519,Brian Sanchez,158,10,24591,0,3,5,5,13,355,Loyal Customers
7523,Joshua Barry,2,6,20231,0,5,4,5,14,545,Champions
7524,Jonathon Smith,104,10,28139,0,4,5,5,14,455,Champions
7528,Linda Carrillo,27,6,15337,0,5,4,4,13,544,Champions
7534,Matthew Bonilla DDS,198,10,36999,0,3,5,5,13,355,Loyal Customers
7539,Rickey Phillips,277,8,20752,0,2,5,5,12,255,At Risk
7547,Christina Miller,197,9,25406,0,3,5,5,13,355,Loyal Customers
7549,Molly Green,17,7,22364,0,5,4,5,14,545,Champions
7553,Linda Moore,13,5,15371,0,5,3,4,12,534,Potential Loyalists
7555,Robert Jackson,75,7,18955,1,4,4,4,12,444,Champions
7566,Stefanie Peterson,93,6,21806,0,4,4,5,13,445,Champions
7569,Robert Parsons,100,7,20642,0,4,4,5,13,445,Champions
7571,Mitchell Cohen,168,8,25342,0,3,5,5,13,355,Loyal Customers
7572,Chris Chapman,243,7,19934,0,3,4,5,12,345,Loyal Customers
7576,Scott Valdez,198,8,23902,0,3,5,5,13,355,Loyal Customers
7580,Thomas Hall,45,8,17224,0,5,5,4,14,554,Champions
7582,Mary Knight,62,5,19388,0,4,3,5,12,435,Potential Loyalists
7584,Deanna Baird,107,8,20000,0,4,5,5,14,455,Champions
7601,Jackie Carter,25,8,20046,0,5,5,5,15,555,Champions
7605,Donna Perry,50,6,22220,0,5,4,5,14,545,Champions
7606,Daniel Gibbs,69,8,18558,0,4,5,4,13,454,Champions
7611,Joseph Chase,204,7,21062,0,3,4,5,12,345,Loyal Customers
7612,Kevin Sparks,169,8,24681,1,3,5,5,13,355,Loyal Customers
7622,Ronald Walker,93,6,17747,0,4,4,4,12,444,Champions
7645,Jennifer Ross,322,8,22239,0,2,5,5,12,255,At Risk
7647,Mark Stephens,18,6,16428,0,5,4,4,13,544,Champions
7648,Dean Warner,64,6,21787,0,4,4,5,13,445,Champions
7651,Mary Williams,22,7,27767,0,5,4,5,14,545,Champions
7658,Craig Garner DDS,20,12,36205,0,5,5,5,15,555,Champions
7664,Joshua Lewis,132,8,22330,0,4,5,5,14,455,Champions
7667,Gwendolyn Gutierrez,27,8,21601,0,5,5,5,15,555,Champions
7668,Dr. Lori Alvarez,73,6,15429,1,4,4,4,12,444,Champions
7674,Mrs. Stacy Mckenzie,63,9,21254,0,4,5,5,14,455,Champions
7679,Jamie Rosales,26,7,25421,0,5,4,5,14,545,Champions
7682,Scott Thompson,85,8,11649,0,4,5,3,12,453,Loyal Customers
7687,Felicia Foster,103,8,25679,0,4,5,5,14,455,Champions
7688,Dr. Timothy Lynn,330,9,21859,0,2,5,5,12,255,At Risk
7689,Kirsten Kline,148,8,24876,0,3,5,5,13,355,Loyal Customers
7691,Christopher Espinoza,21,8,18671,0,5,5,4,14,554,Champions
7697,Daniel Baker,12,8,12049,0,5,5,3,13,553,Loyal Customers
7709,Devon Rubio,79,8,25901,0,4,5,5,14,455,Champions
7711,Daniel Sanchez,142,6,22540,0,3,4,5,12,345,Loyal Customers
7714,James Rodriguez,242,8,29686,1,3,5,5,13,355,Loyal Customers
7716,Patricia Cohen,80,9,22203,0,4,5,5,14,455,Champions
7720,Christopher Burke,97,10,34051,0,4,5,5,14,455,Champions
7721,Brittany Anthony,371,8,24457,0,2,5,5,12,255,At Risk
7728,Stephanie Potter,125,9,27594,0,4,5,5,14,455,Champions
7729,Yvonne Hall,210,9,21299,0,3,5,5,13,355,Loyal Customers
7743,Jeanne Velazquez,107,7,17790,1,4,4,4,12,444,Champions
7745,Jack Ball,9,8,15463,1,5,5,4,14,554,Champions
7747,Mr. Christopher Cantrell,79,7,23549,0,4,4,5,13,445,Champions
7754,Stephanie Shaw,239,7,27957,1,3,4,5,12,345,Loyal Customers
7756,Cynthia Cook,197,7,23914,0,3,4,5,12,345,Loyal Customers
7760,Jerry Miller,280,8,24601,1,2,5,5,12,255,At Risk
7762,Kristen Norris,9,9,20275,0,5,5,5,15,555,Champions
7768,Dominique Gonzales,148,8,18005,0,3,5,4,12,354,Loyal Customers
7771,Robert Nelson,18,8,19607,0,5,5,5,15,555,Champions
7775,Lauren Carter,41,8,26891,0,5,5,5,15,555,Champions
7778,Danielle Nelson,2,9,27437,0,5,5,5,15,555,Champions
7779,Angela Rivera,109,5,20360,1,4,3,5,12,435,Potential Loyalists
7782,Andrea Cortez,56,9,28441,0,5,5,5,15,555,Champions
7785,Charles Hernandez,12,7,22984,0,5,4,5,14,545,Champions
7790,James Walker,174,9,19578,0,3,5,5,13,355,Loyal Customers
7795,Renee Sanders,151,9,27379,1,3,5,5,13,355,Loyal Customers
7798,Jeffrey Bryant,122,11,27420,0,4,5,5,14,455,Champions
7799,Brandy Leon,73,10,21379,0,4,5,5,14,455,Champions
7802,Marie Young,62,6,22060,1,4,4,5,13,445,Champions
7804,Taylor Ward,8,8,26101,0,5,5,5,15,555,Champions
7807,Kayla Murphy,44,5,16384,0,5,3,4,12,534,Potential Loyalists
7808,Jonathan Parks,67,7,23576,0,4,4,5,13,445,Champions
7809,Jon Taylor,288,8,25512,0,2,5,5,12,255,At Risk
7810,Gloria Perkins,21,6,17311,0,5,4,4,13,544,Champions
7812,Manuel Garcia,241,7,21385,0,3,4,5,12,345,Loyal Customers
7814,James Reilly,214,6,19822,0,3,4,5,12,345,Loyal Customers
7818,Jane Johnson,253,12,34667,1,2,5,5,12,255,At Risk
7821,Mark Madden,32,8,26732,0,5,5,5,15,555,Champions
7824,Anna Huerta,125,6,16279,1,4,4,4,12,444,Champions
7829,Lindsey Yu,39,5,15367,0,5,3,4,12,534,Potential Loyalists
7834,Mr. Christopher Mayer,37,7,22320,0,5,4,5,14,545,Champions
7835,Dustin Huang,31,8,22008,0,5,5,5,15,555,Champions
7847,Robert Golden,1,7,24085,1,5,4,5,14,545,Champions
7851,Joe Ashley,119,10,30465,0,4,5,5,14,455,Champions
7859,Mathew Kramer,305,8,23338,0,2,5,5,12,255,At Risk
7861,Travis Hicks,9,7,16001,1,5,4,4,13,544,Champions
7865,Glenn Gardner,234,9,20893,0,3,5,5,13,355,Loyal Customers
7867,Fernando Duffy,106,8,25686,0,4,5,5,14,455,Champions
7868,Tanya Park,105,9,22963,0,4,5,5,14,455,Champions
7869,Cassandra Clark,13,11,38375,0,5,5,5,15,555,Champions
7873,Alexis Williams,6,10,28286,0,5,5,5,15,555,Champions
7884,Paula Benson,25,8,22907,0,5,5,5,15,555,Champions
7887,Alan Pearson,32,8,21117,0,5,5,5,15,555,Champions
7890,Daniel Flores,46,10,30369,0,5,5,5,15,555,Champions
7896,Mason Ramirez,92,6,20883,0,4,4,5,13,445,Champions
7899,Aaron Williams,48,5,16315,0,5,3,4,12,534,Potential Loyalists
7906,Elizabeth Baker,89,9,25142,0,4,5,5,14,455,Champions
7910,Steven Monroe,86,6,14993,0,4,4,4,12,444,Champions
7913,Keith Camacho,49,8,27294,1,5,5,5,15,555,Champions
7921,Michael Martinez,11,9,27522,0,5,5,5,15,555,Champions
7924,Kristin Jordan,57,9,19421,0,5,5,5,15,555,Champions
7929,John Burke,79,8,22577,1,4,5,5,14,455,Champions
7930,Steven Cox,220,9,15797,0,3,5,4,12,354,Loyal Customers
7932,Roger Garcia,207,8,24470,0,3,5,5,13,355,Loyal Customers
7936,Christopher Wilkerson,55,6,12380,0,5,4,3,12,543,Loyal Customers
7939,George Reyes,7,5,22481,0,5,3,5,13,535,Potential Loyalists
7942,Keith Rodgers,30,6,17349,0,5,4,4,13,544,Champions
7952,Erik Williams,72,6,22657,1,4,4,5,13,445,Champions
7953,Brian Campbell,142,8,19403,1,3,5,5,13,355,Loyal Customers
7962,Tammy Carson,24,8,26364,0,5,5,5,15,555,Champions
7965,Joshua Harvey,108,6,19061,0,4,4,4,12,444,Champions
7967,Taylor Arroyo,118,7,22450,0,4,4,5,13,445,Champions
7973,Tracy Bailey,62,7,22203,0,4,4,5,13,445,Champions
7981,Erin Hall,22,7,23165,0,5,4,5,14,545,Champions
7985,Charles Brown,59,6,22046,0,5,4,5,14,545,Champions
7987,Wyatt Bartlett,22,6,17182,0,5,4,4,13,544,Champions
7988,Brent Hines,76,6,18898,0,4,4,4,12,444,Champions
7992,Dylan Walker,121,6,17535,0,4,4,4,12,444,Champions
7993,Megan Hanson,115,8,21078,0,4,5,5,14,455,Champions
8005,Michael Tucker,174,10,22398,0,3,5,5,13,355,Loyal Customers
8006,Shannon Stewart,194,11,32331,1,3,5,5,13,355,Loyal Customers
8007,Wendy Mckinney,215,7,19787,1,3,4,5,12,345,Loyal Customers
8010,Donna Allen,11,7,23754,0,5,4,5,14,545,Champions
8014,Darrell Obrien,38,5,15910,0,5,3,4,12,534,Potential Loyalists
8017,Rhonda Brown,50,11,28822,0,5,5,5,15,555,Champions
8028,Karen Conley,5,6,20608,0,5,4,5,14,545,Champions
8041,Bryan Mathis,18,10,19628,0,5,5,5,15,555,Champions
8046,Elizabeth Williams,24,7,19792,0,5,4,5,14,545,Champions
8051,Gail Humphrey,154,6,20997,0,3,4,5,12,345,Loyal Customers
8060,Scott Castro,72,9,20275,0,4,5,5,14,455,Champions
8065,Laurie Blackwell,60,6,16870,1,4,4,4,12,444,Champions
8067,Katherine Nguyen,236,6,22484,0,3,4,5,12,345,Loyal Customers
8072,Caleb Scott,134,7,26891,0,4,4,5,13,445,Champions
8073,Colleen Mcmillan,38,5,21308,0,5,3,5,13,535,Potential Loyalists
8078,Erin Franco,80,11,31550,0,4,5,5,14,455,Champions
8087,Richard Oneal,99,9,24858,0,4,5,5,14,455,Champions
8092,Sheila Duran,171,7,24226,0,3,4,5,12,345,Loyal Customers
8096,Shannon Lynch,33,12,27747,0,5,5,5,15,555,Champions
8106,Steven Mayer,33,6,15851,0,5,4,4,13,544,Champions
8108,Carlos Decker,190,8,17270,0,3,5,4,12,354,Loyal Customers
8109,Diane Rivera,67,6,19486,0,4,4,5,13,445,Champions
8118,Erica Gordon,32,6,14332,0,5,4,3,12,543,Loyal Customers
8125,Stacie Goodwin,12,6,16514,0,5,4,4,13,544,Champions
8127,Michael Murray,37,6,20552,1,5,4,5,14,545,Champions
8132,Nancy Wilkinson,101,6,17608,0,4,4,4,12,444,Champions
8140,Rhonda Daugherty,24,9,21021,0,5,5,5,15,555,Champions
8147,Megan Benson,114,9,29962,0,4,5,5,14,455,Champions
8148,Melissa Moyer,100,8,21207,1,4,5,5,14,455,Champions
8150,Faith Snow,87,6,17550,0,4,4,4,12,444,Champions
8156,Brandon Wright,70,6,20506,0,4,4,5,13,445,Champions
8157,John Brown,63,9,23178,0,4,5,5,14,455,Champions
8161,Kimberly Barker,251,9,20620,0,2,5,5,12,255,At Risk
8167,Catherine Mills,67,9,26146,0,4,5,5,14,455,Champions
8176,David Thomas,172,8,24965,0,3,5,5,13,355,Loyal Customers
8178,Jennifer Guerra,17,7,15082,0,5,4,4,13,544,Champions
8180,Elizabeth Taylor,21,8,21728,0,5,5,5,15,555,Champions
8184,Kirsten Gamble,126,9,23431,0,4,5,5,14,455,Champions
8191,Shari Young,99,6,17229,0,4,4,4,12,444,Champions
8203,James Medina,119,6,17237,0,4,4,4,12,444,Champions
8207,Elizabeth Salinas,59,9,26604,0,5,5,5,15,555,Champions
8208,Daniel Mcmillan,24,7,14094,0,5,4,3,12,543,Loyal Customers
8211,Linda Bray,1,7,23011,0,5,4,5,14,545,Champions
8212,Michael Perez,16,7,16039,0,5,4,4,13,544,Champions
8217,John Simmons,78,6,16322,0,4,4,4,12,444,Champions
8218,Annette Nichols,38,7,17169,1,5,4,4,13,544,Champions
8221,Suzanne Gardner,198,7,23741,0,3,4,5,12,345,Loyal Customers
8222,Catherine Foster,44,5,16290,0,5,3,4,12,534,Potential Loyalists
8226,David Cook,94,8,15165,1,4,5,4,13,454,Champions
8229,James Shannon,26,5,19607,0,5,3,5,13,535,Potential Loyalists
8232,Ronald Wilson,357,8,22845,0,2,5,5,12,255,At Risk
8240,Tyler Gonzales,176,8,21569,0,3,5,5,13,355,Loyal Customers
8246,Timothy Mendoza,34,7,17040,0,5,4,4,13,544,Champions
8247,Joseph Miller,63,9,26024,0,4,5,5,14,455,Champions
8250,Tyler Case,275,9,27781,0,2,5,5,12,255,At Risk
8253,Nicole Chavez,144,9,24674,0,3,5,5,13,355,Loyal Customers
8256,William Krueger,18,6,18380,0,5,4,4,13,544,Champions
8265,Lisa Walker,295,8,23029,1,2,5,5,12,255,At Risk
8267,Julie Cox,48,6,14812,0,5,4,4,13,544,Champions
8269,Lauren Scott,303,8,25150,1,2,5,5,12,255,At Risk
8270,Gregory Perez,179,7,19639,0,3,4,5,12,345,Loyal Customers
8278,Brett Brown,133,7,20484,0,4,4,5,13,445,Champions
8279,Chris Mitchell,173,9,20483,0,3,5,5,13,355,Loyal Customers
8287,Kristin Mcdaniel,198,9,24641,0,3,5,5,13,355,Loyal Customers
8289,Tammy Hull,147,6,22144,1,3,4,5,12,345,Loyal Customers
8318,Eric Farrell,39,6,14891,1,5,4,4,13,544,Champions
8320,Mary Holder MD,120,7,17564,0,4,4,4,12,444,Champions
8322,Kimberly Mills,106,6,17336,0,4,4,4,12,444,Champions
8325,Maria Robbins,3,7,22005,0,5,4,5,14,545,Champions
8333,Dominic Velasquez,29,9,24234,0,5,5,5,15,555,Champions
8337,Caitlin Cooper,31,7,25230,0,5,4,5,14,545,Champions
8339,Jennifer Mcknight,91,6,19125,0,4,4,4,12,444,Champions
8343,Jennifer Henson,13,6,17751,1,5,4,4,13,544,Champions
8347,John Ball,27,5,16723,0,5,3,4,12,534,Potential Loyalists
8357,Erica Navarro,129,7,22348,0,4,4,5,13,445,Champions
8358,Robert Reeves,13,7,17643,0,5,4,4,13,544,Champions
8360,Patricia Lucas,58,7,14414,1,5,4,3,12,543,Loyal Customers
8371,Patricia Barrera,28,9,25060,0,5,5,5,15,555,Champions
8374,Brittany Martin,8,9,28356,0,5,5,5,15,555,Champions
8379,Kenneth Miller,42,12,24944,0,5,5,5,15,555,Champions
8380,Jessica Long,10,8,29668,0,5,5,5,15,555,Champions
8389,Ana Stephenson,108,8,21271,0,4,5,5,14,455,Champions
8392,Monica Kennedy,56,7,23483,0,5,4,5,14,545,Champions
8394,Joshua Hunter,10,7,19583,0,5,4,5,14,545,Champions
8395,Sandra Jones,34,10,29118,0,5,5,5,15,555,Champions
8399,Rebecca Mann,255,8,22705,1,2,5,5,12,255,At Risk
8400,Margaret Cabrera,109,6,16287,0,4,4,4,12,444,Champions
8405,Stephanie Martinez,4,6,15544,0,5,4,4,13,544,Champions
8430,Kimberly Bailey,281,8,20697,0,2,5,5,12,255,At Risk
8431,Laura Blankenship,144,9,24429,0,3,5,5,13,355,Loyal Customers
8440,Stefanie Mitchell,104,10,28531,0,4,5,5,14,455,Champions
8444,Laura Ramirez,230,8,16604,0,3,5,4,12,354,Loyal Customers
8447,William Proctor,3,5,19571,0,5,3,5,13,535,Potential Loyalists
8449,Christopher Gonzalez,27,7,13719,0,5,4,3,12,543,Loyal Customers
8450,Angela Miranda,48,5,16987,1,5,3,4,12,534,Potential Loyalists
8455,Tiffany Vance,42,7,27093,0,5,4,5,14,545,Champions
8456,Benjamin Middleton,192,7,22159,0,3,4,5,12,345,Loyal Customers
8465,Jacqueline Waters,44,5,17882,0,5,3,4,12,534,Potential Loyalists
8466,Chad Cervantes,39,7,23559,0,5,4,5,14,545,Champions
8474,Philip Thomas,14,13,29782,0,5,5,5,15,555,Champions
8485,Patrick Jenkins,39,7,20688,0,5,4,5,14,545,Champions
8490,Elizabeth Diaz,60,9,23631,0,4,5,5,14,455,Champions
8492,Jose Wright PhD,224,8,18439,0,3,5,4,12,354,Loyal Customers
8495,Amanda Murray,64,9,28096,0,4,5,5,14,455,Champions
8496,Emily Padilla,277,9,28425,0,2,5,5,12,255,At Risk
8504,Sean Edwards,98,6,19649,0,4,4,5,13,445,Champions
8507,Roger Armstrong,142,10,29367,0,3,5,5,13,355,Loyal Customers
8519,Robert Ayers,131,9,32538,0,4,5,5,14,455,Champions
8522,Eric Morrow,45,6,20212,0,5,4,5,14,545,Champions
8523,Frank Reynolds,45,7,20817,0,5,4,5,14,545,Champions
8528,Benjamin Kelly,45,9,27226,0,5,5,5,15,555,Champions
8530,Wesley Richardson,63,7,21756,0,4,4,5,13,445,Champions
8534,Matthew Rodriguez,76,7,18814,0,4,4,4,12,444,Champions
8539,Jennifer Cline,130,6,17220,0,4,4,4,12,444,Champions
8545,Michael Holt,58,6,18400,1,5,4,4,13,544,Champions
8547,Robert Keller,194,9,28443,1,3,5,5,13,355,Loyal Customers
8548,Peggy Hanson,408,8,20901,0,2,5,5,12,255,At Risk
8561,Laura Davis,7,10,24052,0,5,5,5,15,555,Champions
8567,Shirley George,39,7,20599,1,5,4,5,14,545,Champions
8572,Douglas Campbell,425,9,29241,1,2,5,5,12,255,At Risk
8574,Kim Hanson,57,7,17287,0,5,4,4,13,544,Champions
8579,Destiny Pace,51,5,14928,0,5,3,4,12,534,Potential Loyalists
8586,Evan Mendoza,322,10,22724,1,2,5,5,12,255,At Risk
8589,Valerie Hill,238,6,20544,0,3,4,5,12,345,Loyal Customers
8593,Deborah Kim,86,6,17768,0,4,4,4,12,444,Champions
8596,Daniel Fischer,30,8,25115,0,5,5,5,15,555,Champions
8600,Noah Gray,121,9,27031,1,4,5,5,14,455,Champions
8605,Alexandra Huber,6,6,16126,1,5,4,4,13,544,Champions
8608,David Becker,22,6,21228,0,5,4,5,14,545,Champions
8609,Joshua Stein,183,10,19860,1,3,5,5,13,355,Loyal Customers
8610,Jeffrey Salazar,231,8,16958,0,3,5,4,12,354,Loyal Customers
8619,Debra Barnett,103,11,30319,1,4,5,5,14,455,Champions
8621,Juan Howard,135,6,15526,0,4,4,4,12,444,Champions
8626,Ralph Flores,71,8,24626,0,4,5,5,14,455,Champions
8631,Tracy Little,121,7,19384,0,4,4,5,13,445,Champions
8634,Elizabeth Sanders,9,6,15889,0,5,4,4,13,544,Champions
8638,Jeffrey Palmer,194,7,22097,0,3,4,5,12,345,Loyal Customers
8642,Tommy Black,220,10,30510,1,3,5,5,13,355,Loyal Customers
8649,Adam Flynn,107,7,15876,1,4,4,4,12,444,Champions
8653,Justin Johnson,55,6,18595,0,5,4,4,13,544,Champions
8654,Robert Payne,44,10,28174,1,5,5,5,15,555,Champions
8655,Hunter Garrett,168,9,17583,0,3,5,4,12,354,Loyal Customers
8664,Philip Nelson,14,9,20331,0,5,5,5,15,555,Champions
8666,Rebecca Anderson,132,9,21192,0,4,5,5,14,455,Champions
8669,Ruth Wright,3,8,21489,0,5,5,5,15,555,Champions
8675,Christina Rodriguez,153,8,23169,0,3,5,5,13,355,Loyal Customers
8677,Jaime Mitchell,94,9,19442,0,4,5,5,14,455,Champions
8679,Tammy Diaz,116,6,19721,0,4,4,5,13,445,Champions
8682,Omar Strong,22,7,13700,0,5,4,3,12,543,Loyal Customers
8685,Lindsey Rowe,151,9,23686,0,3,5,5,13,355,Loyal Customers
8687,Edward Benton,102,7,26209,0,4,4,5,13,445,Champions
8689,David Henderson,127,8,27385,1,4,5,5,14,455,Champions
8692,Ronald Rhodes,186,8,19977,0,3,5,5,13,355,Loyal Customers
8693,Monique Martinez,222,7,23127,0,3,4,5,12,345,Loyal Customers
8694,Charles Sullivan,9,7,16370,0,5,4,4,13,544,Champions
8696,Dawn Nguyen,199,9,20480,0,3,5,5,13,355,Loyal Customers
8701,Michael Rogers,73,7,20800,0,4,4,5,13,445,Champions
8706,Adam Hill,160,9,28318,0,3,5,5,13,355,Loyal Customers
8716,Christopher Williams,42,8,18050,1,5,5,4,14,554,Champions
8721,Cassandra Hoffman,144,8,25089,0,3,5,5,13,355,Loyal Customers
8728,Kristen Macdonald,6,7,22893,0,5,4,5,14,545,Champions
8729,Shawn Molina,145,9,23509,0,3,5,5,13,355,Loyal Customers
8732,Christine Lawson,21,5,18287,0,5,3,4,12,534,Potential Loyalists
8743,Andrea Hall,89,8,17554,1,4,5,4,13,454,Champions
8749,Ryan Church,50,6,18751,0,5,4,4,13,544,Champions
8751,Patrick Kelly,3,9,21258,0,5,5,5,15,555,Champions
8753,Cheryl Richardson,134,7,17309,0,4,4,4,12,444,Champions
8756,Cody Townsend,64,7,17403,0,4,4,4,12,444,Champions
8758,Stacy Owens,72,9,31459,0,4,5,5,14,455,Champions
8765,Julie Mccormick,72,9,15052,0,4,5,4,13,454,Champions
8766,Austin Diaz,97,6,19174,0,4,4,4,12,444,Champions
8770,Jennifer Mckay,121,8,27517,0,4,5,5,14,455,Champions
8772,Zachary Hardy,267,8,24789,1,2,5,5,12,255,At Risk
8775,Megan Johnson,241,9,23424,1,3,5,5,13,355,Loyal Customers
8776,Mary Garcia,337,8,23070,0,2,5,5,12,255,At Risk
8777,Paul Gonzalez,34,5,18444,1,5,3,4,12,534,Potential Loyalists
8782,Andrea Cross,124,6,20391,0,4,4,5,13,445,Champions
8792,Cheryl Robertson,310,9,21761,0,2,5,5,12,255,At Risk
8793,Christian Clark,266,8,21533,0,2,5,5,12,255,At Risk
8794,Jonathon Cox,119,6,21356,0,4,4,5,13,445,Champions
8797,Tammy Williams,5,5,14918,0,5,3,4,12,534,Potential Loyalists
8800,Michele Carter,104,7,22983,0,4,4,5,13,445,Champions
8804,Gregory Small,10,7,16727,0,5,4,4,13,544,Champions
8812,James Robinson,189,9,28773,0,3,5,5,13,355,Loyal Customers
8816,Joseph Brewer,64,8,25063,0,4,5,5,14,455,Champions
8820,Cody Lang,35,8,21469,0,5,5,5,15,555,Champions
8825,Thomas Carson,25,5,14859,0,5,3,4,12,534,Potential Loyalists
8827,Jorge Oliver MD,169,8,29443,0,3,5,5,13,355,Loyal Customers
8834,Dr. Emily Abbott DDS,49,7,19114,0,5,4,4,13,544,Champions
8840,Jay Smith,44,10,29726,0,5,5,5,15,555,Champions
8841,Jason Avila,35,5,17721,0,5,3,4,12,534,Potential Loyalists
8850,Jason Clark,71,6,16293,0,4,4,4,12,444,Champions
8854,Christina Powers,62,7,23673,0,4,4,5,13,445,Champions
8855,Jermaine English,148,6,20379,0,3,4,5,12,345,Loyal Customers
8860,Robert Mendez,0,12,33596,0,5,5,5,15,555,Champions
8861,Ashley Green,202,7,20507,0,3,4,5,12,345,Loyal Customers
8862,Taylor Arnold,299,8,20978,0,2,5,5,12,255,At Risk
8864,Tracy Kelly MD,44,9,23686,0,5,5,5,15,555,Champions
8867,Alicia Meyer,189,8,25339,0,3,5,5,13,355,Loyal Customers
8870,Catherine Sellers,90,7,18615,0,4,4,4,12,444,Champions
8871,Thomas Moreno,5,7,24094,0,5,4,5,14,545,Champions
8875,Dylan Chapman,5,6,16732,0,5,4,4,13,544,Champions
8880,Elizabeth Jones,160,8,23590,1,3,5,5,13,355,Loyal Customers
8884,Andrew Myers,103,7,29825,1,4,4,5,13,445,Champions
8885,Christopher Porter,209,10,28719,1,3,5,5,13,355,Loyal Customers
8889,Brian Nunez,27,5,17605,0,5,3,4,12,534,Potential Loyalists
8891,Ashley Smith,179,8,17591,0,3,5,4,12,354,Loyal Customers
8897,Melissa Abbott,119,7,15296,1,4,4,4,12,444,Champions
8898,Cassidy Alexander,77,8,17804,0,4,5,4,13,454,Champions
8906,Dean Johnson,78,7,24538,0,4,4,5,13,445,Champions
8907,David Baker,68,6,22250,0,4,4,5,13,445,Champions
8908,Jeffrey Lucero,35,12,37846,0,5,5,5,15,555,Champions
8909,Phillip Morgan,88,10,23402,0,4,5,5,14,455,Champions
8914,Ronald Stanley,129,6,16051,1,4,4,4,12,444,Champions
8915,Thomas Moore,62,11,23121,1,4,5,5,14,455,Champions
8917,Tiffany Chambers,24,8,20609,0,5,5,5,15,555,Champions
8925,Chase Warren,26,6,13301,0,5,4,3,12,543,Loyal Customers
8926,Logan Guerrero,175,7,21200,0,3,4,5,12,345,Loyal Customers
8934,Mark Sandoval,11,7,20548,0,5,4,5,14,545,Champions
8935,Terry Johnson,114,7,19830,1,4,4,5,13,445,Champions
8936,Matthew Bender,67,8,17468,0,4,5,4,13,454,Champions
8938,Michael Guzman,2,7,17441,1,5,4,4,13,544,Champions
8939,Gina Jackson,183,9,22981,1,3,5,5,13,355,Loyal Customers
8940,Robin Jones,116,8,25020,1,4,5,5,14,455,Champions
8941,Daniel Navarro,29,6,23317,0,5,4,5,14,545,Champions
8944,Willie Smith,204,11,22568,0,3,5,5,13,355,Loyal Customers
8945,Kimberly Kim,3,5,18127,0,5,3,4,12,534,Potential Loyalists
8946,Courtney Lane,104,6,15602,0,4,4,4,12,444,Champions
8949,James Palmer,35,8,23887,0,5,5,5,15,555,Champions
8950,Michael Phillips,242,8,20927,1,3,5,5,13,355,Loyal Customers
8953,Hayley Wells,86,7,17109,0,4,4,4,12,444,Champions
8958,Thomas West,71,10,29361,0,4,5,5,14,455,Champions
8960,Terry Mcclure,65,6,18541,0,4,4,4,12,444,Champions
8966,Scott Martinez,57,6,17446,0,5,4,4,13,544,Champions
8971,Sherri Jacobs,28,5,17313,0,5,3,4,12,534,Potential Loyalists
8973,Ronald Weber,318,8,21412,0,2,5,5,12,255,At Risk
8976,Javier Bishop,64,8,26737,1,4,5,5,14,455,Champions
8984,Jeffery Ingram,135,9,26148,0,4,5,5,14,455,Champions
8989,Keith Peterson MD,222,8,23589,0,3,5,5,13,355,Loyal Customers
8990,Stephen Hall,5,5,16604,0,5,3,4,12,534,Potential Loyalists
8993,Jacob Martin,59,7,18433,1,5,4,4,13,544,Champions
9001,Cody Kennedy,143,9,23912,0,3,5,5,13,355,Loyal Customers
9016,Jordan Taylor,25,7,15472,0,5,4,4,13,544,Champions
9021,Julia Bush,55,6,17277,0,5,4,4,13,544,Champions
9023,Angela Shannon,53,7,23508,0,5,4,5,14,545,Champions
9024,George Rodriguez,233,9,23314,0,3,5,5,13,355,Loyal Customers
9031,Christopher Bowers,38,6,14697,0,5,4,3,12,543,Loyal Customers
9032,Michele Rodriguez,173,10,28544,0,3,5,5,13,355,Loyal Customers
9036,Sonia Moore MD,57,6,14742,1,5,4,3,12,543,Loyal Customers
9040,Brittany Carter,194,6,22452,0,3,4,5,12,345,Loyal Customers
9041,Jim Figueroa,61,8,17854,0,4,5,4,13,454,Champions
9043,Jennifer Hudson,83,8,19640,0,4,5,5,14,455,Champions
9045,Jeremiah Welch,31,11,33168,0,5,5,5,15,555,Champions
9048,Paul Murray,31,11,28053,0,5,5,5,15,555,Champions
9050,Emma Santana,9,7,19504,1,5,4,5,14,545,Champions
9057,Cory Warren,32,9,26531,0,5,5,5,15,555,Champions
9067,Richard Peterson,100,8,25492,0,4,5,5,14,455,Champions
9075,Dustin Gomez,134,6,14833,0,4,4,4,12,444,Champions
9077,Tom Velasquez,39,7,25248,0,5,4,5,14,545,Champions
9083,Kimberly Shelton,3,9,22435,0,5,5,5,15,555,Champions
9089,Bryan Moore,47,8,21489,1,5,5,5,15,555,Champions
9090,Melinda Maynard,222,7,20567,0,3,4,5,12,345,Loyal Customers
9097,Catherine Gibson,28,7,20249,0,5,4,5,14,545,Champions
9101,Derrick Cooper,238,7,22440,0,3,4,5,12,345,Loyal Customers
9102,Kevin Price,17,8,25381,0,5,5,5,15,555,Champions
9103,Joshua May,37,6,13346,0,5,4,3,12,543,Loyal Customers
9105,Robert Smith,95,7,22391,0,4,4,5,13,445,Champions
9108,William Wells,43,7,17500,1,5,4,4,13,544,Champions
9109,Bryan Todd,118,7,18934,0,4,4,4,12,444,Champions
9112,Lauren Brooks,0,9,25500,0,5,5,5,15,555,Champions
9113,Matthew Hamilton,254,9,27297,0,2,5,5,12,255,At Risk
9131,Joshua Watson,32,7,20033,0,5,4,5,14,545,Champions
9132,Erica Maldonado,108,10,24972,0,4,5,5,14,455,Champions
9134,Matthew Hernandez,136,8,24092,0,4,5,5,14,455,Champions
9137,David Martinez,26,6,21405,0,5,4,5,14,545,Champions
9140,Brianna Martin,235,7,19952,0,3,4,5,12,345,Loyal Customers
9146,Anne Chapman,21,6,14252,0,5,4,3,12,543,Loyal Customers
9148,Catherine Douglas,97,7,22930,1,4,4,5,13,445,Champions
9150,Christopher Walls,26,8,24099,1,5,5,5,15,555,Champions
9160,Patricia Carlson,173,8,21419,0,3,5,5,13,355,Loyal Customers
9163,John Hernandez,115,7,18732,0,4,4,4,12,444,Champions
9165,Tyler Klein,318,10,27063,0,2,5,5,12,255,At Risk
9167,Shane Woods,33,8,22441,0,5,5,5,15,555,Champions
9173,Mark Beck,88,6,18181,1,4,4,4,12,444,Champions
9174,Seth Roman,70,8,17795,1,4,5,4,13,454,Champions
9176,Jonathan Marquez,158,6,19531,0,3,4,5,12,345,Loyal Customers
9178,Dawn Jones,345,8,21707,0,2,5,5,12,255,At Risk
9197,Amber Hernandez,141,6,23389,0,3,4,5,12,345,Loyal Customers
9198,Walter Brown,197,8,31950,0,3,5,5,13,355,Loyal Customers
9200,Susan Li,39,9,32922,0,5,5,5,15,555,Champions
9203,Paula Smith,67,7,22365,0,4,4,5,13,445,Champions
9206,Daniel Singleton,207,8,16882,0,3,5,4,12,354,Loyal Customers
9208,Melissa Ross,97,6,17187,0,4,4,4,12,444,Champions
9215,Breanna Miranda,84,7,19480,0,4,4,5,13,445,Champions
9220,Christopher Williams,64,10,25272,0,4,5,5,14,455,Champions
9222,Timothy Smith,12,6,18579,0,5,4,4,13,544,Champions
9223,Alexandra Ramirez,7,5,17320,0,5,3,4,12,534,Potential Loyalists
9226,Cassandra Willis,25,6,17310,0,5,4,4,13,544,Champions
9228,Samantha Alexander,17,5,18144,1,5,3,4,12,534,Potential Loyalists
9231,Jason Thomas,219,7,19602,0,3,4,5,12,345,Loyal Customers
9234,Savannah Ware,407,8,23442,0,2,5,5,12,255,At Risk
9245,Matthew Johnson,83,7,17303,0,4,4,4,12,444,Champions
9253,Nicholas Wallace,47,9,29458,1,5,5,5,15,555,Champions
9265,Ashley Mathews,9,8,17365,0,5,5,4,14,554,Champions
9266,Barbara Hernandez,46,8,21401,0,5,5,5,15,555,Champions
9267,Melissa Lawrence,74,8,21660,1,4,5,5,14,455,Champions
9271,Rebecca Richardson MD,119,5,19366,0,4,3,5,12,435,Potential Loyalists
9272,Sean Morgan,169,6,22840,0,3,4,5,12,345,Loyal Customers
9274,Mark Mckinney,141,9,23769,1,3,5,5,13,355,Loyal Customers
9276,Peter Rogers,59,6,17639,0,5,4,4,13,544,Champions
9277,Thomas Chaney,57,6,23382,0,5,4,5,14,545,Champions
9282,Ryan Hubbard,315,8,21021,0,2,5,5,12,255,At Risk
9283,Heather Juarez,98,12,40102,0,4,5,5,14,455,Champions
9292,Nichole Carter,105,7,25435,1,4,4,5,13,445,Champions
9293,Michael Long,83,8,22649,1,4,5,5,14,455,Champions
9301,Kimberly Thompson,109,6,20121,0,4,4,5,13,445,Champions
9315,Megan Morris,142,8,22255,0,3,5,5,13,355,Loyal Customers
9318,Crystal Clark,196,9,24803,0,3,5,5,13,355,Loyal Customers
9320,Benjamin Fuller,68,9,28029,0,4,5,5,14,455,Champions
9322,Gregory Smith,64,8,18513,0,4,5,4,13,454,Champions
9326,Jared Rivera,73,7,18430,1,4,4,4,12,444,Champions
9333,Charles Tyler,43,7,19171,0,5,4,4,13,544,Champions
9334,Timothy Beltran,55,10,27362,1,5,5,5,15,555,Champions
9337,David Byrd,66,6,17563,0,4,4,4,12,444,Champions
9342,Stephen Smith,141,7,20820,0,3,4,5,12,345,Loyal Customers
9350,Jeffrey Nguyen,145,8,17260,1,3,5,4,12,354,Loyal Customers
9353,Christopher Jenkins,42,8,27577,1,5,5,5,15,555,Champions
9372,William Evans PhD,75,7,15930,0,4,4,4,12,444,Champions
9378,Toni Elliott,79,6,19560,0,4,4,5,13,445,Champions
9384,Stacy Greene,25,6,12753,1,5,4,3,12,543,Loyal Customers
9400,Natalie Barrett,65,6,14950,0,4,4,4,12,444,Champions
9402,Alexander Howard,59,9,24743,0,5,5,5,15,555,Champions
9405,Zachary Gaines,82,11,42479,1,4,5,5,14,455,Champions
9408,Patrick Brown,95,6,18136,0,4,4,4,12,444,Champions
9416,David Peters,306,8,27733,0,2,5,5,12,255,At Risk
9417,Patrick Gonzalez,155,7,23935,0,3,4,5,12,345,Loyal Customers
9418,Scott Rubio,222,8,19581,0,3,5,5,13,355,Loyal Customers
9419,Joshua Cunningham,19,8,27550,0,5,5,5,15,555,Champions
9422,Eric Brown,2,6,15256,1,5,4,4,13,544,Champions
9425,Jennifer Perez,4,10,33263,0,5,5,5,15,555,Champions
9429,Jennifer Hayes,305,8,20877,0,2,5,5,12,255,At Risk
9433,Lori Armstrong,23,6,17118,0,5,4,4,13,544,Champions
9436,April Garcia,140,9,26743,0,3,5,5,13,355,Loyal Customers
9438,Kelly Thomas,206,10,27674,0,3,5,5,13,355,Loyal Customers
9441,Thomas Howell,198,9,30464,0,3,5,5,13,355,Loyal Customers
9445,Caitlin Burns,0,7,21495,0,5,4,5,14,545,Champions
9446,Michelle Dunn,79,7,18060,0,4,4,4,12,444,Champions
9448,Donna Brown,221,7,24668,1,3,4,5,12,345,Loyal Customers
9454,Steven Arnold,146,8,23208,0,3,5,5,13,355,Loyal Customers
9457,Mary Garcia,180,6,19893,0,3,4,5,12,345,Loyal Customers
9460,Michael Brennan,153,11,34969,0,3,5,5,13,355,Loyal Customers
9463,Brooke Campbell,190,6,19295,0,3,4,5,12,345,Loyal Customers
9466,Jennifer Mahoney,6,7,26308,0,5,4,5,14,545,Champions
9472,Amber Ramirez,63,8,21694,0,4,5,5,14,455,Champions
9473,Timothy Barrett,29,6,13255,0,5,4,3,12,543,Loyal Customers
9479,Connie Martinez,52,8,22369,0,5,5,5,15,555,Champions
9492,Thomas Lewis,308,8,23652,0,2,5,5,12,255,At Risk
9494,Matthew Thompson,113,7,21643,1,4,4,5,13,445,Champions
9498,Matthew Hubbard,28,7,20947,0,5,4,5,14,545,Champions
9507,Felicia Garcia,374,10,28090,0,2,5,5,12,255,At Risk
9513,Kayla Spencer,107,10,33913,0,4,5,5,14,455,Champions
9519,Christine Stafford,117,11,22092,1,4,5,5,14,455,Champions
9524,Kristina James,79,9,22605,0,4,5,5,14,455,Champions
9531,Megan Green,212,11,32265,0,3,5,5,13,355,Loyal Customers
9532,Misty Lopez,177,8,15264,0,3,5,4,12,354,Loyal Customers
9533,Aaron Guzman,123,7,19442,0,4,4,5,13,445,Champions
9534,Monique Jones,41,6,19825,0,5,4,5,14,545,Champions
9535,Jesus Turner,61,8,19222,0,4,5,4,13,454,Champions
9536,Albert Cummings,193,8,25829,1,3,5,5,13,355,Loyal Customers
9537,Kaylee Thompson,133,6,16734,1,4,4,4,12,444,Champions
9538,Hector Blanchard,59,8,26735,0,5,5,5,15,555,Champions
9539,Alexandra Santana,34,8,20139,1,5,5,5,15,555,Champions
9541,Lance Hodge,86,6,19104,0,4,4,4,12,444,Champions
9543,Kayla Wood,129,9,21600,0,4,5,5,14,455,Champions
9544,Gary Morton,123,7,19628,0,4,4,5,13,445,Champions
9545,Benjamin Ball,188,8,21002,1,3,5,5,13,355,Loyal Customers
9547,Diane Alexander,78,7,18384,0,4,4,4,12,444,Champions
9552,Kevin Fisher,34,7,13943,1,5,4,3,12,543,Loyal Customers
9568,Stacey Alvarado,173,10,27912,0,3,5,5,13,355,Loyal Customers
9575,Christopher Jackson,366,10,27648,1,2,5,5,12,255,At Risk
9580,Cynthia Schmidt,17,5,18336,0,5,3,4,12,534,Potential Loyalists
9583,Crystal Hudson,121,8,21390,0,4,5,5,14,455,Champions
9585,Lauren Butler,34,7,23577,0,5,4,5,14,545,Champions
9587,Carrie Andrews,233,6,19507,0,3,4,5,12,345,Loyal Customers
9588,Amy Herrera,38,7,12939,0,5,4,3,12,543,Loyal Customers
9589,Dana Haas,47,5,16588,0,5,3,4,12,534,Potential Loyalists
9594,Michael Mendoza,13,9,29161,0,5,5,5,15,555,Champions
9596,Michael Fox,274,8,22773,1,2,5,5,12,255,At Risk
9601,Albert Caldwell,226,7,24623,0,3,4,5,12,345,Loyal Customers
9604,Tracey Willis,1,8,18583,0,5,5,4,14,554,Champions
9609,Joseph Long,48,7,17217,0,5,4,4,13,544,Champions
9612,Stephanie Wise,121,8,21563,0,4,5,5,14,455,Champions
9613,Jennifer Dunlap,242,8,22374,0,3,5,5,13,355,Loyal Customers
9615,Robert Carpenter,264,8,21804,0,2,5,5,12,255,At Risk
9616,John Marshall,179,6,20917,0,3,4,5,12,345,Loyal Customers
9620,Gregory Fowler MD,36,9,25703,0,5,5,5,15,555,Champions
9623,John Morris,87,6,15824,0,4,4,4,12,444,Champions
9625,Dylan Fuentes,36,11,25616,0,5,5,5,15,555,Champions
9635,Kelly Chavez,37,6,15583,0,5,4,4,13,544,Champions
9637,Kelly Howard,16,6,19131,0,5,4,4,13,544,Champions
9639,Regina Rose,44,5,16792,1,5,3,4,12,534,Potential Loyalists
9642,Heidi Davies,18,9,25928,0,5,5,5,15,555,Champions
9643,Theresa Sanchez,116,10,25954,0,4,5,5,14,455,Champions
9644,Mr. Alex Jones,84,10,30024,0,4,5,5,14,455,Champions
9645,Gabriela Stephens,10,13,39255,0,5,5,5,15,555,Champions
9655,Nicole May,34,6,13558,1,5,4,3,12,543,Loyal Customers
9659,Devin Santiago,106,7,20421,0,4,4,5,13,445,Champions
9661,Robert King,4,7,16778,0,5,4,4,13,544,Champions
9665,Angela Rivera,10,5,18422,1,5,3,4,12,534,Potential Loyalists
9668,Valerie Smith,40,7,15977,0,5,4,4,13,544,Champions
9676,Ryan Luna,45,7,18109,0,5,4,4,13,544,Champions
9681,Hector Gray,86,6,22383,0,4,4,5,13,445,Champions
9684,Richard Berry,51,8,15948,0,5,5,4,14,554,Champions
9689,Bethany Gomez,66,8,27909,0,4,5,5,14,455,Champions
9699,Amy Alvarez,144,7,20181,0,3,4,5,12,345,Loyal Customers
9701,Amy Bentley,100,7,16930,1,4,4,4,12,444,Champions
9704,Martin Harris,93,6,18694,0,4,4,4,12,444,Champions
9711,Christopher Gilbert,18,7,14543,0,5,4,3,12,543,Loyal Customers
9720,Charles Lopez,11,6,18168,1,5,4,4,13,544,Champions
9721,Shelby Hill,116,6,16972,0,4,4,4,12,444,Champions
9723,Erika Rollins,57,6,18826,0,5,4,4,13,544,Champions
9729,Beverly Caldwell,64,12,32713,0,4,5,5,14,455,Champions
9732,Kendra Davis,44,10,30183,0,5,5,5,15,555,Champions
9737,Amber Warren,236,9,21298,0,3,5,5,13,355,Loyal Customers
9743,Tiffany King,2,6,14594,0,5,4,3,12,543,Loyal Customers
9744,Robert Romero,109,8,27470,0,4,5,5,14,455,Champions
9746,Michael Carter,28,7,20842,0,5,4,5,14,545,Champions
9747,Jennifer Pierce,35,6,19014,0,5,4,4,13,544,Champions
9749,Tiffany Pollard,44,10,28929,0,5,5,5,15,555,Champions
9752,John Parker,149,7,23031,1,3,4,5,12,345,Loyal Customers
9755,Austin Larson,98,8,22426,0,4,5,5,14,455,Champions
9757,Matthew Gonzales,167,9,17334,0,3,5,4,12,354,Loyal Customers
9758,Robert Powers,37,6,19206,0,5,4,4,13,544,Champions
9762,Megan Clay,33,13,33409,1,5,5,5,15,555,Champions
9766,Nathan Clark,19,8,23994,0,5,5,5,15,555,Champions
9767,Erica Dixon,149,7,25502,0,3,4,5,12,345,Loyal Customers
9775,Alan Jensen,380,11,36166,0,2,5,5,12,255,At Risk
9784,Michael Fuller,133,6,17741,1,4,4,4,12,444,Champions
9786,Elizabeth Ramirez,94,11,29087,1,4,5,5,14,455,Champions
9788,Christopher Rich,13,8,19534,0,5,5,5,15,555,Champions
9789,Francisco Sherman,7,6,17335,1,5,4,4,13,544,Champions
9794,Heidi Wilson,318,9,27084,0,2,5,5,12,255,At Risk
9797,Alexandra Wilson,92,6,17781,0,4,4,4,12,444,Champions
9817,Cheyenne Scott,154,8,23482,1,3,5,5,13,355,Loyal Customers
9819,Frank Ramos,50,6,16257,0,5,4,4,13,544,Champions
9828,Richard Johnson DDS,314,10,35793,1,2,5,5,12,255,At Risk
9829,Jay Myers,107,12,37282,0,4,5,5,14,455,Champions
9831,Joseph Scott,49,6,21964,0,5,4,5,14,545,Champions
9832,Tiffany Gonzalez,123,8,23801,0,4,5,5,14,455,Champions
9833,Crystal Thomas,2,7,19204,0,5,4,4,13,544,Champions
9834,Luis White,184,8,22610,0,3,5,5,13,355,Loyal Customers
9838,Miranda Anderson,11,9,30093,0,5,5,5,15,555,Champions
9844,Brian Waters,120,10,30614,0,4,5,5,14,455,Champions
9846,Michael Mccoy,82,6,22989,0,4,4,5,13,445,Champions
9849,Joshua Wang,96,7,20981,0,4,4,5,13,445,Champions
9850,Jennifer Hodge,54,6,14245,1,5,4,3,12,543,Loyal Customers
9859,Cody Warner,149,8,19437,0,3,5,5,13,355,Loyal Customers
9860,Amanda Bishop,13,6,18452,1,5,4,4,13,544,Champions
9862,Ryan Warren,143,8,23487,0,3,5,5,13,355,Loyal Customers
9864,Frederick Jenkins,118,7,22207,0,4,4,5,13,445,Champions
9866,Logan Murphy,10,8,26269,0,5,5,5,15,555,Champions
9867,Luis Cortez,207,8,20654,0,3,5,5,13,355,Loyal Customers
9869,David Garrison,24,13,35978,0,5,5,5,15,555,Champions
9882,Brad Brown,276,11,28506,0,2,5,5,12,255,At Risk
9889,Nicholas Clark,116,8,26214,1,4,5,5,14,455,Champions
9890,Jeremy Garcia,194,8,30218,0,3,5,5,13,355,Loyal Customers
9893,Morgan Neal,236,10,20328,0,3,5,5,13,355,Loyal Customers
9894,Vanessa Myers DVM,231,6,20890,0,3,4,5,12,345,Loyal Customers
9897,Daniel Braun,23,6,21298,1,5,4,5,14,545,Champions
9899,David Gonzalez,74,6,16032,0,4,4,4,12,444,Champions
9902,Richard Berger,124,6,15268,1,4,4,4,12,444,Champions
9905,Kimberly Atkinson,347,8,22397,0,2,5,5,12,255,At Risk
9906,Carolyn Williams,108,6,16334,0,4,4,4,12,444,Champions
9910,Mr. Max Davis MD,21,7,15479,0,5,4,4,13,544,Champions
9913,Sara Burton,15,7,18556,0,5,4,4,13,544,Champions
9916,Leonard Cruz,63,10,25983,0,4,5,5,14,455,Champions
9920,Chad Watson,32,8,14416,1,5,5,3,13,553,Loyal Customers
9921,Denise Ford,92,7,19819,0,4,4,5,13,445,Champions
9934,Courtney Maynard,121,9,24669,0,4,5,5,14,455,Champions
9939,Gary Rivera,88,9,23647,0,4,5,5,14,455,Champions
9942,Joel Rogers,131,7,21648,0,4,4,5,13,445,Champions
9943,Brian Huber,69,7,22634,1,4,4,5,13,445,Champions
9948,Rebekah Mullins,96,11,31890,0,4,5,5,14,455,Champions
9949,John Keller,146,7,22542,0,3,4,5,12,345,Loyal Customers
9951,Laura Simpson,132,7,23643,0,4,4,5,13,445,Champions
9952,Charles Warren,11,7,20943,0,5,4,5,14,545,Champions
9958,Jessica Garcia,42,8,16515,0,5,5,4,14,554,Champions
9962,Mrs. Jessica Villa,18,7,27926,0,5,4,5,14,545,Champions
9965,Nicholas Hill,6,8,23001,1,5,5,5,15,555,Champions
9979,Summer Wagner,35,6,16199,0,5,4,4,13,544,Champions
9981,David Miller,49,7,16895,1,5,4,4,13,544,Champions
9982,Katherine Ferguson,30,7,19787,0,5,4,5,14,545,Champions
9990,Kelly Decker,108,8,18567,0,4,5,4,13,454,Champions
9993,Kevin King,41,7,17232,0,5,4,4,13,544,Champions
9994,Nancy Santos,240,7,22032,0,3,4,5,12,345,Loyal Customers
9995,Mrs. Jennifer Wright,107,9,25260,1,4,5,5,14,455,Champions
9999,Donald Lamb,20,11,27022,0,5,5,5,15,555,Champions
10003,Sherry Daniel,132,8,21034,1,4,5,5,14,455,Champions
10004,Nicole Jimenez,193,6,20630,0,3,4,5,12,345,Loyal Customers
10006,Jeremy Lloyd,99,7,20481,1,4,4,5,13,445,Champions
10007,Sheri Johnson,13,6,19184,1,5,4,4,13,544,Champions
10013,Crystal Williams,141,7,21264,0,3,4,5,12,345,Loyal Customers
10019,Ashley Bailey,7,6,16664,0,5,4,4,13,544,Champions
10020,Kristen Graham,36,6,20221,0,5,4,5,14,545,Champions
10023,Derrick Johnson,152,9,25121,1,3,5,5,13,355,Loyal Customers
10024,Gary Thompson,72,6,16617,0,4,4,4,12,444,Champions
10025,Aaron Bradley,39,6,21366,1,5,4,5,14,545,Champions
10030,Denise Cline,114,7,22819,0,4,4,5,13,445,Champions
10032,Eric Jordan,214,10,21394,1,3,5,5,13,355,Loyal Customers
10035,Vincent Smith,91,8,15486,0,4,5,4,13,454,Champions
10039,Amy Wilkinson,278,9,21283,0,2,5,5,12,255,At Risk
10047,Jennifer Brown,97,7,20938,0,4,4,5,13,445,Champions
10049,Laura Adams,49,9,23734,0,5,5,5,15,555,Champions
10050,Melissa Mora,163,8,23751,0,3,5,5,13,355,Loyal Customers
10054,Monica Jordan,263,9,26034,1,2,5,5,12,255,At Risk
10055,Jeffrey Hamilton,419,8,23964,1,2,5,5,12,255,At Risk
10057,Margaret Schroeder,47,7,21631,0,5,4,5,14,545,Champions
10063,Ralph Lee,33,7,19185,0,5,4,4,13,544,Champions
10066,Ashley Franco,148,12,26793,0,3,5,5,13,355,Loyal Customers
10069,Adam Reynolds,50,5,18296,0,5,3,4,12,534,Potential Loyalists
10072,Carlos Johnson,47,8,28940,0,5,5,5,15,555,Champions
10073,Brendan Henry,85,9,17469,0,4,5,4,13,454,Champions
10081,Nathan Holt,102,7,20755,0,4,4,5,13,445,Champions
10085,Courtney Brown,38,6,15340,1,5,4,4,13,544,Champions
10089,Jennifer White MD,365,9,24148,0,2,5,5,12,255,At Risk
10091,Charles Decker,67,12,32067,0,4,5,5,14,455,Champions
10092,Andrea Cooper,38,10,28775,0,5,5,5,15,555,Champions
10093,Paul Davis,183,8,20563,0,3,5,5,13,355,Loyal Customers
10094,David Mcconnell,112,7,19344,0,4,4,5,13,445,Champions
10102,Patrick Bennett,125,10,32504,0,4,5,5,14,455,Champions
10111,Nichole Vasquez,52,9,24567,0,5,5,5,15,555,Champions
10112,Tiffany Cline,163,7,19582,0,3,4,5,12,345,Loyal Customers
10114,Jo Rios,177,7,22449,0,3,4,5,12,345,Loyal Customers
10115,James Ponce,14,9,19461,0,5,5,5,15,555,Champions
10116,Annette Anderson,52,13,40804,0,5,5,5,15,555,Champions
10119,Rose Clayton,37,8,18246,0,5,5,4,14,554,Champions
10121,Shelley Fuller,25,10,22367,1,5,5,5,15,555,Champions
10128,Douglas Chavez,22,8,28940,0,5,5,5,15,555,Champions
10143,Jessica Wilson,38,10,27912,1,5,5,5,15,555,Champions
10149,Justin Delgado,207,7,19721,0,3,4,5,12,345,Loyal Customers
10158,Michelle Castro,120,12,31343,0,4,5,5,14,455,Champions
10162,Jeff Walker,235,8,24778,0,3,5,5,13,355,Loyal Customers
10164,Kim Davis,17,6,13885,0,5,4,3,12,543,Loyal Customers
10167,Mark Medina,181,6,23637,0,3,4,5,12,345,Loyal Customers
10169,Amy Cole,19,8,21911,0,5,5,5,15,555,Champions
10171,Christopher Barnett,32,7,20978,0,5,4,5,14,545,Champions
10173,Mary Greer,50,6,18649,1,5,4,4,13,544,Champions
10175,Miguel Case,11,5,15375,0,5,3,4,12,534,Potential Loyalists
10176,Reginald Abbott,394,8,20933,0,2,5,5,12,255,At Risk
10180,Daniel Rollins,24,7,13993,0,5,4,3,12,543,Loyal Customers
10184,Linda Moore,17,8,22069,0,5,5,5,15,555,Champions
10185,Angela Weaver,152,11,22672,0,3,5,5,13,355,Loyal Customers
10192,Monique Gomez,26,7,17709,0,5,4,4,13,544,Champions
10194,Amy Baker,128,7,16644,0,4,4,4,12,444,Champions
10195,Stephen Leon,57,7,11756,0,5,4,3,12,543,Loyal Customers
10197,Robert Mendez,5,6,23894,0,5,4,5,14,545,Champions
10204,Tammy Jackson,70,8,30146,1,4,5,5,14,455,Champions
10207,Michael Johnson,3,6,17570,0,5,4,4,13,544,Champions
10212,Stephanie Ingram,33,6,14405,1,5,4,3,12,543,Loyal Customers
10214,Samantha Bush,51,5,15039,0,5,3,4,12,534,Potential Loyalists
10215,Jacob Bailey,1,6,22930,0,5,4,5,14,545,Champions
10218,Justin Vargas DDS,109,7,24220,0,4,4,5,13,445,Champions
10228,Stephen Davis,128,10,31388,0,4,5,5,14,455,Champions
10232,Ruben Roman,51,6,22473,0,5,4,5,14,545,Champions
10238,Allison Leonard,199,7,22466,0,3,4,5,12,345,Loyal Customers
10241,Danny Moore,40,8,17546,0,5,5,4,14,554,Champions
10242,Nicole Mclaughlin,17,10,25846,0,5,5,5,15,555,Champions
10245,Hannah Silva,97,9,22473,0,4,5,5,14,455,Champions
10249,Adrienne Sexton,93,9,24694,0,4,5,5,14,455,Champions
10253,Cassie Salinas,84,9,29064,0,4,5,5,14,455,Champions
10262,Wendy Young,82,8,12991,0,4,5,3,12,453,Loyal Customers
10264,Kristen Bell,254,10,21223,0,2,5,5,12,255,At Risk
10269,Tammy Norton,20,7,20996,1,5,4,5,14,545,Champions
10273,Kelly Bowman,147,6,19877,1,3,4,5,12,345,Loyal Customers
10274,Peter Lane,24,6,15822,0,5,4,4,13,544,Champions
10275,Audrey Rivera,111,6,17625,0,4,4,4,12,444,Champions
10276,Dawn Jones,53,6,19230,1,5,4,4,13,544,Champions
10277,Benjamin Williams,1,11,21785,0,5,5,5,15,555,Champions
10281,Ronald Banks,36,7,24334,1,5,4,5,14,545,Champions
10299,Kimberly Bridges,37,5,20320,1,5,3,5,13,535,Potential Loyalists
10301,Kayla Brady,38,6,18643,0,5,4,4,13,544,Champions
10311,Alexander Lopez,118,6,20228,0,4,4,5,13,445,Champions
10325,Christopher Cooper,153,7,21987,1,3,4,5,12,345,Loyal Customers
10329,Karen Cox,153,8,19153,0,3,5,4,12,354,Loyal Customers
10331,Cynthia Cooper,20,7,21403,0,5,4,5,14,545,Champions
10332,James Gutierrez,100,6,19306,0,4,4,5,13,445,Champions
10337,Adam Wiggins,142,7,19635,0,3,4,5,12,345,Loyal Customers
10343,Cody Forbes,90,11,23605,0,4,5,5,14,455,Champions
10344,Sarah Hunt,159,7,19462,0,3,4,5,12,345,Loyal Customers
10348,Willie Buchanan,128,8,21445,0,4,5,5,14,455,Champions
10356,Michele Davis,150,6,19856,0,3,4,5,12,345,Loyal Customers
10360,Julie Smith,41,6,21389,0,5,4,5,14,545,Champions
10364,Lori Rhodes DVM,164,7,19893,0,3,4,5,12,345,Loyal Customers
10365,Amy Conrad,13,6,18699,0,5,4,4,13,544,Champions
10373,Samantha Palmer,5,6,16826,0,5,4,4,13,544,Champions
10375,Keith Rios,73,7,23013,0,4,4,5,13,445,Champions
10377,Sherry Rodriguez,219,9,25617,0,3,5,5,13,355,Loyal Customers
10383,Jasmine Roman,104,7,22936,0,4,4,5,13,445,Champions
10384,Edward Collins,115,6,16936,0,4,4,4,12,444,Champions
10386,Jennifer Santos DDS,122,6,18941,1,4,4,4,12,444,Champions
10392,Derek Freeman,52,6,13659,0,5,4,3,12,543,Loyal Customers
10394,Michael Harvey,16,7,14300,0,5,4,3,12,543,Loyal Customers
10396,Kathleen Reynolds,128,6,18184,0,4,4,4,12,444,Champions
10398,James Hernandez,19,7,23040,0,5,4,5,14,545,Champions
10399,Laura Davis,39,8,17350,0,5,5,4,14,554,Champions
10400,Stephanie Gates,25,6,19349,0,5,4,5,14,545,Champions
10401,Matthew Andersen,126,8,20500,0,4,5,5,14,455,Champions
10402,Sarah Martin,132,8,25134,1,4,5,5,14,455,Champions
10407,Jesse Mueller,384,8,19570,0,2,5,5,12,255,At Risk
10408,Marilyn Stone,49,7,18106,0,5,4,4,13,544,Champions
10415,Daniel Griffin,39,7,18940,0,5,4,4,13,544,Champions
10431,Amy Rodriguez,74,8,20523,0,4,5,5,14,455,Champions
10432,Colleen Moreno,9,7,11693,0,5,4,3,12,543,Loyal Customers
10438,Robert Curry,136,9,23232,0,4,5,5,14,455,Champions
10439,Thomas Sanchez,24,8,26772,0,5,5,5,15,555,Champions
10443,Mary Allen,109,8,19738,0,4,5,5,14,455,Champions
10446,Terri Foster,74,6,17401,0,4,4,4,12,444,Champions
10449,Amy Sherman,54,7,15603,0,5,4,4,13,544,Champions
10455,Timothy Evans,103,6,15040,1,4,4,4,12,444,Champions
10458,Christy Morgan,215,6,19705,0,3,4,5,12,345,Loyal Customers
10461,David Morris,30,8,24416,0,5,5,5,15,555,Champions
10468,Andrea Brady,68,7,24880,0,4,4,5,13,445,Champions
10469,William Velasquez,57,9,35004,0,5,5,5,15,555,Champions
10474,Nathan Smith,95,6,16373,0,4,4,4,12,444,Champions
10476,Mrs. Erica Cooper,175,7,20876,0,3,4,5,12,345,Loyal Customers
10481,Robin Wilson MD,41,8,18966,0,5,5,4,14,554,Champions
10484,Kenneth Strong,164,8,16170,0,3,5,4,12,354,Loyal Customers
10487,Michael Stephenson,33,6,11581,0,5,4,3,12,543,Loyal Customers
10488,Elaine Williams,45,6,14544,0,5,4,3,12,543,Loyal Customers
10490,Matthew Lara,96,7,17174,0,4,4,4,12,444,Champions
10494,James Hickman,22,6,20576,1,5,4,5,14,545,Champions
10500,Patricia Garcia,57,8,18274,0,5,5,4,14,554,Champions
10512,Mason Shannon,47,8,19629,0,5,5,5,15,555,Champions
10514,Maurice Brown,108,9,30015,0,4,5,5,14,455,Champions
10518,Maria Duncan,307,8,21551,0,2,5,5,12,255,At Risk
10519,Joy Gill,45,6,12465,1,5,4,3,12,543,Loyal Customers
10520,Sandra Ramos,60,8,26437,0,4,5,5,14,455,Champions
10521,Michael Fritz,29,10,24364,0,5,5,5,15,555,Champions
10526,Tracey Murphy,253,10,27525,0,2,5,5,12,255,At Risk
10538,Rachel Fischer,50,7,19518,0,5,4,5,14,545,Champions
10542,Jordan Flores,161,10,23126,0,3,5,5,13,355,Loyal Customers
10544,Ashley Dixon,28,7,15432,0,5,4,4,13,544,Champions
10545,Gabrielle Spencer,195,7,20252,0,3,4,5,12,345,Loyal Customers
10553,Ms. Kimberly Frazier,221,11,27358,0,3,5,5,13,355,Loyal Customers
10557,Virginia Huber,74,7,23594,0,4,4,5,13,445,Champions
10561,Paul Gonzalez,50,5,17093,0,5,3,4,12,534,Potential Loyalists
10563,Melinda Dawson,164,11,23534,0,3,5,5,13,355,Loyal Customers
10573,Emily Cruz,121,8,21185,0,4,5,5,14,455,Champions
10574,Colleen Morales,178,6,22421,0,3,4,5,12,345,Loyal Customers
10577,Chad Jones,17,7,14571,1,5,4,3,12,543,Loyal Customers
10582,Suzanne Benton,25,10,32612,0,5,5,5,15,555,Champions
10583,Dillon Franco,139,9,19208,0,3,5,4,12,354,Loyal Customers
10584,Thomas Luna,74,10,30534,0,4,5,5,14,455,Champions
10585,Michelle Williams,18,5,16813,0,5,3,4,12,534,Potential Loyalists
10586,Tiffany Walker,125,9,26441,1,4,5,5,14,455,Champions
10588,Travis Green,77,8,23053,0,4,5,5,14,455,Champions
10589,Richard Jackson,193,7,20394,0,3,4,5,12,345,Loyal Customers
10590,John Padilla,78,6,17200,0,4,4,4,12,444,Champions
10592,Ryan Brown,144,9,26134,0,3,5,5,13,355,Loyal Customers
10598,Taylor Lee,110,7,17876,0,4,4,4,12,444,Champions
10599,Daniel Gilbert,13,6,15330,0,5,4,4,13,544,Champions
10602,Brian Willis,29,5,15011,1,5,3,4,12,534,Potential Loyalists
10604,Martin Jones,5,8,21437,1,5,5,5,15,555,Champions
10607,Alexis Shah,393,8,19886,0,2,5,5,12,255,At Risk
10612,Nathaniel Wells,114,7,19381,0,4,4,5,13,445,Champions
10618,Kelly Gonzalez,31,6,14147,0,5,4,3,12,543,Loyal Customers
10625,Debra Anderson,103,8,30945,0,4,5,5,14,455,Champions
10626,Robert Keller,11,10,27148,0,5,5,5,15,555,Champions
10629,Margaret Heath,323,9,27445,0,2,5,5,12,255,At Risk
10633,Richard Barker,234,8,27466,0,3,5,5,13,355,Loyal Customers
10640,Morgan Davis,83,6,23533,0,4,4,5,13,445,Champions
10641,Sara Boyle,116,6,14814,1,4,4,4,12,444,Champions
10642,Laura Watson,275,8,24179,0,2,5,5,12,255,At Risk
10643,Adam Knight,67,10,24360,0,4,5,5,14,455,Champions
10644,Jeffrey Hall,103,8,22211,0,4,5,5,14,455,Champions
10646,James Salazar,287,8,22905,0,2,5,5,12,255,At Risk
10647,Raven Johnson,131,8,20554,0,4,5,5,14,455,Champions
10649,David Walters,90,9,23834,0,4,5,5,14,455,Champions
10652,Courtney Escobar,56,5,16178,1,5,3,4,12,534,Potential Loyalists
10654,Angela Jones,126,7,19260,0,4,4,4,12,444,Champions
10656,Holly Taylor,82,6,22234,0,4,4,5,13,445,Champions
10657,Nicole Thomas,14,6,20110,0,5,4,5,14,545,Champions
10658,Jennifer Hall,32,7,25897,0,5,4,5,14,545,Champions
10660,Sandra Gaines,28,5,15013,0,5,3,4,12,534,Potential Loyalists
10667,William Hernandez,136,8,20268,0,4,5,5,14,455,Champions
10668,Bobby Sanchez,52,5,17508,1,5,3,4,12,534,Potential Loyalists
10678,Susan Bailey,98,7,15217,0,4,4,4,12,444,Champions
10682,Patrick Ryan,100,6,21754,0,4,4,5,13,445,Champions
10683,Katherine Cordova,89,10,28878,1,4,5,5,14,455,Champions
10685,Taylor Glenn,63,8,25951,0,4,5,5,14,455,Champions
10698,Cody Jones,241,9,24877,0,3,5,5,13,355,Loyal Customers
10699,Crystal Norton,39,7,14621,0,5,4,3,12,543,Loyal Customers
10700,Jordan Wheeler,14,7,18036,1,5,4,4,13,544,Champions
10701,Sara Smith,89,7,18056,0,4,4,4,12,444,Champions
10705,Alexander Benson,124,7,20708,0,4,4,5,13,445,Champions
10706,William Mclaughlin,17,6,14526,0,5,4,3,12,543,Loyal Customers
10708,Scott Bridges,152,11,24172,0,3,5,5,13,355,Loyal Customers
10712,Katie James,111,7,18297,0,4,4,4,12,444,Champions
10715,Andrea Lutz,90,5,20481,0,4,3,5,12,435,Potential Loyalists
10725,Stephanie Frazier,8,5,16591,0,5,3,4,12,534,Potential Loyalists
10727,Sarah Shelton,19,8,23506,0,5,5,5,15,555,Champions
10732,Amber Pierce DDS,111,7,20017,0,4,4,5,13,445,Champions
10736,Brian Jones,97,7,20560,0,4,4,5,13,445,Champions
10738,William White,121,6,15546,0,4,4,4,12,444,Champions
10739,Sharon Carlson,152,9,28870,0,3,5,5,13,355,Loyal Customers
10740,Jacqueline Giles,45,7,20452,0,5,4,5,14,545,Champions
10745,Willie Robinson,81,9,22523,0,4,5,5,14,455,Champions
10746,Eddie Rodriguez,159,8,21776,0,3,5,5,13,355,Loyal Customers
10758,Robert Smith,149,11,24497,0,3,5,5,13,355,Loyal Customers
10770,Lisa Cole,116,7,21014,0,4,4,5,13,445,Champions
10772,Jacqueline Carr,138,9,25443,0,3,5,5,13,355,Loyal Customers
10775,Christopher Payne,179,8,21885,0,3,5,5,13,355,Loyal Customers
10777,Zachary Phillips,97,8,15505,0,4,5,4,13,454,Champions
10780,Michael Shelton,25,12,30389,0,5,5,5,15,555,Champions
10783,Anthony Davis,49,9,22910,1,5,5,5,15,555,Champions
10785,Elizabeth Johnston,118,8,28622,0,4,5,5,14,455,Champions
10790,Patricia Johnston,158,8,21315,0,3,5,5,13,355,Loyal Customers
10794,Margaret Harris,15,7,21525,0,5,4,5,14,545,Champions
10795,Philip Lewis,100,8,18506,1,4,5,4,13,454,Champions
10801,Cesar Cowan,36,7,17486,0,5,4,4,13,544,Champions
10810,Amber Palmer,118,7,24146,0,4,4,5,13,445,Champions
10814,Elizabeth Burns,90,7,20108,1,4,4,5,13,445,Champions
10822,Michael Farrell,16,6,16465,1,5,4,4,13,544,Champions
10827,Andrew Smith,116,7,15822,0,4,4,4,12,444,Champions
10830,Matthew Castro,301,8,23461,0,2,5,5,12,255,At Risk
10838,Matthew Holmes,67,11,34163,0,4,5,5,14,455,Champions
10839,Jonathan Webster,92,7,20044,0,4,4,5,13,445,Champions
10840,Dr. Lori Rivas DDS,51,6,14320,0,5,4,3,12,543,Loyal Customers
10845,Briana Owens,130,5,19357,0,4,3,5,12,435,Potential Loyalists
10852,Michele Dawson,26,7,12574,0,5,4,3,12,543,Loyal Customers
10855,Gloria Smith,94,7,22264,0,4,4,5,13,445,Champions
10867,Katherine Duncan,43,6,22587,1,5,4,5,14,545,Champions
10869,Wayne Johnson,274,8,22679,0,2,5,5,12,255,At Risk
10871,Laurie Jones,68,7,27102,1,4,4,5,13,445,Champions
10873,Theodore Ramirez,26,7,23440,1,5,4,5,14,545,Champions
10881,Matthew Rivera,50,7,18165,0,5,4,4,13,544,Champions
10882,Christina Kramer,69,8,14932,0,4,5,4,13,454,Champions
10883,Eugene Romero,322,9,21899,0,2,5,5,12,255,At Risk
10885,John Cox,137,7,22195,0,3,4,5,12,345,Loyal Customers
10894,Chad Ray,110,7,15367,0,4,4,4,12,444,Champions
10897,Daniel Adams,131,6,15598,0,4,4,4,12,444,Champions
10898,Faith Howell,99,6,18851,0,4,4,4,12,444,Champions
10902,Michael Williams,8,6,15108,0,5,4,4,13,544,Champions
10906,Jason Mueller,83,6,22521,0,4,4,5,13,445,Champions
10910,Tiffany Garrison,38,7,24793,0,5,4,5,14,545,Champions
10914,Angela Bradley,229,7,20811,0,3,4,5,12,345,Loyal Customers
10922,Denise Ware,188,8,20126,0,3,5,5,13,355,Loyal Customers
10923,Adam Archer,97,9,21033,0,4,5,5,14,455,Champions
10928,Alexander Simon,12,9,28551,0,5,5,5,15,555,Champions
10933,Carl Johnston,52,7,19690,1,5,4,5,14,545,Champions
10934,Susan Mendez,54,9,29367,0,5,5,5,15,555,Champions
10941,Misty Richards,163,8,22599,0,3,5,5,13,355,Loyal Customers
10950,Keith Williams,61,6,16667,1,4,4,4,12,444,Champions
10954,Zachary Clark,102,9,20031,0,4,5,5,14,455,Champions
10955,John Powers,9,5,15411,1,5,3,4,12,534,Potential Loyalists
10957,Cynthia Huang,47,11,32957,0,5,5,5,15,555,Champions
10958,Andrew Webster,13,8,24447,0,5,5,5,15,555,Champions
10960,Crystal Bryan,82,6,23345,1,4,4,5,13,445,Champions
10962,Ryan Johnson,79,8,19159,0,4,5,4,13,454,Champions
10974,Melissa Garrett,25,6,19045,0,5,4,4,13,544,Champions
10975,Cody Davis,286,10,21731,0,2,5,5,12,255,At Risk
10977,Brianna Burns,77,5,20091,0,4,3,5,12,435,Potential Loyalists
10978,Danielle Yang,3,8,22164,0,5,5,5,15,555,Champions
10979,Wanda Navarro,22,6,14919,0,5,4,4,13,544,Champions
10982,Maria Wallace,34,6,18957,0,5,4,4,13,544,Champions
10985,Roy Simon,45,8,20100,0,5,5,5,15,555,Champions
10991,Tiffany Mendoza MD,159,10,23208,1,3,5,5,13,355,Loyal Customers
11001,Tyler Wright,100,6,16258,0,4,4,4,12,444,Champions
11004,David Hall,6,5,14992,0,5,3,4,12,534,Potential Loyalists
11014,Joyce Warner,16,11,26525,0,5,5,5,15,555,Champions
11015,Anthony Williams,129,6,17649,0,4,4,4,12,444,Champions
11026,Michael Anderson,20,5,15945,0,5,3,4,12,534,Potential Loyalists
11031,Mary Krause MD,38,7,19651,0,5,4,5,14,545,Champions
11040,Megan Ramos,33,8,27704,0,5,5,5,15,555,Champions
11047,Tyler Bennett,178,9,19832,0,3,5,5,13,355,Loyal Customers
11049,Joshua Phillips,38,7,15517,0,5,4,4,13,544,Champions
11055,James Foster,1,6,16932,0,5,4,4,13,544,Champions
11056,Suzanne Wagner,50,10,29334,0,5,5,5,15,555,Champions
11058,Jeffery Newman,121,7,24561,0,4,4,5,13,445,Champions
11060,Tina Hess,74,9,22583,0,4,5,5,14,455,Champions
11062,Tracy Johnson,225,7,20845,1,3,4,5,12,345,Loyal Customers
11063,Paige Heath,79,7,15886,1,4,4,4,12,444,Champions
11064,Kathleen Gonzales,101,8,17574,0,4,5,4,13,454,Champions
11069,Michael Dunn,128,8,22108,0,4,5,5,14,455,Champions
11072,Paula Brown,114,8,15739,0,4,5,4,13,454,Champions
11078,Mr. Randy Jackson,11,8,20121,0,5,5,5,15,555,Champions
11080,Alicia Ruiz,31,6,22161,1,5,4,5,14,545,Champions
11082,Michele Gross,97,7,16883,0,4,4,4,12,444,Champions
11089,April Anderson,69,6,15127,0,4,4,4,12,444,Champions
11093,Dr. Yvonne Perez,122,7,23454,0,4,4,5,13,445,Champions
11095,Gregory Mccormick,257,8,24333,0,2,5,5,12,255,At Risk
11096,Adam Daniel,65,7,20758,0,4,4,5,13,445,Champions
11105,Dylan Powell,16,8,20775,0,5,5,5,15,555,Champions
11111,William Dillon,22,7,19751,0,5,4,5,14,545,Champions
11112,James Warren,96,7,17470,0,4,4,4,12,444,Champions
11116,Erica Howe,11,9,28908,1,5,5,5,15,555,Champions
11120,Natalie Morgan,161,8,23738,1,3,5,5,13,355,Loyal Customers
11123,Rachel Schultz,195,13,31918,0,3,5,5,13,355,Loyal Customers
11125,Misty Alvarez,10,6,18654,1,5,4,4,13,544,Champions
11128,Richard Martin,90,10,26937,0,4,5,5,14,455,Champions
11131,Jason Wilson,255,8,20294,0,2,5,5,12,255,At Risk
11139,Jason Bender,153,7,23038,1,3,4,5,12,345,Loyal Customers
11142,Mark Rios,34,7,18218,0,5,4,4,13,544,Champions
11150,Sara Wilson,61,6,22119,0,4,4,5,13,445,Champions
11151,Kristen Davis,179,8,22234,0,3,5,5,13,355,Loyal Customers
11154,Carol May,99,7,21326,0,4,4,5,13,445,Champions
11157,Thomas Vazquez,69,8,25308,1,4,5,5,14,455,Champions
11159,Heather Chang,112,8,25374,0,4,5,5,14,455,Champions
11160,Amanda Peterson,78,8,31689,0,4,5,5,14,455,Champions
11162,Brandon Diaz,21,6,21574,0,5,4,5,14,545,Champions
11165,Thomas Patton,232,11,33891,1,3,5,5,13,355,Loyal Customers
11171,William Christensen,81,7,16521,0,4,4,4,12,444,Champions
11172,Sandra Stanley,112,8,20277,1,4,5,5,14,455,Champions
11173,Amanda Castillo,196,7,21106,0,3,4,5,12,345,Loyal Customers
11175,Dana Solis,86,6,19546,0,4,4,5,13,445,Champions
11184,Nicholas Thomas,29,7,17173,0,5,4,4,13,544,Champions
11186,Matthew Drake,54,6,15615,0,5,4,4,13,544,Champions
11193,Dr. Ashley Scott,101,9,21182,0,4,5,5,14,455,Champions
11195,Charles Gonzalez,30,6,12682,0,5,4,3,12,543,Loyal Customers
11197,Shari Robbins,9,13,38162,1,5,5,5,15,555,Champions
11199,Brittany Ruiz,281,10,20539,0,2,5,5,12,255,At Risk
11200,Lindsey Diaz,10,6,13076,0,5,4,3,12,543,Loyal Customers
11201,James Smith,142,9,32025,0,3,5,5,13,355,Loyal Customers
11206,Troy Cummings,0,7,19794,1,5,4,5,14,545,Champions
11207,Ryan Anderson,43,8,23540,0,5,5,5,15,555,Champions
11208,Zachary Clark,36,7,22125,0,5,4,5,14,545,Champions
11211,Jeremy Robinson,21,5,15333,1,5,3,4,12,534,Potential Loyalists
11212,Paul Ramirez,16,7,22196,0,5,4,5,14,545,Champions
11227,Jacob Archer,101,6,17363,0,4,4,4,12,444,Champions
11230,Frank Hall V,7,5,18401,0,5,3,4,12,534,Potential Loyalists
11233,Paul Kelly,166,10,30329,0,3,5,5,13,355,Loyal Customers
11234,Tiffany White,127,6,17012,0,4,4,4,12,444,Champions
11235,William Stephenson,20,8,19102,0,5,5,4,14,554,Champions
11238,Amanda Crawford PhD,189,9,28509,0,3,5,5,13,355,Loyal Customers
11240,Bridget Carrillo,12,7,23110,0,5,4,5,14,545,Champions
11244,Joel Clements,236,7,19465,0,3,4,5,12,345,Loyal Customers
11247,James Taylor,90,8,16896,0,4,5,4,13,454,Champions
11250,Sarah Wood,14,7,19021,0,5,4,4,13,544,Champions
11251,Matthew Turner,37,8,24392,0,5,5,5,15,555,Champions
11254,Alexis Hodges,385,11,37233,0,2,5,5,12,255,At Risk
11255,Ronald Gutierrez Jr.,52,5,15037,0,5,3,4,12,534,Potential Loyalists
11258,Laura Fitzpatrick,107,7,15838,0,4,4,4,12,444,Champions
11260,Tony Rose,93,6,17154,1,4,4,4,12,444,Champions
11261,Briana Crawford,44,9,25518,0,5,5,5,15,555,Champions
11263,Erica Branch,161,9,20079,0,3,5,5,13,355,Loyal Customers
11265,Dana Pittman,33,10,32530,0,5,5,5,15,555,Champions
11268,Amy Smith,39,7,19680,0,5,4,5,14,545,Champions
11282,Mrs. Amy Crawford,60,10,19877,0,4,5,5,14,455,Champions
11283,Catherine Frank,281,8,20892,0,2,5,5,12,255,At Risk
11284,Kathryn Bradshaw,49,9,25874,1,5,5,5,15,555,Champions
11285,Meghan Barnes,123,9,20681,0,4,5,5,14,455,Champions
11287,Isaac Miller,151,9,22073,1,3,5,5,13,355,Loyal Customers
11295,Jennifer Ellis MD,14,11,28074,0,5,5,5,15,555,Champions
11298,James Cook,71,8,29631,0,4,5,5,14,455,Champions
11300,Mary Cox,41,8,30092,0,5,5,5,15,555,Champions
11303,Brian Robinson,4,6,20992,1,5,4,5,14,545,Champions
11306,Christina Chan,158,8,24738,0,3,5,5,13,355,Loyal Customers
11307,Brandy French,51,7,12514,0,5,4,3,12,543,Loyal Customers
11315,Charles Hernandez,214,6,20453,0,3,4,5,12,345,Loyal Customers
11318,Brittany Padilla,55,6,12718,0,5,4,3,12,543,Loyal Customers
11321,Jessica Foster,68,6,20374,1,4,4,5,13,445,Champions
11322,Lynn Goodman,207,7,22148,0,3,4,5,12,345,Loyal Customers
11326,Carlos Nguyen,212,6,21075,0,3,4,5,12,345,Loyal Customers
11333,Gregory Schultz,34,6,17854,0,5,4,4,13,544,Champions
11334,Jeffrey Johnson,106,6,18722,0,4,4,4,12,444,Champions
11347,Destiny Horne,39,8,18782,1,5,5,4,14,554,Champions
11348,Julie Cunningham,97,6,15232,0,4,4,4,12,444,Champions
11351,Kelly Lynch,409,9,21225,0,2,5,5,12,255,At Risk
11356,Jennifer Wood,21,7,17717,0,5,4,4,13,544,Champions
11357,Morgan Fitzgerald,47,7,17391,0,5,4,4,13,544,Champions
11360,Bryce Garcia,2,9,30093,0,5,5,5,15,555,Champions
11365,Christopher Martin,36,10,25788,0,5,5,5,15,555,Champions
11370,Gary Rangel,102,9,27551,0,4,5,5,14,455,Champions
11371,Shelley Davis,23,7,20156,0,5,4,5,14,545,Champions
11373,Erica Griffin,5,5,17967,0,5,3,4,12,534,Potential Loyalists
11376,Crystal Hall,22,7,15974,1,5,4,4,13,544,Champions
11377,Jessica Lang,83,6,17373,0,4,4,4,12,444,Champions
11382,Angela Floyd,148,8,21749,0,3,5,5,13,355,Loyal Customers
11384,Lisa Wade,186,7,20135,0,3,4,5,12,345,Loyal Customers
11385,Karen Sullivan,7,8,23782,0,5,5,5,15,555,Champions
11388,Elizabeth Lester,286,11,26881,0,2,5,5,12,255,At Risk
11389,Pedro Greene,156,8,22229,0,3,5,5,13,355,Loyal Customers
11390,Yolanda Becker,386,11,29146,0,2,5,5,12,255,At Risk
11397,Michael Roberson,184,9,23926,0,3,5,5,13,355,Loyal Customers
11412,Anthony Brown,56,5,15522,0,5,3,4,12,534,Potential Loyalists
11417,Danny Lane,118,6,22198,0,4,4,5,13,445,Champions
11421,James Bentley,29,6,12197,0,5,4,3,12,543,Loyal Customers
11423,David Villarreal,153,9,18495,0,3,5,4,12,354,Loyal Customers
11424,Sara Williams,131,8,29113,1,4,5,5,14,455,Champions
11430,William Johnson,17,6,15397,0,5,4,4,13,544,Champions
11437,Andrea Martin,5,6,14818,0,5,4,4,13,544,Champions
11439,Tiffany Kaiser,9,8,24589,1,5,5,5,15,555,Champions
11441,Keith Martinez,18,9,25609,0,5,5,5,15,555,Champions
11445,Ian Clark,118,7,20335,0,4,4,5,13,445,Champions
11446,Kathy Young,10,6,17918,0,5,4,4,13,544,Champions
11451,William Brown,129,10,29478,0,4,5,5,14,455,Champions
11455,Barbara Adams,12,7,18071,1,5,4,4,13,544,Champions
11459,Johnathan Joseph,1,7,26150,1,5,4,5,14,545,Champions
11460,Monica Rodriguez,59,8,22305,0,5,5,5,15,555,Champions
11467,Johnny Palmer,2,8,21463,0,5,5,5,15,555,Champions
11468,Cheryl Tran,241,8,18298,1,3,5,4,12,354,Loyal Customers
11474,Kevin Kirby,137,8,25841,0,3,5,5,13,355,Loyal Customers
11477,Marilyn Moore,116,6,24049,0,4,4,5,13,445,Champions
11482,Tina Powell,52,7,17302,0,5,4,4,13,544,Champions
11490,Melanie Vazquez,198,7,22958,0,3,4,5,12,345,Loyal Customers
11496,Dominique Williams,264,8,24069,0,2,5,5,12,255,At Risk
11498,Rachel Buckley,24,6,18294,0,5,4,4,13,544,Champions
11500,Nicholas Mills,97,9,14796,0,4,5,3,12,453,Loyal Customers
11503,Danielle Stephens,9,13,32056,0,5,5,5,15,555,Champions
11504,Hailey Chavez,61,10,28155,0,4,5,5,14,455,Champions
11505,Cindy Hawkins,227,8,19383,1,3,5,5,13,355,Loyal Customers
11511,Jose Thomas,122,6,20702,0,4,4,5,13,445,Champions
11514,Selena Barnes,1,5,15692,0,5,3,4,12,534,Potential Loyalists
11523,Samuel Boyd,94,11,24870,0,4,5,5,14,455,Champions
11524,Anthony Malone,150,10,23926,0,3,5,5,13,355,Loyal Customers
11525,Sara Wise,139,6,20276,1,3,4,5,12,345,Loyal Customers
11526,Stanley Wilson,83,8,13574,0,4,5,3,12,453,Loyal Customers
11531,Larry Bridges,113,6,19045,0,4,4,4,12,444,Champions
11535,Angela Simon,115,6,18319,0,4,4,4,12,444,Champions
11536,Mitchell Nelson,43,12,27088,0,5,5,5,15,555,Champions
11547,Dr. Angela Gonzalez PhD,30,7,17583,1,5,4,4,13,544,Champions
11548,Melanie Lewis,150,7,19642,1,3,4,5,12,345,Loyal Customers
11553,Ralph Williams,60,6,15921,0,4,4,4,12,444,Champions
11554,Felicia Walker,9,8,24312,1,5,5,5,15,555,Champions
11555,Lori Short,175,7,22167,1,3,4,5,12,345,Loyal Customers
11556,Joseph Davis,136,10,29616,0,4,5,5,14,455,Champions
11560,Mary Carroll,184,6,20817,0,3,4,5,12,345,Loyal Customers
11561,Anthony Long,231,9,20398,0,3,5,5,13,355,Loyal Customers
11562,Eric Barry,70,13,33513,0,4,5,5,14,455,Champions
11566,Thomas Shelton,54,5,19834,0,5,3,5,13,535,Potential Loyalists
11567,Steven Scott,17,7,16181,0,5,4,4,13,544,Champions
11582,Janet Bishop,166,6,21559,1,3,4,5,12,345,Loyal Customers
11585,Jacob Johnson,85,8,23617,0,4,5,5,14,455,Champions
11587,Michael Dennis,32,7,24101,1,5,4,5,14,545,Champions
11588,Elizabeth Fields,33,8,20823,0,5,5,5,15,555,Champions
11589,Teresa Jensen,45,7,24120,0,5,4,5,14,545,Champions
11592,Christopher Jones,48,8,26248,0,5,5,5,15,555,Champions
11596,Susan Graham,69,7,16582,0,4,4,4,12,444,Champions
11597,Robert Richards,7,8,24591,0,5,5,5,15,555,Champions
11606,Shirley Perry,100,6,24508,1,4,4,5,13,445,Champions
11611,Mr. Todd Lee,9,6,16953,0,5,4,4,13,544,Champions
11614,Chase Wright II,67,6,16516,0,4,4,4,12,444,Champions
11618,William Adams,16,10,27283,0,5,5,5,15,555,Champions
11619,Jamie Raymond,244,8,20859,0,2,5,5,12,255,At Risk
11622,Samantha Collins,13,7,15554,0,5,4,4,13,544,Champions
11624,Crystal Holloway,20,8,23257,0,5,5,5,15,555,Champions
11625,Ricky Williams,11,8,23492,0,5,5,5,15,555,Champions
11626,Kenneth Garcia,158,10,32631,0,3,5,5,13,355,Loyal Customers
11627,John Barton,123,6,15396,0,4,4,4,12,444,Champions
11633,Karen Hobbs,157,8,15657,0,3,5,4,12,354,Loyal Customers
11639,Eric Calderon,120,7,22832,0,4,4,5,13,445,Champions
11646,Jamie Carpenter,77,9,23064,0,4,5,5,14,455,Champions
11653,Elaine Byrd,98,8,20855,0,4,5,5,14,455,Champions
11656,Michael Carroll,82,9,24389,0,4,5,5,14,455,Champions
11661,Terry Blackwell,121,10,35099,0,4,5,5,14,455,Champions
11667,James Wong,86,8,26606,1,4,5,5,14,455,Champions
11668,Michelle Blake,239,9,24460,0,3,5,5,13,355,Loyal Customers
11675,Ronald Lopez,236,12,32356,0,3,5,5,13,355,Loyal Customers
11677,Cesar Porter,169,7,20150,0,3,4,5,12,345,Loyal Customers
11683,Michelle Todd,27,6,23270,0,5,4,5,14,545,Champions
11686,Emily Harris,43,7,17581,0,5,4,4,13,544,Champions
11695,Patricia Rios,82,9,23047,0,4,5,5,14,455,Champions
11696,Jessica Sexton,97,6,21367,0,4,4,5,13,445,Champions
11703,Nicholas Martin,104,7,21298,1,4,4,5,13,445,Champions
11710,Sabrina Hogan,8,9,26167,0,5,5,5,15,555,Champions
11712,Jason George,75,6,22249,0,4,4,5,13,445,Champions
11715,Ashley Parker,218,8,29665,0,3,5,5,13,355,Loyal Customers
11716,Lisa Hunter,326,8,22877,1,2,5,5,12,255,At Risk
11718,Amy Gregory,57,11,26567,0,5,5,5,15,555,Champions
11721,Wesley Short,52,8,22869,1,5,5,5,15,555,Champions
11722,Charles Young,1,7,22262,0,5,4,5,14,545,Champions
11723,Eric Green,119,6,20599,0,4,4,5,13,445,Champions
11728,Michael Scott,344,8,26702,0,2,5,5,12,255,At Risk
11732,Erika Parks,24,10,24011,1,5,5,5,15,555,Champions
11734,Lisa George,6,8,28734,0,5,5,5,15,555,Champions
11739,Howard Mitchell,27,7,19389,0,5,4,5,14,545,Champions
11749,Megan Neal,21,6,12530,0,5,4,3,12,543,Loyal Customers
11754,Trevor Schneider,23,6,17550,0,5,4,4,13,544,Champions
11755,Jennifer Smith,115,8,21498,0,4,5,5,14,455,Champions
11758,Ronald Long,311,9,29362,0,2,5,5,12,255,At Risk
11760,Kevin Murphy,28,6,20930,0,5,4,5,14,545,Champions
11762,Wendy Simpson,21,9,25260,1,5,5,5,15,555,Champions
11766,Lucas Powell Jr.,303,9,27031,0,2,5,5,12,255,At Risk
11771,Richard Rush Jr.,134,7,20101,0,4,4,5,13,445,Champions
11773,Brittany Lee,72,9,20014,0,4,5,5,14,455,Champions
11781,Kimberly Ortiz,242,8,24473,0,3,5,5,13,355,Loyal Customers
11782,Karen Taylor,56,8,16013,0,5,5,4,14,554,Champions
11784,Pedro Hays,97,11,31649,1,4,5,5,14,455,Champions
11785,Arthur Davis,42,7,19962,0,5,4,5,14,545,Champions
11795,Barbara Johnson,47,7,15063,1,5,4,4,13,544,Champions
11798,Valerie Pineda,113,7,18872,1,4,4,4,12,444,Champions
11800,Eric Smith,50,7,23479,0,5,4,5,14,545,Champions
11801,Cindy Cabrera,25,6,15609,0,5,4,4,13,544,Champions
11808,Michael Martin Jr.,119,7,15376,0,4,4,4,12,444,Champions
11809,Brian Phillips,129,6,20528,0,4,4,5,13,445,Champions
11813,Angela Rodriguez,112,6,17263,0,4,4,4,12,444,Champions
11814,Jeremiah Branch,56,6,16290,0,5,4,4,13,544,Champions
11824,Jessica Walton,30,8,27262,0,5,5,5,15,555,Champions
11827,Courtney Cooper,82,6,15453,0,4,4,4,12,444,Champions
11835,Victoria Floyd,211,9,19065,0,3,5,4,12,354,Loyal Customers
11842,Mrs. Michele Peterson,60,10,27805,1,4,5,5,14,455,Champions
11847,Sabrina Davis,80,6,15178,0,4,4,4,12,444,Champions
11850,Stacy Perez,101,8,25756,1,4,5,5,14,455,Champions
11852,Christopher Thompson,6,6,16650,0,5,4,4,13,544,Champions
11853,Lisa Griffin DVM,2,6,18691,1,5,4,4,13,544,Champions
11859,Melissa Wagner,224,9,22426,0,3,5,5,13,355,Loyal Customers
11868,Jennifer Flores,2,6,13732,0,5,4,3,12,543,Loyal Customers
11879,Juan Santiago,33,6,19493,0,5,4,5,14,545,Champions
11880,Kyle Hudson,108,6,16209,0,4,4,4,12,444,Champions
11881,Elaine Lewis,37,10,21857,0,5,5,5,15,555,Champions
11882,John Harmon,33,5,15376,1,5,3,4,12,534,Potential Loyalists
11886,Troy Potter,245,8,20323,0,2,5,5,12,255,At Risk
11891,Matthew Fitzgerald,92,8,17581,0,4,5,4,13,454,Champions
11894,James Alvarado,403,8,22623,0,2,5,5,12,255,At Risk
11897,John Reed,83,7,18389,0,4,4,4,12,444,Champions
11899,Victoria Ferguson,4,7,16157,0,5,4,4,13,544,Champions
11900,Tyler Calderon,16,5,18005,0,5,3,4,12,534,Potential Loyalists
11901,Jennifer Rosales,57,10,29568,1,5,5,5,15,555,Champions
11903,Valerie Morrison,70,9,26026,0,4,5,5,14,455,Champions
11908,Philip Campbell,54,6,14027,0,5,4,3,12,543,Loyal Customers
11909,Jeffrey Pearson Jr.,76,6,23897,0,4,4,5,13,445,Champions
11915,Jessica Alvarez,72,7,18754,0,4,4,4,12,444,Champions
11919,Stacey Scott,30,6,14074,0,5,4,3,12,543,Loyal Customers
11922,William Lee,250,9,20645,0,2,5,5,12,255,At Risk
11926,Meredith Lozano,107,10,26136,0,4,5,5,14,455,Champions
11928,Glenn Parker,67,9,22801,0,4,5,5,14,455,Champions
11930,Tony Harmon,116,10,35254,0,4,5,5,14,455,Champions
11931,Jonathan Neal,11,9,27749,0,5,5,5,15,555,Champions
11933,Jessica Fischer,131,7,15578,0,4,4,4,12,444,Champions
11937,Jeremy Young,85,6,16191,0,4,4,4,12,444,Champions
11939,Michael Montgomery,67,10,34844,0,4,5,5,14,455,Champions
11940,Beverly Schroeder,59,8,25048,0,5,5,5,15,555,Champions
11954,Felicia Braun,41,7,18953,1,5,4,4,13,544,Champions
11959,Robert Meyer,5,6,13158,0,5,4,3,12,543,Loyal Customers
11963,Elizabeth Leon,45,6,20525,0,5,4,5,14,545,Champions
11971,Matthew Zimmerman,56,5,15780,0,5,3,4,12,534,Potential Loyalists
11977,Maria Tyler,100,7,18304,0,4,4,4,12,444,Champions
11983,Amanda Price,84,9,20949,0,4,5,5,14,455,Champions
11993,Frank Baker,31,7,17658,0,5,4,4,13,544,Champions
11999,Mary Douglas,160,8,26609,0,3,5,5,13,355,Loyal Customers
12017,Reginald Roach,12,10,25981,1,5,5,5,15,555,Champions
12018,Andrew Shaw,1,8,23985,0,5,5,5,15,555,Champions
12020,Melissa Long,42,7,20523,0,5,4,5,14,545,Champions
12022,Pamela Gill,53,11,23360,1,5,5,5,15,555,Champions
12025,Christopher Harvey,28,8,11922,0,5,5,3,13,553,Loyal Customers
12031,Julia Stone,212,8,27148,0,3,5,5,13,355,Loyal Customers
12033,Steven Wood,51,5,16927,0,5,3,4,12,534,Potential Loyalists
12036,Michele Miranda,106,10,33891,0,4,5,5,14,455,Champions
12042,John Alvarez,138,9,24491,1,3,5,5,13,355,Loyal Customers
12049,Melissa Holden,128,9,23288,0,4,5,5,14,455,Champions
12050,Nicholas Baker,55,9,27364,0,5,5,5,15,555,Champions
12052,David Downs,97,11,37403,0,4,5,5,14,455,Champions
12055,Ethan Martin,8,6,21688,0,5,4,5,14,545,Champions
12056,Brian Rios,134,6,17514,0,4,4,4,12,444,Champions
12057,Randy Richardson,18,11,24584,1,5,5,5,15,555,Champions
12058,Kyle Hart,91,6,18280,0,4,4,4,12,444,Champions
12061,Timothy Ryan,76,8,22111,1,4,5,5,14,455,Champions
12065,Rhonda Ruiz,145,9,31383,0,3,5,5,13,355,Loyal Customers
12070,Jose Bolton,44,5,15630,0,5,3,4,12,534,Potential Loyalists
12072,Michael Roth,50,5,21140,0,5,3,5,13,535,Potential Loyalists
12082,Mary Mahoney,7,6,18378,0,5,4,4,13,544,Champions
12086,Stephanie Reyes,90,10,30964,0,4,5,5,14,455,Champions
12090,Kelly Mathis,269,12,34411,0,2,5,5,12,255,At Risk
12092,Jessica Mccoy,93,7,20382,0,4,4,5,13,445,Champions
12094,Jessica Welch,37,6,21040,0,5,4,5,14,545,Champions
12099,Dr. Alexander Mcconnell,16,8,17875,1,5,5,4,14,554,Champions
12106,Heather Matthews,84,8,24736,0,4,5,5,14,455,Champions
12108,William Williams,61,6,20968,0,4,4,5,13,445,Champions
12116,Nicholas Ellis,26,5,17142,0,5,3,4,12,534,Potential Loyalists
12121,Katie Parker,147,9,22768,0,3,5,5,13,355,Loyal Customers
12123,Erica Garcia,182,6,19357,0,3,4,5,12,345,Loyal Customers
12129,Stacy Roman,209,6,23440,0,3,4,5,12,345,Loyal Customers
12133,April Peters,207,8,19051,0,3,5,4,12,354,Loyal Customers
12140,Ashley Ruiz,26,9,20200,0,5,5,5,15,555,Champions
12146,Ian Clark,56,6,21299,1,5,4,5,14,545,Champions
12148,Mary Compton,167,7,23967,0,3,4,5,12,345,Loyal Customers
12151,Nathan Williams,4,7,22368,1,5,4,5,14,545,Champions
12157,Meredith Chen,8,11,29333,0,5,5,5,15,555,Champions
12163,Sonia Moreno,68,9,13421,0,4,5,3,12,453,Loyal Customers
12165,Thomas Collier,109,7,21086,0,4,4,5,13,445,Champions
12166,William Mendez,111,6,21127,0,4,4,5,13,445,Champions
12168,Scott Sanders,124,7,17669,0,4,4,4,12,444,Champions
12169,Whitney Owen,37,7,17252,0,5,4,4,13,544,Champions
12170,Christina Stevenson,6,9,23644,0,5,5,5,15,555,Champions
12172,Melissa Lyons,108,8,22650,0,4,5,5,14,455,Champions
12177,Margaret Mcdonald,190,13,36670,0,3,5,5,13,355,Loyal Customers
12179,Anthony Wood,422,8,23520,0,2,5,5,12,255,At Risk
12184,Derek Elliott,37,8,23901,0,5,5,5,15,555,Champions
12186,Karina Johnson,72,9,29854,0,4,5,5,14,455,Champions
12197,Phillip Black,36,9,29215,0,5,5,5,15,555,Champions
12202,Mrs. Carrie Mcclain MD,13,11,19727,0,5,5,5,15,555,Champions
12208,Robert Torres,23,7,24593,0,5,4,5,14,545,Champions
12212,Hannah Cowan,8,5,16144,0,5,3,4,12,534,Potential Loyalists
12214,Melanie Payne,90,7,23175,1,4,4,5,13,445,Champions
12218,Jeffrey Patterson,43,8,17672,0,5,5,4,14,554,Champions
12230,Karen Wiggins,23,7,24214,0,5,4,5,14,545,Champions
12231,Antonio Hughes,13,8,21144,0,5,5,5,15,555,Champions
12236,Suzanne Rodriguez,56,6,21692,0,5,4,5,14,545,Champions
12244,Rebecca Nunez,33,9,27032,0,5,5,5,15,555,Champions
12246,Nicholas Morgan,174,10,27265,0,3,5,5,13,355,Loyal Customers
12248,Crystal Frederick,174,10,25568,0,3,5,5,13,355,Loyal Customers
12249,Robert Brown,1,9,31530,0,5,5,5,15,555,Champions
12253,Mary Mack,185,6,20800,0,3,4,5,12,345,Loyal Customers
12256,Ralph Terry,54,7,15265,0,5,4,4,13,544,Champions
12262,Kristen Yates,12,7,21085,0,5,4,5,14,545,Champions
12263,David Holt,15,5,18732,0,5,3,4,12,534,Potential Loyalists
12265,Catherine Ward DDS,338,10,31475,1,2,5,5,12,255,At Risk
12269,Kenneth Diaz,52,5,15737,0,5,3,4,12,534,Potential Loyalists
12270,Johnny Woods,12,7,24504,0,5,4,5,14,545,Champions
12271,Monica Wagner,7,9,24743,0,5,5,5,15,555,Champions
12272,Denise Wallace,158,7,21031,0,3,4,5,12,345,Loyal Customers
12291,Brianna Walker,148,8,21419,0,3,5,5,13,355,Loyal Customers
12296,Joanne Elliott,8,11,28951,0,5,5,5,15,555,Champions
12298,Raymond Mays,375,9,22264,0,2,5,5,12,255,At Risk
12304,Aaron Hull,30,7,20034,1,5,4,5,14,545,Champions
12314,Rachel Oneill,33,9,22864,0,5,5,5,15,555,Champions
12316,Michael Greene,84,8,27012,0,4,5,5,14,455,Champions
12323,George Jones,326,9,23596,0,2,5,5,12,255,At Risk
12324,Erin Weaver,43,11,37480,0,5,5,5,15,555,Champions
12326,Richard Reid,377,8,24648,0,2,5,5,12,255,At Risk
12329,Crystal Gomez MD,44,6,19866,0,5,4,5,14,545,Champions
12331,David Klein,111,6,15475,1,4,4,4,12,444,Champions
12332,Joshua Brooks,146,6,23757,0,3,4,5,12,345,Loyal Customers
12333,Nicholas Diaz,102,7,22316,0,4,4,5,13,445,Champions
12337,Alicia Barajas,271,8,28214,0,2,5,5,12,255,At Risk
12343,Andrea Barnes,9,7,17855,0,5,4,4,13,544,Champions
12349,Jose Hoover,13,6,15407,0,5,4,4,13,544,Champions
12359,Christopher King,52,7,18883,0,5,4,4,13,544,Champions
12360,Robert Thompson,125,6,19360,1,4,4,5,13,445,Champions
12362,Derek Hall,52,5,18831,0,5,3,4,12,534,Potential Loyalists
12364,Karen Davis,21,5,17488,0,5,3,4,12,534,Potential Loyalists
12365,Miss Andrea Hunter,39,10,28097,0,5,5,5,15,555,Champions
12367,Kelly Hughes,352,12,29590,0,2,5,5,12,255,At Risk
12369,Deborah Lee,52,8,22727,0,5,5,5,15,555,Champions
12372,Daniel Franklin,24,7,19380,0,5,4,5,14,545,Champions
12377,Michael King,24,8,22892,0,5,5,5,15,555,Champions
12383,Christina Walls,137,8,25517,0,3,5,5,13,355,Loyal Customers
12384,John Cox,142,8,22541,0,3,5,5,13,355,Loyal Customers
12385,Mrs. Vickie Jones,10,7,20815,1,5,4,5,14,545,Champions
12389,Eric Rollins,144,8,26404,0,3,5,5,13,355,Loyal Customers
12391,Brian Yates,74,6,17528,0,4,4,4,12,444,Champions
12395,Vanessa Johns,46,7,23127,0,5,4,5,14,545,Champions
12396,Jennifer Chavez,26,8,23036,0,5,5,5,15,555,Champions
12397,Mrs. Shannon Lopez DVM,109,7,20970,0,4,4,5,13,445,Champions
12418,Susan Rodriguez,1,6,17190,0,5,4,4,13,544,Champions
12424,Antonio Gibson,16,7,16118,0,5,4,4,13,544,Champions
12426,Rick Shah,17,8,28441,1,5,5,5,15,555,Champions
12432,Rachel Wiley,26,6,18338,0,5,4,4,13,544,Champions
12438,Megan Parker,20,7,27008,0,5,4,5,14,545,Champions
12440,Michael Valencia,223,10,27336,0,3,5,5,13,355,Loyal Customers
12441,Parker James,83,8,16652,0,4,5,4,13,454,Champions
12444,Michael Brown,73,5,20865,0,4,3,5,12,435,Potential Loyalists
12447,Eric Smith,56,6,21655,1,5,4,5,14,545,Champions
12450,Alex Marshall,12,9,20098,0,5,5,5,15,555,Champions
12460,Amanda Marshall,93,6,14966,0,4,4,4,12,444,Champions
12461,Erika Lewis,35,11,31377,1,5,5,5,15,555,Champions
12462,William Klein,128,10,20408,0,4,5,5,14,455,Champions
12466,Russell Wilcox,55,7,19357,0,5,4,5,14,545,Champions
12474,Christopher Lewis,34,10,30481,0,5,5,5,15,555,Champions
12475,Janet Peterson,3,8,29403,0,5,5,5,15,555,Champions
12477,Jenna Floyd,109,8,17058,0,4,5,4,13,454,Champions
12483,Matthew Holt,84,8,27258,0,4,5,5,14,455,Champions
12485,Alison Poole,8,8,15935,0,5,5,4,14,554,Champions
12492,Clinton Carpenter,9,6,24972,0,5,4,5,14,545,Champions
12498,Monica George,47,13,34970,0,5,5,5,15,555,Champions
12499,Tristan Schmidt,266,8,23618,0,2,5,5,12,255,At Risk
12507,Emily Ellis,54,7,14917,0,5,4,4,13,544,Champions
12512,Ashley Howell,189,7,21188,0,3,4,5,12,345,Loyal Customers
12520,Amber Smith,181,6,24739,0,3,4,5,12,345,Loyal Customers
12528,Mark Robinson,18,5,15543,0,5,3,4,12,534,Potential Loyalists
12529,Whitney Medina,18,15,35671,0,5,5,5,15,555,Champions
12531,Dana Garza,57,7,29152,0,5,4,5,14,545,Champions
12537,Mary Miller,178,9,25022,0,3,5,5,13,355,Loyal Customers
12546,Cathy Austin,34,9,24047,0,5,5,5,15,555,Champions
12548,Ronald Hernandez,226,10,28574,0,3,5,5,13,355,Loyal Customers
12549,Brent Schultz,50,6,16827,0,5,4,4,13,544,Champions
12552,Alexander Mitchell,6,6,19470,0,5,4,5,14,545,Champions
12553,Rachel Gonzales,114,6,22933,0,4,4,5,13,445,Champions
12556,Melody Mitchell,3,8,22075,1,5,5,5,15,555,Champions
12558,Lisa Jackson,213,7,22691,0,3,4,5,12,345,Loyal Customers
12560,Carolyn Hardy,35,5,19025,0,5,3,4,12,534,Potential Loyalists
12564,Robert Thompson II,134,6,24386,0,4,4,5,13,445,Champions
12573,Amanda Vang,22,10,32079,1,5,5,5,15,555,Champions
12577,Leah Jenkins,219,7,21395,0,3,4,5,12,345,Loyal Customers
12580,Michelle Thomas,162,7,22784,1,3,4,5,12,345,Loyal Customers
12581,Stephanie Boyd,60,8,19588,1,4,5,5,14,455,Champions
12583,Michael Monroe,51,6,14848,0,5,4,4,13,544,Champions
12585,Mariah Peterson,40,7,19622,0,5,4,5,14,545,Champions
12586,Thomas Wood,3,10,25775,0,5,5,5,15,555,Champions
12592,Michael Howard,67,8,19415,0,4,5,5,14,455,Champions
12593,Rebecca Rivera,63,6,16736,1,4,4,4,12,444,Champions
12596,Victoria Miller,27,6,12637,0,5,4,3,12,543,Loyal Customers
12597,Wesley Lee,237,7,23618,0,3,4,5,12,345,Loyal Customers
12598,Amy Allen,21,8,16050,0,5,5,4,14,554,Champions
12602,April Russell,3,7,17946,0,5,4,4,13,544,Champions
12609,Susan Pollard,93,12,30047,0,4,5,5,14,455,Champions
12611,Jennifer Jackson,30,12,42804,0,5,5,5,15,555,Champions
12613,Kelly Smith,133,9,30725,0,4,5,5,14,455,Champions
12619,Michael Riley,40,9,27538,0,5,5,5,15,555,Champions
12620,Randall Wallace,2,7,18606,0,5,4,4,13,544,Champions
12621,Christopher Grimes,73,8,21605,0,4,5,5,14,455,Champions
12623,Joshua Clark,62,6,18930,1,4,4,4,12,444,Champions
12636,Blake Jordan,120,8,23680,0,4,5,5,14,455,Champions
12643,Rebecca Keith,32,8,12169,0,5,5,3,13,553,Loyal Customers
12647,Anna Reeves,14,5,21456,0,5,3,5,13,535,Potential Loyalists
12653,Brandon Melendez,91,6,18598,0,4,4,4,12,444,Champions
12654,Melissa Sanchez,110,6,23892,0,4,4,5,13,445,Champions
12655,Matthew Carlson,78,8,20524,1,4,5,5,14,455,Champions
12657,Mackenzie Chavez,18,5,15054,1,5,3,4,12,534,Potential Loyalists
12659,Katie Watson,101,8,21658,0,4,5,5,14,455,Champions
12663,Melissa Smith,25,5,16811,0,5,3,4,12,534,Potential Loyalists
12664,Angela Harmon,110,11,28167,1,4,5,5,14,455,Champions
12676,Mrs. Alyssa Morales DDS,36,6,11753,0,5,4,3,12,543,Loyal Customers
12679,Tracy Vasquez,22,6,18373,0,5,4,4,13,544,Champions
12680,Johnny Morrison,119,6,17699,0,4,4,4,12,444,Champions
12686,Ryan Choi,25,8,25313,0,5,5,5,15,555,Champions
12691,Miranda Taylor,10,6,14763,0,5,4,3,12,543,Loyal Customers
12695,Rhonda Evans,7,7,20555,0,5,4,5,14,545,Champions
12697,Evan Smith,86,8,24711,0,4,5,5,14,455,Champions
12698,Kathryn Chavez,87,6,17794,0,4,4,4,12,444,Champions
12699,Stephanie Hull,1,8,20706,0,5,5,5,15,555,Champions
12708,Jillian Smith,52,6,15338,0,5,4,4,13,544,Champions
12709,Kelly Alvarado,62,9,25294,0,4,5,5,14,455,Champions
12725,Donald Edwards,68,7,26392,1,4,4,5,13,445,Champions
12726,Eric Roberts,149,7,20703,0,3,4,5,12,345,Loyal Customers
12734,Nicole Bailey,39,8,21092,1,5,5,5,15,555,Champions
12738,Gabriela Walker,293,8,21544,0,2,5,5,12,255,At Risk
12742,Anne Chavez,23,8,30868,1,5,5,5,15,555,Champions
12743,Megan Gonzalez,73,11,30769,1,4,5,5,14,455,Champions
12745,Gregory Colon,104,8,27709,0,4,5,5,14,455,Champions
12746,Tonya Jackson,111,7,25324,0,4,4,5,13,445,Champions
12753,Stacy Thompson,104,9,28817,0,4,5,5,14,455,Champions
12756,Emily Medina,31,6,17914,0,5,4,4,13,544,Champions
12761,Sylvia Anderson,140,9,26092,1,3,5,5,13,355,Loyal Customers
12762,Jeffrey Miller,1,7,14400,1,5,4,3,12,543,Loyal Customers
12763,Brian Carlson,45,6,14323,0,5,4,3,12,543,Loyal Customers
12764,Rachel Donaldson,121,7,23607,0,4,4,5,13,445,Champions
12769,Edwin Walter,76,7,23375,0,4,4,5,13,445,Champions
12770,Craig Torres,18,5,15353,0,5,3,4,12,534,Potential Loyalists
12777,Ms. Julia Silva MD,4,8,21512,1,5,5,5,15,555,Champions
12781,Kathryn Miller,9,9,20708,1,5,5,5,15,555,Champions
12785,Sara Williams,306,10,32514,0,2,5,5,12,255,At Risk
12786,Christina Phillips,93,7,16732,0,4,4,4,12,444,Champions
12789,Joseph Martinez,91,6,20029,0,4,4,5,13,445,Champions
12795,Olivia Burgess,122,8,17997,0,4,5,4,13,454,Champions
12797,Jennifer Garza,114,8,17468,0,4,5,4,13,454,Champions
12801,Ian Rangel,63,7,23400,0,4,4,5,13,445,Champions
12802,Elizabeth Bradley,20,9,31180,0,5,5,5,15,555,Champions
12815,Kathryn Cannon,74,7,23120,0,4,4,5,13,445,Champions
12816,Caleb Diaz,45,8,23369,0,5,5,5,15,555,Champions
12822,Brandon Hanson,8,12,25511,0,5,5,5,15,555,Champions
12825,Nicholas Jones,147,8,22703,0,3,5,5,13,355,Loyal Customers
12839,Robert Gardner,81,9,21635,0,4,5,5,14,455,Champions
12840,Angela Miller,50,9,22641,1,5,5,5,15,555,Champions
12844,Renee Rogers,124,7,19477,0,4,4,5,13,445,Champions
12849,Jacob Scott,16,5,16808,0,5,3,4,12,534,Potential Loyalists
12854,Mitchell Lynn,57,12,31727,0,5,5,5,15,555,Champions
12855,Tammy Kennedy,70,8,27411,0,4,5,5,14,455,Champions
12862,James Morales II,99,6,18469,0,4,4,4,12,444,Champions
12863,Jennifer Christensen,18,6,18813,0,5,4,4,13,544,Champions
12864,Alyssa Luna,45,6,14910,0,5,4,4,13,544,Champions
12866,Eric Lewis,299,8,21655,0,2,5,5,12,255,At Risk
12867,Steven Hawkins,24,9,29494,1,5,5,5,15,555,Champions
12871,William Wu,239,8,18912,0,3,5,4,12,354,Loyal Customers
12875,Alexander Coleman,126,6,20028,1,4,4,5,13,445,Champions
12877,Katherine Reid,51,6,16295,0,5,4,4,13,544,Champions
12882,Brandy Ryan,47,7,17152,0,5,4,4,13,544,Champions
12883,Edward Hernandez,90,8,14783,0,4,5,3,12,453,Loyal Customers
12888,Alexander Hanson,30,7,21308,0,5,4,5,14,545,Champions
12889,Jessica Cantrell,11,5,16228,1,5,3,4,12,534,Potential Loyalists
12892,Michelle Black,147,6,20998,0,3,4,5,12,345,Loyal Customers
12897,Kayla Johnson,115,6,18887,0,4,4,4,12,444,Champions
12899,Robert Tucker,57,7,14102,1,5,4,3,12,543,Loyal Customers
12901,Hannah Adams,189,10,21333,0,3,5,5,13,355,Loyal Customers
12904,Brandy Moore,165,7,25686,0,3,4,5,12,345,Loyal Customers
12906,Michael Long,61,6,23594,0,4,4,5,13,445,Champions
12908,Thomas Russell,47,8,24497,1,5,5,5,15,555,Champions
12913,Kyle Rogers,20,8,25842,0,5,5,5,15,555,Champions
12916,Carla Marquez,127,6,15049,0,4,4,4,12,444,Champions
12917,James Meyer,3,5,18551,0,5,3,4,12,534,Potential Loyalists
12919,Joseph Smith,154,7,30878,1,3,4,5,12,345,Loyal Customers
12920,Justin Tran,134,10,28562,0,4,5,5,14,455,Champions
12921,Glenn Wilson,24,8,18455,1,5,5,4,14,554,Champions
12922,Frances Reeves,31,7,17933,0,5,4,4,13,544,Champions
12927,Kaitlin Castro,103,6,17885,0,4,4,4,12,444,Champions
12928,Christine Johnson,23,5,15052,1,5,3,4,12,534,Potential Loyalists
12929,Robert Evans,13,9,34126,0,5,5,5,15,555,Champions
12935,Eric Shah,107,10,21948,0,4,5,5,14,455,Champions
12938,Alicia Mcdaniel,5,6,15430,0,5,4,4,13,544,Champions
12942,William Simon,59,9,24475,0,5,5,5,15,555,Champions
12947,David Robles,185,7,22145,0,3,4,5,12,345,Loyal Customers
12950,Luke Weeks,72,6,15428,0,4,4,4,12,444,Champions
12953,Kristina Hopkins,13,7,20055,0,5,4,5,14,545,Champions
12956,Jennifer Cook,21,9,9297,1,5,5,2,12,552,Potential Loyalists
12957,Andrew Cain,86,9,24519,0,4,5,5,14,455,Champions
12959,Shannon Thomas,99,6,20077,0,4,4,5,13,445,Champions
12962,Stephen Small,24,8,14533,0,5,5,3,13,553,Loyal Customers
12965,Victoria Rhodes,13,8,19372,0,5,5,5,15,555,Champions
12967,Doris Lee,1,5,17199,0,5,3,4,12,534,Potential Loyalists
12970,Juan Oliver,55,5,15292,0,5,3,4,12,534,Potential Loyalists
12973,Brenda Garcia,79,5,20321,0,4,3,5,12,435,Potential Loyalists
12975,Rebecca Burgess,40,10,36722,1,5,5,5,15,555,Champions
12976,Thomas Ho,59,6,18336,0,5,4,4,13,544,Champions
12981,Alfred Grant,51,8,18165,1,5,5,4,14,554,Champions
12988,Maria Potter,152,8,25807,0,3,5,5,13,355,Loyal Customers
12992,Kathryn Maynard,3,6,17886,0,5,4,4,13,544,Champions
12993,Juan Nelson,126,9,26126,0,4,5,5,14,455,Champions
12994,Andrew Sexton,9,7,13150,0,5,4,3,12,543,Loyal Customers
12999,Gary Flores,215,6,23070,0,3,4,5,12,345,Loyal Customers
13001,Thomas Gonzalez,221,6,23638,0,3,4,5,12,345,Loyal Customers
13003,Nicholas Oneill,5,12,38687,0,5,5,5,15,555,Champions
13010,Donald Brown,69,8,24537,0,4,5,5,14,455,Champions
13011,Anthony Lewis,18,9,27732,0,5,5,5,15,555,Champions
13017,Renee Bradley,10,7,20402,0,5,4,5,14,545,Champions
13026,Bill Hayes,2,7,22911,0,5,4,5,14,545,Champions
13028,Jeffrey Andrews,11,7,14491,0,5,4,3,12,543,Loyal Customers
13034,Sarah Mcdonald,12,6,11760,0,5,4,3,12,543,Loyal Customers
13038,Andrew Owen,142,10,29023,1,3,5,5,13,355,Loyal Customers
13039,Ronald Bryant,82,11,34868,1,4,5,5,14,455,Champions
13040,Theresa Burgess,59,9,26032,0,5,5,5,15,555,Champions
13043,Cameron Little,127,10,27065,0,4,5,5,14,455,Champions
13047,Sheila Serrano,102,9,21146,1,4,5,5,14,455,Champions
13057,Cameron Koch,193,8,23053,0,3,5,5,13,355,Loyal Customers
13059,Brian Miller,392,9,30066,1,2,5,5,12,255,At Risk
13060,Carly Campbell,98,8,22173,0,4,5,5,14,455,Champions
13062,Kimberly Jennings,22,6,14330,0,5,4,3,12,543,Loyal Customers
13065,Tamara Sandoval,23,7,23074,0,5,4,5,14,545,Champions
13071,Dana Andrews,19,9,15168,0,5,5,4,14,554,Champions
13074,Brian Choi,145,6,21666,0,3,4,5,12,345,Loyal Customers
13077,Maurice Lawrence,119,6,18606,1,4,4,4,12,444,Champions
13090,Patrick Matthews,32,8,22928,0,5,5,5,15,555,Champions
13093,Jasmin Ruiz,235,11,23667,0,3,5,5,13,355,Loyal Customers
13094,John Jacobs,94,6,15108,1,4,4,4,12,444,Champions
13102,James Henderson,169,8,23432,0,3,5,5,13,355,Loyal Customers
13107,Robert Robinson,68,10,27232,0,4,5,5,14,455,Champions
13113,Shelia Green,125,9,25513,1,4,5,5,14,455,Champions
13114,James Silva,24,6,20206,0,5,4,5,14,545,Champions
13116,Sherri Allen,101,8,17201,0,4,5,4,13,454,Champions
13134,Patrick Patterson,83,9,21174,0,4,5,5,14,455,Champions
13137,Angel Smith,70,10,37841,0,4,5,5,14,455,Champions
13139,Jane Hurley,50,7,14187,0,5,4,3,12,543,Loyal Customers
13140,Bethany Brown,37,8,24723,0,5,5,5,15,555,Champions
13143,Paul Meyer,151,10,27763,0,3,5,5,13,355,Loyal Customers
13145,Adam Stanley,28,7,21532,0,5,4,5,14,545,Champions
13150,Shannon Lowe,131,6,15111,0,4,4,4,12,444,Champions
13151,Daniel Edwards,69,6,16373,1,4,4,4,12,444,Champions
13153,Laurie Knapp,42,7,27574,0,5,4,5,14,545,Champions
13154,Jessica Monroe,59,6,21143,0,5,4,5,14,545,Champions
13155,Steven Cox,125,6,17225,0,4,4,4,12,444,Champions
13157,Robert Ayala,99,7,27072,1,4,4,5,13,445,Champions
13158,John Sullivan,71,7,21168,0,4,4,5,13,445,Champions
13159,Christopher Everett,21,6,13831,0,5,4,3,12,543,Loyal Customers
13162,Lisa Wallace,26,8,28208,0,5,5,5,15,555,Champions
13165,Brandi Barnett,69,6,18508,0,4,4,4,12,444,Champions
13169,Kimberly Valenzuela,70,7,17026,0,4,4,4,12,444,Champions
13177,Justin Chandler,387,8,23351,0,2,5,5,12,255,At Risk
13178,Jessica Olson,346,8,21232,0,2,5,5,12,255,At Risk
13181,Holly Hudson,31,8,18335,1,5,5,4,14,554,Champions
13182,Brian Thomas,13,6,20093,0,5,4,5,14,545,Champions
13184,Madison Buchanan,13,9,20341,0,5,5,5,15,555,Champions
13185,Lisa Green,79,9,20685,0,4,5,5,14,455,Champions
13187,Kimberly Wood,84,6,19540,0,4,4,5,13,445,Champions
13188,Dillon Stewart,7,9,23127,0,5,5,5,15,555,Champions
13192,Caleb Silva,69,6,19725,1,4,4,5,13,445,Champions
13196,Kyle Bridges,145,6,24676,0,3,4,5,12,345,Loyal Customers
13198,Christina Romero,17,9,22235,0,5,5,5,15,555,Champions
13199,Tasha Howard,76,8,17647,0,4,5,4,13,454,Champions
13204,Michael Nelson,97,6,19921,1,4,4,5,13,445,Champions
13205,Teresa Lopez,215,7,23126,0,3,4,5,12,345,Loyal Customers
13210,Jennifer Jones,103,8,17927,1,4,5,4,13,454,Champions
13214,Marilyn Smith,136,6,16485,0,4,4,4,12,444,Champions
13218,Jeremiah Adams,155,8,26075,1,3,5,5,13,355,Loyal Customers
13219,Julie Beck,104,11,33496,1,4,5,5,14,455,Champions
13220,Jeanne Vaughan,14,5,18265,0,5,3,4,12,534,Potential Loyalists
13227,Taylor Koch,133,7,16437,0,4,4,4,12,444,Champions
13231,Steve Jackson,35,6,18865,0,5,4,4,13,544,Champions
13241,Haley Kent,45,9,24517,1,5,5,5,15,555,Champions
13242,Jeffrey Adams,53,7,25543,0,5,4,5,14,545,Champions
13247,Rachel Hodges,97,7,16433,1,4,4,4,12,444,Champions
13248,Christopher Scott,25,6,17523,0,5,4,4,13,544,Champions
13252,Joseph Rubio,64,8,18501,0,4,5,4,13,454,Champions
13255,Tamara Cunningham,9,10,25804,0,5,5,5,15,555,Champions
13261,Marissa Adams,8,11,34352,0,5,5,5,15,555,Champions
13263,Elizabeth Smith,116,6,17280,0,4,4,4,12,444,Champions
13264,Nicolas Andrews,48,6,19061,1,5,4,4,13,544,Champions
13266,Misty Waller,48,7,15373,0,5,4,4,13,544,Champions
13273,Ronnie Taylor,25,7,24752,1,5,4,5,14,545,Champions
13283,Laurie Meyer,28,11,28872,0,5,5,5,15,555,Champions
13288,Emily Coleman,50,5,16373,0,5,3,4,12,534,Potential Loyalists
13292,Tammy Garcia,28,8,21638,0,5,5,5,15,555,Champions
13295,Nancy Lopez,17,5,15838,0,5,3,4,12,534,Potential Loyalists
13298,Tracy Bowers,16,10,28517,0,5,5,5,15,555,Champions
13299,Brandi Cortez,241,6,23407,1,3,4,5,12,345,Loyal Customers
13305,Erica Ball,173,10,30292,0,3,5,5,13,355,Loyal Customers
13309,Linda Davis,76,13,35032,0,4,5,5,14,455,Champions
13315,Samantha Lee,22,10,34072,0,5,5,5,15,555,Champions
13330,Amy Swanson,8,7,13468,1,5,4,3,12,543,Loyal Customers
13342,Jennifer Hayes,91,7,21495,1,4,4,5,13,445,Champions
13345,Jonathan Wilson,82,9,23432,1,4,5,5,14,455,Champions
13349,Justin Smith,95,7,26860,0,4,4,5,13,445,Champions
13353,Alyssa Hurst,127,11,29249,0,4,5,5,14,455,Champions
13354,Christopher Nguyen,20,8,15583,0,5,5,4,14,554,Champions
13363,Angelica Lambert,86,6,18889,1,4,4,4,12,444,Champions
13364,Janet Maxwell,6,6,19003,1,5,4,4,13,544,Champions
13365,Christine Smith,86,6,15678,0,4,4,4,12,444,Champions
13366,Heidi Thomas,136,6,18198,0,4,4,4,12,444,Champions
13370,April Case,156,7,21654,1,3,4,5,12,345,Loyal Customers
13371,Tammy Martin,61,8,15842,0,4,5,4,13,454,Champions
13386,Andrew Miller,26,8,24100,1,5,5,5,15,555,Champions
13387,Brian Evans,158,7,20783,1,3,4,5,12,345,Loyal Customers
13398,John Gomez,182,8,21467,0,3,5,5,13,355,Loyal Customers
13402,Chelsea Ortiz,28,6,13746,0,5,4,3,12,543,Loyal Customers
13404,Jennifer Parker,89,7,19576,0,4,4,5,13,445,Champions
13409,Victoria Freeman,70,6,20471,0,4,4,5,13,445,Champions
13414,John Guerrero,215,7,19493,0,3,4,5,12,345,Loyal Customers
13415,Tyler Schultz,181,7,21435,0,3,4,5,12,345,Loyal Customers
13416,Allison Baker,60,7,18878,0,4,4,4,12,444,Champions
13420,Ernest Lopez,29,7,17712,0,5,4,4,13,544,Champions
13434,Kenneth Welch,10,6,17100,0,5,4,4,13,544,Champions
13437,George Logan,238,7,21019,0,3,4,5,12,345,Loyal Customers
13440,Joseph Lopez,12,5,18312,0,5,3,4,12,534,Potential Loyalists
13442,Kyle Berry,56,5,17070,0,5,3,4,12,534,Potential Loyalists
13444,Lee Martin,110,7,22183,1,4,4,5,13,445,Champions
13445,William Allen,44,6,16261,1,5,4,4,13,544,Champions
13451,Kyle Levine,81,9,17237,0,4,5,4,13,454,Champions
13452,Brittany Barton,256,9,20689,1,2,5,5,12,255,At Risk
13453,Amber Harrison,75,6,18921,0,4,4,4,12,444,Champions
13457,Monique Garcia,72,6,18659,0,4,4,4,12,444,Champions
13460,Bobby Hudson III,168,8,19635,0,3,5,5,13,355,Loyal Customers
13468,Alan Fuller,195,8,28602,0,3,5,5,13,355,Loyal Customers
13471,Brian Miranda,152,8,18259,0,3,5,4,12,354,Loyal Customers
13474,Todd Buckley MD,13,9,19759,1,5,5,5,15,555,Champions
13477,Ronald Lin,83,7,21037,1,4,4,5,13,445,Champions
13483,Christina Trevino,44,6,18985,0,5,4,4,13,544,Champions
13488,Monica Burns,56,8,24609,0,5,5,5,15,555,Champions
13491,Dave Morgan,10,11,25163,0,5,5,5,15,555,Champions
13492,Alyssa Butler,233,6,19647,1,3,4,5,12,345,Loyal Customers
13496,Kevin Anderson,55,6,19012,0,5,4,4,13,544,Champions
13505,Isabella Roberts,306,8,24157,0,2,5,5,12,255,At Risk
13507,Sheila Barrera,82,8,24031,0,4,5,5,14,455,Champions
13508,Richard Mcguire,34,6,19634,1,5,4,5,14,545,Champions
13509,Julia Collins,20,7,18941,0,5,4,4,13,544,Champions
13512,Leroy Daniel,47,7,17140,0,5,4,4,13,544,Champions
13513,Miss Tami Edwards,113,5,20026,0,4,3,5,12,435,Potential Loyalists
13514,Paul Nixon,140,7,20753,1,3,4,5,12,345,Loyal Customers
13515,Scott Myers,128,8,20457,1,4,5,5,14,455,Champions
13516,Robert Miller,10,6,13762,0,5,4,3,12,543,Loyal Customers
13519,Shaun Reed,116,7,20160,1,4,4,5,13,445,Champions
13521,Autumn Vincent,41,9,20749,0,5,5,5,15,555,Champions
13523,Megan Maxwell,240,7,19899,1,3,4,5,12,345,Loyal Customers
13529,Frederick Mahoney,212,12,33860,1,3,5,5,13,355,Loyal Customers
13535,Jasmine Giles,296,8,20374,0,2,5,5,12,255,At Risk
13543,Duane Johnson,86,5,20184,0,4,3,5,12,435,Potential Loyalists
13544,Sharon Brown,111,8,25894,0,4,5,5,14,455,Champions
13549,Jason Andrews,224,6,21689,1,3,4,5,12,345,Loyal Customers
13550,Ashley Moreno,127,8,25001,0,4,5,5,14,455,Champions
13551,Melissa Lara,105,7,17583,0,4,4,4,12,444,Champions
13552,Matthew Lee,126,7,21999,1,4,4,5,13,445,Champions
13554,Vanessa Hernandez,142,7,19416,0,3,4,5,12,345,Loyal Customers
13556,Jacob Myers,108,9,19604,1,4,5,5,14,455,Champions
13559,Alexander Baker,68,7,16193,0,4,4,4,12,444,Champions
13578,Gina Moore,26,5,16564,0,5,3,4,12,534,Potential Loyalists
13582,Nicholas Jones,32,11,29092,0,5,5,5,15,555,Champions
13595,Travis Watkins,44,7,17520,1,5,4,4,13,544,Champions
13601,Dustin Bennett,57,6,13824,0,5,4,3,12,543,Loyal Customers
13603,Melanie Rogers,230,12,33141,0,3,5,5,13,355,Loyal Customers
13605,Jose Hoffman,0,5,15057,0,5,3,4,12,534,Potential Loyalists
13621,Erica Hayes,57,5,20459,0,5,3,5,13,535,Potential Loyalists
13623,Mr. Jeremy Knox II,161,7,20388,0,3,4,5,12,345,Loyal Customers
13624,Sydney Mann,99,6,17077,1,4,4,4,12,444,Champions
13630,Kimberly Williams,203,8,19552,1,3,5,5,13,355,Loyal Customers
13639,Sara Walton,103,7,17278,0,4,4,4,12,444,Champions
13641,Rodney Blake,30,10,13605,0,5,5,3,13,553,Loyal Customers
13642,Norma Larsen,193,8,19957,0,3,5,5,13,355,Loyal Customers
13645,James Burnett,83,6,20359,0,4,4,5,13,445,Champions
13647,Joanne Hernandez,78,6,18315,0,4,4,4,12,444,Champions
13663,Johnathan Lambert,17,6,22100,0,5,4,5,14,545,Champions
13664,Julia Bautista,50,9,20619,1,5,5,5,15,555,Champions
13666,Amy Duarte,119,8,25842,0,4,5,5,14,455,Champions
13677,Jennifer Castaneda,87,7,22045,0,4,4,5,13,445,Champions
13679,Michael Hicks,48,5,16269,0,5,3,4,12,534,Potential Loyalists
13681,Anthony Stevenson,372,11,26399,1,2,5,5,12,255,At Risk
13683,Jason Murphy,9,9,18803,0,5,5,4,14,554,Champions
13684,Charlene Middleton,59,9,18006,1,5,5,4,14,554,Champions
13690,Jacob Nelson,19,5,15287,0,5,3,4,12,534,Potential Loyalists
13692,Justin Arroyo,28,5,14911,0,5,3,4,12,534,Potential Loyalists
13694,Lisa Flowers,5,9,27331,0,5,5,5,15,555,Champions
13695,Melissa Robinson,101,6,14920,0,4,4,4,12,444,Champions
13697,Jennifer Coleman,28,6,13030,0,5,4,3,12,543,Loyal Customers
13698,Theresa Gibson,70,7,20584,0,4,4,5,13,445,Champions
13699,Craig Gomez,40,6,19422,0,5,4,5,14,545,Champions
13700,Robert Kelly,126,12,37176,0,4,5,5,14,455,Champions
13701,Jason Peters,27,5,18416,0,5,3,4,12,534,Potential Loyalists
13715,John White,23,5,15125,0,5,3,4,12,534,Potential Loyalists
13719,Kathryn Pham,0,10,31815,0,5,5,5,15,555,Champions
13722,Jessica Garcia,168,13,31969,0,3,5,5,13,355,Loyal Customers
13727,Chad Zuniga,124,9,24183,0,4,5,5,14,455,Champions
13729,Joseph Beasley,61,7,17714,0,4,4,4,12,444,Champions
13740,Julie Decker,55,8,24465,1,5,5,5,15,555,Champions
13747,Nathan Edwards,1,5,20443,1,5,3,5,13,535,Potential Loyalists
13756,Desiree Fernandez,8,8,23491,0,5,5,5,15,555,Champions
13759,Gina Neal,2,8,15127,0,5,5,4,14,554,Champions
13761,Kimberly Campbell,225,7,20956,0,3,4,5,12,345,Loyal Customers
13764,Sierra Roberts,167,9,28477,0,3,5,5,13,355,Loyal Customers
13766,Noah Gordon,6,5,15546,0,5,3,4,12,534,Potential Loyalists
13769,Jared Roberts,78,7,18922,0,4,4,4,12,444,Champions
13775,Kaitlyn Lee,77,7,15134,0,4,4,4,12,444,Champions
13783,Christopher George,118,7,15517,1,4,4,4,12,444,Champions
13787,Lori Wolfe,78,8,24029,1,4,5,5,14,455,Champions
13790,Sylvia Clark,17,10,25910,0,5,5,5,15,555,Champions
13792,Jesus Thomas,17,8,19307,1,5,5,5,15,555,Champions
13799,Stephanie Perez,41,6,11606,1,5,4,3,12,543,Loyal Customers
13800,Daniel Mckay,50,6,16334,0,5,4,4,13,544,Champions
13802,Jonathan Schroeder,16,13,46464,0,5,5,5,15,555,Champions
13808,Johnny Gates,121,7,15314,0,4,4,4,12,444,Champions
13809,Richard Young,17,6,14735,1,5,4,3,12,543,Loyal Customers
13811,Thomas Armstrong,123,9,24050,1,4,5,5,14,455,Champions
13819,Cheryl Brock,77,10,22606,0,4,5,5,14,455,Champions
13822,Abigail Wood,18,9,26304,0,5,5,5,15,555,Champions
13826,John Peterson,118,12,32214,0,4,5,5,14,455,Champions
13831,Ashley Chan,113,6,16831,0,4,4,4,12,444,Champions
13832,John Mcknight,18,7,20894,0,5,4,5,14,545,Champions
13838,Karen Wells,40,8,20656,0,5,5,5,15,555,Champions
13840,Annette Walls,292,8,23243,0,2,5,5,12,255,At Risk
13842,Mary Rivera,125,8,14987,0,4,5,4,13,454,Champions
13845,Nathan Orozco,135,7,20057,0,4,4,5,13,445,Champions
13846,Sandra Cole,29,7,15467,0,5,4,4,13,544,Champions
13850,Michael Anderson,107,11,34702,0,4,5,5,14,455,Champions
13851,Jacob Aguirre,39,7,17460,0,5,4,4,13,544,Champions
13854,Thomas Sharp,40,10,28195,0,5,5,5,15,555,Champions
13855,Daniel Wilkins,23,7,12662,0,5,4,3,12,543,Loyal Customers
13861,Adriana Richards,49,6,12906,0,5,4,3,12,543,Loyal Customers
13862,Amanda Neal,392,9,30822,0,2,5,5,12,255,At Risk
13866,Alex Ryan,70,8,20630,0,4,5,5,14,455,Champions
13868,Garrett Moore,197,9,23493,1,3,5,5,13,355,Loyal Customers
13871,Victoria Smith,48,6,18695,0,5,4,4,13,544,Champions
13873,Elizabeth Williams,1,10,31913,0,5,5,5,15,555,Champions
13874,Marcus Greene,367,8,25068,0,2,5,5,12,255,At Risk
13880,Todd Taylor,18,10,31646,0,5,5,5,15,555,Champions
13890,Stacey Murphy,163,8,16773,0,3,5,4,12,354,Loyal Customers
13897,Ashley Morgan,28,6,18392,1,5,4,4,13,544,Champions
13901,Michael Chapman,53,5,15071,0,5,3,4,12,534,Potential Loyalists
13903,Mr. Eric Miller,224,8,22131,0,3,5,5,13,355,Loyal Customers
13905,Chelsea Mann,93,7,22254,0,4,4,5,13,445,Champions
13931,Terri Watts,32,7,14710,0,5,4,3,12,543,Loyal Customers
13944,Laura Booth,172,7,21600,0,3,4,5,12,345,Loyal Customers
13950,Jason Harris,22,7,19624,0,5,4,5,14,545,Champions
13954,Jason Massey,291,8,20035,0,2,5,5,12,255,At Risk
13957,Steve Hall,52,5,17391,1,5,3,4,12,534,Potential Loyalists
13958,Jason Johnson,30,7,22383,0,5,4,5,14,545,Champions
13959,Robert Lee,11,8,14383,0,5,5,3,13,553,Loyal Customers
13961,Veronica Elliott,96,7,16037,0,4,4,4,12,444,Champions
13962,Christine Burke,128,7,22746,0,4,4,5,13,445,Champions
13964,Susan Allen,20,5,16038,0,5,3,4,12,534,Potential Loyalists
13965,Jean Bennett,127,10,29934,1,4,5,5,14,455,Champions
13973,Rachel Williams,164,9,20432,0,3,5,5,13,355,Loyal Customers
13975,Lisa Walker,7,9,30678,1,5,5,5,15,555,Champions
13976,Sarah Hicks,43,9,22133,0,5,5,5,15,555,Champions
13979,Sarah Mcdonald,127,7,20876,0,4,4,5,13,445,Champions
13980,Valerie Williams,230,8,21582,0,3,5,5,13,355,Loyal Customers
13984,Robert Bailey,187,7,25660,0,3,4,5,12,345,Loyal Customers
13990,Maria Marquez,144,9,17346,0,3,5,4,12,354,Loyal Customers
13992,Melissa Estes,122,8,24285,0,4,5,5,14,455,Champions
13996,David Griffin,130,6,16513,0,4,4,4,12,444,Champions
14001,Rachel Nelson,26,6,22534,0,5,4,5,14,545,Champions
14002,David Schwartz,85,6,18100,0,4,4,4,12,444,Champions
14004,Amy May,102,8,12204,0,4,5,3,12,453,Loyal Customers
14009,Christopher Guerrero,68,6,18443,0,4,4,4,12,444,Champions
14012,Christine Deleon,105,7,24259,0,4,4,5,13,445,Champions
14013,Amber Lucas,38,8,20638,1,5,5,5,15,555,Champions
14014,Heidi Johnson,150,9,30375,0,3,5,5,13,355,Loyal Customers
14015,David Cherry,106,8,20110,0,4,5,5,14,455,Champions
14016,Stephanie Vasquez,27,5,17632,1,5,3,4,12,534,Potential Loyalists
14019,Megan Griffin,75,7,18341,0,4,4,4,12,444,Champions
14037,Anthony Gibson,114,8,18108,1,4,5,4,13,454,Champions
14044,Robert Collier,409,8,23453,0,2,5,5,12,255,At Risk
14047,Melinda Blair,3,7,12719,1,5,4,3,12,543,Loyal Customers
14048,Amanda Bass,27,8,25738,0,5,5,5,15,555,Champions
14050,Beth Harris,123,8,22468,0,4,5,5,14,455,Champions
14067,Stephanie Hansen,23,7,14473,0,5,4,3,12,543,Loyal Customers
14068,Crystal Bell,7,5,21347,0,5,3,5,13,535,Potential Loyalists
14077,Traci Farrell,50,10,26417,1,5,5,5,15,555,Champions
14088,Steven Rivers,31,7,22134,1,5,4,5,14,545,Champions
14093,Patricia Craig,41,6,18605,0,5,4,4,13,544,Champions
14094,Dawn Anderson,38,5,16159,0,5,3,4,12,534,Potential Loyalists
14101,Tyler Davis,54,8,25112,0,5,5,5,15,555,Champions
14106,Lauren Beard,36,11,29637,0,5,5,5,15,555,Champions
14114,Jill Wolfe,274,8,29886,0,2,5,5,12,255,At Risk
14123,Isaiah Sanchez,135,8,19874,0,4,5,5,14,455,Champions
14128,Nichole Scott,88,8,25398,0,4,5,5,14,455,Champions
14130,Jessica Kemp,78,6,20529,0,4,4,5,13,445,Champions
14131,Joshua Lozano,144,8,20492,0,3,5,5,13,355,Loyal Customers
14132,Brittney Mitchell,6,8,19108,0,5,5,4,14,554,Champions
14143,Victor Smith,54,6,16469,1,5,4,4,13,544,Champions
14146,Louis Sexton,53,6,13883,0,5,4,3,12,543,Loyal Customers
14148,Joseph Sullivan,91,8,24933,1,4,5,5,14,455,Champions
14150,Mitchell Garcia,12,7,23858,0,5,4,5,14,545,Champions
14157,Tiffany Wolfe,34,5,15215,0,5,3,4,12,534,Potential Loyalists
14159,Lisa Cole,109,7,20019,0,4,4,5,13,445,Champions
14161,Eric Beck,1,10,29264,0,5,5,5,15,555,Champions
14167,Brandon Anderson,55,6,16633,1,5,4,4,13,544,Champions
14168,Emily Adams,41,6,14270,1,5,4,3,12,543,Loyal Customers
14169,Jesse Pruitt,95,6,16869,0,4,4,4,12,444,Champions
14171,Aaron Walsh,14,9,22255,0,5,5,5,15,555,Champions
14172,Kelly Harris,132,6,15941,0,4,4,4,12,444,Champions
14184,Jose Humphrey,1,7,25373,0,5,4,5,14,545,Champions
14185,Michael Williams,172,7,20115,0,3,4,5,12,345,Loyal Customers
14187,Charles Riley,178,13,29514,0,3,5,5,13,355,Loyal Customers
14198,Heidi Brown,0,5,16412,0,5,3,4,12,534,Potential Loyalists
14200,Michelle Diaz,217,9,19945,0,3,5,5,13,355,Loyal Customers
14210,Alan Valentine,145,7,26423,0,3,4,5,12,345,Loyal Customers
14212,Danielle Carter,43,7,21356,0,5,4,5,14,545,Champions
14214,Joshua Watkins,27,8,23667,0,5,5,5,15,555,Champions
14215,Phyllis Ruiz,13,8,19710,0,5,5,5,15,555,Champions
14217,George Macdonald,33,8,17399,0,5,5,4,14,554,Champions
14218,Michael Mcintosh,13,7,15633,0,5,4,4,13,544,Champions
14221,Michael Rush,335,8,22597,0,2,5,5,12,255,At Risk
14223,Melissa Beard,35,9,25279,1,5,5,5,15,555,Champions
14224,Jennifer Bowers,53,5,16389,0,5,3,4,12,534,Potential Loyalists
14234,Heidi West,60,8,24050,1,4,5,5,14,455,Champions
14235,Jessica Sharp,274,10,26541,0,2,5,5,12,255,At Risk
14237,Yvette Rivas,28,9,27172,0,5,5,5,15,555,Champions
14240,Victoria Byrd DDS,60,9,24046,0,4,5,5,14,455,Champions
14241,Antonio Price,215,11,32959,1,3,5,5,13,355,Loyal Customers
14242,Destiny Skinner,13,6,13315,0,5,4,3,12,543,Loyal Customers
14247,Bradley Moore,110,12,37842,0,4,5,5,14,455,Champions
14248,Thomas Hernandez,41,9,21086,0,5,5,5,15,555,Champions
14249,Randy Phillips,132,10,32528,0,4,5,5,14,455,Champions
14253,Jessica Kerr,67,6,16499,0,4,4,4,12,444,Champions
14254,Christopher Daniels,125,10,30247,0,4,5,5,14,455,Champions
14267,Brian Jackson,21,6,23704,0,5,4,5,14,545,Champions
14270,Jeffrey Carey,138,7,22112,0,3,4,5,12,345,Loyal Customers
14278,Robert Johnson,309,9,23697,0,2,5,5,12,255,At Risk
14299,Christopher Johnston,125,9,30150,1,4,5,5,14,455,Champions
14304,Jessica Cooley,37,6,14032,0,5,4,3,12,543,Loyal Customers
14306,Brian Freeman,123,8,19886,0,4,5,5,14,455,Champions
14311,Tara Powers,1,6,15328,0,5,4,4,13,544,Champions
14313,Mrs. Melissa Miller DDS,58,5,15123,0,5,3,4,12,534,Potential Loyalists
14317,Judith Allen,0,8,17006,0,5,5,4,14,554,Champions
14329,Jessica Duncan,68,7,22184,0,4,4,5,13,445,Champions
14330,Melissa Winters,81,8,26670,0,4,5,5,14,455,Champions
14331,Frank Owens,239,7,22896,0,3,4,5,12,345,Loyal Customers
14332,Linda Williams,406,10,25690,0,2,5,5,12,255,At Risk
14341,Deborah Mcneil,21,7,17192,0,5,4,4,13,544,Champions
14342,Tracy Horton,10,9,25398,0,5,5,5,15,555,Champions
14343,Terry Ward,167,8,18937,0,3,5,4,12,354,Loyal Customers
14355,Leslie Hall,49,8,24592,0,5,5,5,15,555,Champions
14359,George Thompson,50,5,19183,0,5,3,4,12,534,Potential Loyalists
14360,Emily Hendrix,73,9,30617,0,4,5,5,14,455,Champions
14364,Darlene Kelley,81,6,20931,1,4,4,5,13,445,Champions
14366,Erika Morris,130,10,37239,1,4,5,5,14,455,Champions
14389,Christopher Roth,59,6,19172,0,5,4,4,13,544,Champions
14392,Janet Moore,52,6,14334,0,5,4,3,12,543,Loyal Customers
14396,Brittney Nelson,98,9,20680,0,4,5,5,14,455,Champions
14397,Krystal Villanueva,9,9,30166,0,5,5,5,15,555,Champions
14400,Patricia Petersen,83,15,45334,0,4,5,5,14,455,Champions
14405,Autumn Little,96,9,24285,1,4,5,5,14,455,Champions
14406,William Raymond,83,10,30304,0,4,5,5,14,455,Champions
14425,Rachael Jackson,51,7,24575,0,5,4,5,14,545,Champions
14428,Richard Shelton,0,8,16969,0,5,5,4,14,554,Champions
14430,Jacob Sweeney,13,7,20873,1,5,4,5,14,545,Champions
14432,Alexander Steele,50,5,15712,0,5,3,4,12,534,Potential Loyalists
14435,Randy Wheeler,393,8,25160,0,2,5,5,12,255,At Risk
14436,Morgan Conley,14,11,31211,0,5,5,5,15,555,Champions
14439,Judy Clark MD,192,7,27073,0,3,4,5,12,345,Loyal Customers
14450,Andrew Martinez,136,7,21395,0,4,4,5,13,445,Champions
14451,Mrs. Donna Frost,5,7,20952,0,5,4,5,14,545,Champions
14452,Melissa Johnson,35,6,12139,0,5,4,3,12,543,Loyal Customers
14456,Melissa Harrell,156,7,24133,0,3,4,5,12,345,Loyal Customers
14458,Sophia Schmidt,17,12,35728,1,5,5,5,15,555,Champions
14462,Joyce Brock,60,5,19997,0,4,3,5,12,435,Potential Loyalists
14468,Gabrielle Stanton,37,8,19982,0,5,5,5,15,555,Champions
14471,Juan Rocha,118,7,23402,0,4,4,5,13,445,Champions
14476,Andre Jones,8,9,31312,1,5,5,5,15,555,Champions
14478,John Harris,55,8,24391,0,5,5,5,15,555,Champions
14479,Mark Diaz,56,8,25761,0,5,5,5,15,555,Champions
14482,Beth Moss,87,6,19223,0,4,4,4,12,444,Champions
14483,Tamara Lewis,2,5,17050,0,5,3,4,12,534,Potential Loyalists
14485,Beth Browning,243,6,19627,0,3,4,5,12,345,Loyal Customers
14489,Megan Steele,9,7,23757,1,5,4,5,14,545,Champions
14499,Stephanie Roach,33,7,16497,0,5,4,4,13,544,Champions
14509,Bradley Roth,6,7,15395,0,5,4,4,13,544,Champions
14511,Miss Renee James,95,6,16070,0,4,4,4,12,444,Champions
14513,Luis Romero,44,5,16258,0,5,3,4,12,534,Potential Loyalists
14517,Jennifer Fernandez,198,7,19741,0,3,4,5,12,345,Loyal Customers
14519,Maria Soto,13,5,15326,0,5,3,4,12,534,Potential Loyalists
14520,Hannah Gonzalez,244,8,22786,0,2,5,5,12,255,At Risk
14524,Richard Wallace,47,6,13788,0,5,4,3,12,543,Loyal Customers
14526,Ruben Meyer,55,6,16915,1,5,4,4,13,544,Champions
14529,Adam Anthony,72,8,21867,0,4,5,5,14,455,Champions
14533,Tracey Combs,14,9,10485,0,5,5,2,12,552,Potential Loyalists
14536,Charles Simmons,33,9,26937,0,5,5,5,15,555,Champions
14537,Carrie Bartlett,123,7,19030,1,4,4,4,12,444,Champions
14539,Beth Adams,77,10,28295,0,4,5,5,14,455,Champions
14540,Tiffany Blair,12,5,16192,0,5,3,4,12,534,Potential Loyalists
14541,Nicholas Robertson,54,7,15569,0,5,4,4,13,544,Champions
14546,Cynthia Mcpherson,6,7,17446,0,5,4,4,13,544,Champions
14547,Holly Jones,75,9,24349,1,4,5,5,14,455,Champions
14555,Scott Strickland,189,8,19826,0,3,5,5,13,355,Loyal Customers
14556,Howard Vaughan,19,9,24439,1,5,5,5,15,555,Champions
14557,Stephen Olson,12,6,20656,0,5,4,5,14,545,Champions
14560,Richard Logan,49,8,24651,0,5,5,5,15,555,Champions
14561,Tim Guerrero,52,10,28240,0,5,5,5,15,555,Champions
14573,Jason Blair,47,8,29071,1,5,5,5,15,555,Champions
14575,Ashley Brown,108,7,23212,0,4,4,5,13,445,Champions
14576,Christian Hill,162,9,22672,0,3,5,5,13,355,Loyal Customers
14577,Tracy Hammond,111,7,17869,0,4,4,4,12,444,Champions
14584,Courtney Bell,53,10,18320,1,5,5,4,14,554,Champions
14590,Erik Haney,97,6,18279,0,4,4,4,12,444,Champions
14591,Willie Phillips,134,9,25323,0,4,5,5,14,455,Champions
14598,Robin Swanson,249,9,26459,1,2,5,5,12,255,At Risk
14610,Rhonda Hensley,47,6,13377,0,5,4,3,12,543,Loyal Customers
14611,Scott Moreno,44,5,18388,1,5,3,4,12,534,Potential Loyalists
14613,Kayla Robertson,72,8,12263,1,4,5,3,12,453,Loyal Customers
14622,Rachel Ford,2,6,11383,0,5,4,3,12,543,Loyal Customers
14626,William Dickerson,335,9,19797,1,2,5,5,12,255,At Risk
14629,Kimberly Shepherd,132,7,16400,0,4,4,4,12,444,Champions
14639,Tracy Ellis,8,9,21493,0,5,5,5,15,555,Champions
14640,Margaret Hatfield,141,6,20119,0,3,4,5,12,345,Loyal Customers
14645,Amanda Luna,31,6,18242,0,5,4,4,13,544,Champions
14650,Valerie Jones,126,7,20109,0,4,4,5,13,445,Champions
14652,Jared Church,42,7,17343,0,5,4,4,13,544,Champions
14653,Jennifer Morrow,28,6,15371,1,5,4,4,13,544,Champions
14655,Amanda Jenkins,70,7,25034,0,4,4,5,13,445,Champions
14656,Tracy Odom,26,6,15802,1,5,4,4,13,544,Champions
14659,Cody Thompson,16,6,19511,0,5,4,5,14,545,Champions
14667,Samantha Lam,41,8,16269,0,5,5,4,14,554,Champions
14668,Martin Jones,33,7,21912,0,5,4,5,14,545,Champions
14674,Angela Compton,175,12,25597,1,3,5,5,13,355,Loyal Customers
14685,Amanda Daniel,1,6,17768,0,5,4,4,13,544,Champions
14691,Mark Carrillo,16,9,20551,0,5,5,5,15,555,Champions
14694,Patricia Nelson,4,8,24393,0,5,5,5,15,555,Champions
14704,Kevin Bishop,80,7,21429,0,4,4,5,13,445,Champions
14710,Erik Thompson,41,5,15731,0,5,3,4,12,534,Potential Loyalists
14712,James Schmidt,161,7,24496,1,3,4,5,12,345,Loyal Customers
14713,Martin Compton,353,9,20443,0,2,5,5,12,255,At Risk
14717,Elizabeth Joyce PhD,23,6,16998,0,5,4,4,13,544,Champions
14719,Todd Webb,110,6,18953,0,4,4,4,12,444,Champions
14721,Cameron Morris,31,7,12059,0,5,4,3,12,543,Loyal Customers
14726,Eric Griffith,4,7,18604,0,5,4,4,13,544,Champions
14732,Jason Torres,43,12,35385,0,5,5,5,15,555,Champions
14733,Crystal Moore,16,7,19378,0,5,4,5,14,545,Champions
14735,Brian Fox,2,6,17804,0,5,4,4,13,544,Champions
14737,Brian Martinez,1,7,14811,1,5,4,4,13,544,Champions
14739,Jeffrey Bell,360,9,20973,0,2,5,5,12,255,At Risk
14742,Michael Madden,105,10,17642,0,4,5,4,13,454,Champions
14745,Joseph Mejia,208,8,25046,1,3,5,5,13,355,Loyal Customers
14750,Shelia Bryant,35,9,21641,0,5,5,5,15,555,Champions
14752,Dana Martinez,86,7,16978,0,4,4,4,12,444,Champions
14759,Ashley Ramirez,49,7,23505,1,5,4,5,14,545,Champions
14760,Matthew Mcmahon,148,7,21125,0,3,4,5,12,345,Loyal Customers
14770,Lisa Crawford DVM,25,6,24142,0,5,4,5,14,545,Champions
14771,Tina Adams,82,6,20260,0,4,4,5,13,445,Champions
14776,Morgan Rodriguez,102,8,26903,0,4,5,5,14,455,Champions
14790,Rebecca Wallace,372,8,23363,0,2,5,5,12,255,At Risk
14795,Amanda Brown,19,5,19902,0,5,3,5,13,535,Potential Loyalists
14796,Joseph Torres,59,5,19758,0,5,3,5,13,535,Potential Loyalists
14801,Tracy Smith,110,7,17460,1,4,4,4,12,444,Champions
14804,Dana Reyes,4,8,18231,0,5,5,4,14,554,Champions
14805,Patrick Gonzales,22,5,18521,0,5,3,4,12,534,Potential Loyalists
14807,Dr. Amy Pope DVM,78,7,16775,1,4,4,4,12,444,Champions
14808,Stephanie Galvan,95,12,30835,0,4,5,5,14,455,Champions
14810,Mr. Brad Khan Jr.,83,8,23907,0,4,5,5,14,455,Champions
14811,Jenny Davis,127,6,19389,0,4,4,5,13,445,Champions
14816,Wesley Meyers,92,10,36783,0,4,5,5,14,455,Champions
14823,James Johnson,77,7,17562,1,4,4,4,12,444,Champions
14826,Andrew Lee,37,7,18157,0,5,4,4,13,544,Champions
14828,Taylor Wright,61,10,19987,0,4,5,5,14,455,Champions
14847,Ashley Grimes,221,8,19100,0,3,5,4,12,354,Loyal Customers
14848,Tina Williams,36,8,15024,0,5,5,4,14,554,Champions
14854,Tracy Jackson,117,7,21968,0,4,4,5,13,445,Champions
14855,Debra Evans,41,7,19615,0,5,4,5,14,545,Champions
14857,Ashley Ferrell,40,7,20213,0,5,4,5,14,545,Champions
14858,John Morgan,95,6,18465,1,4,4,4,12,444,Champions
14859,Karina Holland,128,8,26189,0,4,5,5,14,455,Champions
14862,Frank Walker,16,7,22661,0,5,4,5,14,545,Champions
14866,Christopher Cook,23,6,19021,1,5,4,4,13,544,Champions
14868,Gabriel Wolfe,7,6,16243,0,5,4,4,13,544,Champions
14869,Yolanda Williams,55,8,22025,0,5,5,5,15,555,Champions
14875,Beth Gonzalez,35,12,32869,0,5,5,5,15,555,Champions
14877,Teresa Griffin PhD,171,7,19762,0,3,4,5,12,345,Loyal Customers
14879,Aaron Obrien,165,9,24501,0,3,5,5,13,355,Loyal Customers
14880,Teresa Clark,36,10,31029,0,5,5,5,15,555,Champions
14885,Kimberly Allison,172,7,20150,1,3,4,5,12,345,Loyal Customers
14893,Anthony Kane,34,7,17566,0,5,4,4,13,544,Champions
14900,Christina Sheppard,11,6,20456,0,5,4,5,14,545,Champions
14906,Michael Barry,5,5,17583,0,5,3,4,12,534,Potential Loyalists
14914,Shirley Stevens,94,10,27822,1,4,5,5,14,455,Champions
14918,Erik Hudson,276,9,26549,0,2,5,5,12,255,At Risk
14924,Kenneth Ho,96,10,24324,0,4,5,5,14,455,Champions
14932,Nicholas Thompson,141,12,26176,0,3,5,5,13,355,Loyal Customers
14934,Anna Villarreal,132,6,16729,0,4,4,4,12,444,Champions
14939,Joanne Leon,48,8,18702,0,5,5,4,14,554,Champions
14943,Christopher Morris,18,7,25452,0,5,4,5,14,545,Champions
14946,Shane Chapman,9,7,13469,0,5,4,3,12,543,Loyal Customers
14948,Jennifer Watson,4,5,18012,0,5,3,4,12,534,Potential Loyalists
14949,Lindsay Chavez,45,9,30030,0,5,5,5,15,555,Champions
14950,Aimee Cameron,146,8,23833,0,3,5,5,13,355,Loyal Customers
14953,Rachel Sheppard,21,10,28850,0,5,5,5,15,555,Champions
14955,Christina Price,95,6,15587,0,4,4,4,12,444,Champions
14957,Aaron Clayton,10,5,16536,0,5,3,4,12,534,Potential Loyalists
14959,Amy Warren,66,6,20125,0,4,4,5,13,445,Champions
14968,Justin Knox,313,8,23623,0,2,5,5,12,255,At Risk
14971,Mrs. Regina Deleon,54,8,24022,0,5,5,5,15,555,Champions
14972,Jessica Sosa,147,8,29049,1,3,5,5,13,355,Loyal Customers
14976,Jessica Campbell,112,6,18774,0,4,4,4,12,444,Champions
14984,Charles Reynolds,101,6,17973,0,4,4,4,12,444,Champions
14989,Lisa Armstrong,6,6,17396,0,5,4,4,13,544,Champions
14993,Richard Barrera,39,9,20106,1,5,5,5,15,555,Champions
14997,Tina Hernandez,19,7,17517,0,5,4,4,13,544,Champions
15006,Ryan Saunders,140,7,23065,0,3,4,5,12,345,Loyal Customers
15012,Rebecca Elliott,99,7,16803,0,4,4,4,12,444,Champions
15013,John Zuniga,41,6,12269,0,5,4,3,12,543,Loyal Customers
15015,Casey Swanson,156,8,20735,1,3,5,5,13,355,Loyal Customers
15017,Madison Wilkins,108,11,31146,0,4,5,5,14,455,Champions
15019,Willie May,239,8,23779,0,3,5,5,13,355,Loyal Customers
15026,Curtis Lozano,201,8,19814,0,3,5,5,13,355,Loyal Customers
15027,Scott Wong,125,8,16541,0,4,5,4,13,454,Champions
15028,Carolyn Osborne,183,6,21720,0,3,4,5,12,345,Loyal Customers
15036,Joshua Hinton,12,7,23989,0,5,4,5,14,545,Champions
15038,Jacob Morris,20,7,26292,0,5,4,5,14,545,Champions
15039,David Phillips,10,7,17173,0,5,4,4,13,544,Champions
15043,Jeffrey Barton,282,10,28024,1,2,5,5,12,255,At Risk
15044,Roger Garner,0,6,20641,0,5,4,5,14,545,Champions
15051,Laura Garcia,22,9,35039,1,5,5,5,15,555,Champions
15052,Joseph Schroeder PhD,0,7,18437,0,5,4,4,13,544,Champions
15053,Tracy Moreno,108,10,20240,0,4,5,5,14,455,Champions
15054,Elizabeth Cunningham,206,7,20795,0,3,4,5,12,345,Loyal Customers
15055,Benjamin Crawford,46,8,20506,0,5,5,5,15,555,Champions
15056,Nicholas Thompson,317,8,22818,0,2,5,5,12,255,At Risk
15059,Jacqueline Martinez,9,7,21752,0,5,4,5,14,545,Champions
15060,Annette Phillips,27,6,11707,0,5,4,3,12,543,Loyal Customers
15061,Sean Stone,94,10,22631,0,4,5,5,14,455,Champions
15066,Nicholas Gallegos,92,7,18508,1,4,4,4,12,444,Champions
15067,Timothy Zimmerman,153,10,32135,0,3,5,5,13,355,Loyal Customers
15070,David Jimenez,13,7,21967,0,5,4,5,14,545,Champions
15071,Alan Martin,56,10,31779,0,5,5,5,15,555,Champions
15072,Justin Oneal,103,6,14988,0,4,4,4,12,444,Champions
15074,Miranda Dennis,188,10,26901,0,3,5,5,13,355,Loyal Customers
15082,Marcus Joseph,71,9,24040,0,4,5,5,14,455,Champions
15089,David Price,94,8,20999,0,4,5,5,14,455,Champions
15090,Angelica Hays,95,9,25867,0,4,5,5,14,455,Champions
15094,Gary Kelly,57,6,12759,0,5,4,3,12,543,Loyal Customers
15102,Linda Rogers,114,7,23412,0,4,4,5,13,445,Champions
15103,Devin Wade,24,10,30734,1,5,5,5,15,555,Champions
15111,Elizabeth Guerra,220,8,22326,1,3,5,5,13,355,Loyal Customers
15116,Susan Morrison,74,9,29123,0,4,5,5,14,455,Champions
15118,Zachary Ellis,89,8,21294,0,4,5,5,14,455,Champions
15120,Jasmine Camacho,211,8,19758,1,3,5,5,13,355,Loyal Customers
15121,Brian Collins,1,12,25112,0,5,5,5,15,555,Champions
15124,Kenneth Griffin,75,6,18531,0,4,4,4,12,444,Champions
15125,Casey Ochoa,357,10,29516,0,2,5,5,12,255,At Risk
15126,Kimberly Jordan,118,9,34413,0,4,5,5,14,455,Champions
15131,Maria Dawson,24,7,18163,0,5,4,4,13,544,Champions
15132,Gary Clark,187,8,19462,0,3,5,5,13,355,Loyal Customers
15135,Charles Mills,77,8,17571,1,4,5,4,13,454,Champions
15136,Vincent Smith,138,8,25381,1,3,5,5,13,355,Loyal Customers
15138,David Gomez,114,8,21399,0,4,5,5,14,455,Champions
15142,Allison Travis,168,7,24825,1,3,4,5,12,345,Loyal Customers
15144,James Roy,14,7,18824,0,5,4,4,13,544,Champions
15158,Erik Gonzalez,15,7,23480,0,5,4,5,14,545,Champions
15162,Jacob James,110,6,17095,0,4,4,4,12,444,Champions
15164,Gary Patrick,19,9,24677,1,5,5,5,15,555,Champions
15167,Robert Jones,162,10,25921,0,3,5,5,13,355,Loyal Customers
15171,Samantha Cook,11,6,16813,0,5,4,4,13,544,Champions
15175,Nancy Ray,89,8,19295,0,4,5,5,14,455,Champions
15186,Jeffrey Martin,228,8,21217,0,3,5,5,13,355,Loyal Customers
15188,Elizabeth Walsh,49,6,22939,0,5,4,5,14,545,Champions
15189,Cheyenne Torres,94,8,24036,0,4,5,5,14,455,Champions
15200,Marco Anderson,178,8,24540,1,3,5,5,13,355,Loyal Customers
15204,William Harris,87,6,17853,1,4,4,4,12,444,Champions
15205,Charlotte Bell,137,10,28153,1,3,5,5,13,355,Loyal Customers
15206,Lisa Garrett,160,8,18576,0,3,5,4,12,354,Loyal Customers
15212,Candice Boyd,388,9,22268,0,2,5,5,12,255,At Risk
15216,Sandra Alexander,73,6,17623,0,4,4,4,12,444,Champions
15218,Jennifer Burgess,334,8,23337,0,2,5,5,12,255,At Risk
15220,David Schaefer Jr.,30,5,15669,0,5,3,4,12,534,Potential Loyalists
15228,Tiffany Grant,25,8,21280,0,5,5,5,15,555,Champions
15230,Donald Nunez,20,7,21795,0,5,4,5,14,545,Champions
15232,Earl Ruiz,53,5,17655,1,5,3,4,12,534,Potential Loyalists
15238,Brian Booth,60,6,17551,0,4,4,4,12,444,Champions
15244,Ricardo Bates,35,11,26137,0,5,5,5,15,555,Champions
15252,Wendy Payne,59,6,15874,0,5,4,4,13,544,Champions
15258,Hannah Gilmore,129,7,16358,1,4,4,4,12,444,Champions
15259,Tanya Barry,1,6,18664,0,5,4,4,13,544,Champions
15261,Robin Morris,42,6,16344,0,5,4,4,13,544,Champions
15263,Madison Andrade,120,9,27163,0,4,5,5,14,455,Champions
15266,Sandra Young,34,5,15907,1,5,3,4,12,534,Potential Loyalists
15269,Amanda Davis,22,7,18588,0,5,4,4,13,544,Champions
15274,Bradley Gonzalez,92,10,26036,0,4,5,5,14,455,Champions
15280,Martin Steele,17,7,14233,0,5,4,3,12,543,Loyal Customers
15284,Jamie Berger,95,6,16111,0,4,4,4,12,444,Champions
15287,Mandy Conley,151,7,21520,0,3,4,5,12,345,Loyal Customers
15297,Emily Brady,10,6,15459,0,5,4,4,13,544,Champions
15302,Bryan Martin,32,10,15214,0,5,5,4,14,554,Champions
15304,John Brandt,212,8,24533,0,3,5,5,13,355,Loyal Customers
15313,Ryan Watkins,45,8,20334,0,5,5,5,15,555,Champions
15318,Summer Armstrong,49,9,24627,0,5,5,5,15,555,Champions
15321,Glen Lopez,7,8,29635,0,5,5,5,15,555,Champions
15324,Robert Decker,136,13,31419,0,4,5,5,14,455,Champions
15330,Erika Cohen,89,6,16516,0,4,4,4,12,444,Champions
15334,Theresa Peters,20,7,20962,1,5,4,5,14,545,Champions
15342,Matthew Montes,57,7,12674,0,5,4,3,12,543,Loyal Customers
15344,Ms. Jennifer Davis,290,9,21391,0,2,5,5,12,255,At Risk
15351,Taylor Carter,51,9,19170,0,5,5,4,14,554,Champions
15357,Jaime Thomas,48,8,15084,0,5,5,4,14,554,Champions
15358,Ann Hammond,10,6,16528,1,5,4,4,13,544,Champions
15360,Lacey Miller,59,5,15324,0,5,3,4,12,534,Potential Loyalists
15364,Bonnie Cohen,10,9,23256,0,5,5,5,15,555,Champions
15365,Mitchell Donaldson,156,9,27606,0,3,5,5,13,355,Loyal Customers
15369,Sierra Lopez,206,8,28079,0,3,5,5,13,355,Loyal Customers
15376,Laura Smith,58,7,24294,0,5,4,5,14,545,Champions
15379,James Cruz,123,12,31977,0,4,5,5,14,455,Champions
15382,Wendy Jones,410,8,22398,1,2,5,5,12,255,At Risk
15385,Chad Decker,148,8,21290,0,3,5,5,13,355,Loyal Customers
15387,Samuel Harper,38,6,18134,1,5,4,4,13,544,Champions
15389,Cynthia Cook,86,5,20453,0,4,3,5,12,435,Potential Loyalists
15392,Deborah Newman,191,12,25283,0,3,5,5,13,355,Loyal Customers
15394,Donna Hubbard,18,12,42695,0,5,5,5,15,555,Champions
15402,Amanda Rice,189,8,17118,0,3,5,4,12,354,Loyal Customers
15413,Sherri Stone,116,8,25342,0,4,5,5,14,455,Champions
15418,Patricia Maxwell,172,6,22157,0,3,4,5,12,345,Loyal Customers
15422,Matthew Colon,23,5,15626,0,5,3,4,12,534,Potential Loyalists
15426,Donald Douglas,14,7,19797,0,5,4,5,14,545,Champions
15444,Carolyn Smith,105,6,16537,1,4,4,4,12,444,Champions
15447,Brandi Sweeney,96,6,15596,0,4,4,4,12,444,Champions
15448,Michael Boyer,54,8,11865,0,5,5,3,13,553,Loyal Customers
15454,Christine Salas,17,9,18034,1,5,5,4,14,554,Champions
15459,John Ayala,81,9,22196,1,4,5,5,14,455,Champions
15460,Holly Duncan,60,8,15504,1,4,5,4,13,454,Champions
15465,Alexander Welch,11,6,16375,1,5,4,4,13,544,Champions
15466,Robert Frederick,51,7,15659,1,5,4,4,13,544,Champions
15473,Allison Hess,189,7,19773,0,3,4,5,12,345,Loyal Customers
15481,Jessica Rodriguez,42,8,26262,0,5,5,5,15,555,Champions
15489,Tyler Guzman,111,11,39275,0,4,5,5,14,455,Champions
15490,Daniel Brown,146,6,22490,0,3,4,5,12,345,Loyal Customers
15496,Shane Lawson,181,10,28430,0,3,5,5,13,355,Loyal Customers
15501,Katherine Brooks,45,7,23245,0,5,4,5,14,545,Champions
15503,Gregory Harris,97,8,25693,0,4,5,5,14,455,Champions
15514,Ryan Sanchez,56,8,21464,0,5,5,5,15,555,Champions
15517,Ian Hernandez,48,8,23655,0,5,5,5,15,555,Champions
15520,Donna Watkins,30,7,25345,0,5,4,5,14,545,Champions
15522,Kyle Monroe,214,8,21859,0,3,5,5,13,355,Loyal Customers
15534,Jennifer Robinson,98,9,31342,0,4,5,5,14,455,Champions
15538,Shannon Burton,178,7,22493,0,3,4,5,12,345,Loyal Customers
15539,Courtney Reyes,80,6,17436,0,4,4,4,12,444,Champions
15542,Melinda Franco,116,9,24335,1,4,5,5,14,455,Champions
15547,Henry Robinson,63,8,14491,0,4,5,3,12,453,Loyal Customers
15549,Kimberly Hall,18,8,20086,1,5,5,5,15,555,Champions
15552,Mr. Bryan Richardson,165,9,29470,0,3,5,5,13,355,Loyal Customers
15554,Crystal Grant,167,7,24907,0,3,4,5,12,345,Loyal Customers
15570,Lisa Chambers,172,8,29474,1,3,5,5,13,355,Loyal Customers
15574,Lisa Jones,61,8,18955,0,4,5,4,13,454,Champions
15582,James Friedman,96,7,22894,1,4,4,5,13,445,Champions
15583,Tammy Henderson,98,11,30923,0,4,5,5,14,455,Champions
15585,Timothy Fisher,42,6,16813,0,5,4,4,13,544,Champions
15597,Sandra Henry,70,13,31311,1,4,5,5,14,455,Champions
15601,Jacob Anderson,110,8,23242,0,4,5,5,14,455,Champions
15605,Daniel Jones,328,8,28135,0,2,5,5,12,255,At Risk
15607,Robert Henry,13,9,28437,1,5,5,5,15,555,Champions
15609,Lauren Griffin,127,6,18185,0,4,4,4,12,444,Champions
15614,Benjamin Wilson,67,6,15495,1,4,4,4,12,444,Champions
15619,Steven Miller,45,9,27550,0,5,5,5,15,555,Champions
15625,Michelle Anderson,131,7,18549,0,4,4,4,12,444,Champions
15631,Jennifer Thomas,141,7,23303,0,3,4,5,12,345,Loyal Customers
15632,James Camacho,75,8,24280,0,4,5,5,14,455,Champions
15633,Melinda Gibson,82,6,18511,1,4,4,4,12,444,Champions
15641,Lance Smith,83,6,19547,0,4,4,5,13,445,Champions
15650,Mackenzie Gibson,333,8,22172,0,2,5,5,12,255,At Risk
15651,Terry Glover,35,8,21764,1,5,5,5,15,555,Champions
15652,Sergio Harper,14,5,17933,0,5,3,4,12,534,Potential Loyalists
15654,Debbie King,123,7,21430,1,4,4,5,13,445,Champions
15659,John Thompson,47,9,28428,1,5,5,5,15,555,Champions
15663,Sierra Obrien,126,5,19671,0,4,3,5,12,435,Potential Loyalists
15665,Kevin Green,2,6,20419,0,5,4,5,14,545,Champions
15674,Mallory Yang,340,10,24589,0,2,5,5,12,255,At Risk
15683,Chelsea Petty,116,6,14978,0,4,4,4,12,444,Champions
15686,Robert Wells,2,6,20395,1,5,4,5,14,545,Champions
15689,Brenda Martinez,48,13,33900,0,5,5,5,15,555,Champions
15708,Katie Adams,32,7,22322,0,5,4,5,14,545,Champions
15724,Patrick Jimenez,39,6,17818,0,5,4,4,13,544,Champions
15725,Christopher Mccormick Jr.,73,7,22480,0,4,4,5,13,445,Champions
15728,Melissa Anderson,165,8,25193,0,3,5,5,13,355,Loyal Customers
15731,Brianna Sanchez,92,9,28195,0,4,5,5,14,455,Champions
15741,Drew Nash MD,34,9,24914,0,5,5,5,15,555,Champions
15748,Sharon Adams,25,11,27666,1,5,5,5,15,555,Champions
15751,Caleb Hudson,98,6,19811,0,4,4,5,13,445,Champions
15755,Daniel Mason,83,6,22575,0,4,4,5,13,445,Champions
15764,Jordan Jackson,63,6,18858,0,4,4,4,12,444,Champions
15769,Heather Rodriguez,6,8,26112,0,5,5,5,15,555,Champions
15771,Marvin Mitchell DDS,56,6,12422,1,5,4,3,12,543,Loyal Customers
15780,Alyssa Greene,42,11,25354,0,5,5,5,15,555,Champions
15787,Brian Goodwin,1,6,20140,0,5,4,5,14,545,Champions
15792,Angela Ryan,54,6,15637,1,5,4,4,13,544,Champions
15793,Kenneth Brown,26,6,21659,0,5,4,5,14,545,Champions
15797,Paul Martin,161,10,30104,0,3,5,5,13,355,Loyal Customers
15799,Gloria Stout,31,5,17468,0,5,3,4,12,534,Potential Loyalists
15800,Timothy Hill,44,6,17887,0,5,4,4,13,544,Champions
15805,Scott Park,40,6,15863,0,5,4,4,13,544,Champions
15806,Evan Ponce,103,6,14944,0,4,4,4,12,444,Champions
15814,Timothy Blackburn,32,7,18290,0,5,4,4,13,544,Champions
15821,Kristi Rhodes,86,6,15241,0,4,4,4,12,444,Champions
15823,Brent Blackwell,23,8,20031,1,5,5,5,15,555,Champions
15834,Ann Little,85,8,23139,0,4,5,5,14,455,Champions
15838,Nicholas Cabrera,40,6,18087,0,5,4,4,13,544,Champions
15841,Cory Ramirez,48,6,17055,1,5,4,4,13,544,Champions
15845,Michael Leon,245,9,34015,0,2,5,5,12,255,At Risk
15847,Sheri Mason,2,9,20922,0,5,5,5,15,555,Champions
15850,Kelly Clements,67,9,22919,0,4,5,5,14,455,Champions
15851,Jennifer Estrada,8,6,13110,0,5,4,3,12,543,Loyal Customers
15852,Steven Carroll,102,10,31942,0,4,5,5,14,455,Champions
15856,Samuel Lynch,13,6,16388,0,5,4,4,13,544,Champions
15857,Bruce Mays,140,8,16678,0,3,5,4,12,354,Loyal Customers
15861,Shawn Peterson,30,6,18125,0,5,4,4,13,544,Champions
15863,James Peterson,100,6,17237,0,4,4,4,12,444,Champions
15865,Michael Brooks,189,7,20066,1,3,4,5,12,345,Loyal Customers
15866,Stephen Wiggins,18,7,18838,0,5,4,4,13,544,Champions
15868,Susan Gordon,221,10,24828,1,3,5,5,13,355,Loyal Customers
15871,Nathaniel Schmidt,87,7,21731,0,4,4,5,13,445,Champions
15873,Noah Baxter,16,6,15034,0,5,4,4,13,544,Champions
15875,Amy Edwards,86,6,18318,0,4,4,4,12,444,Champions
15878,Dawn Mejia,111,6,16604,0,4,4,4,12,444,Champions
15879,Kathleen Norris,125,9,22375,1,4,5,5,14,455,Champions
15881,Amy Greene,42,5,17803,0,5,3,4,12,534,Potential Loyalists
15892,Angela Jensen,174,8,23186,1,3,5,5,13,355,Loyal Customers
15896,Lawrence Greene,236,8,26046,0,3,5,5,13,355,Loyal Customers
15906,Madison Duncan,107,9,24080,0,4,5,5,14,455,Champions
15907,Nicole Mann,117,7,23996,0,4,4,5,13,445,Champions
15914,Tina Smith,101,6,22581,0,4,4,5,13,445,Champions
15918,Colleen Schmidt,118,7,14823,0,4,4,4,12,444,Champions
15919,Richard Coleman,87,7,20561,0,4,4,5,13,445,Champions
15923,Michael Jones,76,7,21768,0,4,4,5,13,445,Champions
15928,Gabriela Goodwin,1,5,17055,0,5,3,4,12,534,Potential Loyalists
15931,Nathan Wood,52,7,14386,0,5,4,3,12,543,Loyal Customers
15933,Kathleen Burton,48,8,22595,0,5,5,5,15,555,Champions
15934,Lauren Wells,216,7,24138,0,3,4,5,12,345,Loyal Customers
15935,Shannon Carrillo,106,10,27819,0,4,5,5,14,455,Champions
15937,Ethan Jones,138,10,25840,0,3,5,5,13,355,Loyal Customers
15940,Philip Owen,120,8,19346,0,4,5,5,14,455,Champions
15941,Martin Davis,155,9,23103,0,3,5,5,13,355,Loyal Customers
15942,Aaron Washington,77,6,14965,0,4,4,4,12,444,Champions
15945,Charles Walker,262,8,20076,0,2,5,5,12,255,At Risk
15949,Devin Simmons,116,8,27965,0,4,5,5,14,455,Champions
15952,Stephen Bowers,28,6,16062,0,5,4,4,13,544,Champions
15954,Charles Greene,45,6,16969,0,5,4,4,13,544,Champions
15956,Heather Sheppard,69,10,27925,0,4,5,5,14,455,Champions
15963,Erin Carpenter,21,5,16192,0,5,3,4,12,534,Potential Loyalists
15964,Cheryl Wright,59,6,15946,0,5,4,4,13,544,Champions
15970,Michael Wallace,92,6,19037,0,4,4,4,12,444,Champions
15979,Angelica Webster,345,8,24174,0,2,5,5,12,255,At Risk
15981,Amanda Bridges,43,9,33597,0,5,5,5,15,555,Champions
15986,Kenneth Johnson,121,7,16585,0,4,4,4,12,444,Champions
15992,Brandon Herrera,4,7,28142,0,5,4,5,14,545,Champions
15994,David Turner,26,6,20296,0,5,4,5,14,545,Champions
15995,Amy Gutierrez,106,7,14980,0,4,4,4,12,444,Champions
15998,Christopher Olson,351,9,23462,0,2,5,5,12,255,At Risk
15999,Jacob Smith,60,8,18514,0,4,5,4,13,454,Champions
16006,Brian Williams,126,12,35051,0,4,5,5,14,455,Champions
16008,Lisa Gonzalez,84,11,24177,0,4,5,5,14,455,Champions
16012,Kendra Rose,194,7,19671,0,3,4,5,12,345,Loyal Customers
16015,Kathleen Gray,59,5,17120,0,5,3,4,12,534,Potential Loyalists
16022,Paul Ayala Jr.,175,8,18838,1,3,5,4,12,354,Loyal Customers
16023,Tammy Price,170,7,20927,0,3,4,5,12,345,Loyal Customers
16028,Jeremy Lynch,14,8,18625,0,5,5,4,14,554,Champions
16029,Bradley Porter,26,7,18669,0,5,4,4,13,544,Champions
16034,Emily Hill,9,7,17039,0,5,4,4,13,544,Champions
16035,Matthew Barry,0,8,9353,0,5,5,2,12,552,Potential Loyalists
16055,Benjamin Pierce,1,9,20837,0,5,5,5,15,555,Champions
16060,Jennifer Sheppard,27,7,22970,0,5,4,5,14,545,Champions
16062,Angel Porter,205,9,27515,0,3,5,5,13,355,Loyal Customers
16068,Melissa James,103,6,23409,0,4,4,5,13,445,Champions
16069,Joseph Gomez,208,8,24501,0,3,5,5,13,355,Loyal Customers
16071,Daniel Cochran,59,7,11737,0,5,4,3,12,543,Loyal Customers
16073,Robert Miller,189,8,24001,0,3,5,5,13,355,Loyal Customers
16075,Sean Baker,70,9,21048,0,4,5,5,14,455,Champions
16077,Megan Johnston,202,9,20774,0,3,5,5,13,355,Loyal Customers
16084,Sharon Zavala,127,9,22683,0,4,5,5,14,455,Champions
16085,Tina Terry,258,10,33454,0,2,5,5,12,255,At Risk
16095,Thomas Willis,224,8,25773,0,3,5,5,13,355,Loyal Customers
16110,Theresa Hodge,116,7,19414,0,4,4,5,13,445,Champions
16115,Audrey Schmidt,93,7,20560,0,4,4,5,13,445,Champions
16116,Melanie Peters,27,13,35800,0,5,5,5,15,555,Champions
16118,Christopher Love,127,7,23657,1,4,4,5,13,445,Champions
16119,Anthony Farrell,40,5,17054,1,5,3,4,12,534,Potential Loyalists
16123,William Harris,237,8,17855,0,3,5,4,12,354,Loyal Customers
16134,Christopher Murphy,3,6,23245,0,5,4,5,14,545,Champions
16137,Jose Gutierrez,15,8,21093,1,5,5,5,15,555,Champions
16144,Victor Hansen,63,10,25013,0,4,5,5,14,455,Champions
16146,Micheal Hammond,59,6,19685,1,5,4,5,14,545,Champions
16149,Casey Marshall,30,6,20351,0,5,4,5,14,545,Champions
16150,Jonathan Flynn,92,6,17438,0,4,4,4,12,444,Champions
16151,Matthew Wheeler,201,8,15227,0,3,5,4,12,354,Loyal Customers
16153,Latoya Hill,132,6,21600,0,4,4,5,13,445,Champions
16154,Leonard Moore,33,7,24272,0,5,4,5,14,545,Champions
16159,Paul Berger,2,6,20601,0,5,4,5,14,545,Champions
16165,Natalie Levine,8,6,11859,0,5,4,3,12,543,Loyal Customers
16170,Darrell Dyer,54,7,26670,0,5,4,5,14,545,Champions
16173,Lori Wolf,123,8,24032,0,4,5,5,14,455,Champions
16175,Michelle Daniel,59,5,15872,0,5,3,4,12,534,Potential Loyalists
16176,Daniel Chambers,27,11,30655,0,5,5,5,15,555,Champions
16177,James Crawford,4,11,25874,0,5,5,5,15,555,Champions
16179,Troy Mccoy,100,5,22231,0,4,3,5,12,435,Potential Loyalists
16180,Jennifer Mullen,123,8,23376,0,4,5,5,14,455,Champions
16181,Ralph Young,28,5,22201,0,5,3,5,13,535,Potential Loyalists
16182,Gregory Hernandez,256,9,24024,0,2,5,5,12,255,At Risk
16183,Anita Williams,8,6,20362,0,5,4,5,14,545,Champions
16186,Elizabeth Jimenez,147,6,19950,0,3,4,5,12,345,Loyal Customers
16188,Kaitlyn Chapman,310,9,19392,1,2,5,5,12,255,At Risk
16193,Kathleen Long,29,6,17656,0,5,4,4,13,544,Champions
16208,Christopher Yang,57,6,16773,0,5,4,4,13,544,Champions
16212,Edward Hatfield,98,6,14956,0,4,4,4,12,444,Champions
16213,Lori Young,161,7,21353,1,3,4,5,12,345,Loyal Customers
16215,Denise Morgan,4,10,32583,0,5,5,5,15,555,Champions
16221,Jacob Price,226,9,31541,0,3,5,5,13,355,Loyal Customers
16224,Carla Pierce,72,7,15050,0,4,4,4,12,444,Champions
16225,Reginald Weber,1,8,19740,0,5,5,5,15,555,Champions
16228,Michelle Hardy,200,9,28016,0,3,5,5,13,355,Loyal Customers
16231,Timothy Shannon,41,6,14142,0,5,4,3,12,543,Loyal Customers
16234,Jessica Martin,18,8,29785,0,5,5,5,15,555,Champions
16239,Matthew Clark,214,10,23252,0,3,5,5,13,355,Loyal Customers
16244,Victoria Guzman,308,8,21445,0,2,5,5,12,255,At Risk
16247,Eric Delgado,171,7,22456,0,3,4,5,12,345,Loyal Customers
16249,Greg Horton,129,6,18305,0,4,4,4,12,444,Champions
16253,Philip Reyes,274,8,22056,0,2,5,5,12,255,At Risk
16254,Hannah Moreno,19,7,27098,0,5,4,5,14,545,Champions
16257,Anthony Murphy,37,6,18346,0,5,4,4,13,544,Champions
16261,Michelle Robertson,12,9,24780,0,5,5,5,15,555,Champions
16268,Miranda Watts,20,9,26064,0,5,5,5,15,555,Champions
16269,Ann Ford,28,11,33037,0,5,5,5,15,555,Champions
16271,Amanda Burke,203,6,21383,0,3,4,5,12,345,Loyal Customers
16273,Frederick Serrano,38,7,17348,0,5,4,4,13,544,Champions
16278,Jason Ramirez,3,6,12747,0,5,4,3,12,543,Loyal Customers
16281,Jeffrey Owen,145,7,23816,0,3,4,5,12,345,Loyal Customers
16285,Alec Buck,121,11,25314,0,4,5,5,14,455,Champions
16287,Gabrielle Watkins,95,7,18967,0,4,4,4,12,444,Champions
16290,Philip Robertson,82,9,26266,0,4,5,5,14,455,Champions
16291,Cindy Hansen,124,7,21903,0,4,4,5,13,445,Champions
16295,Richard Jordan,239,6,23182,0,3,4,5,12,345,Loyal Customers
16298,Mike Fowler,102,6,19099,0,4,4,4,12,444,Champions
16301,Kristopher Smith,85,5,19533,0,4,3,5,12,435,Potential Loyalists
16302,Stephen Davis,194,7,19740,1,3,4,5,12,345,Loyal Customers
16309,Jesse Jones,51,9,24101,0,5,5,5,15,555,Champions
16313,Ryan Beck,3,6,16152,0,5,4,4,13,544,Champions
16331,Miss Kristie Bishop,9,7,17194,0,5,4,4,13,544,Champions
16334,Andrea Shepard,54,6,12670,0,5,4,3,12,543,Loyal Customers
16337,Shari King,9,9,23755,0,5,5,5,15,555,Champions
16340,Brittany Alexander,85,6,16404,0,4,4,4,12,444,Champions
16343,Michael Atkins,388,8,26477,0,2,5,5,12,255,At Risk
16347,Shannon Johnson,77,8,18769,0,4,5,4,13,454,Champions
16350,Mr. Jacob Hill Jr.,22,11,29353,0,5,5,5,15,555,Champions
16362,Denise Austin,59,5,16566,1,5,3,4,12,534,Potential Loyalists
16368,Ariel Miller,52,6,20665,0,5,4,5,14,545,Champions
16372,Thomas Jones,117,8,32497,1,4,5,5,14,455,Champions
16375,Martin Watkins,190,6,21457,0,3,4,5,12,345,Loyal Customers
16377,Amber Banks,47,6,17271,0,5,4,4,13,544,Champions
16380,Mark Carter,49,5,18608,0,5,3,4,12,534,Potential Loyalists
16382,Valerie Harris,57,9,21677,0,5,5,5,15,555,Champions
16385,Kimberly Stark,39,9,17415,0,5,5,4,14,554,Champions
16386,Colleen Baker,39,6,13811,0,5,4,3,12,543,Loyal Customers
16391,Eugene Gonzalez,184,7,22672,0,3,4,5,12,345,Loyal Customers
16393,Richard Ferguson,190,7,19751,0,3,4,5,12,345,Loyal Customers
16401,Elizabeth Adams,212,11,33213,0,3,5,5,13,355,Loyal Customers
16405,Carol Mason,35,9,26941,0,5,5,5,15,555,Champions
16407,Cheryl Lewis,215,7,21172,0,3,4,5,12,345,Loyal Customers
16410,Mitchell Rodriguez,34,7,23329,0,5,4,5,14,545,Champions
16418,Matthew Gonzalez,195,8,23498,0,3,5,5,13,355,Loyal Customers
16422,Michael Henderson,41,8,25902,0,5,5,5,15,555,Champions
16426,Dana Torres,13,13,28286,0,5,5,5,15,555,Champions
16428,Susan Larson,219,8,22211,0,3,5,5,13,355,Loyal Customers
16430,Courtney Banks,51,7,22092,0,5,4,5,14,545,Champions
16436,Cory West,158,6,19955,0,3,4,5,12,345,Loyal Customers
16437,Claire Green,38,8,23015,0,5,5,5,15,555,Champions
16438,Jason Perez,53,7,20590,0,5,4,5,14,545,Champions
16449,Anna Ramirez,14,10,23405,0,5,5,5,15,555,Champions
16472,Mr. Shane Moore,54,5,15086,0,5,3,4,12,534,Potential Loyalists
16473,Melissa Mccall,50,6,12020,0,5,4,3,12,543,Loyal Customers
16474,Michael Jones,21,7,17385,0,5,4,4,13,544,Champions
16498,David Smith,96,8,22796,1,4,5,5,14,455,Champions
16499,Christine Love,33,7,14412,0,5,4,3,12,543,Loyal Customers
16500,John Martin,42,6,16483,0,5,4,4,13,544,Champions
16507,Daniel Pitts,99,6,15570,0,4,4,4,12,444,Champions
16509,Anthony Gutierrez,0,8,24220,0,5,5,5,15,555,Champions
16518,James Johnson III,6,6,16576,0,5,4,4,13,544,Champions
16521,Melissa Lewis,217,8,22256,0,3,5,5,13,355,Loyal Customers
16525,Justin Stout,309,8,21275,1,2,5,5,12,255,At Risk
16528,James Nguyen,131,9,24124,0,4,5,5,14,455,Champions
16529,Todd Hubbard,68,11,28002,0,4,5,5,14,455,Champions
16531,Mary Clay,256,10,33317,1,2,5,5,12,255,At Risk
16542,Donald Spence,67,7,16031,0,4,4,4,12,444,Champions
16548,Donna Cohen,44,7,26200,0,5,4,5,14,545,Champions
16557,Michele Livingston,0,5,18185,0,5,3,4,12,534,Potential Loyalists
16567,Mrs. Jennifer Carter,170,9,25534,0,3,5,5,13,355,Loyal Customers
16569,Christine Ball,42,7,19420,0,5,4,5,14,545,Champions
16571,Kevin Ortiz,146,8,19757,1,3,5,5,13,355,Loyal Customers
16573,Renee Martinez,76,9,25203,0,4,5,5,14,455,Champions
16574,Danielle Austin,181,11,35325,0,3,5,5,13,355,Loyal Customers
16577,Jane Chambers,53,6,18224,0,5,4,4,13,544,Champions
16582,Sheila Mcdonald,27,7,15242,0,5,4,4,13,544,Champions
16588,Tina Roman,19,8,23586,0,5,5,5,15,555,Champions
16589,Cory Marsh,37,6,20943,0,5,4,5,14,545,Champions
16597,Bailey Torres,91,7,19418,0,4,4,5,13,445,Champions
16598,Jesse Cooley,40,11,29322,0,5,5,5,15,555,Champions
16601,Katherine Hurley,54,9,21225,0,5,5,5,15,555,Champions
16609,Michael Drake,25,9,28527,0,5,5,5,15,555,Champions
16611,Susan Burgess,81,8,25665,1,4,5,5,14,455,Champions
16617,Mary Gregory,41,8,18731,0,5,5,4,14,554,Champions
16634,Kelsey Peck,59,6,17771,0,5,4,4,13,544,Champions
16635,Kyle Craig,1,10,25212,0,5,5,5,15,555,Champions
16643,Stephanie Cooper,71,9,25444,0,4,5,5,14,455,Champions
16646,Joseph Andersen,82,7,18977,0,4,4,4,12,444,Champions
16651,Amanda Patrick,53,6,13103,0,5,4,3,12,543,Loyal Customers
16652,Tracey West,45,11,26012,1,5,5,5,15,555,Champions
16655,Anthony Armstrong,218,6,20975,1,3,4,5,12,345,Loyal Customers
16661,Carolyn Medina,172,8,19427,0,3,5,5,13,355,Loyal Customers
16665,Brenda Wilson,180,8,26195,0,3,5,5,13,355,Loyal Customers
16670,Dawn Valenzuela,113,7,20084,1,4,4,5,13,445,Champions
16677,Zachary Spears,32,6,16357,0,5,4,4,13,544,Champions
16679,Daniel Watson,172,8,18195,0,3,5,4,12,354,Loyal Customers
16681,Laura Smith,66,10,31160,1,4,5,5,14,455,Champions
16684,Christopher Young,22,10,23423,0,5,5,5,15,555,Champions
16687,Jean Payne,17,5,17226,1,5,3,4,12,534,Potential Loyalists
16693,Catherine Greene,64,9,19903,0,4,5,5,14,455,Champions
16697,Wayne Quinn,13,5,18860,0,5,3,4,12,534,Potential Loyalists
16700,William Simon,102,9,22428,1,4,5,5,14,455,Champions
16702,Nathaniel Hernandez,36,6,17448,0,5,4,4,13,544,Champions
16703,Christy Brown,1,8,17584,0,5,5,4,14,554,Champions
16704,Michael Novak,16,6,16377,0,5,4,4,13,544,Champions
16707,Cheryl Dominguez,29,7,16540,0,5,4,4,13,544,Champions
16714,Kevin Scott,1,10,32842,0,5,5,5,15,555,Champions
16718,Lindsey Jordan,21,6,13525,0,5,4,3,12,543,Loyal Customers
16719,Rhonda Stanley,417,8,22477,1,2,5,5,12,255,At Risk
16723,Mark Johnson,111,7,22828,1,4,4,5,13,445,Champions
16727,Margaret Roberson,62,6,19026,0,4,4,4,12,444,Champions
16730,Catherine Martinez,21,5,19088,0,5,3,4,12,534,Potential Loyalists
16731,Albert Lee,417,9,25970,0,2,5,5,12,255,At Risk
16735,Lauren Rivera,164,8,17641,0,3,5,4,12,354,Loyal Customers
16736,Katherine Thomas,45,6,18206,0,5,4,4,13,544,Champions
16737,Elizabeth Allen DVM,94,7,28905,0,4,4,5,13,445,Champions
16738,Nathaniel Norman,16,6,19692,1,5,4,5,14,545,Champions
16740,Michael Castro,24,7,27561,1,5,4,5,14,545,Champions
16744,Diane Clark,84,8,15414,0,4,5,4,13,454,Champions
16747,Catherine Hunt MD,44,6,16572,0,5,4,4,13,544,Champions
16752,Kimberly Robertson,5,10,25054,0,5,5,5,15,555,Champions
16753,Barbara Garza,11,6,14932,0,5,4,4,13,544,Champions
16760,Cindy Mcclure,53,7,19294,1,5,4,5,14,545,Champions
16769,Jesus Ellis,122,11,32092,0,4,5,5,14,455,Champions
16771,Jennifer Ramos,50,7,14081,1,5,4,3,12,543,Loyal Customers
16777,Bradley Richards,38,7,20510,0,5,4,5,14,545,Champions
16784,Angela Nielsen,111,8,20075,1,4,5,5,14,455,Champions
16790,Lindsey Wilkinson,47,9,31685,0,5,5,5,15,555,Champions
16797,Jeffrey Anderson,72,6,15408,0,4,4,4,12,444,Champions
16801,Nicole Curry,154,6,21128,0,3,4,5,12,345,Loyal Customers
16810,Duane Hernandez,55,7,17802,1,5,4,4,13,544,Champions
16814,Bonnie Moore,5,7,20311,0,5,4,5,14,545,Champions
16815,Logan Morales,43,7,13352,0,5,4,3,12,543,Loyal Customers
16820,Jennifer Ellison,143,9,29211,0,3,5,5,13,355,Loyal Customers
16821,Anthony Sanchez,52,6,14269,0,5,4,3,12,543,Loyal Customers
16824,Michael Drake,52,10,26527,0,5,5,5,15,555,Champions
16825,Julie Daniels,13,8,15416,1,5,5,4,14,554,Champions
16832,Jessica Perez,39,7,17683,0,5,4,4,13,544,Champions
16833,Kristin Newman,92,8,22734,0,4,5,5,14,455,Champions
16836,Susan Solomon,17,7,20849,0,5,4,5,14,545,Champions
16838,Deborah West,234,10,29765,0,3,5,5,13,355,Loyal Customers
16840,Kelly Simmons,46,6,12051,0,5,4,3,12,543,Loyal Customers
16844,Kristen Oliver,25,5,15312,0,5,3,4,12,534,Potential Loyalists
16853,Virginia Sims,144,6,24051,0,3,4,5,12,345,Loyal Customers
16860,David Porter,332,9,20368,0,2,5,5,12,255,At Risk
16862,Jay Carrillo,38,7,15743,0,5,4,4,13,544,Champions
16866,Isaiah Herrera,32,7,17646,0,5,4,4,13,544,Champions
16870,Jacqueline Glover,32,6,14928,0,5,4,4,13,544,Champions
16879,Jeffrey Wright,197,9,25375,1,3,5,5,13,355,Loyal Customers
16884,Michael Rodriguez,19,7,24740,1,5,4,5,14,545,Champions
16885,Lisa Sanders,3,6,21259,0,5,4,5,14,545,Champions
16889,Erin Ross,34,8,23876,0,5,5,5,15,555,Champions
16893,Mark Tucker,8,7,18515,1,5,4,4,13,544,Champions
16894,Anna Stephens,19,7,13839,0,5,4,3,12,543,Loyal Customers
16895,Susan Wilson,135,6,18432,0,4,4,4,12,444,Champions
16898,John Anderson,266,8,25156,0,2,5,5,12,255,At Risk
16899,Matthew Potter,102,9,26917,0,4,5,5,14,455,Champions
16900,Paula Jones,115,8,24274,1,4,5,5,14,455,Champions
16901,Kelly Marquez,41,11,25496,1,5,5,5,15,555,Champions
16903,Samantha Li,4,8,31532,1,5,5,5,15,555,Champions
16909,Peter Dodson,152,11,30418,0,3,5,5,13,355,Loyal Customers
16914,Courtney Hall,8,9,15574,0,5,5,4,14,554,Champions
16915,Juan Rivera,174,7,25521,0,3,4,5,12,345,Loyal Customers
16925,Kathy Hall,16,9,25363,0,5,5,5,15,555,Champions
16927,Lawrence Wallace,7,10,31795,0,5,5,5,15,555,Champions
16933,Valerie Garrett,50,12,31071,0,5,5,5,15,555,Champions
16937,Karen Reed,35,7,17246,0,5,4,4,13,544,Champions
16940,Margaret Johnson,179,7,21923,0,3,4,5,12,345,Loyal Customers
16942,Pamela Adams,15,7,21822,0,5,4,5,14,545,Champions
16944,Rachel Hernandez,239,10,18095,1,3,5,4,12,354,Loyal Customers
16946,Zachary Brown,230,6,19821,0,3,4,5,12,345,Loyal Customers
16956,Nathaniel Bailey,35,10,30765,0,5,5,5,15,555,Champions
16957,Ryan Nelson,233,8,20464,0,3,5,5,13,355,Loyal Customers
16958,Nicole Wilson,57,5,15019,0,5,3,4,12,534,Potential Loyalists
16963,Alexander Roman,32,6,17216,1,5,4,4,13,544,Champions
16968,Joy Fox,87,12,39776,0,4,5,5,14,455,Champions
16970,Christopher Perez,7,5,16446,0,5,3,4,12,534,Potential Loyalists
16973,Brian Coleman,88,6,15061,0,4,4,4,12,444,Champions
16974,Benjamin Horn,39,7,24580,0,5,4,5,14,545,Champions
16978,Fred Lloyd,37,7,23585,0,5,4,5,14,545,Champions
16980,Mary Ware,132,6,17160,1,4,4,4,12,444,Champions
16985,Brenda Freeman,86,12,30225,0,4,5,5,14,455,Champions
16987,Mark Schwartz,189,8,23475,0,3,5,5,13,355,Loyal Customers
16992,Hannah Davis,37,9,23117,1,5,5,5,15,555,Champions
16999,Sean Leblanc,182,10,21040,1,3,5,5,13,355,Loyal Customers
17016,Julia Golden,106,7,16455,0,4,4,4,12,444,Champions
17018,Jerry Mendoza,80,7,18940,0,4,4,4,12,444,Champions
17020,Katherine Peterson,40,6,15882,1,5,4,4,13,544,Champions
17021,Sarah Barton,118,8,18183,0,4,5,4,13,454,Champions
17024,Mathew Coleman,68,6,18334,0,4,4,4,12,444,Champions
17029,Laura Brady,220,8,18285,0,3,5,4,12,354,Loyal Customers
17034,Jonathon Brown,48,9,24191,0,5,5,5,15,555,Champions
17036,Richard Lane,131,8,23221,0,4,5,5,14,455,Champions
17039,Jamie Cruz,123,6,14960,1,4,4,4,12,444,Champions
17040,Ashley Adams,76,9,22661,1,4,5,5,14,455,Champions
17047,Victoria Baker,184,10,29850,0,3,5,5,13,355,Loyal Customers
17052,Zachary Robinson,49,6,17578,0,5,4,4,13,544,Champions
17055,Anthony Ramirez,19,8,28270,0,5,5,5,15,555,Champions
17059,Luis Stokes,39,6,12202,0,5,4,3,12,543,Loyal Customers
17061,Tiffany Jennings,113,6,19314,0,4,4,5,13,445,Champions
17065,Brian Wang,90,8,20922,0,4,5,5,14,455,Champions
17067,Logan Lewis,12,7,19283,0,5,4,5,14,545,Champions
17086,Walter Kim,323,9,20060,1,2,5,5,12,255,At Risk
17087,Thomas Morgan,38,8,20738,0,5,5,5,15,555,Champions
17088,Elizabeth Young,171,8,21638,0,3,5,5,13,355,Loyal Customers
17094,Sandy Clark,235,6,20674,0,3,4,5,12,345,Loyal Customers
17100,Jennifer Curtis,84,6,15287,0,4,4,4,12,444,Champions
17103,Jennifer Schroeder,4,8,22694,0,5,5,5,15,555,Champions
17105,Charles Washington,206,6,19818,1,3,4,5,12,345,Loyal Customers
17110,Daniel Rasmussen,68,7,24363,1,4,4,5,13,445,Champions
17112,Alexis Martin,6,8,25349,0,5,5,5,15,555,Champions
17116,Tyler West,58,7,17651,1,5,4,4,13,544,Champions
17126,Brandi Mercer,50,6,18632,0,5,4,4,13,544,Champions
17127,Steven Howard,110,8,20274,0,4,5,5,14,455,Champions
17129,Alec Smith,37,8,18821,0,5,5,4,14,554,Champions
17132,Nicole Duncan,201,7,21903,0,3,4,5,12,345,Loyal Customers
17140,Jennifer Dixon,122,7,19798,0,4,4,5,13,445,Champions
17141,Jeffrey Burke,163,9,24302,0,3,5,5,13,355,Loyal Customers
17152,Kevin Fuller,219,6,20398,0,3,4,5,12,345,Loyal Customers
17158,Stephanie Love,224,6,21089,0,3,4,5,12,345,Loyal Customers
17160,James Murphy,52,8,21019,0,5,5,5,15,555,Champions
17161,Zachary Simon,58,9,15366,0,5,5,4,14,554,Champions
17168,Megan Brown,131,7,26827,1,4,4,5,13,445,Champions
17169,Jessica Carroll,68,6,15218,0,4,4,4,12,444,Champions
17171,Vanessa Garcia,213,7,23651,1,3,4,5,12,345,Loyal Customers
17173,Brandon Beck,60,6,18880,0,4,4,4,12,444,Champions
17175,Erin Glover,114,8,21963,0,4,5,5,14,455,Champions
17181,Glenn Thompson,27,5,18980,0,5,3,4,12,534,Potential Loyalists
17190,Tara Ruiz,78,6,16322,0,4,4,4,12,444,Champions
17191,Joseph Miller,59,7,19711,0,5,4,5,14,545,Champions
17198,Cory Wilson,34,9,27980,0,5,5,5,15,555,Champions
17203,Nicole Oliver,123,7,22908,0,4,4,5,13,445,Champions
17207,Mark Hill,223,7,24408,0,3,4,5,12,345,Loyal Customers
17209,Mary Gibbs,191,7,20502,0,3,4,5,12,345,Loyal Customers
17211,Veronica Mccoy,45,8,15596,0,5,5,4,14,554,Champions
17217,Alexis Garza,269,8,23201,0,2,5,5,12,255,At Risk
17218,Megan Mathews,32,11,29784,0,5,5,5,15,555,Champions
17221,Brooke Flores,45,6,13166,0,5,4,3,12,543,Loyal Customers
17225,Eduardo Mata,119,6,20835,0,4,4,5,13,445,Champions
17227,Jill Todd,8,6,12930,0,5,4,3,12,543,Loyal Customers
17231,Trevor Richardson,101,9,25509,0,4,5,5,14,455,Champions
17233,Mr. Gregory Rios,26,9,17270,0,5,5,4,14,554,Champions
17239,Audrey Brown,103,7,25033,0,4,4,5,13,445,Champions
17244,Connie Garcia,9,9,29028,0,5,5,5,15,555,Champions
17251,Angela Tate,171,8,15005,0,3,5,4,12,354,Loyal Customers
17264,Tammy Wilson,19,6,20116,1,5,4,5,14,545,Champions
17269,Mr. Derek Daniels,76,9,30342,0,4,5,5,14,455,Champions
17271,Kathryn Black,247,8,21796,1,2,5,5,12,255,At Risk
17275,Elizabeth Peterson,32,8,22433,1,5,5,5,15,555,Champions
17281,Stacy Hess,99,9,27179,0,4,5,5,14,455,Champions
17282,Dean Cooke,52,6,21158,0,5,4,5,14,545,Champions
17289,Mrs. Carrie Aguirre,116,7,20338,1,4,4,5,13,445,Champions
17291,Courtney Carlson,253,8,23379,0,2,5,5,12,255,At Risk
17298,Jonathon Mccoy,16,6,17622,0,5,4,4,13,544,Champions
17300,Arthur Graham,79,6,14990,0,4,4,4,12,444,Champions
17301,David Porter,90,6,17527,0,4,4,4,12,444,Champions
17303,Kristin Armstrong,258,8,25423,0,2,5,5,12,255,At Risk
17308,Wanda Sanchez,43,8,17187,0,5,5,4,14,554,Champions
17311,Christina Sullivan,129,6,22858,0,4,4,5,13,445,Champions
17312,Alison Kelly,40,5,16267,0,5,3,4,12,534,Potential Loyalists
17313,Daniel Orozco,334,8,20532,0,2,5,5,12,255,At Risk
17314,Mr. Aaron Acosta,58,7,21568,0,5,4,5,14,545,Champions
17319,Morgan Yu,165,10,29913,0,3,5,5,13,355,Loyal Customers
17323,Bonnie Miller,151,10,24007,0,3,5,5,13,355,Loyal Customers
17340,Kevin Dominguez,98,7,24222,0,4,4,5,13,445,Champions
17346,Mario Johnson,21,8,26940,0,5,5,5,15,555,Champions
17347,Tricia Vargas,25,9,21082,0,5,5,5,15,555,Champions
17349,Jamie Hurley,19,6,14110,0,5,4,3,12,543,Loyal Customers
17354,Alan Turner,325,9,24770,0,2,5,5,12,255,At Risk
17355,Suzanne Gonzalez,18,9,20876,0,5,5,5,15,555,Champions
17358,Destiny Rice,375,8,20179,0,2,5,5,12,255,At Risk
17359,Jeffrey Weaver,77,11,32366,1,4,5,5,14,455,Champions
17365,Jonathon Collins,296,8,28595,1,2,5,5,12,255,At Risk
17370,Mackenzie Weaver,122,6,18373,0,4,4,4,12,444,Champions
17372,Troy Williams,44,6,15409,0,5,4,4,13,544,Champions
17376,Jennifer Kelley,42,10,26157,1,5,5,5,15,555,Champions
17378,Nicolas Garcia,102,8,18611,0,4,5,4,13,454,Champions
17379,Faith Fox,17,8,25800,1,5,5,5,15,555,Champions
17380,Heather Gallagher,82,9,28545,1,4,5,5,14,455,Champions
17382,Laura Torres,63,6,17429,0,4,4,4,12,444,Champions
17383,Michael Moreno,19,9,15708,0,5,5,4,14,554,Champions
17386,Michael Terry,32,6,12834,0,5,4,3,12,543,Loyal Customers
17394,Timothy Flynn,53,7,13978,1,5,4,3,12,543,Loyal Customers
17398,Emily Walton,234,9,20063,0,3,5,5,13,355,Loyal Customers
17399,Amy Lee,82,7,20276,0,4,4,5,13,445,Champions
17401,Rebecca Martinez,0,6,19949,0,5,4,5,14,545,Champions
17405,Michelle Snyder,117,10,26068,0,4,5,5,14,455,Champions
17412,Daniel Jacobs,267,8,27908,1,2,5,5,12,255,At Risk
17414,Heather Powell,2,8,34975,0,5,5,5,15,555,Champions
17417,Logan White,97,9,27024,0,4,5,5,14,455,Champions
17420,Tyler Graves,26,6,21138,0,5,4,5,14,545,Champions
17422,Kenneth Daniel,2,7,17339,0,5,4,4,13,544,Champions
17423,Erica Sanchez,10,6,21992,1,5,4,5,14,545,Champions
17424,Mrs. Connie Mack,57,6,17551,0,5,4,4,13,544,Champions
17427,Amanda Gardner,0,5,16669,1,5,3,4,12,534,Potential Loyalists
17430,Jessica Payne,11,8,17659,1,5,5,4,14,554,Champions
17433,Ashley Barnes,43,5,15734,0,5,3,4,12,534,Potential Loyalists
17434,Mr. James Taylor MD,13,6,17070,0,5,4,4,13,544,Champions
17437,Jason Valdez,3,8,23092,1,5,5,5,15,555,Champions
17440,Melissa Blackwell,3,6,17003,0,5,4,4,13,544,Champions
17441,Laura Rivers,56,5,16816,0,5,3,4,12,534,Potential Loyalists
17444,Brandon Mcgrath,33,5,16297,0,5,3,4,12,534,Potential Loyalists
17447,Vicki Williams,22,7,20663,0,5,4,5,14,545,Champions
17449,Kevin Cox,4,5,15537,1,5,3,4,12,534,Potential Loyalists
17452,Zachary Edwards,149,8,17354,1,3,5,4,12,354,Loyal Customers
17453,Frank Lang,128,5,19624,0,4,3,5,12,435,Potential Loyalists
17454,Robert Howard,139,6,19629,0,3,4,5,12,345,Loyal Customers
17457,Tyler Paul Jr.,107,7,22309,1,4,4,5,13,445,Champions
17458,William Smith,70,8,19433,1,4,5,5,14,455,Champions
17460,John Franklin,129,6,18049,0,4,4,4,12,444,Champions
17461,Mackenzie Soto,299,9,27869,0,2,5,5,12,255,At Risk
17463,Samantha Carlson,29,9,29179,0,5,5,5,15,555,Champions
17466,James Hudson,370,8,20260,0,2,5,5,12,255,At Risk
17469,Brian Sharp,53,5,22951,1,5,3,5,13,535,Potential Loyalists
17470,Michael Martinez,165,10,28160,0,3,5,5,13,355,Loyal Customers
17481,Tiffany Abbott,101,5,21428,0,4,3,5,12,435,Potential Loyalists
17483,Amanda Thompson,216,7,26256,0,3,4,5,12,345,Loyal Customers
17484,Deborah Graves,144,6,19638,0,3,4,5,12,345,Loyal Customers
17487,Kimberly Woods,28,8,24922,0,5,5,5,15,555,Champions
17491,Stephanie Hunt,56,8,14757,1,5,5,3,13,553,Loyal Customers
17495,Kathy King,60,8,26419,0,4,5,5,14,455,Champions
17499,Patrick Smith,149,8,18801,0,3,5,4,12,354,Loyal Customers
17505,Brittany Martinez,83,12,27201,0,4,5,5,14,455,Champions
17508,Richard Baker,282,10,24170,0,2,5,5,12,255,At Risk
17511,Patrick Dennis,53,12,28236,0,5,5,5,15,555,Champions
17518,Courtney Rich,341,8,24492,0,2,5,5,12,255,At Risk
17519,Tyler Burgess,53,8,22521,1,5,5,5,15,555,Champions
17523,Gary Moore,18,12,31024,0,5,5,5,15,555,Champions
17526,Tiffany Woods,135,7,26175,0,4,4,5,13,445,Champions
17534,Tanner Smith,126,7,15961,0,4,4,4,12,444,Champions
17535,Melissa Jenkins,74,9,23805,1,4,5,5,14,455,Champions
17550,Tyrone Mills,6,9,20984,1,5,5,5,15,555,Champions
17551,Emily Jones,150,6,20310,0,3,4,5,12,345,Loyal Customers
17552,Joseph Warner,26,7,19412,0,5,4,5,14,545,Champions
17557,Natasha Thomas,233,8,21314,0,3,5,5,13,355,Loyal Customers
17559,Marco Cardenas,68,7,20129,0,4,4,5,13,445,Champions
17560,Jamie Fitzpatrick,106,6,19549,0,4,4,5,13,445,Champions
17561,Rachel Quinn,190,7,21830,0,3,4,5,12,345,Loyal Customers
17564,Patrick Trujillo,26,10,19622,1,5,5,5,15,555,Champions
17566,James Baldwin,22,8,23305,0,5,5,5,15,555,Champions
17567,Joseph Ellis,11,10,21269,0,5,5,5,15,555,Champions
17574,Natalie Keller,78,6,18099,0,4,4,4,12,444,Champions
17576,Jonathan Molina,154,6,24292,0,3,4,5,12,345,Loyal Customers
17577,Erika Terry,59,6,14399,0,5,4,3,12,543,Loyal Customers
17578,Frederick Cortez,217,8,20189,0,3,5,5,13,355,Loyal Customers
17579,Austin Dawson,127,6,20396,1,4,4,5,13,445,Champions
17581,Ian Jacobs,44,7,17941,0,5,4,4,13,544,Champions
17582,Robert Butler,52,7,15709,0,5,4,4,13,544,Champions
17586,David Fernandez,124,6,22507,0,4,4,5,13,445,Champions
17587,Jordan Willis,157,6,19573,0,3,4,5,12,345,Loyal Customers
17591,Jonathan Lopez,33,5,16144,0,5,3,4,12,534,Potential Loyalists
17592,Jessica Ross,171,8,20727,0,3,5,5,13,355,Loyal Customers
17594,Stephanie Brady,11,11,22649,0,5,5,5,15,555,Champions
17602,Theresa Thompson,300,9,28568,0,2,5,5,12,255,At Risk
17605,James Miller,29,5,15668,0,5,3,4,12,534,Potential Loyalists
17608,Whitney Martinez,79,10,31416,0,4,5,5,14,455,Champions
17611,Jody Patel,28,8,24472,1,5,5,5,15,555,Champions
17613,Michael Sanchez,55,6,20022,0,5,4,5,14,545,Champions
17618,Jeanette Hernandez,18,7,23935,0,5,4,5,14,545,Champions
17621,Bradley Stevens,8,5,15870,0,5,3,4,12,534,Potential Loyalists
17625,Jeffrey White,53,9,23601,0,5,5,5,15,555,Champions
17626,Bruce Watson,245,8,23648,0,2,5,5,12,255,At Risk
17630,Jamie Gibson,115,9,26394,0,4,5,5,14,455,Champions
17634,Michelle Garrett,99,6,19570,0,4,4,5,13,445,Champions
17638,Katherine Curry,361,9,22806,1,2,5,5,12,255,At Risk
17641,Michael Le,43,9,26174,0,5,5,5,15,555,Champions
17644,David Johnson,154,8,18625,0,3,5,4,12,354,Loyal Customers
17648,Marissa Holmes,67,11,36817,0,4,5,5,14,455,Champions
17649,Kelly Davidson,53,8,13088,0,5,5,3,13,553,Loyal Customers
17650,Heather Jacobs,137,7,25315,0,3,4,5,12,345,Loyal Customers
17651,Alan Delacruz,198,6,19643,0,3,4,5,12,345,Loyal Customers
17652,Cathy Schwartz,159,9,25151,0,3,5,5,13,355,Loyal Customers
17664,Ashley Bauer,216,8,19628,0,3,5,5,13,355,Loyal Customers
17674,Amber Randolph,5,7,24097,0,5,4,5,14,545,Champions
17680,Janet Delacruz,144,8,20672,0,3,5,5,13,355,Loyal Customers
17688,Lisa Massey,5,11,29033,0,5,5,5,15,555,Champions
17691,James Rowland,61,7,18359,0,4,4,4,12,444,Champions
17692,Casey Arnold,31,6,16942,0,5,4,4,13,544,Champions
17697,Jeffrey Gonzales,7,8,21552,1,5,5,5,15,555,Champions
17704,Diane Franklin,232,8,24955,0,3,5,5,13,355,Loyal Customers
17711,Scott Lin,220,6,20221,0,3,4,5,12,345,Loyal Customers
17716,Andrew Williams,5,8,24859,0,5,5,5,15,555,Champions
17717,Mary Stewart,92,7,16325,0,4,4,4,12,444,Champions
17720,John Edwards,186,6,23329,1,3,4,5,12,345,Loyal Customers
17725,Megan Baxter,310,8,28521,0,2,5,5,12,255,At Risk
17729,Nicole Edwards DVM,125,7,18510,0,4,4,4,12,444,Champions
17733,Cody Mclaughlin,32,7,22649,0,5,4,5,14,545,Champions
17737,Teresa Jenkins,167,8,23724,0,3,5,5,13,355,Loyal Customers
17748,Christina Stone,120,6,17546,0,4,4,4,12,444,Champions
17749,Lance Salazar,78,7,17497,0,4,4,4,12,444,Champions
17750,Miguel Bowman,157,9,22861,1,3,5,5,13,355,Loyal Customers
17753,Melissa Taylor,172,9,23881,0,3,5,5,13,355,Loyal Customers
17755,Barbara Brock,78,8,18034,0,4,5,4,13,454,Champions
17758,Jessica Nguyen,378,8,28520,0,2,5,5,12,255,At Risk
17759,Margaret Vasquez,177,7,22303,0,3,4,5,12,345,Loyal Customers
17765,Erica Preston,204,8,22600,0,3,5,5,13,355,Loyal Customers
17768,Luis Olson,81,9,26618,0,4,5,5,14,455,Champions
17775,Brett Smith,36,7,21964,0,5,4,5,14,545,Champions
17777,Dylan Heath,20,11,34433,1,5,5,5,15,555,Champions
17780,Cody Parker,102,9,26661,1,4,5,5,14,455,Champions
17782,Christine Rodriguez,141,12,31932,0,3,5,5,13,355,Loyal Customers
17785,William Cunningham,142,9,25418,0,3,5,5,13,355,Loyal Customers
17787,Gerald Hampton,38,5,15987,0,5,3,4,12,534,Potential Loyalists
17788,Mario Gutierrez,234,7,24625,1,3,4,5,12,345,Loyal Customers
17790,Michelle Brown,368,8,30074,0,2,5,5,12,255,At Risk
17799,Troy Foster,0,9,19066,1,5,5,4,14,554,Champions
17805,Troy Sweeney,143,8,19273,0,3,5,4,12,354,Loyal Customers
17806,Alexander Gibson,6,8,21228,0,5,5,5,15,555,Champions
17813,Samantha Jones,49,8,26103,0,5,5,5,15,555,Champions
17814,Debra Lin,136,6,19148,0,4,4,4,12,444,Champions
17815,Matthew Hale,68,7,23090,0,4,4,5,13,445,Champions
17817,Tamara Moore,93,6,17139,1,4,4,4,12,444,Champions
17818,Jennifer Powell,220,10,21006,0,3,5,5,13,355,Loyal Customers
17819,Paul Sanchez,186,7,25727,0,3,4,5,12,345,Loyal Customers
17829,Lisa Robbins,33,9,23926,0,5,5,5,15,555,Champions
17830,Charlene Harris,39,7,20022,0,5,4,5,14,545,Champions
17832,Amy Contreras,21,9,25156,1,5,5,5,15,555,Champions
17840,David Graves,104,7,19981,0,4,4,5,13,445,Champions
17841,Mark Simon,280,8,26198,0,2,5,5,12,255,At Risk
17852,Jeffrey Martin,27,8,25352,0,5,5,5,15,555,Champions
17856,Allison Martin,181,7,21022,0,3,4,5,12,345,Loyal Customers
17857,Mrs. Sharon Thomas PhD,107,8,26050,0,4,5,5,14,455,Champions
17867,Cynthia Taylor,30,8,16538,0,5,5,4,14,554,Champions
17870,Eduardo Russell,15,9,22628,0,5,5,5,15,555,Champions
17873,Dr. Matthew Faulkner,57,7,23690,0,5,4,5,14,545,Champions
17882,Steven Pruitt,68,6,17088,0,4,4,4,12,444,Champions
17885,Bob Patel,229,8,20368,0,3,5,5,13,355,Loyal Customers
17887,Olivia Taylor,54,8,21330,1,5,5,5,15,555,Champions
17891,Julia Anderson,351,9,28571,0,2,5,5,12,255,At Risk
17893,Jennifer Williams,68,6,16782,0,4,4,4,12,444,Champions
17895,Shelly Love,15,7,19685,0,5,4,5,14,545,Champions
17900,Laura Davis,51,6,20704,0,5,4,5,14,545,Champions
17904,Tiffany Ward,37,7,18041,0,5,4,4,13,544,Champions
17905,Stephanie Allison,24,7,24040,0,5,4,5,14,545,Champions
17915,Samuel Brown,91,6,24457,0,4,4,5,13,445,Champions
17916,Christopher Dixon,39,9,18589,1,5,5,4,14,554,Champions
17920,Stephen Ortega,136,6,16957,0,4,4,4,12,444,Champions
17923,Brian Colon,47,8,23112,1,5,5,5,15,555,Champions
17924,Raymond Dominguez,198,8,20692,0,3,5,5,13,355,Loyal Customers
17928,Misty Wilson,177,6,21108,0,3,4,5,12,345,Loyal Customers
17931,Elizabeth Joseph,131,9,24305,0,4,5,5,14,455,Champions
17932,Nicole Gutierrez,10,7,20309,0,5,4,5,14,545,Champions
17936,Casey Allen,324,10,24340,0,2,5,5,12,255,At Risk
17939,Adrian Miller,82,6,20707,0,4,4,5,13,445,Champions
17943,Kristin Norris,139,7,22764,1,3,4,5,12,345,Loyal Customers
17953,Desiree Roberts,133,7,20295,0,4,4,5,13,445,Champions
17963,Jennifer Stein,104,6,21003,1,4,4,5,13,445,Champions
17967,Wendy Johnson,88,7,20347,1,4,4,5,13,445,Champions
17968,Tina Herrera,15,9,26664,0,5,5,5,15,555,Champions
17978,Tricia Solis,313,8,23557,1,2,5,5,12,255,At Risk
17981,Amy Vega,12,7,21923,0,5,4,5,14,545,Champions
17985,Edward Harvey,87,6,16119,0,4,4,4,12,444,Champions
17986,Dillon Le,69,8,17974,1,4,5,4,13,454,Champions
17994,Sarah Waters,62,8,27855,1,4,5,5,14,455,Champions
17998,Rhonda Davis,41,9,26358,1,5,5,5,15,555,Champions
17999,Autumn Thompson,120,7,15973,0,4,4,4,12,444,Champions
18005,Sheryl Johnson,21,6,12823,0,5,4,3,12,543,Loyal Customers
18006,Albert Roberts,63,7,17892,0,4,4,4,12,444,Champions
18007,Elizabeth Pollard,33,6,20915,0,5,4,5,14,545,Champions
18010,Susan Mccoy,230,10,23580,0,3,5,5,13,355,Loyal Customers
18014,Joseph Martin,66,9,28825,0,4,5,5,14,455,Champions
18016,Matthew Carrillo,86,6,16872,0,4,4,4,12,444,Champions
18029,Shannon Nixon,26,7,23767,0,5,4,5,14,545,Champions
18042,Evan Williams,104,6,15655,0,4,4,4,12,444,Champions
18045,Tim Foster,5,7,25404,0,5,4,5,14,545,Champions
18048,Cody Graham,16,11,28228,1,5,5,5,15,555,Champions
18051,Kara Walter,180,7,23081,1,3,4,5,12,345,Loyal Customers
18053,Joseph Perry MD,231,9,31181,0,3,5,5,13,355,Loyal Customers
18054,Richard Hall,50,10,23481,0,5,5,5,15,555,Champions
18061,Susan Fisher,99,9,25785,0,4,5,5,14,455,Champions
18066,Hannah Mendez,77,8,25650,0,4,5,5,14,455,Champions
18067,Jennifer Cooper,77,6,15032,1,4,4,4,12,444,Champions
18070,Heather Scott,271,8,19784,0,2,5,5,12,255,At Risk
18073,Kristopher Harding,12,7,15766,0,5,4,4,13,544,Champions
18079,Gregory Odonnell,114,12,28534,0,4,5,5,14,455,Champions
18080,Robin Long,10,7,16827,0,5,4,4,13,544,Champions
18081,Amanda Moon,204,8,17189,0,3,5,4,12,354,Loyal Customers
18086,Ann Martinez,77,7,18859,1,4,4,4,12,444,Champions
18088,Robert Gregory,77,7,15896,1,4,4,4,12,444,Champions
18091,Nicholas Smith,27,6,17625,1,5,4,4,13,544,Champions
18098,Anthony Howard,232,7,22552,0,3,4,5,12,345,Loyal Customers
18101,Sherry Perry,18,6,17181,0,5,4,4,13,544,Champions
18105,Christopher Rodriguez,38,5,17131,0,5,3,4,12,534,Potential Loyalists
18111,Rebekah Faulkner,153,8,23443,0,3,5,5,13,355,Loyal Customers
18119,Luke Delgado,121,8,20562,0,4,5,5,14,455,Champions
18120,Jennifer Ray,2,8,19877,0,5,5,5,15,555,Champions
18123,Adam Henderson,229,7,24443,1,3,4,5,12,345,Loyal Customers
18125,Jack Mcguire,15,8,18359,1,5,5,4,14,554,Champions
18131,Kaitlin Drake,1,5,17963,1,5,3,4,12,534,Potential Loyalists
18134,Jeffrey Robbins,79,8,21694,1,4,5,5,14,455,Champions
18140,Pamela Carr,2,7,22325,0,5,4,5,14,545,Champions
18141,Madison Smith,134,6,18327,1,4,4,4,12,444,Champions
18146,Laura Graham,200,7,23162,1,3,4,5,12,345,Loyal Customers
18148,Mark Williams,31,8,19289,0,5,5,5,15,555,Champions
18161,Madison Beck,16,6,13441,0,5,4,3,12,543,Loyal Customers
18162,Jamie Estrada,10,8,19773,0,5,5,5,15,555,Champions
18166,William Barnes,119,8,16917,0,4,5,4,13,454,Champions
18168,Lisa Lopez,12,7,21488,0,5,4,5,14,545,Champions
18170,Nicole Woods,36,10,35593,0,5,5,5,15,555,Champions
18173,Jason Chandler,0,6,16083,0,5,4,4,13,544,Champions
18181,Kathleen Glover,26,7,13091,0,5,4,3,12,543,Loyal Customers
18183,Joshua Sanchez,62,7,21490,0,4,4,5,13,445,Champions
18184,Brian Schneider,161,8,24130,0,3,5,5,13,355,Loyal Customers
18187,Adam Baker,66,6,14859,0,4,4,4,12,444,Champions
18188,Joseph Haas,59,6,16827,1,5,4,4,13,544,Champions
18200,Matthew Robinson,52,8,16651,0,5,5,4,14,554,Champions
18202,Renee Thompson,217,6,19408,0,3,4,5,12,345,Loyal Customers
18204,Nicholas Santana,5,14,38225,0,5,5,5,15,555,Champions
18206,Michael Ibarra,88,7,20654,0,4,4,5,13,445,Champions
18209,Joshua Padilla,17,6,16588,1,5,4,4,13,544,Champions
18216,Kevin Sanford,384,11,31589,0,2,5,5,12,255,At Risk
18218,Danny Alvarado,16,10,29095,0,5,5,5,15,555,Champions
18219,Dustin Baker,27,7,27253,0,5,4,5,14,545,Champions
18221,Alexander Grant,3,6,19674,0,5,4,5,14,545,Champions
18228,Natalie Gillespie,38,5,18659,0,5,3,4,12,534,Potential Loyalists
18242,Linda Gomez,7,7,24725,0,5,4,5,14,545,Champions
18243,James Fowler,45,7,25863,1,5,4,5,14,545,Champions
18248,Lance Nelson,121,8,25466,0,4,5,5,14,455,Champions
18258,Linda Weaver,45,6,15995,0,5,4,4,13,544,Champions
18261,Zachary Lang,121,7,17306,1,4,4,4,12,444,Champions
18262,Megan Walker,2,6,13895,0,5,4,3,12,543,Loyal Customers
18263,Matthew Ruiz,252,8,25255,0,2,5,5,12,255,At Risk
18266,John Hutchinson,34,6,15238,1,5,4,4,13,544,Champions
18268,Ashley Schroeder,64,6,17003,0,4,4,4,12,444,Champions
18271,Tina Edwards,266,8,25924,0,2,5,5,12,255,At Risk
18272,Lisa Smith,93,8,21969,1,4,5,5,14,455,Champions
18273,Stacey Bush,19,11,37292,0,5,5,5,15,555,Champions
18274,Jordan Larsen,57,8,24672,0,5,5,5,15,555,Champions
18275,Katelyn Jones,154,7,19539,0,3,4,5,12,345,Loyal Customers
18277,Caitlin Fry,207,7,22370,1,3,4,5,12,345,Loyal Customers
18283,Jacob Fox,31,6,17473,0,5,4,4,13,544,Champions
18290,Kimberly Daniels,38,7,26628,0,5,4,5,14,545,Champions
18292,Morgan Wilson,0,5,22201,0,5,3,5,13,535,Potential Loyalists
18294,Travis Flores,215,6,19494,1,3,4,5,12,345,Loyal Customers
18298,Terry Perez,28,10,27677,1,5,5,5,15,555,Champions
18299,Jason Madden,73,7,19765,0,4,4,5,13,445,Champions
18300,Jared Li,22,7,22516,0,5,4,5,14,545,Champions
18301,Molly Bernard,17,7,20701,1,5,4,5,14,545,Champions
18303,Alexandra Brewer,215,9,21851,0,3,5,5,13,355,Loyal Customers
18308,Kyle Krueger,11,7,22751,0,5,4,5,14,545,Champions
18309,Amanda Jones,0,8,17868,0,5,5,4,14,554,Champions
18311,Chris Carter,268,10,24418,0,2,5,5,12,255,At Risk
18312,Elizabeth Mercado,2,7,29669,0,5,4,5,14,545,Champions
18314,Lauren Stevens,91,8,16832,0,4,5,4,13,454,Champions
18315,Jennifer Carlson,209,8,23171,0,3,5,5,13,355,Loyal Customers
18317,Stephanie Martinez,18,8,18007,1,5,5,4,14,554,Champions
18318,Lisa Hernandez,139,13,24431,1,3,5,5,13,355,Loyal Customers
18319,Ann Ewing,78,6,15043,0,4,4,4,12,444,Champions
18320,Kelly Hall,49,8,14995,0,5,5,4,14,554,Champions
18328,Andrew Parker,20,6,21597,0,5,4,5,14,545,Champions
18329,Evelyn Nixon,45,5,16500,0,5,3,4,12,534,Potential Loyalists
18331,Gregory Duffy,84,8,21867,0,4,5,5,14,455,Champions
18332,Benjamin Lee,151,7,22888,0,3,4,5,12,345,Loyal Customers
18337,Charles Walker,134,7,26284,0,4,4,5,13,445,Champions
18349,Shari Campbell,90,7,21881,0,4,4,5,13,445,Champions
18354,Bonnie Obrien,50,5,18084,0,5,3,4,12,534,Potential Loyalists
18357,Paul Harris,13,10,20676,0,5,5,5,15,555,Champions
18361,Daniel Smith,70,7,16304,1,4,4,4,12,444,Champions
18367,Christopher Lawrence,2,7,21461,1,5,4,5,14,545,Champions
18369,David Rasmussen,76,7,21289,0,4,4,5,13,445,Champions
18374,Joshua Horton,0,9,25811,0,5,5,5,15,555,Champions
18376,Mary Davis,29,9,26004,0,5,5,5,15,555,Champions
18377,Aaron Stafford,154,6,21548,0,3,4,5,12,345,Loyal Customers
18383,Ryan Ochoa,38,6,24008,0,5,4,5,14,545,Champions
18390,Brittney Ryan,284,10,26087,0,2,5,5,12,255,At Risk
18396,Mark Scott,77,8,20653,0,4,5,5,14,455,Champions
18401,Christian Greene,8,10,26113,0,5,5,5,15,555,Champions
18407,Jeffrey Patton,94,7,16671,0,4,4,4,12,444,Champions
18411,Jill Dalton,95,6,17019,0,4,4,4,12,444,Champions
18413,Andrew Strickland,16,8,26857,0,5,5,5,15,555,Champions
18418,Beth Brown,189,7,26066,1,3,4,5,12,345,Loyal Customers
18420,Angela Ford,23,6,20534,0,5,4,5,14,545,Champions
18430,Christine Nichols,21,7,16756,0,5,4,4,13,544,Champions
18442,Ellen Jones,15,8,28784,0,5,5,5,15,555,Champions
18444,Laurie Shelton,144,11,26515,0,3,5,5,13,355,Loyal Customers
18448,William Johnson,231,7,23249,0,3,4,5,12,345,Loyal Customers
18450,Diane Austin,12,8,22957,0,5,5,5,15,555,Champions
18451,Mrs. Stacey Oconnor,60,8,21208,0,4,5,5,14,455,Champions
18454,Sergio Wilson,15,6,19419,1,5,4,5,14,545,Champions
18460,Amanda Diaz,101,6,18717,1,4,4,4,12,444,Champions
18466,Bobby Velez,4,5,18300,0,5,3,4,12,534,Potential Loyalists
18467,Zachary Pena,69,8,19764,0,4,5,5,14,455,Champions
18469,Elizabeth Kemp,60,12,33727,1,4,5,5,14,455,Champions
18471,Caroline Bailey,1,6,13518,0,5,4,3,12,543,Loyal Customers
18480,Samantha Bentley,123,8,16944,0,4,5,4,13,454,Champions
18485,Wesley Lopez,30,5,16294,0,5,3,4,12,534,Potential Loyalists
18486,Scott Mccormick,136,10,30306,0,4,5,5,14,455,Champions
18490,Daniel Cruz,96,7,19346,0,4,4,5,13,445,Champions
18505,Matthew Edwards,98,10,21694,0,4,5,5,14,455,Champions
18515,Danielle Evans,67,7,15256,0,4,4,4,12,444,Champions
18516,Keith Malone,60,9,26143,0,4,5,5,14,455,Champions
18517,Carol Morris,17,7,14776,0,5,4,3,12,543,Loyal Customers
18521,Emma Jefferson,27,9,26079,1,5,5,5,15,555,Champions
18524,Cathy Stanton,108,6,20725,0,4,4,5,13,445,Champions
18531,Lee Hernandez,289,11,30015,1,2,5,5,12,255,At Risk
18536,Gina Guzman,130,7,18499,0,4,4,4,12,444,Champions
18537,Michael Cortez,109,6,19909,1,4,4,5,13,445,Champions
18540,Michael Wall,101,9,22463,0,4,5,5,14,455,Champions
18542,Kristen Singleton,61,8,20485,1,4,5,5,14,455,Champions
18547,Melvin Jones,196,6,21687,0,3,4,5,12,345,Loyal Customers
18552,Peggy Sanchez,194,9,25599,0,3,5,5,13,355,Loyal Customers
18553,Gina Hayes,70,7,18617,0,4,4,4,12,444,Champions
18556,Jerome Orozco,269,9,24982,0,2,5,5,12,255,At Risk
18559,Linda Kirby,37,6,17272,0,5,4,4,13,544,Champions
18560,Jamie Hobbs,165,6,19290,1,3,4,5,12,345,Loyal Customers
18574,Johnny Garcia,46,8,22983,0,5,5,5,15,555,Champions
18581,Joshua Chavez,14,7,16329,0,5,4,4,13,544,Champions
18585,Jesse Park,99,9,20236,0,4,5,5,14,455,Champions
18588,Samantha Miller,7,12,39651,0,5,5,5,15,555,Champions
18593,Ms. Donna Kim,89,9,21721,1,4,5,5,14,455,Champions
18597,Mr. Gary Hamilton,14,7,19043,0,5,4,4,13,544,Champions
18603,Elizabeth Booker,117,7,15243,0,4,4,4,12,444,Champions
18608,Anna Foster,94,11,33221,0,4,5,5,14,455,Champions
18622,Kara Cooper,44,6,21979,0,5,4,5,14,545,Champions
18623,James Davis,152,6,19644,0,3,4,5,12,345,Loyal Customers
18626,Robert Murphy,79,8,16381,0,4,5,4,13,454,Champions
18627,Rodney Erickson,12,8,20728,1,5,5,5,15,555,Champions
18628,Laura Cook,90,8,21822,0,4,5,5,14,455,Champions
18629,Benjamin Lopez,172,7,25349,1,3,4,5,12,345,Loyal Customers
18631,Brian Lopez,241,8,17788,1,3,5,4,12,354,Loyal Customers
18637,Jane Kirby,246,9,26612,0,2,5,5,12,255,At Risk
18639,Andrew Lopez,58,6,14943,0,5,4,4,13,544,Champions
18640,Kevin Weber,37,6,16904,0,5,4,4,13,544,Champions
18641,William Kemp,131,7,24224,0,4,4,5,13,445,Champions
18644,Matthew Williams,4,6,16976,0,5,4,4,13,544,Champions
18661,Sherry Marshall,50,6,14681,0,5,4,3,12,543,Loyal Customers
18665,David Vasquez,197,7,28191,0,3,4,5,12,345,Loyal Customers
18670,Heather Anderson,22,7,17466,0,5,4,4,13,544,Champions
18673,Jennifer Reed,88,9,20853,0,4,5,5,14,455,Champions
18678,Chad Mccarty,157,7,30644,0,3,4,5,12,345,Loyal Customers
18682,Christopher Johnson,82,9,25099,1,4,5,5,14,455,Champions
18685,Ashley Bauer MD,181,8,21292,0,3,5,5,13,355,Loyal Customers
18694,John Faulkner,11,6,18031,1,5,4,4,13,544,Champions
18700,Joseph Freeman,157,8,26994,0,3,5,5,13,355,Loyal Customers
18704,Isaac Sutton,35,8,26721,0,5,5,5,15,555,Champions
18706,William Johns,69,7,17323,0,4,4,4,12,444,Champions
18712,Gary Hernandez,34,7,21135,0,5,4,5,14,545,Champions
18717,Helen Cole,188,8,19174,0,3,5,4,12,354,Loyal Customers
18718,Nicole Torres,67,8,21116,0,4,5,5,14,455,Champions
18725,Jody Stuart,11,7,24479,0,5,4,5,14,545,Champions
18727,Christopher Morris,21,7,18964,0,5,4,4,13,544,Champions
18730,Cheryl Watkins,45,6,14739,0,5,4,3,12,543,Loyal Customers
18735,Michelle Nichols,83,9,32995,0,4,5,5,14,455,Champions
18738,Mark Gonzalez,32,8,16409,0,5,5,4,14,554,Champions
18751,Tanya Merritt,9,8,21510,0,5,5,5,15,555,Champions
18769,Elizabeth Schmitt,54,7,19607,0,5,4,5,14,545,Champions
18772,Scott Brady,34,6,19808,1,5,4,5,14,545,Champions
18775,Dennis Houston,123,6,22990,0,4,4,5,13,445,Champions
18776,Margaret Henderson,83,6,18627,0,4,4,4,12,444,Champions
18778,Katherine Poole,288,9,24069,0,2,5,5,12,255,At Risk
18781,Jon Baker,72,10,22599,1,4,5,5,14,455,Champions
18785,Austin Mejia,46,8,24257,0,5,5,5,15,555,Champions
18786,Billy Thornton,3,9,24993,0,5,5,5,15,555,Champions
18787,John Hunt,176,8,18373,1,3,5,4,12,354,Loyal Customers
18790,Carol Ray,70,9,24508,0,4,5,5,14,455,Champions
18792,John Miller,32,6,23479,0,5,4,5,14,545,Champions
18797,Thomas Murray DDS,84,6,19221,0,4,4,4,12,444,Champions
18807,Joe Pierce,7,11,23612,1,5,5,5,15,555,Champions
18808,Dr. Nathan Scott,78,10,21563,0,4,5,5,14,455,Champions
18816,Reginald Phillips,22,9,28699,0,5,5,5,15,555,Champions
18821,Tina Stuart,103,7,21914,0,4,4,5,13,445,Champions
18828,Stephen Green,247,8,27618,0,2,5,5,12,255,At Risk
18829,Elaine Moran,53,8,23133,0,5,5,5,15,555,Champions
18831,Victoria Crawford,137,10,34085,0,3,5,5,13,355,Loyal Customers
18840,Thomas Le,106,8,23992,1,4,5,5,14,455,Champions
18844,Cynthia Osborn,56,9,24554,0,5,5,5,15,555,Champions
18858,Joseph Charles,29,9,30135,0,5,5,5,15,555,Champions
18860,Justin Mcfarland,97,9,30519,0,4,5,5,14,455,Champions
18874,David Mills,117,9,26742,0,4,5,5,14,455,Champions
18877,Brittany Romero,247,8,21451,1,2,5,5,12,255,At Risk
18879,Kathryn Phillips,241,7,19380,0,3,4,5,12,345,Loyal Customers
18881,Christian Saunders,193,7,19620,0,3,4,5,12,345,Loyal Customers
18882,Gregory Mccarthy,40,8,27909,0,5,5,5,15,555,Champions
18884,Jodi Rogers,73,10,30371,1,4,5,5,14,455,Champions
18885,Mr. Kevin Smith,45,9,21216,0,5,5,5,15,555,Champions
18889,Margaret Garrison,147,8,25415,0,3,5,5,13,355,Loyal Customers
18890,Jonathan Burgess,44,5,16824,0,5,3,4,12,534,Potential Loyalists
18893,Courtney Hines,66,6,20011,0,4,4,5,13,445,Champions
18896,Lisa Cooper,164,8,20335,0,3,5,5,13,355,Loyal Customers
18897,Andrew Brown,53,11,27467,0,5,5,5,15,555,Champions
18899,Carmen Mendez,25,11,19489,0,5,5,5,15,555,Champions
18901,Jennifer Carlson,221,8,17097,0,3,5,4,12,354,Loyal Customers
18907,Megan Obrien,219,8,23971,1,3,5,5,13,355,Loyal Customers
18911,Kelly Buchanan,13,6,12868,0,5,4,3,12,543,Loyal Customers
18913,Nicole White,119,10,33090,0,4,5,5,14,455,Champions
18915,Stephanie Cruz,157,11,30307,0,3,5,5,13,355,Loyal Customers
18924,Rachel Camacho DVM,86,9,24746,1,4,5,5,14,455,Champions
18925,Chris Burke,277,12,33316,0,2,5,5,12,255,At Risk
18933,Keith Fritz,224,7,21163,0,3,4,5,12,345,Loyal Customers
18938,Russell Gomez,58,12,31358,0,5,5,5,15,555,Champions
18941,Matthew Alexander,8,6,21197,0,5,4,5,14,545,Champions
18942,Bobby Clark,117,6,19751,1,4,4,5,13,445,Champions
18944,Emily Peterson,50,7,24405,0,5,4,5,14,545,Champions
18952,Jeffrey Hoover,57,7,18920,0,5,4,4,13,544,Champions
18954,John Black,48,7,14470,1,5,4,3,12,543,Loyal Customers
18955,Nathan Miller,28,8,18091,0,5,5,4,14,554,Champions
18957,Ernest Smith,39,7,18746,0,5,4,4,13,544,Champions
18958,Lynn Lopez,86,6,20080,1,4,4,5,13,445,Champions
18962,Adam Jacobson,151,6,19716,0,3,4,5,12,345,Loyal Customers
18967,Nicholas Boyd,32,10,27082,0,5,5,5,15,555,Champions
18973,Krista Davidson,182,8,26846,0,3,5,5,13,355,Loyal Customers
18975,Mary Wood,184,7,21839,0,3,4,5,12,345,Loyal Customers
18977,Connie Lewis,369,9,30119,0,2,5,5,12,255,At Risk
18980,Megan Murillo,48,11,30845,0,5,5,5,15,555,Champions
18983,Nathaniel Bradshaw,85,9,27087,0,4,5,5,14,455,Champions
18985,Nicole Harrison,191,6,21325,0,3,4,5,12,345,Loyal Customers
18990,Kevin Mann PhD,9,7,18076,0,5,4,4,13,544,Champions
18991,Michael Carter,153,7,27389,0,3,4,5,12,345,Loyal Customers
18994,Andrea Davies,4,7,15298,0,5,4,4,13,544,Champions
18995,Jose Howard,282,8,20854,1,2,5,5,12,255,At Risk
18999,Alexis Rose,284,8,20467,0,2,5,5,12,255,At Risk
19000,Gavin Vaughn,78,9,15778,0,4,5,4,13,454,Champions
19002,Deborah Luna,62,6,16385,0,4,4,4,12,444,Champions
19004,Dillon Holt,130,8,19956,0,4,5,5,14,455,Champions
19006,Brent Kelly,34,8,16855,1,5,5,4,14,554,Champions
19013,Lisa Brown,339,8,22472,0,2,5,5,12,255,At Risk
19016,David Kelly,56,6,16936,1,5,4,4,13,544,Champions
19020,Keith Grant,81,6,15281,1,4,4,4,12,444,Champions
19027,Beth Kent,129,7,18707,0,4,4,4,12,444,Champions
19030,Brianna Hanna,1,13,40034,1,5,5,5,15,555,Champions
19031,Cindy Kramer,207,6,22931,1,3,4,5,12,345,Loyal Customers
19032,Mason Tucker,29,7,18562,0,5,4,4,13,544,Champions
19035,Krista Ball,56,8,15747,0,5,5,4,14,554,Champions
19036,Bonnie Macdonald,33,8,19102,0,5,5,4,14,554,Champions
19037,David Johnson,157,8,21819,0,3,5,5,13,355,Loyal Customers
19047,William Johnson,26,8,21108,0,5,5,5,15,555,Champions
19049,Karen Snyder,127,7,20138,0,4,4,5,13,445,Champions
19055,Melissa Johnson,6,7,19268,0,5,4,4,13,544,Champions
19058,Kevin Richardson,191,6,21309,0,3,4,5,12,345,Loyal Customers
19061,Kenneth Roberson,101,9,24566,0,4,5,5,14,455,Champions
19064,John Phillips,81,8,25238,0,4,5,5,14,455,Champions
19072,Mary Nguyen,20,5,17062,1,5,3,4,12,534,Potential Loyalists
19073,Antonio Kelly,44,5,19700,0,5,3,5,13,535,Potential Loyalists
19075,Kelly Ballard,48,9,23250,0,5,5,5,15,555,Champions
19079,Mr. Gary Nelson,84,12,32433,0,4,5,5,14,455,Champions
19080,David Hernandez,10,7,17464,0,5,4,4,13,544,Champions
19082,Emily Griffin,101,6,15703,0,4,4,4,12,444,Champions
19086,Elizabeth Butler,70,8,23174,0,4,5,5,14,455,Champions
19090,Kimberly Santos,30,9,25226,1,5,5,5,15,555,Champions
19091,Thomas Anderson,198,6,19411,1,3,4,5,12,345,Loyal Customers
19104,Bobby Brown,53,5,17788,0,5,3,4,12,534,Potential Loyalists
19105,Rachel Houston,134,9,27460,0,4,5,5,14,455,Champions
19106,Daniel Garcia,13,9,19249,0,5,5,4,14,554,Champions
19107,Olivia West,188,6,20503,0,3,4,5,12,345,Loyal Customers
19109,Scott Smith,20,7,27291,0,5,4,5,14,545,Champions
19110,Michael George,154,7,22461,0,3,4,5,12,345,Loyal Customers
19111,Steven Vargas,73,6,22683,0,4,4,5,13,445,Champions
19115,Dr. Natalie Gomez,77,6,15817,1,4,4,4,12,444,Champions
19119,Sheila Roth,1,7,14109,0,5,4,3,12,543,Loyal Customers
19121,Joel Wells,106,6,20908,0,4,4,5,13,445,Champions
19122,Jerry Leach,59,7,19104,0,5,4,4,13,544,Champions
19128,Mary Doyle,19,9,22550,0,5,5,5,15,555,Champions
19130,John Brady,141,8,26054,1,3,5,5,13,355,Loyal Customers
19132,Anthony Parks,97,8,22977,1,4,5,5,14,455,Champions
19137,Sydney Smith,167,9,18429,0,3,5,4,12,354,Loyal Customers
19146,Jessica Anderson,87,10,17502,1,4,5,4,13,454,Champions
19151,Garrett Rubio,266,8,21039,0,2,5,5,12,255,At Risk
19153,Stephanie Shelton,84,8,20779,0,4,5,5,14,455,Champions
19155,Jerry Gibson,154,8,20825,0,3,5,5,13,355,Loyal Customers
19156,Kimberly Jacobson,60,8,19541,0,4,5,5,14,455,Champions
19159,Brian Wallace,350,9,22466,0,2,5,5,12,255,At Risk
19160,Tanya Stewart,6,7,12496,0,5,4,3,12,543,Loyal Customers
19162,Jill Lester,26,9,27058,0,5,5,5,15,555,Champions
19166,Tiffany Thompson,61,7,25150,0,4,4,5,13,445,Champions
19167,Carla Ramsey,40,5,15284,0,5,3,4,12,534,Potential Loyalists
19168,John Holmes,304,9,24553,0,2,5,5,12,255,At Risk
19169,Gary Perez,28,8,16206,0,5,5,4,14,554,Champions
19172,Sandra Brady,175,7,22276,1,3,4,5,12,345,Loyal Customers
19173,Stephen Carlson,60,7,20797,0,4,4,5,13,445,Champions
19177,Karen Brown,44,6,15808,1,5,4,4,13,544,Champions
19192,Scott Smith,21,5,15159,0,5,3,4,12,534,Potential Loyalists
19199,Danielle Bishop,78,7,28445,1,4,4,5,13,445,Champions
19203,Shelly Harris,69,6,18321,0,4,4,4,12,444,Champions
19208,John Davis,13,8,30393,0,5,5,5,15,555,Champions
19217,Tracy Doyle,51,7,23269,1,5,4,5,14,545,Champions
19219,Connie Palmer,11,5,15051,0,5,3,4,12,534,Potential Loyalists
19220,Benjamin Mcdonald,15,7,17260,0,5,4,4,13,544,Champions
19224,Alan Haynes,29,7,22070,1,5,4,5,14,545,Champions
19227,Grant Williams,38,6,16548,0,5,4,4,13,544,Champions
19228,John Stewart,59,6,12012,0,5,4,3,12,543,Loyal Customers
19231,Sergio Greer,106,8,12306,0,4,5,3,12,453,Loyal Customers
19232,Ashley Green,80,9,22796,0,4,5,5,14,455,Champions
19233,Alexander Mendez,276,8,21674,0,2,5,5,12,255,At Risk
19236,Gregory Martinez,11,7,11554,0,5,4,3,12,543,Loyal Customers
19237,Frederick Walker,11,7,16057,0,5,5,4,14,554,Champions
19238,Benjamin Kim,117,8,31772,1,4,5,5,14,455,Champions
19239,Curtis Owens,5,12,35092,1,5,5,5,15,555,Champions
19242,Sierra Matthews,404,8,20087,0,2,5,5,12,255,At Risk
19248,Jessica Mcguire,4,6,22844,0,5,4,5,14,545,Champions
19257,Jenny Watson,4,5,17824,1,5,3,4,12,534,Potential Loyalists
19259,Stephanie Hernandez MD,78,7,22431,0,4,5,5,14,455,Champions
19263,Richard Evans,137,7,16311,0,3,5,4,12,354,Loyal Customers
19266,Karen James,114,12,37169,0,4,5,5,14,455,Champions
19270,Timothy Smith,40,9,27478,0,5,5,5,15,555,Champions
19273,Tiffany Ellison,208,7,17234,0,3,5,4,12,354,Loyal Customers
19276,Brian Ward,415,7,23777,0,2,5,5,12,255,At Risk
19279,William Galvan,163,8,24370,0,3,5,5,13,355,Loyal Customers
19280,Douglas Brown,145,8,23920,1,3,5,5,13,355,Loyal Customers
19285,Vanessa Patton,34,8,23521,0,5,5,5,15,555,Champions
19289,Jessica Ortiz,130,8,14178,0,4,5,3,12,453,Loyal Customers
19291,Anthony Haynes,81,6,15415,0,4,4,4,12,444,Champions
19292,Cathy Nguyen,170,12,27643,1,3,5,5,13,355,Loyal Customers
19299,Sheila Gonzalez,35,6,15586,0,5,4,4,13,544,Champions
19304,Christopher Bryant,2,7,23101,0,5,5,5,15,555,Champions
19311,Jesse Brown,64,8,16158,0,4,5,4,13,454,Champions
19317,Nicole Young,162,7,18069,0,3,5,4,12,354,Loyal Customers
19318,Mrs. Jennifer Greene MD,4,6,23366,1,5,4,5,14,545,Champions
19321,Brittany Wright,86,8,23586,0,4,5,5,14,455,Champions
19326,Frank Garcia,157,9,22540,1,3,5,5,13,355,Loyal Customers
19327,Nicole Carter,21,8,24200,0,5,5,5,15,555,Champions
19332,Michael Hart,12,7,15698,0,5,5,4,14,554,Champions
19341,Stephen Maynard,36,7,17014,0,5,5,4,14,554,Champions
19342,Matthew Powell,83,6,15623,0,4,4,4,12,444,Champions
19343,Laura Duncan,45,7,23506,0,5,5,5,15,555,Champions
19346,Devin Wolf,345,8,21418,0,2,5,5,12,255,At Risk
19347,Victor Davis,238,7,20956,1,3,5,5,13,355,Loyal Customers
19351,Sean Kline,186,8,30186,0,3,5,5,13,355,Loyal Customers
19352,James Reyes,145,7,26998,0,3,5,5,13,355,Loyal Customers
19356,Angie Fitzgerald,356,9,34420,0,2,5,5,12,255,At Risk
19371,Scott Rose,205,7,20805,1,3,5,5,13,355,Loyal Customers
19372,Donna Holland,47,6,21850,0,5,4,5,14,545,Champions
19374,Chad Jackson,99,9,27032,1,4,5,5,14,455,Champions
19381,Vanessa Allen,5,6,11893,0,5,4,3,12,543,Loyal Customers
19385,Cynthia Pruitt,52,6,15408,0,5,4,4,13,544,Champions
19388,John Evans,316,7,20799,0,2,5,5,12,255,At Risk
19393,Michael Baker,301,10,21157,1,2,5,5,12,255,At Risk
19394,Michelle Duran,161,7,19145,0,3,5,4,12,354,Loyal Customers
19395,Judith Coleman,0,7,12747,0,5,5,3,13,553,Loyal Customers
19397,Patricia Morales,36,9,19193,1,5,5,4,14,554,Champions
19400,Jesse Manning,109,7,22435,1,4,5,5,14,455,Champions
19403,Shannon Robinson,323,10,29544,0,2,5,5,12,255,At Risk
19404,Joshua Lee,18,11,33184,0,5,5,5,15,555,Champions
19405,Christopher Harrington,28,6,16610,0,5,4,4,13,544,Champions
19406,Judith Smith,200,7,20956,0,3,5,5,13,355,Loyal Customers
19407,Cory Payne,88,10,36027,0,4,5,5,14,455,Champions
19408,Suzanne Miller,101,7,14184,0,4,5,3,12,453,Loyal Customers
19409,James Moore,9,10,29780,1,5,5,5,15,555,Champions
19410,Sarah Ryan,190,7,16604,0,3,5,4,12,354,Loyal Customers
19411,George Smith,227,7,19500,0,3,5,5,13,355,Loyal Customers
19413,Michelle Carlson,133,9,25954,0,4,5,5,14,455,Champions
19423,Jeffrey Barnes,99,5,19658,0,4,3,5,12,435,Potential Loyalists
19428,Austin Lloyd,31,9,34801,1,5,5,5,15,555,Champions
19437,Steven Mack,208,7,27459,1,3,5,5,13,355,Loyal Customers
19438,Brett Kramer,110,7,15286,0,4,5,4,13,454,Champions
19440,Kevin Lowe,83,8,22539,0,4,5,5,14,455,Champions
19446,Darlene Keller,61,8,24511,0,4,5,5,14,455,Champions
19447,Brooke Owens,4,12,31369,1,5,5,5,15,555,Champions
19452,Robert Lee,51,6,23061,0,5,4,5,14,545,Champions
19456,Darrell Reed,8,7,12032,0,5,5,3,13,553,Loyal Customers
19463,Bradley Mayer,40,6,16690,0,5,4,4,13,544,Champions
19466,Laura Melton,18,9,32700,0,5,5,5,15,555,Champions
19469,Lucas Delgado,63,5,22471,0,4,3,5,12,435,Potential Loyalists
19472,Jason Tapia,190,7,20589,0,3,5,5,13,355,Loyal Customers
19473,Rebecca Wells,70,11,34845,0,4,5,5,14,455,Champions
19476,Michael Watson,101,10,30022,0,4,5,5,14,455,Champions
19478,Steven Knight,42,7,10183,1,5,5,2,12,552,Potential Loyalists
19487,Jonathan Davis,79,6,17062,0,4,4,4,12,444,Champions
19488,Lisa Davis,368,9,27894,0,2,5,5,12,255,At Risk
19491,Jacqueline Hawkins,83,11,17665,1,4,5,4,13,454,Champions
19493,Carlos Smith Jr.,177,7,19540,0,3,5,5,13,355,Loyal Customers
19494,Melinda Campbell,90,7,17409,0,4,5,4,13,454,Champions
19497,Brian Brown,126,7,17221,0,4,5,4,13,454,Champions
19501,Ronald West,105,8,19883,0,4,5,5,14,455,Champions
19503,Chad Smith,113,7,17774,0,4,5,4,13,454,Champions
19506,Joel Browning,401,7,23755,1,2,5,5,12,255,At Risk
19508,Amber Romero,51,5,17424,0,5,3,4,12,534,Potential Loyalists
19513,Courtney Dunlap,176,6,19846,0,3,4,5,12,345,Loyal Customers
19514,Matthew Hughes,205,8,22966,0,3,5,5,13,355,Loyal Customers
19516,Jennifer Chavez,125,7,17446,0,4,5,4,13,454,Champions
19519,Frederick Scott,4,8,22761,1,5,5,5,15,555,Champions
19523,Jennifer Davies,49,6,20780,0,5,4,5,14,545,Champions
19527,Richard Maxwell,148,9,19270,1,3,5,4,12,354,Loyal Customers
19534,Alan Moore,59,5,14834,1,5,3,4,12,534,Potential Loyalists
19536,Tina Wilkerson,3,6,15769,0,5,4,4,13,544,Champions
19539,William Cardenas,47,8,13188,0,5,5,3,13,553,Loyal Customers
19541,Audrey Salinas,46,7,15967,0,5,5,4,14,554,Champions
19542,Evan Simmons,75,10,32854,0,4,5,5,14,455,Champions
19543,Rodney Odonnell,377,7,19606,1,2,5,5,12,255,At Risk
19566,Alison Gardner,8,7,21044,0,5,5,5,15,555,Champions
19567,Amber Ortiz,114,6,17177,0,4,4,4,12,444,Champions
19568,Judy Villarreal,108,7,14686,1,4,5,3,12,453,Loyal Customers
19569,Joy Hill,84,9,29023,1,4,5,5,14,455,Champions
19570,Mary Lewis,171,7,21511,0,3,5,5,13,355,Loyal Customers
19576,Amy Lane,89,8,25898,0,4,5,5,14,455,Champions
19582,Sharon Jones,260,7,20084,1,2,5,5,12,255,At Risk
19587,Rachel Martinez,155,7,21600,0,3,5,5,13,355,Loyal Customers
19588,Shawn Anderson,14,7,17851,1,5,5,4,14,554,Champions
19591,Danielle Mendez,130,8,24330,0,4,5,5,14,455,Champions
19592,Jennifer Ramos,35,6,18798,0,5,4,4,13,544,Champions
19596,Diane West,34,5,15557,1,5,3,4,12,534,Potential Loyalists
19598,Terry Herman,16,6,19718,0,5,4,5,14,545,Champions
19602,Leslie Weiss,3,6,13612,0,5,4,3,12,543,Loyal Customers
19603,Joel Rose,36,8,28070,0,5,5,5,15,555,Champions
19606,James Allen,13,5,15546,0,5,3,4,12,534,Potential Loyalists
19614,Jeremy Chavez,75,8,23572,0,4,5,5,14,455,Champions
19615,Caleb Melendez,220,6,20021,1,3,4,5,12,345,Loyal Customers
19622,Mark Mejia,29,8,18848,0,5,5,4,14,554,Champions
19626,Alex Howell,7,5,15727,0,5,3,4,12,534,Potential Loyalists
19629,Angela Norris,113,8,20424,0,4,5,5,14,455,Champions
19632,Donna Wells,60,7,17895,0,4,5,4,13,454,Champions
19634,Jonathan Montoya,60,7,18644,0,4,5,4,13,454,Champions
19636,Jessica Rogers,104,6,15423,0,4,4,4,12,444,Champions
19639,Mr. Ronald Spears,41,10,27848,0,5,5,5,15,555,Champions
19640,Lori Chen,53,6,15770,0,5,4,4,13,544,Champions
19641,Kathleen Davis,35,11,31668,0,5,5,5,15,555,Champions
19645,Shelby Bowman,66,7,22604,0,4,5,5,14,455,Champions
19646,Jason Shepard,170,7,23961,1,3,5,5,13,355,Loyal Customers
19654,Rose Johnson,39,10,30196,0,5,5,5,15,555,Champions
19658,Angel Moore,21,7,21752,0,5,5,5,15,555,Champions
19659,Audrey Rodriguez,155,7,26048,0,3,5,5,13,355,Loyal Customers
19660,Brianna Wolfe,105,8,26718,0,4,5,5,14,455,Champions
19661,Justin Ellis,25,7,20663,0,5,5,5,15,555,Champions
19662,Melissa Brady,88,7,20338,0,4,5,5,14,455,Champions
19668,Tony Perkins,146,7,23471,0,3,5,5,13,355,Loyal Customers
19671,Mrs. Michele Holt,234,7,24798,0,3,5,5,13,355,Loyal Customers
19672,Gary Rosales,67,6,19642,0,4,4,5,13,445,Champions
19684,Rick Barnes,58,7,18537,0,5,5,4,14,554,Champions
19685,Matthew Gallegos,207,7,18963,0,3,5,4,12,354,Loyal Customers
19691,Samuel Bradley,261,9,27409,0,2,5,5,12,255,At Risk
19697,Harold Harding,32,6,18436,1,5,4,4,13,544,Champions
19699,Stacie Mitchell,54,6,12260,0,5,4,3,12,543,Loyal Customers
19700,James Torres,95,7,24753,0,4,5,5,14,455,Champions
19701,Amanda Harmon,211,7,17766,0,3,5,4,12,354,Loyal Customers
19702,Lisa Gilmore,36,6,19843,0,5,4,5,14,545,Champions
19703,Michele King,323,7,23430,0,2,5,5,12,255,At Risk
19705,Thomas Ali,369,7,23077,1,2,5,5,12,255,At Risk
19712,Shawn Strong,301,8,28396,0,2,5,5,12,255,At Risk
19716,Darlene Carrillo,6,7,16539,0,5,5,4,14,554,Champions
19717,Kimberly Lee,228,8,31679,0,3,5,5,13,355,Loyal Customers
19721,Adriana Thomas,255,7,21157,0,2,5,5,12,255,At Risk
19722,Mrs. Stephanie Wright,99,10,31891,0,4,5,5,14,455,Champions
19724,Colleen Brown,308,7,20290,1,2,5,5,12,255,At Risk
19725,Rachel Cabrera,79,13,24380,0,4,5,5,14,455,Champions
19727,Mary Davis,259,8,24019,0,2,5,5,12,255,At Risk
19734,Theresa Brown,56,7,20419,0,5,5,5,15,555,Champions
19738,Tammie Kennedy,180,11,22061,0,3,5,5,13,355,Loyal Customers
19740,Jamie Navarro,199,7,21256,0,3,5,5,13,355,Loyal Customers
19743,James Perez,17,6,17742,0,5,4,4,13,544,Champions
19745,Patricia Riley,31,9,27852,0,5,5,5,15,555,Champions
19750,Tiffany Rodriguez,283,9,20051,0,2,5,5,12,255,At Risk
19752,Lisa Snyder,101,7,15604,0,4,5,4,13,454,Champions
19756,Leslie Jones MD,158,8,29050,0,3,5,5,13,355,Loyal Customers
19764,Richard Walker,12,6,18220,0,5,4,4,13,544,Champions
19769,Tyler Wright,60,6,16117,0,4,4,4,12,444,Champions
19770,Richard Lindsey,91,6,23804,1,4,4,5,13,445,Champions
19772,Stephanie Mcguire,170,9,28663,0,3,5,5,13,355,Loyal Customers
19774,Jennifer King,45,7,12792,0,5,5,3,13,553,Loyal Customers
19776,Jimmy Anderson,90,7,20534,0,4,5,5,14,455,Champions
19779,Ryan Cantrell,32,7,15332,1,5,5,4,14,554,Champions
19785,Pamela Porter,83,6,20126,0,4,4,5,13,445,Champions
19789,Stephanie Sanders,107,7,19574,1,4,5,5,14,455,Champions
19791,Cynthia Jones,41,8,26813,1,5,5,5,15,555,Champions
19796,George Santos,424,7,19673,0,2,5,5,12,255,At Risk
19801,Ryan Gonzalez,229,7,20366,0,3,5,5,13,355,Loyal Customers
19804,Shawn Jordan,10,5,15702,1,5,3,4,12,534,Potential Loyalists
19805,Connie Walker,0,6,16399,1,5,4,4,13,544,Champions
19806,Tamara Martinez,17,7,13576,0,5,5,3,13,553,Loyal Customers
19809,Courtney Martinez,128,8,21483,0,4,5,5,14,455,Champions
19810,Linda Martinez,40,6,15709,0,5,4,4,13,544,Champions
19811,Carly Hardin,206,7,20074,1,3,5,5,13,355,Loyal Customers
19812,Katherine Johnson,0,10,27331,0,5,5,5,15,555,Champions
19813,Kelly Perez,218,7,22318,0,3,5,5,13,355,Loyal Customers
19815,Samuel Kelly,1,6,14998,0,5,4,4,13,544,Champions
19816,Frederick Garcia,30,7,24385,0,5,5,5,15,555,Champions
19817,Matthew Garcia,128,6,16977,0,4,4,4,12,444,Champions
19819,Aaron Moore,79,6,22956,0,4,4,5,13,445,Champions
19820,Tracy Pearson,154,6,20151,0,3,4,5,12,345,Loyal Customers
19825,Richard Tucker,37,11,13330,1,5,5,3,13,553,Loyal Customers
19834,Daniel Shelton,35,6,18293,0,5,4,4,13,544,Champions
19844,Amanda Wyatt,35,6,15744,0,5,4,4,13,544,Champions
19856,Nicole Wolf,82,8,24033,1,4,5,5,14,455,Champions
19861,Timothy Bailey,126,9,20618,0,4,5,5,14,455,Champions
19862,Mary Mccoy,37,8,25963,0,5,5,5,15,555,Champions
19870,Justin Smith,64,8,23728,0,4,5,5,14,455,Champions
19871,Jonathan Lawrence,1,10,19589,0,5,5,5,15,555,Champions
19872,Joshua Phillips,150,9,24723,0,3,5,5,13,355,Loyal Customers
19874,Jacqueline Rogers,46,5,16221,0,5,3,4,12,534,Potential Loyalists
19876,Ashley Fisher,83,8,24417,0,4,5,5,14,455,Champions
19877,Sean Wilson,56,6,16236,1,5,4,4,13,544,Champions
19879,Grace Norton,65,6,15672,0,4,4,4,12,444,Champions
19881,Mary Watkins,56,7,14322,0,5,5,3,13,553,Loyal Customers
19882,Hannah Williams,48,7,28058,1,5,5,5,15,555,Champions
19884,Katelyn Ramirez,83,7,20844,0,4,5,5,14,455,Champions
19886,Joshua Carter,74,8,22799,0,4,5,5,14,455,Champions
19887,Ryan Harrison,31,9,25428,0,5,5,5,15,555,Champions
19888,Kimberly Taylor,77,9,24955,1,4,5,5,14,455,Champions
19889,Jacqueline Clark,58,8,23371,1,5,5,5,15,555,Champions
19890,Joseph Farmer,10,9,21561,0,5,5,5,15,555,Champions
19891,Evelyn Washington,74,8,22075,1,4,5,5,14,455,Champions
19892,Jennifer Buckley,75,11,32259,0,4,5,5,14,455,Champions
19894,Tina Christian,247,8,27769,0,2,5,5,12,255,At Risk
19895,Kimberly Price,34,10,27524,0,5,5,5,15,555,Champions
19896,Janet Sanchez,74,9,26102,1,4,5,5,14,455,Champions
19898,Taylor Gomez,105,8,21985,1,4,5,5,14,455,Champions
19900,Richard Brooks,236,9,23514,0,3,5,5,13,355,Loyal Customers
19901,Natalie Jenkins,62,8,21855,0,4,5,5,14,455,Champions
19902,Holly Owens,190,8,21570,0,3,5,5,13,355,Loyal Customers
19907,Alexander Velez,15,8,18707,0,5,5,4,14,554,Champions
19909,Justin Marshall,109,8,16120,1,4,5,4,13,454,Champions
19910,Brian Hurst,150,7,21000,0,3,5,5,13,355,Loyal Customers
19913,Joseph Johnston,107,6,17884,0,4,4,4,12,444,Champions
19917,Cheryl Hill,147,9,20985,0,3,5,5,13,355,Loyal Customers
19918,Andrew Petersen,17,10,25803,1,5,5,5,15,555,Champions
19922,Randy Becker,406,7,22767,0,2,5,5,12,255,At Risk
19927,Shannon Campbell,357,9,27260,0,2,5,5,12,255,At Risk
19928,Eric Henderson,47,7,16805,0,5,5,4,14,554,Champions
19929,Ryan Kent,35,8,23151,0,5,5,5,15,555,Champions
19936,James Harris,52,5,17376,1,5,3,4,12,534,Potential Loyalists
19942,Yolanda Simmons,138,11,31634,0,3,5,5,13,355,Loyal Customers
19945,Jeremy Garcia,1,7,22860,0,5,5,5,15,555,Champions
19946,Brian Richards,124,6,18412,0,4,4,4,12,444,Champions
19949,Amy Williams,22,6,16580,0,5,4,4,13,544,Champions
19950,Kimberly Sanchez,103,6,20333,0,4,4,5,13,445,Champions
19951,Ashley Newman,119,6,19572,0,4,4,5,13,445,Champions
19956,Mark Williams PhD,207,7,18598,0,3,5,4,12,354,Loyal Customers
19961,Danny Barrett MD,131,7,16522,0,4,5,4,13,454,Champions
19964,Cynthia Carter,17,6,18334,1,5,4,4,13,544,Champions
19966,Jeremiah Gill,106,6,20967,0,4,4,5,13,445,Champions
19967,Steven Wilson,62,6,20716,0,4,4,5,13,445,Champions
19971,Robin Hamilton,5,11,24409,0,5,5,5,15,555,Champions
19974,Wendy Brady,45,7,20520,0,5,5,5,15,555,Champions
19975,Erin Hart,112,7,19884,0,4,5,5,14,455,Champions
19978,Kevin Smith,6,8,16141,0,5,5,4,14,554,Champions
19981,Kevin Gomez,178,8,25076,0,3,5,5,13,355,Loyal Customers
19986,Kelly Grant,18,7,21138,0,5,5,5,15,555,Champions
19993,Juan Chandler,357,8,29440,0,2,5,5,12,255,At Risk
19995,Rodney Knight,18,6,14202,0,5,4,3,12,543,Loyal Customers
19997,Maurice Obrien,20,6,11739,0,5,4,3,12,543,Loyal Customers
20002,Jesse Sutton,20,6,18930,0,5,4,4,13,544,Champions
20003,Brian Wood,232,6,20496,0,3,4,5,12,345,Loyal Customers
20008,Joseph Calhoun PhD,13,10,32004,1,5,5,5,15,555,Champions
20010,Christopher Valenzuela,43,7,19973,1,5,5,5,15,555,Champions
20011,Kimberly Miller,6,7,19416,0,5,5,5,15,555,Champions
20012,Shelby Carter,423,9,22992,0,2,5,5,12,255,At Risk
20014,Jonathan Day,94,7,22519,0,4,5,5,14,455,Champions
20016,John Young,69,8,16885,0,4,5,4,13,454,Champions
20022,Veronica Cole,2,7,20857,0,5,5,5,15,555,Champions
20025,Ashley Gutierrez,125,8,23515,0,4,5,5,14,455,Champions
20037,Dylan Rodriguez,9,7,13223,0,5,5,3,13,553,Loyal Customers
20039,Jesse Velazquez,0,9,24449,0,5,5,5,15,555,Champions
20044,Beth Brown,352,8,20610,0,2,5,5,12,255,At Risk
20047,Stephanie Kennedy,235,7,19136,0,3,5,4,12,354,Loyal Customers
20049,Jennifer Green,71,14,33583,0,4,5,5,14,455,Champions
20050,Brett Sullivan,57,8,12838,0,5,5,3,13,553,Loyal Customers
20051,Gary Evans,1,7,20834,0,5,5,5,15,555,Champions
20056,George Lewis DDS,30,5,19083,0,5,3,4,12,534,Potential Loyalists
20059,Catherine Miller,19,7,16959,0,5,5,4,14,554,Champions
20061,Dawn Simpson,40,8,27305,0,5,5,5,15,555,Champions
20062,Jason Thompson,109,6,15999,0,4,4,4,12,444,Champions
20065,Jason Mack,137,9,16844,0,3,5,4,12,354,Loyal Customers
20066,William Franco,70,7,20578,1,4,5,5,14,455,Champions
20069,Amber Johnson,46,7,19323,1,5,5,5,15,555,Champions
20070,Jerry Ball,55,10,24221,0,5,5,5,15,555,Champions
20073,Brian Hooper,80,7,20842,1,4,5,5,14,455,Champions
20077,Erin Ortiz,9,5,15633,0,5,3,4,12,534,Potential Loyalists
20078,Jennifer Foster DDS,44,6,20611,0,5,4,5,14,545,Champions
20079,Jacqueline Turner,37,9,16764,1,5,5,4,14,554,Champions
20083,James Steele,7,7,19691,0,5,5,5,15,555,Champions
20086,Dawn Adkins,402,9,27080,1,2,5,5,12,255,At Risk
20088,Kristopher Mcdowell,279,7,20970,0,2,5,5,12,255,At Risk
20095,Mr. Devin Wilson,31,6,12224,0,5,4,3,12,543,Loyal Customers
20102,Michele Brown,201,8,23002,0,3,5,5,13,355,Loyal Customers
20108,Patrick Coleman Jr.,35,7,24100,0,5,5,5,15,555,Champions
20111,Dr. Ronald Barnes,97,9,27416,0,4,5,5,14,455,Champions
20117,Dr. Katherine Lewis,190,7,19025,0,3,5,4,12,354,Loyal Customers
20131,Kathryn Parrish,14,7,18600,1,5,5,4,14,554,Champions
20135,Geoffrey Anderson,161,8,20945,0,3,5,5,13,355,Loyal Customers
20142,Brent Porter,64,7,16773,0,4,5,4,13,454,Champions
20145,Diana Ross,240,8,21693,0,3,5,5,13,355,Loyal Customers
20148,Melissa Bates,103,7,22688,0,4,5,5,14,455,Champions
20158,Curtis Allen,236,12,40306,1,3,5,5,13,355,Loyal Customers
20162,Kayla Murillo,56,6,17423,0,5,4,4,13,544,Champions
20164,Anthony Saunders,64,7,20343,0,4,5,5,14,455,Champions
20171,Brent Goodwin,124,8,29298,0,4,5,5,14,455,Champions
20172,Ashley Garcia,20,6,11542,0,5,4,3,12,543,Loyal Customers
20175,Rodney Petersen,101,10,21977,1,4,5,5,14,455,Champions
20178,Todd Mueller,63,9,26438,0,4,5,5,14,455,Champions
20180,Mr. Jeffrey Lane,109,8,17702,0,4,5,4,13,454,Champions
20183,Brian Johnson,50,8,14030,0,5,5,3,13,553,Loyal Customers
20187,Amber James,9,7,16659,0,5,5,4,14,554,Champions
20190,Wendy Johnson,193,7,19546,1,3,5,5,13,355,Loyal Customers
20194,Taylor Martinez,197,12,34558,0,3,5,5,13,355,Loyal Customers
20196,Andrea Bryant,161,7,26398,0,3,5,5,13,355,Loyal Customers
20217,Debbie Boyd,179,7,21363,1,3,5,5,13,355,Loyal Customers
20218,Christopher Watkins,114,8,21219,0,4,5,5,14,455,Champions
20219,Lisa Thomas,36,6,14730,0,5,4,3,12,543,Loyal Customers
20220,Catherine Brown,125,8,21424,0,4,5,5,14,455,Champions
20221,Jason Jacobs,35,9,19272,1,5,5,4,14,554,Champions
20225,Mrs. Margaret Parker,9,5,18861,0,5,3,4,12,534,Potential Loyalists
20230,Karina Spence,115,7,15495,0,4,5,4,13,454,Champions
20235,Trevor Henderson,201,9,26437,0,3,5,5,13,355,Loyal Customers
20237,Tammy Green,38,9,20525,0,5,5,5,15,555,Champions
20238,Brittany Berg,41,9,18709,0,5,5,4,14,554,Champions
20240,Daniel Owens,42,10,31762,1,5,5,5,15,555,Champions
20241,Tamara Davis,176,9,20585,0,3,5,5,13,355,Loyal Customers
20243,Anthony Wolf,100,8,25560,0,4,5,5,14,455,Champions
20244,Alec Brown,402,7,24362,0,2,5,5,12,255,At Risk
20253,Lindsey Henderson,40,10,24731,0,5,5,5,15,555,Champions
20254,Curtis Kennedy,30,7,18212,0,5,5,4,14,554,Champions
20258,Dana Everett,47,7,26230,1,5,5,5,15,555,Champions
20260,David Gordon,137,8,22416,0,3,5,5,13,355,Loyal Customers
20267,Harold Allen,250,7,20834,0,2,5,5,12,255,At Risk
20275,Gloria Aguirre,163,10,32972,0,3,5,5,13,355,Loyal Customers
20286,Tanner Randall Jr.,158,9,27926,0,3,5,5,13,355,Loyal Customers
20287,Rebecca Haas,32,7,19903,0,5,5,5,15,555,Champions
20292,Harry Young,143,7,15424,1,3,5,4,12,354,Loyal Customers
20294,Diana Robbins,53,6,11997,0,5,4,3,12,543,Loyal Customers
20296,Stephen Alvarez,18,6,20637,0,5,4,5,14,545,Champions
20299,Rhonda Love,119,7,19950,0,4,5,5,14,455,Champions
20302,Fred Walters,111,6,16270,0,4,4,4,12,444,Champions
20305,Randall Hobbs,22,14,45044,0,5,5,5,15,555,Champions
20306,Erica Davis,67,6,18933,0,4,4,4,12,444,Champions
20310,Stacy Gray,167,6,20878,1,3,4,5,12,345,Loyal Customers
20315,Tyler Campbell,54,7,21574,1,5,5,5,15,555,Champions
20316,William Conley,279,7,20013,0,2,5,5,12,255,At Risk
20318,Thomas Anderson,193,8,18766,0,3,5,4,12,354,Loyal Customers
20319,Kimberly Pacheco,96,9,23179,0,4,5,5,14,455,Champions
20320,Tanner Washington,262,11,34627,0,2,5,5,12,255,At Risk
20325,Leah Clark,122,9,20391,0,4,5,5,14,455,Champions
20326,Benjamin Bennett,113,7,22047,0,4,5,5,14,455,Champions
20327,Jerry Powell,116,7,18021,1,4,5,4,13,454,Champions
20332,Katherine Yates,1,8,26103,0,5,5,5,15,555,Champions
20333,Angela Anderson,425,8,25542,0,2,5,5,12,255,At Risk
20334,Lori Russell,117,7,15255,0,4,5,4,13,454,Champions
20335,Tracy Johnson,5,5,18082,0,5,3,4,12,534,Potential Loyalists
20337,Jordan Black,31,6,18724,0,5,4,4,13,544,Champions
20342,Jonathan Martinez,114,9,28957,0,4,5,5,14,455,Champions
20343,Christopher Smith,99,7,24325,0,4,5,5,14,455,Champions
20351,Amber Wilkinson,302,7,19530,0,2,5,5,12,255,At Risk
20356,Brandon Moran,45,6,23018,0,5,4,5,14,545,Champions
20357,Melinda Jimenez,34,5,16480,0,5,3,4,12,534,Potential Loyalists
20358,Jeffrey Walker,56,10,25105,0,5,5,5,15,555,Champions
20360,Ronald Kelly,91,12,34585,0,4,5,5,14,455,Champions
20361,Steven Glover,26,12,37103,0,5,5,5,15,555,Champions
20365,Phillip Stein,160,7,21274,0,3,5,5,13,355,Loyal Customers
20368,Brent Perez,119,7,14509,0,4,5,3,12,453,Loyal Customers
20378,Felicia Mitchell,93,7,23240,0,4,5,5,14,455,Champions
20380,Carolyn Montgomery,43,6,14173,0,5,4,3,12,543,Loyal Customers
20382,Cameron Williams,134,7,21794,0,4,5,5,14,455,Champions
20384,Teresa Taylor,158,6,21993,0,3,4,5,12,345,Loyal Customers
20387,Faith Clayton,110,6,16585,0,4,4,4,12,444,Champions
20390,Bianca Rice,56,6,19192,0,5,4,4,13,544,Champions
20391,Carol Jacobson,287,7,23364,0,2,5,5,12,255,At Risk
20392,Cynthia Fields,162,11,27097,1,3,5,5,13,355,Loyal Customers
20399,James Simmons,230,7,18468,1,3,5,4,12,354,Loyal Customers
20401,Caleb Lewis,249,8,28852,0,2,5,5,12,255,At Risk
20410,Michael Rollins,73,6,21793,0,4,4,5,13,445,Champions
20414,James Thomas,174,7,14962,1,3,5,4,12,354,Loyal Customers
20416,Melissa Rivera,51,6,16694,0,5,4,4,13,544,Champions
20427,Dillon Morton,103,8,19749,0,4,5,5,14,455,Champions
20433,Dale Hernandez,46,5,15336,1,5,3,4,12,534,Potential Loyalists
20435,Nichole Moore,112,7,19113,0,4,5,4,13,454,Champions
20436,Adam Rodriguez,220,6,19966,0,3,4,5,12,345,Loyal Customers
20441,David Ferguson,13,7,17752,0,5,5,4,14,554,Champions
20442,Ryan Ford,30,7,15901,1,5,5,4,14,554,Champions
20445,Richard Wilson,50,8,18238,0,5,5,4,14,554,Champions
20450,Donald Barron,198,7,19701,0,3,5,5,13,355,Loyal Customers
20451,Cindy Crawford,11,6,13234,0,5,4,3,12,543,Loyal Customers
20453,Derek Hall,15,6,20836,0,5,4,5,14,545,Champions
20454,Jeanette Moore,31,10,37586,0,5,5,5,15,555,Champions
20455,Karen Walls,91,8,15118,0,4,5,4,13,454,Champions
20456,Jack Brown,80,7,21447,1,4,5,5,14,455,Champions
20460,Michael Bradford,93,12,31813,1,4,5,5,14,455,Champions
20465,Amy Zhang,62,6,17303,1,4,4,4,12,444,Champions
20467,Wendy Dougherty,8,10,31048,0,5,5,5,15,555,Champions
20471,Pamela Warren,67,8,27085,1,4,5,5,14,455,Champions
20474,Michael Chavez,1,7,16471,0,5,5,4,14,554,Champions
20476,Robert Duke,338,9,24476,1,2,5,5,12,255,At Risk
20479,Mark Cortez,186,7,18674,0,3,5,4,12,354,Loyal Customers
20483,Jason Cordova,156,8,25333,0,3,5,5,13,355,Loyal Customers
20490,Nathan Kelley,49,9,16946,0,5,5,4,14,554,Champions
20493,Steven Smith,41,8,19636,1,5,5,5,15,555,Champions
20494,Holly Patrick,415,9,30915,0,2,5,5,12,255,At Risk
20497,Kim Wood,180,14,33934,1,3,5,5,13,355,Loyal Customers
20500,Gregory Mitchell,86,8,24727,1,4,5,5,14,455,Champions
20501,Jose Turner,121,9,26123,0,4,5,5,14,455,Champions
20506,Jamie Bradley,73,11,32298,0,4,5,5,14,455,Champions
20507,James Navarro,60,8,13783,0,4,5,3,12,453,Loyal Customers
20511,Mark Hamilton,244,9,28353,1,2,5,5,12,255,At Risk
20512,Brandon Johnston,21,7,23564,0,5,5,5,15,555,Champions
20514,Amanda Gonzalez,102,6,22082,0,4,4,5,13,445,Champions
20515,Heather Newton,20,5,15386,0,5,3,4,12,534,Potential Loyalists
20519,Cindy Martin,162,7,15669,0,3,5,4,12,354,Loyal Customers
20536,Sabrina Scott,26,5,20757,0,5,3,5,13,535,Potential Loyalists
20540,Kevin Wilson,161,6,20897,0,3,4,5,12,345,Loyal Customers
20545,William Bailey,87,6,18011,0,4,4,4,12,444,Champions
20546,Christopher Lee,239,6,24506,0,3,4,5,12,345,Loyal Customers
20547,Ellen Martin,153,10,18150,1,3,5,4,12,354,Loyal Customers
20549,Carl Taylor,171,8,20946,0,3,5,5,13,355,Loyal Customers
20552,Louis Bond,190,8,16266,1,3,5,4,12,354,Loyal Customers
20553,Ashley Webster,116,8,23834,0,4,5,5,14,455,Champions
20555,Joshua Johnson,173,8,25966,0,3,5,5,13,355,Loyal Customers
20559,Chad Cook,86,8,26781,0,4,5,5,14,455,Champions
20560,Joshua Thomas,227,7,17210,1,3,5,4,12,354,Loyal Customers
20565,Michael Wilson,30,5,16855,1,5,3,4,12,534,Potential Loyalists
20566,Ashley Ramos,42,7,14310,0,5,5,3,13,553,Loyal Customers
20567,Jim Shaw,55,6,15791,0,5,4,4,13,544,Champions
20568,Jason Peters,50,5,15616,0,5,3,4,12,534,Potential Loyalists
20575,Jill Smith,133,7,18940,0,4,5,4,13,454,Champions
20587,Jessica Pena,95,7,14599,0,4,5,3,12,453,Loyal Customers
20591,Anthony Best,121,7,14893,0,4,5,4,13,454,Champions
20592,John Morales,149,10,31967,0,3,5,5,13,355,Loyal Customers
20594,Vanessa Willis,355,8,25393,0,2,5,5,12,255,At Risk
20596,Sergio Terry,136,8,24269,0,4,5,5,14,455,Champions
20606,Nicholas Ruiz,185,7,21498,0,3,5,5,13,355,Loyal Customers
20607,Amy Lopez,32,6,16430,0,5,4,4,13,544,Champions
20609,Nancy Brady,100,9,15937,0,4,5,4,13,454,Champions
20610,Joy Carter,79,9,27910,0,4,5,5,14,455,Champions
20618,Jacob Wheeler,86,6,21662,1,4,4,5,13,445,Champions
20621,Matthew Drake,55,9,22411,0,5,5,5,15,555,Champions
20629,Robert Green,32,7,21724,0,5,5,5,15,555,Champions
20638,Jill Drake,109,7,17865,1,4,5,4,13,454,Champions
20640,Frances Schaefer,194,8,28945,0,3,5,5,13,355,Loyal Customers
20642,John Walls,313,8,21786,0,2,5,5,12,255,At Risk
20644,Laura Heath DDS,198,9,23015,0,3,5,5,13,355,Loyal Customers
20649,Erin Young,313,9,24823,0,2,5,5,12,255,At Risk
20650,Thomas Hatfield,152,7,20115,0,3,5,5,13,355,Loyal Customers
20653,Elizabeth Roach,259,10,29838,0,2,5,5,12,255,At Risk
20654,Michael Hurley,214,8,21806,0,3,5,5,13,355,Loyal Customers
20655,Tyler Smith,2,5,16811,0,5,3,4,12,534,Potential Loyalists
20658,Marie Wilson,51,7,16107,0,5,5,4,14,554,Champions
20661,Lisa Rodriguez,114,8,23559,0,4,5,5,14,455,Champions
20662,Harold Hill,21,7,17971,0,5,5,4,14,554,Champions
20664,Haley Morgan,49,6,18616,1,5,4,4,13,544,Champions
20665,Kathryn Boone,140,7,20430,1,3,5,5,13,355,Loyal Customers
20670,Gary Savage,154,12,33315,0,3,5,5,13,355,Loyal Customers
20672,Daniel Salinas,152,9,33549,1,3,5,5,13,355,Loyal Customers
20673,Carmen Casey,59,6,22575,0,5,4,5,14,545,Champions
20674,Michael Jimenez,84,7,18291,0,4,5,4,13,454,Champions
20675,Barbara Smith,132,5,19617,0,4,3,5,12,435,Potential Loyalists
20678,Tracey Miller,8,7,21326,0,5,5,5,15,555,Champions
20679,Jacob Meyer,61,8,16607,0,4,5,4,13,454,Champions
20681,Heidi Fox,157,7,18789,0,3,5,4,12,354,Loyal Customers
20682,Jessica Patel,104,10,26075,0,4,5,5,14,455,Champions
20687,Kevin Boyd,28,9,29173,0,5,5,5,15,555,Champions
20688,Marcus Welch,313,7,22118,0,2,5,5,12,255,At Risk
20690,Eric Wilson,84,10,29402,0,4,5,5,14,455,Champions
20696,John Hill,369,12,27567,0,2,5,5,12,255,At Risk
20697,Erin Poole,65,6,16446,0,4,4,4,12,444,Champions
20702,Tricia Kelly,114,9,25531,1,4,5,5,14,455,Champions
20704,Shane Nichols,152,9,29195,1,3,5,5,13,355,Loyal Customers
20706,Caitlin Sanders,197,6,20142,0,3,4,5,12,345,Loyal Customers
20707,Nicole Edwards,230,7,19951,0,3,5,5,13,355,Loyal Customers
20716,Joann Miller,12,5,17913,0,5,3,4,12,534,Potential Loyalists
20719,Daniel Martin,230,9,26670,0,3,5,5,13,355,Loyal Customers
20720,Megan Davis,295,10,29333,0,2,5,5,12,255,At Risk
20721,David Nichols,60,6,18044,0,4,4,4,12,444,Champions
20727,Monica Petty,40,7,14375,0,5,5,3,13,553,Loyal Customers
20732,Tim Grant,6,6,17107,0,5,4,4,13,544,Champions
20733,Sherri Moore,419,8,26593,0,2,5,5,12,255,At Risk
20734,Richard Daniels,97,7,18054,1,4,5,4,13,454,Champions
20739,Edward Newton,5,5,17137,0,5,3,4,12,534,Potential Loyalists
20744,Lisa Martinez,163,8,15380,0,3,5,4,12,354,Loyal Customers
20745,Christopher Lopez,0,6,16491,0,5,4,4,13,544,Champions
20746,Francisco Holder,94,6,15385,0,4,4,4,12,444,Champions
20747,Adrian Khan,52,5,16260,0,5,3,4,12,534,Potential Loyalists
20748,Mr. Richard Hester,115,9,22035,0,4,5,5,14,455,Champions
20752,Brandy Williamson,117,6,17496,0,4,4,4,12,444,Champions
20756,Heather Rivera,120,6,20260,0,4,4,5,13,445,Champions
20758,Jennifer Lawrence,415,7,23165,1,2,5,5,12,255,At Risk
20762,Susan Burton,3,13,35221,0,5,5,5,15,555,Champions
20764,Kelly Jones,112,7,23390,0,4,5,5,14,455,Champions
20770,Terry Shelton,71,7,17358,0,4,5,4,13,454,Champions
20779,Michael Williams,105,7,20769,1,4,5,5,14,455,Champions
20781,Robert Schmidt,126,6,18398,1,4,4,4,12,444,Champions
20783,Taylor Baker,345,8,22346,0,2,5,5,12,255,At Risk
20784,Donna Fuller,58,8,23740,0,5,5,5,15,555,Champions
20785,Shannon Daniel,131,10,22448,0,4,5,5,14,455,Champions
20786,Cassandra Compton,198,7,20569,0,3,5,5,13,355,Loyal Customers
20787,Christopher Gilbert,186,8,26989,1,3,5,5,13,355,Loyal Customers
20790,Karen Barr,22,7,17096,0,5,5,4,14,554,Champions
20792,Gerald Adams MD,80,9,25031,0,4,5,5,14,455,Champions
20793,Mark Zimmerman,9,6,19399,0,5,4,5,14,545,Champions
20795,Elizabeth Wright,115,7,17244,0,4,5,4,13,454,Champions
20796,Natalie Hall,23,8,25504,1,5,5,5,15,555,Champions
20799,Keith Perez Jr.,69,7,19367,0,4,5,5,14,455,Champions
20801,Dr. Katelyn Hanson,30,7,15608,0,5,5,4,14,554,Champions
20803,John Jones,168,7,19357,0,3,5,5,13,355,Loyal Customers
20811,Daniel Ramirez,90,10,30889,1,4,5,5,14,455,Champions
20814,Jeffrey Bradley,38,9,26096,0,5,5,5,15,555,Champions
20818,Heather Glover,26,5,17441,0,5,3,4,12,534,Potential Loyalists
20820,Jennifer Hall,44,6,13560,0,5,4,3,12,543,Loyal Customers
20822,Michael Moore II,28,6,16318,0,5,4,4,13,544,Champions
20823,James Davidson,0,7,20094,0,5,5,5,15,555,Champions
20829,Amber Parks,53,11,26813,0,5,5,5,15,555,Champions
20835,William Mendoza,173,7,17573,1,3,5,4,12,354,Loyal Customers
20837,Brent Adams,9,11,29693,0,5,5,5,15,555,Champions
20842,Elizabeth Yang,180,10,41501,1,3,5,5,13,355,Loyal Customers
20845,Nicholas Ellison,4,6,14283,0,5,4,3,12,543,Loyal Customers
20848,Amy Nelson,240,6,25052,0,3,4,5,12,345,Loyal Customers
20854,Teresa Riley,28,10,19834,0,5,5,5,15,555,Champions
20855,Tyler Mcintyre,184,9,27043,0,3,5,5,13,355,Loyal Customers
20859,Darryl Sparks,9,8,24582,0,5,5,5,15,555,Champions
20861,Megan Pham,65,6,18812,0,4,4,4,12,444,Champions
20865,Jacob Harrington,34,11,41391,1,5,5,5,15,555,Champions
20866,Michael Cruz,135,6,17185,1,4,4,4,12,444,Champions
20867,Nathan Jimenez,306,7,22262,0,2,5,5,12,255,At Risk
20874,Dr. Tiffany Duncan DVM,164,8,18675,1,3,5,4,12,354,Loyal Customers
20881,Kimberly Hunter,238,9,29034,0,3,5,5,13,355,Loyal Customers
20889,Lisa Smith,226,8,21954,1,3,5,5,13,355,Loyal Customers
20890,Justin Gomez,334,7,20390,0,2,5,5,12,255,At Risk
20891,Kathy Murphy,28,9,21823,1,5,5,5,15,555,Champions
20895,Victoria Wells,6,8,23106,1,5,5,5,15,555,Champions
20896,Lance Gray,10,9,22191,0,5,5,5,15,555,Champions
20901,Raymond Fisher,59,6,16884,0,5,4,4,13,544,Champions
20904,Tristan Green,4,10,20897,0,5,5,5,15,555,Champions
20905,Jason Turner,143,8,23526,1,3,5,5,13,355,Loyal Customers
20910,Kathy Hayes,228,8,22119,0,3,5,5,13,355,Loyal Customers
20913,Diane Beasley,42,9,25870,0,5,5,5,15,555,Champions
20914,Gregg Bullock,181,7,16364,0,3,5,4,12,354,Loyal Customers
20916,Diane Reyes,166,8,24651,1,3,5,5,13,355,Loyal Customers
20923,Troy Gonzalez,131,10,27735,0,4,5,5,14,455,Champions
20927,James Moran,53,7,11746,0,5,5,3,13,553,Loyal Customers
20930,Sherri Lewis,177,10,26974,0,3,5,5,13,355,Loyal Customers
20931,Valerie Jones,79,10,20804,0,4,5,5,14,455,Champions
20939,Tina Williams,128,7,19014,0,4,5,4,13,454,Champions
20949,David Lindsey,131,6,15071,0,4,4,4,12,444,Champions
20957,Ms. Ashley Waller,131,7,18273,0,4,5,4,13,454,Champions
20962,Joseph Mayo,79,6,25122,0,4,4,5,13,445,Champions
20964,Cheyenne Cole,5,9,21935,0,5,5,5,15,555,Champions
20967,Theresa Klein,196,8,22339,1,3,5,5,13,355,Loyal Customers
20971,Mr. Mark Castro,1,7,17135,0,5,5,4,14,554,Champions
20973,Robert Vance,51,9,24038,0,5,5,5,15,555,Champions
20975,Cody Steele,64,6,15988,0,4,4,4,12,444,Champions
20980,Melanie Smith,71,8,20799,1,4,5,5,14,455,Champions
20987,Nathaniel Williams,110,7,15748,0,4,5,4,13,454,Champions
20989,Robert Li,12,10,23399,0,5,5,5,15,555,Champions
20999,Lisa Eaton,59,7,22235,0,5,5,5,15,555,Champions
21000,Amber Parker,124,8,12994,0,4,5,3,12,453,Loyal Customers
21001,Stacy Duke,46,8,20355,0,5,5,5,15,555,Champions
21002,Margaret Guzman,204,9,23813,0,3,5,5,13,355,Loyal Customers
21008,Sheila Ortiz,90,6,16091,1,4,4,4,12,444,Champions
21014,Zachary Mckee,41,8,18225,1,5,5,4,14,554,Champions
21017,John Oneill,223,11,36655,0,3,5,5,13,355,Loyal Customers
21022,Suzanne Walsh,63,5,20145,0,4,3,5,12,435,Potential Loyalists
21024,Cody Johnson,85,9,20797,0,4,5,5,14,455,Champions
21025,Nathan Morton,6,6,14277,0,5,4,3,12,543,Loyal Customers
21026,Oscar Wright,98,6,15916,0,4,4,4,12,444,Champions
21029,James Burnett,149,10,32057,0,3,5,5,13,355,Loyal Customers
21033,Adam Ross,190,8,20715,1,3,5,5,13,355,Loyal Customers
21037,Thomas Hopkins,118,7,21892,0,4,5,5,14,455,Champions
21041,Ronnie Hanson,8,6,13858,1,5,4,3,12,543,Loyal Customers
21042,Nathaniel Salas,130,6,15135,0,4,4,4,12,444,Champions
21043,Hannah Martin,65,7,18713,0,4,5,4,13,454,Champions
21048,Brent Davis,35,6,14996,0,5,4,4,13,544,Champions
21053,Aaron Cantrell,73,11,22487,0,4,5,5,14,455,Champions
21056,Stephen Ballard,3,7,17029,0,5,5,4,14,554,Champions
21059,Stephen Clark,8,5,15053,0,5,3,4,12,534,Potential Loyalists
21066,Joseph Kramer,10,10,21060,1,5,5,5,15,555,Champions
21069,Andre Clark,131,8,13081,0,4,5,3,12,453,Loyal Customers
21081,David Caldwell,122,6,16069,1,4,4,4,12,444,Champions
21082,Laura White,88,7,16187,1,4,5,4,13,454,Champions
21083,Michael Jones,334,8,23195,0,2,5,5,12,255,At Risk
21090,Dr. Joshua Stewart,194,8,25379,0,3,5,5,13,355,Loyal Customers
21092,Christina Crosby,87,9,26741,1,4,5,5,14,455,Champions
21096,David Smith,0,9,18142,0,5,5,4,14,554,Champions
21099,Kevin Lee,90,6,17069,0,4,4,4,12,444,Champions
21110,Jennifer Clay,80,7,20935,0,4,5,5,14,455,Champions
21117,Christopher Lawson,65,11,20716,0,4,5,5,14,455,Champions
21119,William Palmer,55,8,14797,1,5,5,3,13,553,Loyal Customers
21130,Randall Montgomery,82,6,15673,1,4,4,4,12,444,Champions
21132,James Sharp,36,6,15119,0,5,4,4,13,544,Champions
21134,Lori Smith,13,5,19131,0,5,3,4,12,534,Potential Loyalists
21138,Joshua Brown,55,11,23263,0,5,5,5,15,555,Champions
21144,Jessica Hunt,122,10,35507,0,4,5,5,14,455,Champions
21147,James Smith,7,8,25290,1,5,5,5,15,555,Champions
21148,Luis Trujillo,79,7,23218,0,4,5,5,14,455,Champions
21151,Stephen Nguyen,0,7,23384,0,5,5,5,15,555,Champions
21152,Charles Wang,79,9,21694,1,4,5,5,14,455,Champions
21156,Joe Mckenzie,378,10,25106,0,2,5,5,12,255,At Risk
21158,Raymond Meadows,224,8,23970,0,3,5,5,13,355,Loyal Customers
21166,Regina Johnson,17,8,25386,0,5,5,5,15,555,Champions
21168,Nicholas Branch,92,8,28421,0,4,5,5,14,455,Champions
21178,Zachary Avila,238,11,37571,0,3,5,5,13,355,Loyal Customers
21179,Jeremiah Hill,25,7,17234,0,5,5,4,14,554,Champions
21180,Jody Anderson,5,6,17054,0,5,4,4,13,544,Champions
21186,Colleen White,264,7,24113,0,2,5,5,12,255,At Risk
21187,Angela Parker,25,7,21960,0,5,5,5,15,555,Champions
21191,Shawn Evans,51,6,16305,0,5,4,4,13,544,Champions
21192,Arthur Nelson,142,8,26930,1,3,5,5,13,355,Loyal Customers
21196,Brenda Allen,33,7,17744,0,5,5,4,14,554,Champions
21198,Austin Suarez,105,6,18996,0,4,4,4,12,444,Champions
21200,Tara Kim,117,6,21458,0,4,4,5,13,445,Champions
21203,Alexander Marshall MD,170,9,25414,0,3,5,5,13,355,Loyal Customers
21210,Tiffany Morris,32,8,18016,0,5,5,4,14,554,Champions
21211,Dr. Melissa Schmidt,24,6,18415,0,5,4,4,13,544,Champions
21212,Kayla Allison,256,7,23616,0,2,5,5,12,255,At Risk
21213,Jared Jefferson,83,6,20270,0,4,4,5,13,445,Champions
21214,Hannah Newman,284,9,27605,0,2,5,5,12,255,At Risk
21220,Wanda Craig,215,8,26733,0,3,5,5,13,355,Loyal Customers
21226,Lindsey Brown,13,5,15347,0,5,3,4,12,534,Potential Loyalists
21233,John Lopez,74,6,22594,0,4,4,5,13,445,Champions
21234,Jessica Reynolds,6,5,16337,0,5,3,4,12,534,Potential Loyalists
21236,Beth James,37,8,20313,0,5,5,5,15,555,Champions
21244,Jennifer Thomas,25,8,20847,0,5,5,5,15,555,Champions
21246,Megan Grant,21,6,16462,1,5,4,4,13,544,Champions
21249,Joanna Jenkins,136,6,19537,0,4,4,5,13,445,Champions
21251,Greg Rodriguez,36,7,12954,1,5,5,3,13,553,Loyal Customers
21255,John Maxwell,118,7,15820,0,4,5,4,13,454,Champions
21256,Christopher Sanchez,64,9,23512,0,4,5,5,14,455,Champions
21257,Kevin Olsen,29,6,20931,0,5,4,5,14,545,Champions
21258,Shannon Rivera,39,5,15538,0,5,3,4,12,534,Potential Loyalists
21263,John Mccoy,2,7,12763,0,5,5,3,13,553,Loyal Customers
21264,Randall Pierce,44,7,15635,0,5,5,4,14,554,Champions
21265,Patricia Rojas,104,7,17600,1,4,5,4,13,454,Champions
21266,Mr. Terry Clark,78,7,17402,0,4,5,4,13,454,Champions
21271,Michael Serrano,385,10,37985,1,2,5,5,12,255,At Risk
21284,James Villanueva,212,8,31697,0,3,5,5,13,355,Loyal Customers
21285,James Johnson,155,7,19966,0,3,5,5,13,355,Loyal Customers
21286,Deanna Fernandez,45,6,22046,1,5,4,5,14,545,Champions
21288,Beth Lowe,30,7,26662,0,5,5,5,15,555,Champions
21289,Bradley Cardenas,24,6,15668,0,5,4,4,13,544,Champions
21292,Sarah Alexander,64,8,16556,0,4,5,4,13,454,Champions
21305,Wendy Miller,31,6,22165,0,5,4,5,14,545,Champions
21316,Shannon Jones,18,8,19265,0,5,5,4,14,554,Champions
21318,Nicole Wallace,122,8,18834,0,4,5,4,13,454,Champions
21323,Stephanie Anderson,41,9,20430,0,5,5,5,15,555,Champions
21327,Rebecca Nelson,54,5,16106,0,5,3,4,12,534,Potential Loyalists
21331,Dr. Matthew Peterson,46,5,17805,0,5,3,4,12,534,Potential Loyalists
21334,Paul Craig,25,10,26397,0,5,5,5,15,555,Champions
21335,Bethany Lloyd,59,10,26353,0,5,5,5,15,555,Champions
21337,Kimberly Vargas,24,6,11771,0,5,4,3,12,543,Loyal Customers
21341,Kelly Ruiz,84,7,13450,0,4,5,3,12,453,Loyal Customers
21342,Stephen Marquez,114,6,15584,0,4,4,4,12,444,Champions
21344,Tara Hernandez,131,8,24047,0,4,5,5,14,455,Champions
21345,Pamela Wood,309,8,31912,0,2,5,5,12,255,At Risk
21349,Misty Lee,91,7,20535,0,4,5,5,14,455,Champions
21351,Annette Washington,124,7,18900,0,4,5,4,13,454,Champions
21357,James Smith,71,10,25124,0,4,5,5,14,455,Champions
21364,Jose Burnett,173,8,25915,0,3,5,5,13,355,Loyal Customers
21370,Erin Fisher,9,5,14834,1,5,3,4,12,534,Potential Loyalists
21378,Elizabeth Garrison,45,7,16956,1,5,5,4,14,554,Champions
21379,Michael Harvey,35,7,18425,0,5,5,4,14,554,Champions
21380,Gerald Boone,113,8,22855,0,4,5,5,14,455,Champions
21383,Holly Smith,167,8,19041,0,3,5,4,12,354,Loyal Customers
21384,Jeremy Little,25,8,22836,0,5,5,5,15,555,Champions
21385,Alexander Hampton,63,7,29067,0,4,5,5,14,455,Champions
21386,Julia Moore,1,9,22996,0,5,5,5,15,555,Champions
21390,Amy Banks,36,6,14919,0,5,4,4,13,544,Champions
21401,Catherine Williamson,14,9,29886,1,5,5,5,15,555,Champions
21406,Kristen Barnes,46,6,17934,0,5,4,4,13,544,Champions
21407,James Weber Jr.,85,8,22915,0,4,5,5,14,455,Champions
21412,Roy Maynard,108,7,18477,0,4,5,4,13,454,Champions
21416,Lisa Love,158,6,19839,0,3,4,5,12,345,Loyal Customers
21426,Tracy Anderson,10,7,22899,0,5,5,5,15,555,Champions
21428,Charles Henry,108,8,25804,1,4,5,5,14,455,Champions
21431,Erin Perez,139,8,21825,0,3,5,5,13,355,Loyal Customers
21433,Lydia Love,30,6,16900,0,5,4,4,13,544,Champions
21434,Ms. Rachael Cabrera,32,6,19229,0,5,4,4,13,544,Champions
21437,Timothy Dunn,177,6,20948,0,3,4,5,12,345,Loyal Customers
21440,Shane Ramirez,93,7,15634,0,4,5,4,13,454,Champions
21445,Alisha Walker,63,6,15078,0,4,4,4,12,444,Champions
21446,Vincent Watson,175,6,26295,0,3,4,5,12,345,Loyal Customers
21452,Valerie Johnson,74,10,30708,0,4,5,5,14,455,Champions
21453,Erik Johnson,88,12,35139,0,4,5,5,14,455,Champions
21457,Ashley Johnson,162,7,25671,0,3,5,5,13,355,Loyal Customers
21458,Amber Anderson,93,7,20070,0,4,5,5,14,455,Champions
21464,Malik Washington,39,6,24711,0,5,4,5,14,545,Champions
21469,Jaime Barton,1,12,38518,1,5,5,5,15,555,Champions
21482,Jill Beltran,272,7,22783,0,2,5,5,12,255,At Risk
21489,Shannon Crosby,40,6,20718,0,5,4,5,14,545,Champions
21493,Brian Johnson,117,7,16247,0,4,5,4,13,454,Champions
21503,Michele Scott,254,7,19925,0,2,5,5,12,255,At Risk
21506,Karen Smith,225,8,25422,1,3,5,5,13,355,Loyal Customers
21511,Megan Johnson,58,7,16104,0,5,5,4,14,554,Champions
21516,Dale Love,35,7,16769,0,5,5,4,14,554,Champions
21517,Michelle Mendoza,48,6,17460,0,5,4,4,13,544,Champions
21520,Rebecca Morgan,84,8,23579,0,4,5,5,14,455,Champions
21527,Kathryn Trujillo,64,8,27311,0,4,5,5,14,455,Champions
21528,Tim Yu,140,6,19334,0,3,4,5,12,345,Loyal Customers
21532,Latasha Lam,221,13,35491,0,3,5,5,13,355,Loyal Customers
21542,Alison Murray,80,7,16974,0,4,5,4,13,454,Champions
21549,Robert Oneal,74,8,14386,0,4,5,3,12,453,Loyal Customers
21550,Savannah Bell,212,9,25929,0,3,5,5,13,355,Loyal Customers
21552,Zachary Chan,53,6,15892,0,5,4,4,13,544,Champions
21556,Kathy Fisher,104,9,25684,1,4,5,5,14,455,Champions
21557,Peter Marks,120,9,15896,0,4,5,4,13,454,Champions
21563,Caroline Mcclain,304,7,24602,0,2,5,5,12,255,At Risk
21565,Kendra Jones,259,7,25130,0,2,5,5,12,255,At Risk
21567,Jody Sims,227,8,23054,1,3,5,5,13,355,Loyal Customers
21570,Samantha Velez,19,6,17544,1,5,4,4,13,544,Champions
21574,Donna Miller,20,9,16163,0,5,5,4,14,554,Champions
21582,Stephen Becker,55,11,28676,0,5,5,5,15,555,Champions
21591,Michelle Salinas,131,8,26325,0,4,5,5,14,455,Champions
21594,Mark Smith,365,7,19768,0,2,5,5,12,255,At Risk
21597,William Smith,74,10,36140,0,4,5,5,14,455,Champions
21600,Heather Velez,143,8,27380,0,3,5,5,13,355,Loyal Customers
21604,Nathan Evans,42,9,23930,0,5,5,5,15,555,Champions
21607,Melanie Harris,305,7,19302,0,2,5,5,12,255,At Risk
21608,Samuel Li,70,9,26503,0,4,5,5,14,455,Champions
21610,Melissa Kent,349,8,24302,0,2,5,5,12,255,At Risk
21624,Samantha Ramirez,11,6,20000,0,5,4,5,14,545,Champions
21629,Scott Ramirez,94,9,25734,0,4,5,5,14,455,Champions
21630,Nicole Watts,121,9,19001,1,4,5,4,13,454,Champions
21631,Brenda Stone,15,7,19683,0,5,5,5,15,555,Champions
21639,Adrian Waters,64,7,21789,0,4,5,5,14,455,Champions
21646,Benjamin Garcia,320,10,31998,0,2,5,5,12,255,At Risk
21650,Julie Moreno,33,6,21168,0,5,4,5,14,545,Champions
21653,Marissa Baldwin,114,7,25349,0,4,5,5,14,455,Champions
21662,David Kramer,333,11,32484,0,2,5,5,12,255,At Risk
21665,Shane Frazier,0,5,19905,0,5,3,5,13,535,Potential Loyalists
21667,Philip Boyle,10,8,20009,0,5,5,5,15,555,Champions
21671,Debra Mcmillan,56,8,22943,1,5,5,5,15,555,Champions
21686,Alexander Hartman,61,7,15859,1,4,5,4,13,454,Champions
21687,Carl Johnson,146,7,19690,0,3,5,5,13,355,Loyal Customers
21688,Jeffery Ponce,53,11,27995,0,5,5,5,15,555,Champions
21689,Jason Mathis,53,7,18661,0,5,5,4,14,554,Champions
21699,Deborah Vance,269,10,21005,0,2,5,5,12,255,At Risk
21705,Theresa Moore,379,9,27434,0,2,5,5,12,255,At Risk
21707,Lauren Brown,235,6,20244,0,3,4,5,12,345,Loyal Customers
21715,Rachel Reese,38,9,27694,0,5,5,5,15,555,Champions
21717,Kimberly Hayes,103,9,26130,1,4,5,5,14,455,Champions
21719,Tina Allen,12,10,30893,0,5,5,5,15,555,Champions
21721,Jeffrey Jackson,35,8,26790,1,5,5,5,15,555,Champions
21725,Kimberly Mills,18,6,18417,0,5,4,4,13,544,Champions
21726,Brian White,58,9,25303,1,5,5,5,15,555,Champions
21729,Michelle Robinson,393,7,24578,0,2,5,5,12,255,At Risk
21732,Jacqueline Lee,184,8,19644,0,3,5,5,13,355,Loyal Customers
21736,Brian Townsend,158,8,24778,1,3,5,5,13,355,Loyal Customers
21737,Jamie Perez,98,7,15776,1,4,5,4,13,454,Champions
21739,Aaron Smith,99,8,27536,0,4,5,5,14,455,Champions
21741,Christine Reid,62,7,21953,1,4,5,5,14,455,Champions
21743,Thomas Gonzales,220,8,24402,0,3,5,5,13,355,Loyal Customers
21748,Colin Perkins,13,8,20084,0,5,5,5,15,555,Champions
21755,Kristopher Price Jr.,158,6,20004,0,3,4,5,12,345,Loyal Customers
21759,Kelly Webb,228,7,19826,0,3,5,5,13,355,Loyal Customers
21765,Robert Miller,98,6,20081,1,4,4,5,13,445,Champions
21766,Brenda Berg,15,7,26319,0,5,5,5,15,555,Champions
21767,Dr. Richard May DVM,79,10,28639,1,4,5,5,14,455,Champions
21772,Jessica Anderson,238,7,14984,0,3,5,4,12,354,Loyal Customers
21773,Tina Jones,143,10,30201,1,3,5,5,13,355,Loyal Customers
21774,Linda Tucker,146,8,18234,0,3,5,4,12,354,Loyal Customers
21777,Jennifer Banks,357,9,22267,0,2,5,5,12,255,At Risk
21782,Teresa Larson,15,6,11676,0,5,4,3,12,543,Loyal Customers
21790,Kayla Duarte,210,8,25135,1,3,5,5,13,355,Loyal Customers
21802,Edward Clements,249,10,24366,0,2,5,5,12,255,At Risk
21806,Kristen Burch,12,10,24332,1,5,5,5,15,555,Champions
21812,John Scott,46,6,19025,0,5,4,4,13,544,Champions
21822,Alicia Duke,44,10,22893,0,5,5,5,15,555,Champions
21823,Jerry Anderson,180,8,17556,0,3,5,4,12,354,Loyal Customers
21824,Charles Moore,188,7,17673,0,3,5,4,12,354,Loyal Customers
21825,Andrew Rogers,72,6,15851,0,4,4,4,12,444,Champions
21827,Sharon Olson,115,9,29494,0,4,5,5,14,455,Champions
21828,Donna Banks,53,9,25341,0,5,5,5,15,555,Champions
21833,Kimberly Huber,175,9,24983,0,3,5,5,13,355,Loyal Customers
21834,Connie Hernandez,3,7,14472,0,5,5,3,13,553,Loyal Customers
21837,Lisa Foster,67,7,21478,0,4,5,5,14,455,Champions
21842,Dr. Martin Brennan,346,8,23757,0,2,5,5,12,255,At Risk
21847,Keith Ross,34,6,14677,1,5,4,3,12,543,Loyal Customers
21851,Daniel Wheeler,50,6,18688,0,5,4,4,13,544,Champions
21852,Teresa Beck,34,7,13012,0,5,5,3,13,553,Loyal Customers
21855,Anthony Bennett,40,8,28843,1,5,5,5,15,555,Champions
21859,Debra Ferguson,166,8,18336,0,3,5,4,12,354,Loyal Customers
21860,Diana Garrett,6,5,16986,0,5,3,4,12,534,Potential Loyalists
21875,Richard Coleman,251,8,22042,1,2,5,5,12,255,At Risk
21878,Heather Ibarra,40,9,21143,0,5,5,5,15,555,Champions
21880,Christopher Jones,339,7,22697,0,2,5,5,12,255,At Risk
21883,Makayla Jordan,59,8,27279,0,5,5,5,15,555,Champions
21886,Amber Daugherty,17,7,17862,0,5,5,4,14,554,Champions
21887,Kaitlyn Patrick,12,5,16321,0,5,3,4,12,534,Potential Loyalists
21888,Caitlin Tapia,13,5,15692,0,5,3,4,12,534,Potential Loyalists
21891,Lee Garcia,29,10,28936,0,5,5,5,15,555,Champions
21896,Kaitlyn Salazar,38,5,15891,0,5,3,4,12,534,Potential Loyalists
21897,Jeremy Costa,313,9,22103,0,2,5,5,12,255,At Risk
21902,Michael Cervantes,184,7,19777,0,3,5,5,13,355,Loyal Customers
21906,Roy Wilson,117,9,22522,0,4,5,5,14,455,Champions
21908,Katherine Williams,59,5,16543,0,5,3,4,12,534,Potential Loyalists
21911,Jerome Bullock,132,8,27369,0,4,5,5,14,455,Champions
21915,Christopher Williams,29,7,25718,0,5,5,5,15,555,Champions
21920,Brittany White,36,5,15394,0,5,3,4,12,534,Potential Loyalists
21926,Spencer Davila,38,11,31952,0,5,5,5,15,555,Champions
21930,John Mendez,9,9,17932,0,5,5,4,14,554,Champions
21933,Joshua Cuevas,42,5,15328,0,5,3,4,12,534,Potential Loyalists
21940,Patrick Werner,54,5,15265,0,5,3,4,12,534,Potential Loyalists
21945,Zachary Smith,51,10,34236,0,5,5,5,15,555,Champions
21946,Jonathan Whitehead,124,7,19958,0,4,5,5,14,455,Champions
21952,Brenda Brown,45,6,13465,0,5,4,3,12,543,Loyal Customers
21958,Adam Clark,64,6,16985,0,4,4,4,12,444,Champions
21963,Christine Kelley,155,7,21753,1,3,5,5,13,355,Loyal Customers
21964,Michael Powell,23,8,21357,1,5,5,5,15,555,Champions
21968,Cynthia Rivera,108,8,19665,0,4,5,5,14,455,Champions
21977,Nancy Fields,26,6,16524,1,5,4,4,13,544,Champions
21978,Jonathon Alexander,70,6,17794,0,4,4,4,12,444,Champions
21980,James Shaw,116,7,22263,0,4,5,5,14,455,Champions
21982,Brandon Pacheco,399,7,20949,1,2,5,5,12,255,At Risk
21985,Ryan Blankenship,99,6,19859,0,4,4,5,13,445,Champions
21986,Theodore Wilson,147,7,21550,0,3,5,5,13,355,Loyal Customers
21994,Cheryl Brown,385,10,22414,1,2,5,5,12,255,At Risk
21996,David Peterson,128,8,17854,0,4,5,4,13,454,Champions
21997,Derek Nixon,11,7,18254,0,5,5,4,14,554,Champions
22002,Evelyn Huang,53,7,14899,0,5,5,4,14,554,Champions
22007,Dale Ritter,215,8,25152,0,3,5,5,13,355,Loyal Customers
22012,Renee Garner,7,8,25774,0,5,5,5,15,555,Champions
22013,Amber Johnson,7,6,18126,0,5,4,4,13,544,Champions
22015,Jerry Mullins,3,7,25101,0,5,5,5,15,555,Champions
22016,Marissa Mckenzie,229,8,17048,0,3,5,4,12,354,Loyal Customers
22023,Casey Bailey,161,9,28330,0,3,5,5,13,355,Loyal Customers
22025,Carrie Glenn,15,12,32075,1,5,5,5,15,555,Champions
22030,Miss Ashley Scott,179,7,20193,0,3,5,5,13,355,Loyal Customers
22032,Brandy Brown,344,7,21929,0,2,5,5,12,255,At Risk
22034,Matthew Peterson,44,7,30124,0,5,5,5,15,555,Champions
22036,Edward Peterson,57,6,20192,0,5,4,5,14,545,Champions
22043,Jennifer Baker,61,6,20934,0,4,4,5,13,445,Champions
22045,Joseph Bryan,12,7,27486,0,5,5,5,15,555,Champions
22054,Shawn Abbott II,124,7,21083,0,4,5,5,14,455,Champions
22058,Mark Roberts,336,9,28720,0,2,5,5,12,255,At Risk
22068,Aaron Williams,65,10,21091,0,4,5,5,14,455,Champions
22074,Elizabeth Clements,170,6,21362,0,3,4,5,12,345,Loyal Customers
22079,Kayla Simpson,66,7,16765,0,4,5,4,13,454,Champions
22080,Eric Vasquez,79,6,17635,0,4,4,4,12,444,Champions
22082,Jordan Mills,78,12,30861,1,4,5,5,14,455,Champions
22086,Michael Martinez,134,6,17929,0,4,4,4,12,444,Champions
22089,Jill Jenkins,83,6,23776,0,4,4,5,13,445,Champions
22092,Justin Tucker,86,7,21147,0,4,5,5,14,455,Champions
22093,Jennifer Moreno,49,10,23117,0,5,5,5,15,555,Champions
22096,Anne Ray,21,6,15773,1,5,4,4,13,544,Champions
22098,Erika Weiss,24,5,18428,0,5,3,4,12,534,Potential Loyalists
22099,Dylan White,365,7,20703,0,2,5,5,12,255,At Risk
22104,Donna Phillips,91,7,20945,0,4,5,5,14,455,Champions
22108,Bruce Jones,143,7,19580,0,3,5,5,13,355,Loyal Customers
22111,Dr. Brittany Lee DVM,12,8,21618,0,5,5,5,15,555,Champions
22115,Karen Ellis,26,8,20572,0,5,5,5,15,555,Champions
22118,Clarence Chan,6,7,27633,0,5,5,5,15,555,Champions
22120,Warren King,53,6,17175,0,5,4,4,13,544,Champions
22121,Michael Ramirez,47,7,17091,0,5,5,4,14,554,Champions
22127,Courtney Lane,23,7,21616,0,5,5,5,15,555,Champions
22128,Michael Davis,65,8,26789,0,4,5,5,14,455,Champions
22130,Barry Haney,125,10,18546,0,4,5,4,13,454,Champions
22131,David Moran,62,11,32987,0,4,5,5,14,455,Champions
22133,Caroline Morales,102,8,20244,0,4,5,5,14,455,Champions
22135,Jeremy Townsend,33,7,14968,0,5,5,4,14,554,Champions
22136,Elizabeth Hernandez,2,8,25088,0,5,5,5,15,555,Champions
22137,Tammie Thornton MD,75,7,18630,0,4,5,4,13,454,Champions
22139,Lisa Burch,51,8,26061,1,5,5,5,15,555,Champions
22140,Louis Davis,215,8,20589,0,3,5,5,13,355,Loyal Customers
22146,Mrs. Virginia Gray,120,7,13532,0,4,5,3,12,453,Loyal Customers
22147,Sara Hernandez,64,11,30942,0,4,5,5,14,455,Champions
22153,Tony Christensen,205,9,33124,0,3,5,5,13,355,Loyal Customers
22156,Johnny Hatfield,102,8,20553,1,4,5,5,14,455,Champions
22157,Amber Frazier,71,7,18559,0,4,5,4,13,454,Champions
22158,Tracey Robinson,29,7,13449,0,5,5,3,13,553,Loyal Customers
22161,Jillian Chandler,43,7,23208,0,5,5,5,15,555,Champions
22164,Stephen Mcdowell,42,6,14930,0,5,4,4,13,544,Champions
22168,Kristin Young,38,8,27112,0,5,5,5,15,555,Champions
22169,Stephanie Lara,36,6,15287,0,5,4,4,13,544,Champions
22170,Derek Dixon,202,8,16376,0,3,5,4,12,354,Loyal Customers
22171,Keith Ortega,121,7,17449,1,4,5,4,13,454,Champions
22173,Scott Smith,44,8,27216,0,5,5,5,15,555,Champions
22179,Kevin Carlson,192,6,21803,1,3,4,5,12,345,Loyal Customers
22182,Raymond Wilson,41,6,14338,1,5,4,3,12,543,Loyal Customers
22188,Brandon Williams,286,8,20587,0,2,5,5,12,255,At Risk
22193,Bruce Cummings,5,5,18060,0,5,3,4,12,534,Potential Loyalists
22197,Dustin Quinn,82,6,16824,1,4,4,4,12,444,Champions
22202,Allison Hernandez,25,5,16024,1,5,3,4,12,534,Potential Loyalists
22203,Julian Williams,70,6,21041,1,4,4,5,13,445,Champions
22204,Richard Pace,179,8,22071,1,3,5,5,13,355,Loyal Customers
22206,Gabriel Haley,3,7,11253,0,5,5,2,12,552,Potential Loyalists
22208,Richard Murphy,135,6,16740,0,4,4,4,12,444,Champions
22210,Jeffery Davis,33,6,15473,0,5,4,4,13,544,Champions
22214,Andrew Daniel,7,5,16152,0,5,3,4,12,534,Potential Loyalists
22215,Cameron Travis,11,6,13519,0,5,4,3,12,543,Loyal Customers
22216,Michael Mccann,3,8,26010,1,5,5,5,15,555,Champions
22220,Brooke Bowen,46,6,19711,0,5,4,5,14,545,Champions
22221,Kevin Smith,127,6,18136,0,4,4,4,12,444,Champions
22223,Kurt Williams,26,7,15744,0,5,5,4,14,554,Champions
22232,Elizabeth Bradshaw,106,7,17725,0,4,5,4,13,454,Champions
22234,Samantha Daniel,134,6,19088,0,4,4,4,12,444,Champions
22235,Paul Ballard,2,8,18966,0,5,5,4,14,554,Champions
22237,Seth Bridges,79,7,20945,0,4,5,5,14,455,Champions
22241,Michael Brown,74,8,24734,0,4,5,5,14,455,Champions
22242,Thomas Simpson,95,7,18416,0,4,5,4,13,454,Champions
22244,David Arnold,239,8,16619,0,3,5,4,12,354,Loyal Customers
22246,Michael Harris,75,8,18921,0,4,5,4,13,454,Champions
22249,Leslie Boone,2,10,29145,1,5,5,5,15,555,Champions
22252,Latasha Padilla,334,8,20497,0,2,5,5,12,255,At Risk
22269,Cynthia Baker,347,10,31760,0,2,5,5,12,255,At Risk
22273,Corey Lin,86,6,19457,0,4,4,5,13,445,Champions
22278,James Campbell,27,8,17061,0,5,5,4,14,554,Champions
22280,Brad Wilkinson,13,5,15409,0,5,3,4,12,534,Potential Loyalists
22281,David Chang,134,7,16864,0,4,5,4,13,454,Champions
22284,Larry Lee,55,6,20142,0,5,4,5,14,545,Champions
22288,Megan Ramirez,127,6,18042,0,4,4,4,12,444,Champions
22289,Michelle Davis,33,8,25600,0,5,5,5,15,555,Champions
22294,Kerri Webb,29,10,20083,0,5,5,5,15,555,Champions
22295,Julie Barrett,62,6,18664,0,4,4,4,12,444,Champions
22298,Theresa Murphy,16,7,16475,0,5,5,4,14,554,Champions
22303,Samantha Short MD,72,8,25398,1,4,5,5,14,455,Champions
22305,Tammy Randall,52,7,21312,0,5,5,5,15,555,Champions
22308,Kayla Fox,84,7,19076,0,4,5,4,13,454,Champions
22309,Ana Sanchez,124,8,18211,0,4,5,4,13,454,Champions
22313,Sara Johnson,46,9,26598,0,5,5,5,15,555,Champions
22319,Rachel Simpson,131,7,23599,0,4,5,5,14,455,Champions
22321,Wendy Humphrey,174,7,15148,0,3,5,4,12,354,Loyal Customers
22323,Brandon Campbell,12,5,16010,0,5,3,4,12,534,Potential Loyalists
22324,Lisa Lee,109,10,22958,0,4,5,5,14,455,Champions
22326,Emily Morris,117,7,22563,0,4,5,5,14,455,Champions
22327,Jordan Blevins,142,8,19518,0,3,5,5,13,355,Loyal Customers
22336,Gabriel Reed,174,6,19546,0,3,4,5,12,345,Loyal Customers
22338,Amy Richardson,34,6,25675,0,5,4,5,14,545,Champions
22347,David Richmond,9,6,17761,0,5,4,4,13,544,Champions
22350,Savannah Phillips,20,7,12153,0,5,5,3,13,553,Loyal Customers
22353,Maria Carney,57,6,18855,0,5,4,4,13,544,Champions
22358,Cory Long,100,7,12947,0,4,5,3,12,453,Loyal Customers
22363,Regina Chavez,7,5,16134,0,5,3,4,12,534,Potential Loyalists
22367,Crystal Moon,217,7,19866,0,3,5,5,13,355,Loyal Customers
22370,Noah Smith,115,7,20328,1,4,5,5,14,455,Champions
22377,Jennifer Wood,81,10,29554,0,4,5,5,14,455,Champions
22378,Brian Smith,98,7,22243,1,4,5,5,14,455,Champions
22380,Lindsay Hall,35,8,26288,1,5,5,5,15,555,Champions
22384,Sharon Sherman,8,6,12801,0,5,4,3,12,543,Loyal Customers
22389,Eric Williams,174,8,19867,0,3,5,5,13,355,Loyal Customers
22390,Jason Harper,253,8,23634,0,2,5,5,12,255,At Risk
22391,Timothy Washington,6,9,24478,1,5,5,5,15,555,Champions
22395,Kevin Stanley,305,8,19298,0,2,5,5,12,255,At Risk
22399,Kevin Alexander,1,9,26191,0,5,5,5,15,555,Champions
22402,Samuel Perkins,213,7,17019,1,3,5,4,12,354,Loyal Customers
22404,Carl Reed,82,7,25421,0,4,5,5,14,455,Champions
22405,James Wade,83,9,26393,0,4,5,5,14,455,Champions
22417,Cindy Hobbs,42,5,19446,1,5,3,5,13,535,Potential Loyalists
22420,Stacy Nelson,225,7,15446,0,3,5,4,12,354,Loyal Customers
22422,Gloria Ball,1,5,17090,0,5,3,4,12,534,Potential Loyalists
22424,Carl Wise,66,6,15040,0,4,4,4,12,444,Champions
22427,Michael Gross,56,5,14807,0,5,3,4,12,534,Potential Loyalists
22428,Jamie Ferguson,168,8,25903,1,3,5,5,13,355,Loyal Customers
22429,Gloria Woods,361,9,25587,1,2,5,5,12,255,At Risk
22430,Michael Allen,80,10,34964,0,4,5,5,14,455,Champions
22440,Michael Hammond,258,7,22081,1,2,5,5,12,255,At Risk
22446,Wendy Yoder,139,7,15023,0,3,5,4,12,354,Loyal Customers
22453,Chris West,119,7,21156,0,4,5,5,14,455,Champions
22456,Anthony Wood,26,9,29519,0,5,5,5,15,555,Champions
22458,Randy Kelly,217,8,18642,0,3,5,4,12,354,Loyal Customers
22462,Michael Richardson,146,7,16005,1,3,5,4,12,354,Loyal Customers
22463,Melinda Simpson,105,6,15827,0,4,4,4,12,444,Champions
22464,Jasmine Cherry,282,7,20345,0,2,5,5,12,255,At Risk
22465,Samuel Leach,105,7,22406,0,4,5,5,14,455,Champions
22467,Patricia Clark,329,7,25670,1,2,5,5,12,255,At Risk
22468,Tom Meyer,189,7,20280,0,3,5,5,13,355,Loyal Customers
22476,Brian Mitchell,18,8,15280,0,5,5,4,14,554,Champions
22478,Javier Joseph,116,10,26614,1,4,5,5,14,455,Champions
22484,Joshua Adams,46,6,13767,0,5,4,3,12,543,Loyal Customers
22485,Manuel Sheppard,24,9,29289,0,5,5,5,15,555,Champions
22486,Jacob Anderson,112,7,17471,0,4,5,4,13,454,Champions
22487,Anita Diaz,182,7,21957,0,3,5,5,13,355,Loyal Customers
22494,Rebecca Matthews,234,7,25366,0,3,5,5,13,355,Loyal Customers
22501,Christopher Goodwin,104,9,17441,0,4,5,4,13,454,Champions
22507,Mitchell Stark,108,7,15684,0,4,5,4,13,454,Champions
22515,Alexander Russo,218,12,30702,0,3,5,5,13,355,Loyal Customers
22516,Craig Dickson,29,6,20432,1,5,4,5,14,545,Champions
22517,Brandi Carey,62,9,16767,0,4,5,4,13,454,Champions
22519,Kathleen Hart,157,7,20108,1,3,5,5,13,355,Loyal Customers
22522,Donna Washington,0,7,25877,1,5,5,5,15,555,Champions
22525,Christopher Suarez,25,5,16342,0,5,3,4,12,534,Potential Loyalists
22532,Nicole Sandoval,11,7,23897,1,5,5,5,15,555,Champions
22533,Greg Floyd,162,8,22944,0,3,5,5,13,355,Loyal Customers
22534,Megan Powell,117,7,18442,0,4,5,4,13,454,Champions
22538,Jo Saunders,42,7,18096,0,5,5,4,14,554,Champions
22542,Jennifer Carroll,160,7,19097,0,3,5,4,12,354,Loyal Customers
22544,Daniel Griffin,12,8,22007,1,5,5,5,15,555,Champions
22551,Peter Richardson,91,9,28628,0,4,5,5,14,455,Champions
22552,Benjamin Collier,95,10,24782,0,4,5,5,14,455,Champions
22555,Paul Baker,36,7,25591,0,5,5,5,15,555,Champions
22560,Erica Morgan,143,7,15028,1,3,5,4,12,354,Loyal Customers
22562,Gina Martin,67,6,15816,1,4,4,4,12,444,Champions
22568,Paul Costa,60,9,23284,0,4,5,5,14,455,Champions
22571,Stacey Hamilton,219,7,22374,0,3,5,5,13,355,Loyal Customers
22574,Jason Mann,89,10,29955,0,4,5,5,14,455,Champions
22577,David White,192,7,16904,0,3,5,4,12,354,Loyal Customers
22578,Kathleen Harvey,140,8,21649,0,3,5,5,13,355,Loyal Customers
22579,Richard Roberts,92,7,14666,0,4,5,3,12,453,Loyal Customers
22580,Steven Graham,250,7,25830,1,2,5,5,12,255,At Risk
22583,Michael Burgess,194,7,22111,1,3,5,5,13,355,Loyal Customers
22584,Priscilla Carey,51,8,18101,0,5,5,4,14,554,Champions
22588,Carmen Griffith,199,9,25240,0,3,5,5,13,355,Loyal Customers
22589,Melissa Wells,42,6,13370,0,5,4,3,12,543,Loyal Customers
22591,Christina Wood,46,9,23562,0,5,5,5,15,555,Champions
22592,Victor Mejia,12,7,20635,0,5,5,5,15,555,Champions
22596,Steven Bradley,11,6,16412,0,5,4,4,13,544,Champions
22601,Thomas Gilmore,109,6,20713,0,4,4,5,13,445,Champions
22603,Ronald Wade,197,12,23543,1,3,5,5,13,355,Loyal Customers
22606,Lorraine Moore,13,10,24376,0,5,5,5,15,555,Champions
22613,Courtney Sullivan,49,8,26338,0,5,5,5,15,555,Champions
22615,Brenda Gibbs,9,6,14664,0,5,4,3,12,543,Loyal Customers
22620,Angel Rodriguez,114,6,22460,0,4,4,5,13,445,Champions
22622,Shawn Walters,39,7,13536,0,5,5,3,13,553,Loyal Customers
22624,James Moore,237,7,20061,1,3,5,5,13,355,Loyal Customers
22635,Elizabeth Dorsey,198,10,28378,0,3,5,5,13,355,Loyal Customers
22641,Scott Campbell,58,7,17712,0,5,5,4,14,554,Champions
22651,Nancy Lucas,144,8,20639,0,3,5,5,13,355,Loyal Customers
22663,John Miller,85,9,24991,1,4,5,5,14,455,Champions
22667,Brenda Merritt,18,10,32675,1,5,5,5,15,555,Champions
22670,Matthew Williams,134,8,26276,0,4,5,5,14,455,Champions
22672,Mary Keith,41,7,22861,0,5,5,5,15,555,Champions
22675,Bobby Turner,105,6,17492,0,4,4,4,12,444,Champions
22676,Jeffery Duarte,287,9,22265,0,2,5,5,12,255,At Risk
22677,Caleb Mendez,47,7,21074,1,5,5,5,15,555,Champions
22679,Crystal Hayes,17,6,19447,1,5,4,5,14,545,Champions
22680,Lindsey Holloway,73,6,17248,0,4,4,4,12,444,Champions
22682,Rhonda Gilbert,37,7,19600,0,5,5,5,15,555,Champions
22683,Danielle Aguirre,44,7,23253,0,5,5,5,15,555,Champions
22684,Melissa Armstrong,117,12,22893,0,4,5,5,14,455,Champions
22685,Kenneth Dean,223,8,26160,1,3,5,5,13,355,Loyal Customers
22688,Vincent Sparks,107,6,15498,0,4,4,4,12,444,Champions
22689,Jennifer Powers,293,7,23314,0,2,5,5,12,255,At Risk
22691,Ashley Pierce,191,7,17271,0,3,5,4,12,354,Loyal Customers
22694,Danielle Collier,419,7,21543,1,2,5,5,12,255,At Risk
22696,Leslie Roth,42,7,28549,0,5,5,5,15,555,Champions
22701,Mark Hernandez,20,6,18123,0,5,4,4,13,544,Champions
22702,Michael Walker,55,8,14429,0,5,5,3,13,553,Loyal Customers
22707,Theresa Guerrero,195,8,16265,0,3,5,4,12,354,Loyal Customers
22708,Rose Mcgrath,18,6,21531,0,5,4,5,14,545,Champions
22710,Ana Wilkinson,17,9,26940,0,5,5,5,15,555,Champions
22712,James Williams,29,7,18930,0,5,5,4,14,554,Champions
22715,Mark Davis,162,11,35820,0,3,5,5,13,355,Loyal Customers
22716,Eric Howard,54,6,12425,0,5,4,3,12,543,Loyal Customers
22723,Bethany Brown,91,8,21853,0,4,5,5,14,455,Champions
22724,Douglas Fox,55,8,26924,0,5,5,5,15,555,Champions
22727,Gerald Jennings,116,6,16928,0,4,4,4,12,444,Champions
22732,Katrina Moses,165,8,22435,0,3,5,5,13,355,Loyal Customers
22733,Brandon Bell,9,5,15021,1,5,3,4,12,534,Potential Loyalists
22734,Michelle Knox,169,8,23011,1,3,5,5,13,355,Loyal Customers
22735,Emily Erickson,316,9,25062,0,2,5,5,12,255,At Risk
22739,Raymond Craig,214,7,22561,0,3,5,5,13,355,Loyal Customers
22747,Joe Hampton,63,7,13642,0,4,5,3,12,453,Loyal Customers
22752,Blake Hale,67,11,27149,0,4,5,5,14,455,Champions
22755,Dustin Baker,11,5,16517,0,5,3,4,12,534,Potential Loyalists
22760,Rebecca Brown,325,7,23124,0,2,5,5,12,255,At Risk
22761,Caleb Wheeler,72,7,20977,0,4,5,5,14,455,Champions
22762,Donald Johnson,34,7,21551,0,5,5,5,15,555,Champions
22765,Emily Carpenter,193,7,23272,0,3,5,5,13,355,Loyal Customers
22766,Thomas Ford,50,5,15837,1,5,3,4,12,534,Potential Loyalists
22768,Mr. Luis Lyons,104,7,20335,0,4,5,5,14,455,Champions
22770,Danielle Park,317,8,22858,1,2,5,5,12,255,At Risk
22774,Sharon Patton,6,6,16339,0,5,4,4,13,544,Champions
22775,Jason Sanchez,21,9,26374,1,5,5,5,15,555,Champions
22779,Sarah Wright,90,6,15939,0,4,4,4,12,444,Champions
22780,Sandra Cooper,12,9,22725,0,5,5,5,15,555,Champions
22784,Michael Pacheco,2,5,15586,0,5,3,4,12,534,Potential Loyalists
22785,William Wang,407,9,23514,0,2,5,5,12,255,At Risk
22786,Timothy Rivera,218,6,21572,0,3,4,5,12,345,Loyal Customers
22787,Nicholas Smith,256,9,19297,0,2,5,5,12,255,At Risk
22789,Destiny Hamilton,110,6,18466,0,4,4,4,12,444,Champions
22794,James Gray,12,5,18654,0,5,3,4,12,534,Potential Loyalists
22801,Ebony Soto,315,8,24080,0,2,5,5,12,255,At Risk
22804,Anita Mejia,38,10,31763,0,5,5,5,15,555,Champions
22812,Jessica Barnes,5,8,22417,0,5,5,5,15,555,Champions
22815,Colleen Nelson,29,8,26629,1,5,5,5,15,555,Champions
22816,Paige Ramos,62,9,27299,1,4,5,5,14,455,Champions
22817,Colleen Rhodes,34,6,18492,0,5,4,4,13,544,Champions
22824,Tony Meyer,7,11,30726,0,5,5,5,15,555,Champions
22838,Rebecca Riley,77,7,17450,0,4,5,4,13,454,Champions
22839,Nicholas Lee,47,6,17444,0,5,4,4,13,544,Champions
22843,Scott Bailey,337,8,22352,0,2,5,5,12,255,At Risk
22844,Joseph Baker,51,6,16238,0,5,4,4,13,544,Champions
22848,Crystal Mendez,18,8,22597,0,5,5,5,15,555,Champions
22851,William Armstrong,315,9,25158,0,2,5,5,12,255,At Risk
22854,Lauren Reed,76,6,24355,1,4,4,5,13,445,Champions
22860,Jennifer Cardenas,125,10,31178,0,4,5,5,14,455,Champions
22863,Diana Boyd,47,11,34720,0,5,5,5,15,555,Champions
22869,Manuel Ward,133,9,23315,0,4,5,5,14,455,Champions
22875,Samantha Bender,87,7,14072,0,4,5,3,12,453,Loyal Customers
22879,William Osborne,3,8,21651,0,5,5,5,15,555,Champions
22880,Robert King,177,7,19815,0,3,5,5,13,355,Loyal Customers
22881,Anthony Owen,7,7,21131,1,5,5,5,15,555,Champions
22884,Bonnie Davis,77,7,18475,0,4,5,4,13,454,Champions
22886,Cynthia Burke,193,6,21286,1,3,4,5,12,345,Loyal Customers
22887,Kayla Hubbard,13,7,20968,1,5,5,5,15,555,Champions
22896,Jeffery Spencer,9,8,15152,0,5,5,4,14,554,Champions
22899,Robin Brown,127,7,21340,0,4,5,5,14,455,Champions
22908,Sarah Walters,345,8,25300,0,2,5,5,12,255,At Risk
22910,Peggy Brewer,58,6,12695,0,5,4,3,12,543,Loyal Customers
22922,William Williams,72,7,14513,0,4,5,3,12,453,Loyal Customers
22927,Samantha Peters,6,7,18101,0,5,5,4,14,554,Champions
22930,Jacob Russell,1,10,27598,0,5,5,5,15,555,Champions
22934,Jessica Terry,65,9,24164,0,4,5,5,14,455,Champions
22935,David Taylor,286,7,19889,0,2,5,5,12,255,At Risk
22939,Patrick Perez,11,9,23415,0,5,5,5,15,555,Champions
22940,Jennifer White,14,12,31207,1,5,5,5,15,555,Champions
22941,Mark Hoover,53,8,16252,0,5,5,4,14,554,Champions
22942,Sara Davenport,120,6,16951,1,4,4,4,12,444,Champions
22946,Shannon Gonzalez,2,6,13614,0,5,4,3,12,543,Loyal Customers
22948,Timothy Campbell,110,8,19284,0,4,5,5,14,455,Champions
22949,Brandon Smith,272,8,19805,0,2,5,5,12,255,At Risk
22950,Christopher Moore,2,5,15454,0,5,3,4,12,534,Potential Loyalists
22953,Reginald Lee,133,8,22148,0,4,5,5,14,455,Champions
22958,Kelly Hernandez,167,7,21634,0,3,5,5,13,355,Loyal Customers
22968,Juan Vazquez,4,7,24884,0,5,5,5,15,555,Champions
22972,Tina Wright,28,9,22685,0,5,5,5,15,555,Champions
22973,Casey Melton,109,10,28070,0,4,5,5,14,455,Champions
22975,Kimberly Gonzalez,100,6,15892,0,4,4,4,12,444,Champions
22977,Benjamin Harris,234,8,24932,0,3,5,5,13,355,Loyal Customers
22979,Linda Williams,191,7,17853,0,3,5,4,12,354,Loyal Customers
22984,Emily Murphy,28,8,22371,0,5,5,5,15,555,Champions
22995,Kristina Hill,134,8,27269,0,4,5,5,14,455,Champions
23001,Christina Harding,202,8,16740,1,3,5,4,12,354,Loyal Customers
23005,Joseph Taylor,82,7,17857,0,4,5,4,13,454,Champions
23007,Patrick Hanson,48,7,16584,0,5,5,4,14,554,Champions
23009,Tiffany Jarvis,206,7,20057,1,3,5,5,13,355,Loyal Customers
23018,Edwin Bean,15,7,12261,0,5,5,3,13,553,Loyal Customers
23020,Randy Morales,17,7,16162,1,5,5,4,14,554,Champions
23023,David Hernandez,81,8,15590,0,4,5,4,13,454,Champions
23024,Michele Ramos,38,5,19246,0,5,3,4,12,534,Potential Loyalists
23030,Morgan Evans,39,8,21145,0,5,5,5,15,555,Champions
23031,Keith Kim,281,8,23442,0,2,5,5,12,255,At Risk
23034,Ricky Ramirez,161,6,22670,0,3,4,5,12,345,Loyal Customers
23036,Richard Peterson,241,6,22406,0,3,4,5,12,345,Loyal Customers
23037,Karen Sanchez,26,9,26033,1,5,5,5,15,555,Champions
23039,Krista Butler,333,7,20327,0,2,5,5,12,255,At Risk
23040,David Chen,33,7,19297,0,5,5,5,15,555,Champions
23043,Nicole Mcdonald,75,7,17125,1,4,5,4,13,454,Champions
23044,David Campbell,179,8,16552,0,3,5,4,12,354,Loyal Customers
23045,James Christian,116,9,26001,0,4,5,5,14,455,Champions
23048,Terry Osborne,206,12,23905,0,3,5,5,13,355,Loyal Customers
23051,Ashley Perez,394,9,31266,0,2,5,5,12,255,At Risk
23059,Cody Kennedy,107,6,19270,0,4,4,4,12,444,Champions
23068,Kara Watson,65,7,15060,0,4,5,4,13,454,Champions
23081,Jesse Allen,15,8,27855,0,5,5,5,15,555,Champions
23083,Susan Martin,37,5,16197,1,5,3,4,12,534,Potential Loyalists
23086,Jeanette Smith,188,7,18825,0,3,5,4,12,354,Loyal Customers
23087,Rhonda Davis,116,8,18913,0,4,5,4,13,454,Champions
23093,Sara Lewis,86,8,22150,0,4,5,5,14,455,Champions
23094,Sara Ellis,76,9,20610,0,4,5,5,14,455,Champions
23099,Michael Taylor,51,10,31147,0,5,5,5,15,555,Champions
23100,Shane Kim,40,7,23440,0,5,5,5,15,555,Champions
23101,Brandon Sweeney,119,9,29090,0,4,5,5,14,455,Champions
23103,Pamela Medina,62,8,14152,0,4,5,3,12,453,Loyal Customers
23107,Brenda Pugh,107,8,30142,0,4,5,5,14,455,Champions
23108,John Williams,1,11,24328,0,5,5,5,15,555,Champions
23111,Patricia Jensen,111,8,22494,1,4,5,5,14,455,Champions
23113,Jennifer Lin,67,7,19190,1,4,5,4,13,454,Champions
23123,Jason Murphy,111,6,15122,1,4,4,4,12,444,Champions
23127,Melissa Camacho,129,8,18237,0,4,5,4,13,454,Champions
23128,Sarah Williams,50,5,15722,0,5,3,4,12,534,Potential Loyalists
23129,Cindy Arias,131,6,19674,0,4,4,5,13,445,Champions
23131,Daniel Carey,130,8,22311,1,4,5,5,14,455,Champions
23141,Glenn Maldonado,147,8,19183,0,3,5,4,12,354,Loyal Customers
23143,Joseph Massey,88,8,22532,0,4,5,5,14,455,Champions
23146,Dr. John Turner II,76,9,30601,0,4,5,5,14,455,Champions
23149,Tony Romero,30,5,15254,0,5,3,4,12,534,Potential Loyalists
23151,Brandon Meyer,98,8,23154,1,4,5,5,14,455,Champions
23160,Scott Gonzales,50,9,30760,0,5,5,5,15,555,Champions
23162,Leonard Phillips,229,7,18798,0,3,5,4,12,354,Loyal Customers
23164,Jon Glenn DDS,31,8,20985,0,5,5,5,15,555,Champions
23173,Brenda Pena,219,7,23302,0,3,5,5,13,355,Loyal Customers
23176,Jacob Sanders DDS,33,7,24760,0,5,5,5,15,555,Champions
23180,Katherine Owen,65,8,16122,0,4,5,4,13,454,Champions
23186,Amber Williams,49,7,18741,0,5,5,4,14,554,Champions
23192,Kimberly Matthews,19,8,25027,0,5,5,5,15,555,Champions
23195,Aaron Santana,237,7,18321,1,3,5,4,12,354,Loyal Customers
23197,Jaime Smith,186,11,23020,1,3,5,5,13,355,Loyal Customers
23198,Mr. Ryan Paul,264,9,29602,1,2,5,5,12,255,At Risk
23205,William Chavez,108,7,22185,0,4,5,5,14,455,Champions
23209,Anthony Sanchez,262,9,28532,0,2,5,5,12,255,At Risk
23210,Madison Lee,54,7,16106,1,5,5,4,14,554,Champions
23221,Travis Jordan,40,7,17183,0,5,5,4,14,554,Champions
23225,Shannon Hansen,27,7,21467,0,5,5,5,15,555,Champions
23232,Charles Lopez,26,6,16683,0,5,4,4,13,544,Champions
23245,Brandon Howe,188,8,21460,0,3,5,5,13,355,Loyal Customers
23249,Michael Tucker,3,8,20315,0,5,5,5,15,555,Champions
23250,Linda Anderson,174,7,16744,1,3,5,4,12,354,Loyal Customers
23251,Jeffery Guerra,37,5,14996,0,5,3,4,12,534,Potential Loyalists
23254,Kenneth Griffith,31,6,18119,0,5,4,4,13,544,Champions
23262,Russell Gomez,19,8,22024,1,5,5,5,15,555,Champions
23265,Christopher Ramos,11,7,19364,0,5,5,5,15,555,Champions
23271,Kyle Brown,101,9,33999,0,4,5,5,14,455,Champions
23274,Samantha Smith,60,11,23818,0,4,5,5,14,455,Champions
23276,Peter Henry,58,6,19235,0,5,4,4,13,544,Champions
23279,Nicholas Rice,172,11,21472,1,3,5,5,13,355,Loyal Customers
23281,Janet Taylor,175,7,19654,0,3,5,5,13,355,Loyal Customers
23283,Jason Smith,67,8,18289,0,4,5,4,13,454,Champions
23289,Michael Burns,337,7,21109,0,2,5,5,12,255,At Risk
23290,Reginald Allen,421,8,22105,1,2,5,5,12,255,At Risk
23291,William Rocha,9,8,30645,0,5,5,5,15,555,Champions
23292,Carlos Mckenzie,322,8,22190,0,2,5,5,12,255,At Risk
23298,Cassandra Romero,100,7,22652,0,4,5,5,14,455,Champions
23299,Antonio Thompson,74,8,22875,1,4,5,5,14,455,Champions
23304,Jason Willis,234,7,15124,0,3,5,4,12,354,Loyal Customers
23306,Derek Cook,263,7,19950,0,2,5,5,12,255,At Risk
23310,Kevin Bush,44,7,16134,1,5,5,4,14,554,Champions
23311,Pamela Robertson,193,8,17389,0,3,5,4,12,354,Loyal Customers
23322,Patricia Thompson,1,9,26442,0,5,5,5,15,555,Champions
23325,Allison Sparks,176,6,23531,0,3,4,5,12,345,Loyal Customers
23327,Michael Murray,48,5,18971,0,5,3,4,12,534,Potential Loyalists
23333,Abigail Norris,111,6,19369,0,4,4,5,13,445,Champions
23336,Ashley Delacruz,288,8,20360,0,2,5,5,12,255,At Risk
23337,Ruth Duncan,43,7,23305,1,5,5,5,15,555,Champions
23340,Nina Moss,10,8,23468,0,5,5,5,15,555,Champions
23343,Jessica Olson,246,7,21011,1,2,5,5,12,255,At Risk
23344,Brittany Leach,98,7,18934,0,4,5,4,13,454,Champions
23350,Jonathan Mcbride,148,7,24012,0,3,5,5,13,355,Loyal Customers
23363,Timothy Woods,97,7,19368,0,4,5,5,14,455,Champions
23364,Nathaniel Griffith,354,8,21593,0,2,5,5,12,255,At Risk
23366,Antonio Stewart,53,11,24342,0,5,5,5,15,555,Champions
23370,Donna Smith,58,6,15319,0,5,4,4,13,544,Champions
23371,Sheila Olsen,41,5,19576,0,5,3,5,13,535,Potential Loyalists
23372,Jacob White,46,7,11699,0,5,5,3,13,553,Loyal Customers
23375,Marco Medina,8,9,21078,0,5,5,5,15,555,Champions
23377,Rhonda Martin,45,7,27592,0,5,5,5,15,555,Champions
23392,Colleen Gilbert,319,8,20853,0,2,5,5,12,255,At Risk
23396,Debbie Gallegos,18,10,37430,0,5,5,5,15,555,Champions
23397,Frances Jones DVM,125,8,21722,0,4,5,5,14,455,Champions
23407,Jessica Faulkner,54,9,26898,0,5,5,5,15,555,Champions
23412,Victor Hall,7,8,18423,1,5,5,4,14,554,Champions
23414,Sharon Reyes,36,6,19648,0,5,4,5,14,545,Champions
23417,Hayden Gardner,97,9,17156,0,4,5,4,13,454,Champions
23421,Michele Roach,94,9,22071,0,4,5,5,14,455,Champions
23422,Matthew Brooks,89,10,28875,0,4,5,5,14,455,Champions
23439,Mr. Adam Carson,190,7,20789,0,3,5,5,13,355,Loyal Customers
23442,Christian Manning,27,8,29931,0,5,5,5,15,555,Champions
23443,Brandon Jordan,114,6,15802,0,4,4,4,12,444,Champions
23444,Joel Doyle,237,8,22375,0,3,5,5,13,355,Loyal Customers
23445,Craig Buchanan,204,7,23641,0,3,5,5,13,355,Loyal Customers
23446,Keith Green,104,12,27100,1,4,5,5,14,455,Champions
23450,Sarah Salazar,100,11,25108,0,4,5,5,14,455,Champions
23460,Beth Arnold,21,7,10686,0,5,5,2,12,552,Potential Loyalists
23466,Robert Mendoza,238,6,23307,1,3,4,5,12,345,Loyal Customers
23471,Anthony Wheeler,45,8,22731,0,5,5,5,15,555,Champions
23473,Erin Wilson,7,7,12055,0,5,5,3,13,553,Loyal Customers
23474,Douglas Dennis,269,9,32048,0,2,5,5,12,255,At Risk
23475,Rickey Morgan,209,8,26562,0,3,5,5,13,355,Loyal Customers
23476,Eugene Hanson,61,7,14340,0,4,5,3,12,453,Loyal Customers
23481,Jennifer Aguilar,31,7,22965,0,5,5,5,15,555,Champions
23483,Jesse Stone,52,7,13745,0,5,5,3,13,553,Loyal Customers
23488,Kayla Martinez MD,104,6,19879,0,4,4,5,13,445,Champions
23489,Mr. Daniel Hernandez,109,7,21449,0,4,5,5,14,455,Champions
23490,Lindsay Nguyen,22,8,17505,0,5,5,4,14,554,Champions
23492,David Young,88,6,18419,0,4,4,4,12,444,Champions
23498,Becky Smith,259,7,20315,0,2,5,5,12,255,At Risk
23500,Shirley Walker,44,5,15777,0,5,3,4,12,534,Potential Loyalists
23502,Jake Wright,25,8,17327,0,5,5,4,14,554,Champions
23505,Rachel Hansen,2,9,30221,0,5,5,5,15,555,Champions
23510,James Medina,187,7,20469,0,3,5,5,13,355,Loyal Customers
23522,Isaiah Ford,83,7,20755,0,4,5,5,14,455,Champions
23528,Patrick Maynard,134,7,17041,0,4,5,4,13,454,Champions
23529,James Reynolds,175,7,20286,0,3,5,5,13,355,Loyal Customers
23538,Katherine Perry,131,10,27330,0,4,5,5,14,455,Champions
23542,Maria Sanchez,73,7,26345,0,4,5,5,14,455,Champions
23543,Jessica Jordan,14,5,15892,0,5,3,4,12,534,Potential Loyalists
23544,Antonio Johnson,15,7,24292,1,5,5,5,15,555,Champions
23545,Jessica Diaz,23,9,32233,0,5,5,5,15,555,Champions
23546,Jack Wilson,133,12,36235,0,4,5,5,14,455,Champions
23548,Brian Hardy,61,5,19661,1,4,3,5,12,435,Potential Loyalists
23549,Nicole Palmer,99,6,14971,1,4,4,4,12,444,Champions
23552,Susan Mckenzie,6,8,25109,1,5,5,5,15,555,Champions
23554,Brian Santos,15,7,18407,0,5,5,4,14,554,Champions
23556,Tammie Woodward,2,6,14531,0,5,4,3,12,543,Loyal Customers
23561,Matthew Owens,81,6,18272,1,4,4,4,12,444,Champions
23568,Stacey Martinez,280,7,23044,1,2,5,5,12,255,At Risk
23574,Mark Brown,107,6,21332,0,4,4,5,13,445,Champions
23578,Tyler Lopez,36,6,20661,0,5,4,5,14,545,Champions
23583,John Harper MD,93,7,18401,0,4,5,4,13,454,Champions
23585,James Kane,101,7,27330,1,4,5,5,14,455,Champions
23586,Dennis Rose,203,7,18052,0,3,5,4,12,354,Loyal Customers
23588,Miranda Doyle,40,8,32689,0,5,5,5,15,555,Champions
23599,Gregory Ward,60,8,26708,0,4,5,5,14,455,Champions
23604,Sharon Taylor,164,8,22652,1,3,5,5,13,355,Loyal Customers
23608,Erica Campbell,54,9,17969,0,5,5,4,14,554,Champions
23619,Veronica Griffith,38,6,13155,0,5,4,3,12,543,Loyal Customers
23627,Ryan West,9,10,31758,0,5,5,5,15,555,Champions
23629,Mr. Raymond Ball,60,7,21525,0,4,5,5,14,455,Champions
23632,Emily Bonilla,407,9,21903,0,2,5,5,12,255,At Risk
23635,Kathleen Hart,205,7,20947,0,3,5,5,13,355,Loyal Customers
23637,Rachel White,98,8,22065,1,4,5,5,14,455,Champions
23641,Hailey Scott,63,7,15978,0,4,5,4,13,454,Champions
23644,Michael Parks,46,7,15845,0,5,5,4,14,554,Champions
23646,Kelly Gould,54,5,21168,1,5,3,5,13,535,Potential Loyalists
23653,Laura Shaffer,161,11,29973,0,3,5,5,13,355,Loyal Customers
23658,Wanda Charles,40,8,22096,0,5,5,5,15,555,Champions
23663,Sean Schmidt,37,11,28017,0,5,5,5,15,555,Champions
23667,Robert Sandoval,192,7,17129,0,3,5,4,12,354,Loyal Customers
23668,Shawn Daniels,156,7,16553,0,3,5,4,12,354,Loyal Customers
23674,Jessica Wilson,35,8,12629,0,5,5,3,13,553,Loyal Customers
23676,Roger Gilbert,362,7,19994,0,2,5,5,12,255,At Risk
23677,Roger Roth,138,8,15541,0,3,5,4,12,354,Loyal Customers
23681,John Strickland,38,7,23870,1,5,5,5,15,555,Champions
23685,Kelli Lopez,32,7,20339,1,5,5,5,15,555,Champions
23687,Maria Caldwell,283,8,22411,0,2,5,5,12,255,At Risk
23688,Jose Fleming,212,7,21010,1,3,5,5,13,355,Loyal Customers
23694,Christopher Nguyen,229,8,23886,0,3,5,5,13,355,Loyal Customers
23695,Jeremy Morrow,113,8,17306,0,4,5,4,13,454,Champions
23699,Anna Morton,226,8,25404,1,3,5,5,13,355,Loyal Customers
23704,Brandi Chapman,4,6,12251,1,5,4,3,12,543,Loyal Customers
23707,Abigail Small,262,8,27203,0,2,5,5,12,255,At Risk
23708,Steven Williams,111,9,30250,1,4,5,5,14,455,Champions
23712,Tammy Moore,14,11,28375,0,5,5,5,15,555,Champions
23716,Charles Camacho,227,10,22779,0,3,5,5,13,355,Loyal Customers
23719,Deanna Lawson,17,8,21859,0,5,5,5,15,555,Champions
23721,Angela Ferrell,26,9,27161,0,5,5,5,15,555,Champions
23724,Tammy Ochoa,36,10,26926,1,5,5,5,15,555,Champions
23725,Elizabeth Nelson,25,7,14373,0,5,5,3,13,553,Loyal Customers
23727,Thomas Murphy,294,7,19687,0,2,5,5,12,255,At Risk
23734,John Matthews,139,7,16085,0,3,5,4,12,354,Loyal Customers
23738,Mark Watson,112,6,19586,0,4,4,5,13,445,Champions
23746,Christopher Hobbs,19,10,22840,1,5,5,5,15,555,Champions
23749,Tammy Dominguez,49,5,20820,0,5,3,5,13,535,Potential Loyalists
23753,Aaron Wilson,212,6,20923,1,3,4,5,12,345,Loyal Customers
23757,Sarah Vance,42,7,22704,0,5,5,5,15,555,Champions
23758,Kimberly Clark,313,7,19997,0,2,5,5,12,255,At Risk
23760,Shaun Berry,46,5,16318,1,5,3,4,12,534,Potential Loyalists
23773,Jesse Shepard,38,9,23463,0,5,5,5,15,555,Champions
23775,Nathan Crane,364,8,22304,0,2,5,5,12,255,At Risk
23779,Kelly Lawrence,27,8,29150,0,5,5,5,15,555,Champions
23784,Stephanie Skinner,34,8,23491,0,5,5,5,15,555,Champions
23789,Bobby Rogers,47,6,23125,1,5,4,5,14,545,Champions
23791,Lisa Welch,17,7,17464,0,5,5,4,14,554,Champions
23802,Michelle Schwartz,79,8,26093,0,4,5,5,14,455,Champions
23810,Logan Ellis,134,6,19158,0,4,4,4,12,444,Champions
23811,Victoria Welch,221,8,24979,0,3,5,5,13,355,Loyal Customers
23814,Danielle Walker,139,6,21941,0,3,4,5,12,345,Loyal Customers
23815,Michael Hernandez,108,8,21809,0,4,5,5,14,455,Champions
23818,Michael Porter,31,8,21767,1,5,5,5,15,555,Champions
23819,Amber Richards,86,6,15889,0,4,4,4,12,444,Champions
23821,Melissa Hancock,40,8,17414,0,5,5,4,14,554,Champions
23823,Christopher Black,18,11,33026,0,5,5,5,15,555,Champions
23827,Sally Robinson,103,9,28395,0,4,5,5,14,455,Champions
23830,Brian Bond,47,7,19719,0,5,5,5,15,555,Champions
23833,Michael Johnson,242,7,22087,0,3,5,5,13,355,Loyal Customers
23834,Brendan Sullivan,46,7,21466,0,5,5,5,15,555,Champions
23836,Melanie Cameron,77,8,22579,0,4,5,5,14,455,Champions
23840,Tammy Clark,148,6,20465,0,3,4,5,12,345,Loyal Customers
23841,Aaron Wilson,216,7,23622,0,3,5,5,13,355,Loyal Customers
23845,Todd Armstrong,65,6,17420,0,4,4,4,12,444,Champions
23849,Maria Franco,1,7,23458,0,5,5,5,15,555,Champions
23851,Brittney Johnson,31,9,27669,0,5,5,5,15,555,Champions
23852,Derrick Williams,350,7,21007,0,2,5,5,12,255,At Risk
23854,Kaylee Mitchell,33,8,28718,0,5,5,5,15,555,Champions
23855,Mia Wilson,104,6,19838,0,4,4,5,13,445,Champions
23861,Amber Hale,23,8,19483,0,5,5,5,15,555,Champions
23864,Cynthia Martin,58,6,17138,0,5,4,4,13,544,Champions
23880,Jordan Mcintyre,209,11,19528,0,3,5,5,13,355,Loyal Customers
23881,Richard Thompson,33,5,17419,0,5,3,4,12,534,Potential Loyalists
23884,Sarah Smith,37,7,21648,0,5,5,5,15,555,Champions
23885,Spencer Huang,66,9,19125,1,4,5,4,13,454,Champions
23888,Tracy Clark,133,7,21538,0,4,5,5,14,455,Champions
23889,Shannon Buchanan,6,6,13459,0,5,4,3,12,543,Loyal Customers
23891,Jennifer Shaw,155,9,30615,0,3,5,5,13,355,Loyal Customers
23893,Christopher Munoz,298,7,24184,1,2,5,5,12,255,At Risk
23896,Eric West,148,7,18373,0,3,5,4,12,354,Loyal Customers
23901,Hannah Macdonald,28,7,12572,0,5,5,3,13,553,Loyal Customers
23907,Dawn Maldonado,105,6,21879,0,4,4,5,13,445,Champions
23909,Melissa West,342,8,25199,0,2,5,5,12,255,At Risk
23911,Amy Avery,7,10,26858,1,5,5,5,15,555,Champions
23912,Jessica Mathis,113,9,23356,0,4,5,5,14,455,Champions
23913,Kendra Peterson,35,6,13554,0,5,4,3,12,543,Loyal Customers
23916,Rebecca Williams,52,8,25494,0,5,5,5,15,555,Champions
23922,Donald Wilson,154,6,19327,1,3,4,5,12,345,Loyal Customers
23931,Robert Beck,367,9,19435,0,2,5,5,12,255,At Risk
23934,Taylor Bass,187,7,16834,0,3,5,4,12,354,Loyal Customers
23938,Christy Hale,121,8,24095,1,4,5,5,14,455,Champions
23939,Brittany Nguyen,147,8,20995,0,3,5,5,13,355,Loyal Customers
23948,Natalie Davis,17,7,21510,0,5,5,5,15,555,Champions
23951,Michael Bradley,82,9,23714,0,4,5,5,14,455,Champions
23954,Paula Lynch,43,12,23411,0,5,5,5,15,555,Champions
23965,Douglas Lopez,171,8,20552,0,3,5,5,13,355,Loyal Customers
23969,Dr. Marissa Mathis,135,8,13539,0,4,5,3,12,453,Loyal Customers
23971,Michael Watts,86,6,18347,0,4,4,4,12,444,Champions
23972,Jonathan Reid,143,6,23061,1,3,4,5,12,345,Loyal Customers
23976,Donna Mora,94,6,17006,0,4,4,4,12,444,Champions
23978,Jennifer Williams,6,12,30150,0,5,5,5,15,555,Champions
23986,Elaine Lam,184,7,18551,0,3,5,4,12,354,Loyal Customers
23987,Hunter Newman,56,8,19166,0,5,5,4,14,554,Champions
23989,Christopher Payne,18,10,28963,0,5,5,5,15,555,Champions
23991,Steven Collier,35,6,16045,0,5,4,4,13,544,Champions
23999,Tonya Walker,3,6,15696,0,5,4,4,13,544,Champions
24000,Brett Heath,122,10,30157,0,4,5,5,14,455,Champions
24003,Peggy Lewis,23,10,25849,1,5,5,5,15,555,Champions
24013,Jason Johnson,94,7,22302,1,4,5,5,14,455,Champions
24017,Paula Oliver,76,6,20705,0,4,4,5,13,445,Champions
24021,Cody Johnson,92,6,16468,0,4,4,4,12,444,Champions
24022,William Jarvis MD,36,8,16914,0,5,5,4,14,554,Champions
24023,Bryan Bates,102,7,24166,1,4,5,5,14,455,Champions
24026,Lori Miller,185,7,16620,1,3,5,4,12,354,Loyal Customers
24030,Shawn Davis,3,7,20130,0,5,5,5,15,555,Champions
24037,Joseph Tran,100,6,18418,0,4,4,4,12,444,Champions
24038,Anna Clark,13,6,16707,0,5,4,4,13,544,Champions
24040,Michelle Rogers,30,8,22157,0,5,5,5,15,555,Champions
24043,Kimberly Jones,45,6,20585,0,5,4,5,14,545,Champions
24048,Ashley Davenport,135,7,20910,0,4,5,5,14,455,Champions
24052,Paige Powell MD,42,7,18197,0,5,5,4,14,554,Champions
24053,Mary Neal,115,8,26953,0,4,5,5,14,455,Champions
24056,Juan Olsen,25,6,22308,0,5,4,5,14,545,Champions
24062,Elizabeth Robinson,93,9,24326,0,4,5,5,14,455,Champions
24067,Donald Barnett,25,6,17191,0,5,4,4,13,544,Champions
24071,Jeremy Schroeder,246,11,31395,0,2,5,5,12,255,At Risk
24073,Kathleen Torres,124,7,29408,0,4,5,5,14,455,Champions
24074,Philip Brandt,165,9,28143,0,3,5,5,13,355,Loyal Customers
24077,Ashley Sims,47,5,17564,0,5,3,4,12,534,Potential Loyalists
24079,Charles Martin,166,8,24980,0,3,5,5,13,355,Loyal Customers
24081,Jacob Stewart,46,11,34345,1,5,5,5,15,555,Champions
24082,Stephanie Fields,103,6,19919,0,4,4,5,13,445,Champions
24087,Sheila Rodriguez,34,8,17565,0,5,5,4,14,554,Champions
24088,Andrea Perez,389,7,26003,0,2,5,5,12,255,At Risk
24090,Logan Scott,269,12,28662,0,2,5,5,12,255,At Risk
24091,Joseph Lane,97,7,17033,0,4,5,4,13,454,Champions
24096,Zachary Bradley,221,7,23544,1,3,5,5,13,355,Loyal Customers
24099,Teresa Schultz,335,8,23039,0,2,5,5,12,255,At Risk
24102,Jennifer Kim,211,8,24254,0,3,5,5,13,355,Loyal Customers
24104,Christopher Frederick,81,7,15721,0,4,5,4,13,454,Champions
24107,Cody Taylor,238,7,20723,0,3,5,5,13,355,Loyal Customers
24111,Lawrence Hendrix,40,9,28634,0,5,5,5,15,555,Champions
24115,Brandon Hoffman,67,9,17574,0,4,5,4,13,454,Champions
24117,Katelyn Lewis,8,6,14997,0,5,4,4,13,544,Champions
24120,Jerry Richardson,200,7,14923,0,3,5,4,12,354,Loyal Customers
24122,Richard Lowery,268,7,22553,0,2,5,5,12,255,At Risk
24123,David Moore,127,7,23033,0,4,5,5,14,455,Champions
24131,Andrew Hayes,51,11,20815,0,5,5,5,15,555,Champions
24135,Lauren Lopez,28,13,38315,1,5,5,5,15,555,Champions
24138,Zachary Roberts,360,7,24102,0,2,5,5,12,255,At Risk
24143,Renee Mccann,76,10,28205,0,4,5,5,14,455,Champions
24147,Rachel Jennings,30,6,14615,0,5,4,3,12,543,Loyal Customers
24148,Trevor Howard,69,8,22551,0,4,5,5,14,455,Champions
24150,Michelle Lee,63,8,28638,0,4,5,5,14,455,Champions
24151,Steven Thomas,31,8,21404,1,5,5,5,15,555,Champions
24154,Cindy Thomas,298,8,23429,1,2,5,5,12,255,At Risk
24158,Jesus Strong,132,8,25041,0,4,5,5,14,455,Champions
24169,Jeanette Anderson,89,7,21751,0,4,5,5,14,455,Champions
24170,Mariah Washington,16,6,15460,1,5,4,4,13,544,Champions
24173,Mark Moore,40,8,22906,0,5,5,5,15,555,Champions
24180,Mary Martin,124,10,28533,0,4,5,5,14,455,Champions
24188,Nicole Velasquez,97,10,26624,0,4,5,5,14,455,Champions
24189,Alice Taylor,80,6,20887,0,4,4,5,13,445,Champions
24199,Rose Pierce,41,11,23485,0,5,5,5,15,555,Champions
24201,Cheryl Knight,127,13,38048,1,4,5,5,14,455,Champions
24218,Brenda Morgan,143,7,17974,0,3,5,4,12,354,Loyal Customers
24221,Elizabeth Edwards,82,9,28395,0,4,5,5,14,455,Champions
24233,Christopher Guzman,221,7,14812,0,3,5,4,12,354,Loyal Customers
24235,Mr. Richard Nelson,2,7,19273,0,5,5,4,14,554,Champions
24239,Stephanie Harris,255,9,32671,0,2,5,5,12,255,At Risk
24241,Jacob Walker,0,7,14779,0,5,5,3,13,553,Loyal Customers
24243,Wendy Davis,93,8,23605,0,4,5,5,14,455,Champions
24250,Gabriella Wright,129,9,22917,0,4,5,5,14,455,Champions
24257,Jean Romero,67,7,27872,0,4,5,5,14,455,Champions
24260,Linda Williams,359,12,22782,0,2,5,5,12,255,At Risk
24265,Shelia Sutton,204,7,18474,0,3,5,4,12,354,Loyal Customers
24266,Rodney Jackson,377,7,25019,0,2,5,5,12,255,At Risk
24268,Samuel Harris,132,7,22498,0,4,5,5,14,455,Champions
24269,Dominique Newton,111,6,17649,0,4,4,4,12,444,Champions
24272,Charles Davis,17,6,18359,0,5,4,4,13,544,Champions
24273,Jason Salazar,50,7,18386,0,5,5,4,14,554,Champions
24275,Monique Hall,77,9,20303,0,4,5,5,14,455,Champions
24285,Amy Ruiz,204,7,19650,0,3,5,5,13,355,Loyal Customers
24290,Angela Hunter,102,7,19788,0,4,5,5,14,455,Champions
24292,Jessica Austin,172,7,20697,0,3,5,5,13,355,Loyal Customers
24293,Justin Howard,51,9,19074,1,5,5,4,14,554,Champions
24294,Tony Gonzalez,150,8,21693,0,3,5,5,13,355,Loyal Customers
24299,Timothy Johnson,218,8,28125,1,3,5,5,13,355,Loyal Customers
24300,James Prince,34,6,18247,0,5,4,4,13,544,Champions
24304,Cynthia Jones,7,6,14462,1,5,4,3,12,543,Loyal Customers
24308,Ronald Carney,13,8,17566,0,5,5,4,14,554,Champions
24312,Danielle Boone,0,8,20338,0,5,5,5,15,555,Champions
24316,Jessica Curry,56,12,33162,1,5,5,5,15,555,Champions
24318,William Webster,317,7,22443,1,2,5,5,12,255,At Risk
24323,Steven Pearson,158,7,20650,0,3,5,5,13,355,Loyal Customers
24324,Todd Torres,26,7,15930,0,5,5,4,14,554,Champions
24326,Willie Miller,32,7,21212,0,5,5,5,15,555,Champions
24327,Kimberly Fischer,69,7,19126,0,4,5,4,13,454,Champions
24331,Heather Mendoza,178,7,22413,0,3,5,5,13,355,Loyal Customers
24337,Jennifer Fernandez,321,7,23733,0,2,5,5,12,255,At Risk
24340,Michael Coleman,191,7,21507,1,3,5,5,13,355,Loyal Customers
24345,Brad Edwards,22,7,13950,1,5,5,3,13,553,Loyal Customers
24346,Rodney Young,17,6,13093,0,5,4,3,12,543,Loyal Customers
24352,Michael Edwards,215,6,19482,0,3,4,5,12,345,Loyal Customers
24355,Brian Ortega,279,9,30209,0,2,5,5,12,255,At Risk
24359,Kevin Coleman,116,7,20757,0,4,5,5,14,455,Champions
24360,Dominique Payne,22,6,20382,0,5,4,5,14,545,Champions
24361,Katie Meyer,21,7,23505,0,5,5,5,15,555,Champions
24362,Tamara Ray,35,5,16222,0,5,3,4,12,534,Potential Loyalists
24365,Jamie Williams,5,5,15011,1,5,3,4,12,534,Potential Loyalists
24366,William Gonzalez,22,10,28881,0,5,5,5,15,555,Champions
24370,Nicholas Martinez,50,6,16633,0,5,4,4,13,544,Champions
24375,Nicholas Turner,45,6,22131,1,5,4,5,14,545,Champions
24379,Aaron Ford,13,7,18303,0,5,5,4,14,554,Champions
24384,Jake Miller,162,11,38120,0,3,5,5,13,355,Loyal Customers
24389,Michael Jones,35,9,26159,0,5,5,5,15,555,Champions
24391,Kristin Miller,7,8,21827,0,5,5,5,15,555,Champions
24398,Christine Parker,68,7,28499,0,4,5,5,14,455,Champions
24399,Daniel Sullivan Jr.,306,7,20556,0,2,5,5,12,255,At Risk
24400,Lance Ballard,319,7,23515,0,2,5,5,12,255,At Risk
24410,Laura Cunningham,41,6,21337,0,5,4,5,14,545,Champions
24418,Sarah Lewis,214,7,19213,0,3,5,4,12,354,Loyal Customers
24421,Brandon Garcia,242,7,21207,1,3,5,5,13,355,Loyal Customers
24424,Andrea Adams,132,8,19019,0,4,5,4,13,454,Champions
24427,Douglas Mcgee,243,6,22055,1,3,4,5,12,345,Loyal Customers
24429,Michael Fields,114,7,17614,0,4,5,4,13,454,Champions
24434,Joshua Holmes,86,7,25792,0,4,5,5,14,455,Champions
24435,Thomas Burch MD,86,7,16476,0,4,5,4,13,454,Champions
24437,Rachael Hopkins,182,9,22380,0,3,5,5,13,355,Loyal Customers
24439,Rhonda Kennedy,123,7,15783,0,4,5,4,13,454,Champions
24444,Amber Bullock,123,10,25242,0,4,5,5,14,455,Champions
24446,Robert Sampson,185,8,23315,1,3,5,5,13,355,Loyal Customers
24448,Kelly Whitney,42,7,26768,1,5,5,5,15,555,Champions
24449,Savannah Ward,4,6,17753,0,5,4,4,13,544,Champions
24450,Misty Jacobs,95,6,17596,0,4,4,4,12,444,Champions
24451,Matthew Hanson,215,10,27072,0,3,5,5,13,355,Loyal Customers
24452,Jessica Nguyen,135,7,27800,0,4,5,5,14,455,Champions
24458,Aaron Green,32,8,26490,0,5,5,5,15,555,Champions
24460,Jeffery Ward,55,7,18321,1,5,5,4,14,554,Champions
24461,Bobby Moore,262,7,21237,1,2,5,5,12,255,At Risk
24462,Jody Rodriguez,186,8,22383,0,3,5,5,13,355,Loyal Customers
24479,Michelle Hawkins,9,6,21582,0,5,4,5,14,545,Champions
24481,Rachel Davis,109,8,18469,0,4,5,4,13,454,Champions
24483,Franklin Santiago,65,7,14304,0,4,5,3,12,453,Loyal Customers
24484,Mark Burton,102,6,19684,0,4,4,5,13,445,Champions
24487,Maria Lewis,81,11,34408,0,4,5,5,14,455,Champions
24488,Ashley Love,387,9,26245,0,2,5,5,12,255,At Risk
24489,Melissa Powell,158,9,34469,0,3,5,5,13,355,Loyal Customers
24494,Johnathan Lin,62,6,16652,1,4,4,4,12,444,Champions
24496,Heather Wood,22,11,32704,0,5,5,5,15,555,Champions
24497,Jeremy Porter,259,8,20346,0,2,5,5,12,255,At Risk
24504,Kathryn Banks,104,5,19625,0,4,3,5,12,435,Potential Loyalists
24508,Crystal Campbell,43,10,22919,0,5,5,5,15,555,Champions
24511,Jackie Terry,37,6,11887,1,5,4,3,12,543,Loyal Customers
24513,Kristina Green,0,8,21965,0,5,5,5,15,555,Champions
24517,Brenda Phillips,112,6,15667,0,4,4,4,12,444,Champions
24520,Julie King,10,6,15387,0,5,4,4,13,544,Champions
24523,Anna Wheeler,35,8,22151,1,5,5,5,15,555,Champions
24526,Samuel Morales,20,6,23835,0,5,4,5,14,545,Champions
24530,Deborah Mack,245,8,22726,0,2,5,5,12,255,At Risk
24538,Brooke Patterson,226,8,25206,0,3,5,5,13,355,Loyal Customers
24545,Nathan Martin,184,7,19737,0,3,5,5,13,355,Loyal Customers
24549,Meredith Gibson,182,7,20466,0,3,5,5,13,355,Loyal Customers
24552,Taylor Ellis PhD,31,7,15072,1,5,5,4,14,554,Champions
24554,Justin Hayes,34,6,14589,0,5,4,3,12,543,Loyal Customers
24561,Zachary West,45,6,11364,0,5,4,3,12,543,Loyal Customers
24565,Abigail Thompson,27,10,30155,0,5,5,5,15,555,Champions
24567,Michelle Tate,259,7,23453,0,2,5,5,12,255,At Risk
24568,Cassandra Moon,2,6,13945,0,5,4,3,12,543,Loyal Customers
24575,Robin Harvey,75,7,19584,0,4,5,5,14,455,Champions
24579,Teresa Hall,34,6,14172,0,5,4,3,12,543,Loyal Customers
24580,Jeffrey Logan,120,9,19227,0,4,5,4,13,454,Champions
24581,Mark Dalton,31,6,22126,0,5,4,5,14,545,Champions
24583,Kelsey Diaz,260,8,20141,0,2,5,5,12,255,At Risk
24585,Robin Hensley,18,8,17832,0,5,5,4,14,554,Champions
24587,Michael Roberts,253,7,24752,0,2,5,5,12,255,At Risk
24590,Wesley Gonzalez,219,7,18353,1,3,5,4,12,354,Loyal Customers
24599,Mark Wallace,121,7,20033,0,4,5,5,14,455,Champions
24601,Shawn May,107,8,15473,0,4,5,4,13,454,Champions
24605,Anna Buchanan,419,8,22793,0,2,5,5,12,255,At Risk
24609,Nancy Gardner,386,7,25017,0,2,5,5,12,255,At Risk
24613,Sharon Mcgee,239,8,20339,1,3,5,5,13,355,Loyal Customers
24614,Katie Perez,8,6,20057,0,5,4,5,14,545,Champions
24617,Cheryl Hale,129,6,16047,1,4,4,4,12,444,Champions
24619,William King,10,6,14915,0,5,4,4,13,544,Champions
24627,Matthew Jones,123,7,19341,0,4,5,5,14,455,Champions
24628,Kevin Hampton,187,7,19761,1,3,5,5,13,355,Loyal Customers
24633,Nathan Stevens,157,7,17565,0,3,5,4,12,354,Loyal Customers
24634,Jacob Wood,114,6,19301,0,4,4,5,13,445,Champions
24635,Brian White,63,7,19743,0,4,5,5,14,455,Champions
24637,Patricia Ho,78,6,19667,0,4,4,5,13,445,Champions
24644,Jessica Harmon,43,10,22299,0,5,5,5,15,555,Champions
24647,Erin Cohen MD,7,8,18081,0,5,5,4,14,554,Champions
24648,Olivia Ramirez,92,6,14940,0,4,4,4,12,444,Champions
24650,Clarence Carlson,92,9,31618,0,4,5,5,14,455,Champions
24653,Steven Holloway,132,6,17323,0,4,4,4,12,444,Champions
24654,Gregory Matthews,4,7,14704,0,5,5,3,13,553,Loyal Customers
24657,Todd Duffy,8,7,21811,0,5,5,5,15,555,Champions
24665,Edward Vincent MD,9,6,16359,1,5,4,4,13,544,Champions
24669,Richard Shannon,59,5,14846,0,5,3,4,12,534,Potential Loyalists
24670,Melissa Allen,93,6,17095,0,4,4,4,12,444,Champions
24671,Leslie Ellis MD,10,7,14808,1,5,5,4,14,554,Champions
24672,Anne Hull,21,7,16404,0,5,5,4,14,554,Champions
24673,Joshua Williams MD,91,6,19607,1,4,4,5,13,445,Champions
24682,Crystal Black,24,7,19178,0,5,5,4,14,554,Champions
24691,Craig Case,40,7,26272,1,5,5,5,15,555,Champions
24694,Natalie Nichols,59,9,22125,0,5,5,5,15,555,Champions
24697,Leslie Rangel,9,5,18555,0,5,3,4,12,534,Potential Loyalists
24702,Shannon Gonzalez,16,8,27656,1,5,5,5,15,555,Champions
24704,Monica Duke,133,9,24832,1,4,5,5,14,455,Champions
24705,Michael Shaw,182,8,19035,0,3,5,4,12,354,Loyal Customers
24707,Monica Pierce,358,7,21966,0,2,5,5,12,255,At Risk
24715,Sarah Walker,141,7,18950,0,3,5,4,12,354,Loyal Customers
24718,Casey Harvey,22,5,18915,1,5,3,4,12,534,Potential Loyalists
24723,Kaitlyn Parker,93,6,16112,0,4,4,4,12,444,Champions
24724,Matthew Shaw,20,6,16102,0,5,4,4,13,544,Champions
24727,Debra Welch,394,7,19602,0,2,5,5,12,255,At Risk
24736,William Larson,79,7,23979,0,4,5,5,14,455,Champions
24740,Andrew Baker,92,6,19344,1,4,4,5,13,445,Champions
24743,Jill Kennedy,12,7,17631,0,5,5,4,14,554,Champions
24747,Thomas Terry,58,7,23100,0,5,5,5,15,555,Champions
24749,Roy Perez,93,7,19809,1,4,5,5,14,455,Champions
24751,Kayla Johnson,171,8,19730,0,3,5,5,13,355,Loyal Customers
24753,Lisa Andrews,107,9,25758,1,4,5,5,14,455,Champions
24754,Andrew Hanna,5,9,25973,0,5,5,5,15,555,Champions
24757,Andrea Kennedy,163,7,21350,0,3,5,5,13,355,Loyal Customers
24759,Sarah Bartlett,38,7,20654,0,5,5,5,15,555,Champions
24760,Cole Robertson,10,8,21609,0,5,5,5,15,555,Champions
24762,Amy Carter,201,7,15851,0,3,5,4,12,354,Loyal Customers
24766,William Williams,13,7,20285,0,5,5,5,15,555,Champions
24768,Meghan Lambert,28,7,14620,0,5,5,3,13,553,Loyal Customers
24771,David Wade,343,10,25527,0,2,5,5,12,255,At Risk
24776,Michael Schaefer,95,6,15153,1,4,4,4,12,444,Champions
24780,Mrs. Shannon Gibbs,82,6,15437,1,4,4,4,12,444,Champions
24782,Michelle Keith,192,9,21486,0,3,5,5,13,355,Loyal Customers
24783,Autumn Harrison,30,5,16042,0,5,3,4,12,534,Potential Loyalists
24786,Christopher Lewis,286,7,19694,1,2,5,5,12,255,At Risk
24789,Gregory Jimenez,423,9,27230,0,2,5,5,12,255,At Risk
24790,Linda Logan,42,9,27015,0,5,5,5,15,555,Champions
24791,Sheila Le,368,11,33049,0,2,5,5,12,255,At Risk
24792,Misty Larson,16,10,36278,0,5,5,5,15,555,Champions
24797,Shane Hess,11,8,17925,0,5,5,4,14,554,Champions
24798,Brian Gray,257,7,20790,0,2,5,5,12,255,At Risk
24800,Shawn Vargas,61,10,28918,1,4,5,5,14,455,Champions
24802,Joseph Andersen,186,6,20043,0,3,4,5,12,345,Loyal Customers
24806,Kevin Burgess,205,8,25113,0,3,5,5,13,355,Loyal Customers
24808,Nicole Brown,104,8,23804,0,4,5,5,14,455,Champions
24813,Denise Fritz,161,9,20227,0,3,5,5,13,355,Loyal Customers
24815,Carrie Simpson,187,8,19390,0,3,5,5,13,355,Loyal Customers
24816,Christopher Griffin,87,8,24414,0,4,5,5,14,455,Champions
24826,Abigail Cross,34,9,22290,0,5,5,5,15,555,Champions
24830,Leon Diaz,30,9,26140,0,5,5,5,15,555,Champions
24831,Jessica Dunlap,43,6,13062,0,5,4,3,12,543,Loyal Customers
24836,Valerie Dominguez,34,7,19140,1,5,5,4,14,554,Champions
24841,Christopher Saunders,49,8,21571,0,5,5,5,15,555,Champions
24842,Kirsten Adams,195,8,19745,1,3,5,5,13,355,Loyal Customers
24843,Julie Rosario,37,10,29251,0,5,5,5,15,555,Champions
24847,Timothy Simon,127,8,26487,1,4,5,5,14,455,Champions
24848,Cassandra Nelson,122,6,18435,0,4,4,4,12,444,Champions
24849,Albert Washington,25,6,14453,0,5,4,3,12,543,Loyal Customers
24851,Wendy Williams,47,6,15078,0,5,4,4,13,544,Champions
24853,Kimberly Hill,169,7,18263,0,3,5,4,12,354,Loyal Customers
24856,Jesse Stuart,28,9,27203,0,5,5,5,15,555,Champions
24864,Valerie Thompson,52,8,28237,0,5,5,5,15,555,Champions
24883,Angela Snyder,323,9,21593,1,2,5,5,12,255,At Risk
24890,Vanessa Miller,83,8,21151,0,4,5,5,14,455,Champions
24892,Darrell Davis,0,6,16661,0,5,4,4,13,544,Champions
24894,John Hodges,71,9,19914,0,4,5,5,14,455,Champions
24895,David Rivera,364,8,27385,0,2,5,5,12,255,At Risk
24898,Cynthia Fields,81,6,19696,0,4,4,5,13,445,Champions
24900,Christopher Wagner,78,7,21914,0,4,5,5,14,455,Champions
24901,Michael Mcmillan,146,12,21475,0,3,5,5,13,355,Loyal Customers
24903,Amy Moreno,6,8,15296,0,5,5,4,14,554,Champions
24905,Kristen Johnson,48,7,17005,0,5,5,4,14,554,Champions
24907,Edward Craig,18,5,15140,0,5,3,4,12,534,Potential Loyalists
24913,Debra Lopez,79,11,23503,0,4,5,5,14,455,Champions
24915,Michelle Mitchell,100,6,17054,0,4,4,4,12,444,Champions
24919,Susan Carter,78,7,21786,0,4,5,5,14,455,Champions
24924,Norman Gilmore,59,10,29018,1,5,5,5,15,555,Champions
24926,Michael Cruz,28,7,19267,0,5,5,4,14,554,Champions
24928,Leonard Wilson,123,6,15777,0,4,4,4,12,444,Champions
24929,Wesley Hamilton,7,6,12967,0,5,4,3,12,543,Loyal Customers
24932,Angel Davis,236,7,21037,0,3,5,5,13,355,Loyal Customers
24935,Brittney Leon,4,8,31422,1,5,5,5,15,555,Champions
24937,Anna Collier,12,7,22028,1,5,5,5,15,555,Champions
24938,Janet Williamson,211,6,19525,1,3,4,5,12,345,Loyal Customers
24940,Samantha Moody,7,11,31331,1,5,5,5,15,555,Champions
24946,Jermaine James,246,7,19989,0,2,5,5,12,255,At Risk
24948,Kelli Palmer,63,7,13503,1,4,5,3,12,453,Loyal Customers
24950,Ashley Stone MD,326,10,30573,0,2,5,5,12,255,At Risk
24955,Michelle Watson,57,10,21717,0,5,5,5,15,555,Champions
24963,Kimberly Waters,23,6,20099,0,5,4,5,14,545,Champions
24969,Jacqueline Smith,52,7,21094,0,5,5,5,15,555,Champions
24981,Samuel Lopez PhD,307,11,38511,0,2,5,5,12,255,At Risk
24985,Christina Roberson DDS,69,7,14806,1,4,5,3,12,453,Loyal Customers
24996,Aaron Kennedy,101,8,23611,1,4,5,5,14,455,Champions
24997,Nancy Rodriguez,246,8,22421,0,2,5,5,12,255,At Risk
25003,Holly Moore,207,8,18331,0,3,5,4,12,354,Loyal Customers
25004,Rodney Adams,157,8,20468,0,3,5,5,13,355,Loyal Customers
25005,Timothy Gates,101,6,18127,0,4,4,4,12,444,Champions
25007,James Yates,26,6,17309,0,5,4,4,13,544,Champions
25008,Shawn Moore,5,6,19586,0,5,4,5,14,545,Champions
25013,David Morrow,191,9,18803,0,3,5,4,12,354,Loyal Customers
25019,Robyn Williams,139,6,21567,0,3,4,5,12,345,Loyal Customers
25022,Desiree Solis,25,7,18167,1,5,5,4,14,554,Champions
25025,Brenda Melton,2,9,27390,1,5,5,5,15,555,Champions
25027,Jean Mccoy,28,7,18427,1,5,5,4,14,554,Champions
25028,Matthew Mcdaniel MD,20,6,17999,1,5,4,4,13,544,Champions
25030,Curtis Cummings,7,8,20567,0,5,5,5,15,555,Champions
25032,Joe Alvarez Jr.,117,10,30050,0,4,5,5,14,455,Champions
25035,Stacy Yang,68,7,14797,0,4,5,3,12,453,Loyal Customers
25044,Jonathan Hanson,86,11,29745,1,4,5,5,14,455,Champions
25047,Paul Dodson,20,5,16740,1,5,3,4,12,534,Potential Loyalists
25048,Angela Lamb,136,6,17325,0,4,4,4,12,444,Champions
25053,Connor Parsons,35,7,18193,0,5,5,4,14,554,Champions
25054,Lisa Kelly,237,6,21538,1,3,4,5,12,345,Loyal Customers
25055,Thomas Thomas,139,8,20432,0,3,5,5,13,355,Loyal Customers
25056,Victoria Raymond,84,6,20288,0,4,4,5,13,445,Champions
25057,Tonya Sandoval,33,9,21411,0,5,5,5,15,555,Champions
25059,Jill Smith,59,9,22911,0,5,5,5,15,555,Champions
25062,Douglas Fox,77,6,15799,0,4,4,4,12,444,Champions
25071,Joseph Jenkins,207,7,15883,0,3,5,4,12,354,Loyal Customers
25074,Candice Foster,39,8,19128,0,5,5,4,14,554,Champions
25082,Adam Smith,81,6,16896,1,4,4,4,12,444,Champions
25083,Carol Bush MD,42,8,25690,0,5,5,5,15,555,Champions
25087,Melissa Munoz,113,8,18439,0,4,5,4,13,454,Champions
25091,Patrick Ryan,188,9,19556,0,3,5,5,13,355,Loyal Customers
25098,Yolanda Mendoza,215,10,27679,0,3,5,5,13,355,Loyal Customers
25106,Bryan Irwin,54,7,14078,0,5,5,3,13,553,Loyal Customers
25109,Samantha Atkinson,4,9,20574,0,5,5,5,15,555,Champions
25115,Adam Carney,153,7,20011,0,3,5,5,13,355,Loyal Customers
25116,Janice Warren,30,9,26112,1,5,5,5,15,555,Champions
25118,Mr. Steven Anderson DDS,9,7,21451,0,5,5,5,15,555,Champions
25121,Amber Washington,32,8,13711,0,5,5,3,13,553,Loyal Customers
25124,Lisa Tate,36,5,16529,0,5,3,4,12,534,Potential Loyalists
25125,Zachary Phillips,90,8,17364,0,4,5,4,13,454,Champions
25126,Alan Stewart,115,6,20837,0,4,4,5,13,445,Champions
25128,Lisa Lewis,53,6,16325,0,5,4,4,13,544,Champions
25131,James Harris,31,9,27480,0,5,5,5,15,555,Champions
25135,Eric Gonzalez,22,6,13207,0,5,4,3,12,543,Loyal Customers
25136,Todd Walker,23,6,13382,0,5,4,3,12,543,Loyal Customers
25140,Mark Wolf,101,9,21817,0,4,5,5,14,455,Champions
25144,Laura Smith,72,11,31223,0,4,5,5,14,455,Champions
25147,James Moreno,80,7,18283,1,4,5,4,13,454,Champions
25152,Margaret Cunningham,97,6,26280,0,4,4,5,13,445,Champions
25153,Donald Peterson,152,9,25845,0,3,5,5,13,355,Loyal Customers
25154,Brianna Garrison,174,9,23897,0,3,5,5,13,355,Loyal Customers
25155,Juan Reed,124,6,17144,1,4,4,4,12,444,Champions
25157,Mark Harris,23,7,21381,0,5,5,5,15,555,Champions
25161,Debra Elliott,21,8,31054,1,5,5,5,15,555,Champions
25164,Kenneth Burnett II,215,7,18032,0,3,5,4,12,354,Loyal Customers
25167,Logan Jones,13,7,21146,0,5,5,5,15,555,Champions
25173,Steven Collins,46,7,20449,0,5,5,5,15,555,Champions
25174,Jennifer Frazier,289,8,21672,0,2,5,5,12,255,At Risk
25175,Leonard Acevedo,38,6,13747,0,5,4,3,12,543,Loyal Customers
25176,Annette Johnston,4,6,13949,1,5,4,3,12,543,Loyal Customers
25184,Mrs. Elizabeth Jackson,53,6,16650,0,5,4,4,13,544,Champions
25190,Kimberly Williams,18,7,22634,0,5,5,5,15,555,Champions
25194,Heather Montoya,202,7,22047,0,3,5,5,13,355,Loyal Customers
25197,Robert Moyer,12,9,19231,0,5,5,4,14,554,Champions
25198,Joyce Stevens,231,9,26049,0,3,5,5,13,355,Loyal Customers
25200,Jacob Simon,28,7,20436,0,5,5,5,15,555,Champions
25203,Victoria Hughes,54,6,17071,1,5,4,4,13,544,Champions
25211,Jason Ramirez,79,9,29294,0,4,5,5,14,455,Champions
25222,Alexis Lopez,17,7,17901,1,5,5,4,14,554,Champions
25226,Lori Murphy,17,8,22482,0,5,5,5,15,555,Champions
25236,Darlene Smith,78,8,28934,1,4,5,5,14,455,Champions
25244,Kevin Ponce,10,8,20781,1,5,5,5,15,555,Champions
25248,Joshua Brady,7,5,18598,0,5,3,4,12,534,Potential Loyalists
25249,Jaime Frazier,69,7,12227,0,4,5,3,12,453,Loyal Customers
25252,Jennifer Jackson,129,9,24148,0,4,5,5,14,455,Champions
25259,Stephanie Harris,27,6,15275,0,5,4,4,13,544,Champions
25260,Oscar Davis,78,7,19826,0,4,5,5,14,455,Champions
25262,Jason Acosta,6,7,18313,0,5,5,4,14,554,Champions
25269,Brandon Walker,32,6,21238,0,5,4,5,14,545,Champions
25274,Dr. Krystal Patton,126,10,34640,0,4,5,5,14,455,Champions
25276,Mrs. Michele Miller,144,9,22907,0,3,5,5,13,355,Loyal Customers
25281,Heather Lewis,0,10,30103,0,5,5,5,15,555,Champions
25283,Carolyn Walker,31,6,11415,0,5,4,3,12,543,Loyal Customers
25284,Tamara Conner,59,5,16135,0,5,3,4,12,534,Potential Loyalists
25289,Cheryl Quinn,2,6,20331,0,5,4,5,14,545,Champions
25290,Sara Gonzalez,249,8,29485,0,2,5,5,12,255,At Risk
25292,Kimberly Martin,108,7,14463,0,4,5,3,12,453,Loyal Customers
25295,Laurie Lopez,48,9,24805,1,5,5,5,15,555,Champions
25297,William Garcia,205,7,20701,1,3,5,5,13,355,Loyal Customers
25306,Christina Kane,110,9,22041,0,4,5,5,14,455,Champions
25308,Amanda Wyatt,12,6,17630,0,5,4,4,13,544,Champions
25309,Joshua Ellis,165,7,21004,0,3,5,5,13,355,Loyal Customers
25319,Anthony Petersen,1,7,23130,0,5,5,5,15,555,Champions
25321,Thomas Rubio,141,9,26705,1,3,5,5,13,355,Loyal Customers
25325,John Hoover,51,9,23428,0,5,5,5,15,555,Champions
25328,Brian Gutierrez MD,43,12,34629,1,5,5,5,15,555,Champions
25329,Barbara Dixon,0,10,33353,0,5,5,5,15,555,Champions
25334,Lynn Gaines,25,7,20917,0,5,5,5,15,555,Champions
25341,Gabrielle Mcguire,94,7,25067,0,4,5,5,14,455,Champions
25344,Michael Douglas,26,7,16726,0,5,5,4,14,554,Champions
25348,Ellen Reed,91,6,18271,0,4,4,4,12,444,Champions
25351,Caleb White,49,6,12731,0,5,4,3,12,543,Loyal Customers
25352,John Dunn,31,5,16492,0,5,3,4,12,534,Potential Loyalists
25353,Lisa Pearson,180,7,17697,0,3,5,4,12,354,Loyal Customers
25354,Tina Jennings,155,9,27643,0,3,5,5,13,355,Loyal Customers
25355,Nancy Rodriguez,46,8,21429,0,5,5,5,15,555,Champions
25356,John Gonzales,51,8,15876,0,5,5,4,14,554,Champions
25360,Mrs. Jessica Shepherd MD,141,8,30074,0,3,5,5,13,355,Loyal Customers
25364,Brian Flores,118,5,20606,0,4,3,5,12,435,Potential Loyalists
25366,Theresa Trevino,145,8,24246,0,3,5,5,13,355,Loyal Customers
25368,Charles Clark,189,8,27537,1,3,5,5,13,355,Loyal Customers
25370,Crystal Santana,48,8,18513,0,5,5,4,14,554,Champions
25373,Marcus Smith,30,7,17892,0,5,5,4,14,554,Champions
25375,Marissa Bonilla,132,7,17657,0,4,5,4,13,454,Champions
25377,Adam Barnett,56,11,34397,0,5,5,5,15,555,Champions
25389,Lance Riley,249,9,30588,0,2,5,5,12,255,At Risk
25395,Timothy Duncan,14,9,15335,0,5,5,4,14,554,Champions
25398,Rebecca Stokes MD,173,8,17140,0,3,5,4,12,354,Loyal Customers
25402,Gary White,225,13,28893,0,3,5,5,13,355,Loyal Customers
25404,Matthew Shaw,62,10,20722,1,4,5,5,14,455,Champions
25405,Tara Wright,35,6,11480,1,5,4,3,12,543,Loyal Customers
25408,Laura Ross,14,7,18470,0,5,5,4,14,554,Champions
25411,Hannah Hurst,35,7,26222,0,5,5,5,15,555,Champions
25414,Kevin Castillo,4,6,11723,0,5,4,3,12,543,Loyal Customers
25417,Jacqueline Graham,11,7,19073,1,5,5,4,14,554,Champions
25422,Kelly Hall,81,7,17208,0,4,5,4,13,454,Champions
25423,Eric Leach,202,7,15811,0,3,5,4,12,354,Loyal Customers
25431,Mr. Evan Gardner,25,8,16692,0,5,5,4,14,554,Champions
25434,Stephanie Silva,67,7,15048,0,4,5,4,13,454,Champions
25436,Audrey Gonzalez,65,11,33003,0,4,5,5,14,455,Champions
25446,Christopher Edwards,107,6,26461,0,4,4,5,13,445,Champions
25449,Gina Edwards,102,7,19028,0,4,5,4,13,454,Champions
25450,George Perry,27,7,18546,0,5,5,4,14,554,Champions
25451,Jeremy Collins,129,7,15671,0,4,5,4,13,454,Champions
25453,Deborah Banks,120,8,15401,0,4,5,4,13,454,Champions
25455,James Chapman,152,9,31429,0,3,5,5,13,355,Loyal Customers
25457,Shannon Gutierrez,219,9,22619,0,3,5,5,13,355,Loyal Customers
25459,Laura Kelley,103,9,15824,0,4,5,4,13,454,Champions
25460,Kelli Cross,75,8,12784,1,4,5,3,12,453,Loyal Customers
25464,Amber Chandler,10,8,22203,0,5,5,5,15,555,Champions
25473,Erin Leonard,163,7,14808,1,3,5,4,12,354,Loyal Customers
25475,Laura Martinez,117,8,22649,0,4,5,5,14,455,Champions
25484,Donald Carter,29,8,19170,1,5,5,4,14,554,Champions
25485,David Allen,24,12,26838,0,5,5,5,15,555,Champions
25487,Eric Thompson,289,7,21678,0,2,5,5,12,255,At Risk
25493,Katherine Campbell,2,6,20105,1,5,4,5,14,545,Champions
25495,Alan Mitchell,85,6,19389,0,4,4,5,13,445,Champions
25501,Megan Ballard,157,10,26403,0,3,5,5,13,355,Loyal Customers
25505,Mary Ellis,190,6,19588,0,3,4,5,12,345,Loyal Customers
25514,Joshua Monroe,116,7,15654,0,4,5,4,13,454,Champions
25515,Tracy Wilson,177,7,17586,1,3,5,4,12,354,Loyal Customers
25518,Linda Morrow,426,8,20725,0,2,5,5,12,255,At Risk
25519,Alyssa Blake,15,9,16641,0,5,5,4,14,554,Champions
25520,Douglas Lutz,59,5,17075,0,5,3,4,12,534,Potential Loyalists
25521,Susan Kennedy,17,5,17460,1,5,3,4,12,534,Potential Loyalists
25526,Corey Ramos,126,8,15187,1,4,5,4,13,454,Champions
25533,Jacob King,36,6,13872,0,5,4,3,12,543,Loyal Customers
25544,Brian Gardner,123,9,20524,1,4,5,5,14,455,Champions
25546,Kristen Oliver,44,5,15321,0,5,3,4,12,534,Potential Loyalists
25554,Ryan Mendez,109,6,17259,0,4,4,4,12,444,Champions
25561,Jacqueline Wiley,96,12,35042,0,4,5,5,14,455,Champions
25568,Matthew Miller,150,8,23739,0,3,5,5,13,355,Loyal Customers
25571,Angelica Jones,195,9,20148,0,3,5,5,13,355,Loyal Customers
25574,Michael Alvarez,8,10,29933,0,5,5,5,15,555,Champions
25577,Misty Lopez,53,8,17729,0,5,5,4,14,554,Champions
25581,Bonnie Ramirez,134,6,24053,0,4,4,5,13,445,Champions
25585,Eileen Russell,7,8,17941,0,5,5,4,14,554,Champions
25586,John Fitzgerald,33,7,16172,1,5,5,4,14,554,Champions
25590,Justin Heath,125,8,27133,0,4,5,5,14,455,Champions
25591,Mary Weaver,5,5,17837,0,5,3,4,12,534,Potential Loyalists
25592,Joshua Hammond,187,6,20822,0,3,4,5,12,345,Loyal Customers
25597,Shawn Welch,87,8,20729,0,4,5,5,14,455,Champions
25599,Raymond Henderson,151,7,18465,0,3,5,4,12,354,Loyal Customers
25601,Renee Alexander,18,7,21379,0,5,5,5,15,555,Champions
25604,Keith Jones,229,7,23421,0,3,5,5,13,355,Loyal Customers
25610,Donald Carson,54,9,29374,0,5,5,5,15,555,Champions
25612,Christine Holloway,63,6,21241,0,4,4,5,13,445,Champions
25618,Jamie Short,42,8,19601,0,5,5,5,15,555,Champions
25620,Christopher Green,228,8,22366,0,3,5,5,13,355,Loyal Customers
25630,Christopher Gonzalez,146,7,25313,0,3,5,5,13,355,Loyal Customers
25631,Gregory Smith,119,7,21623,1,4,5,5,14,455,Champions
25640,Matthew Martin,144,6,23923,1,3,4,5,12,345,Loyal Customers
25642,Mr. Christopher Jefferson,64,8,26907,0,4,5,5,14,455,Champions
25645,Stephanie Gonzalez,123,9,29928,0,4,5,5,14,455,Champions
25647,Tiffany Tate,55,5,16410,1,5,3,4,12,534,Potential Loyalists
25649,Nicholas Hall,60,6,16110,1,4,4,4,12,444,Champions
25651,Jeffrey Anderson,36,5,16399,0,5,3,4,12,534,Potential Loyalists
25658,Dr. Michelle Schmidt,14,12,33262,0,5,5,5,15,555,Champions
25661,Karen Richmond,45,11,25233,1,5,5,5,15,555,Champions
25662,Paul Heath,45,6,15153,0,5,4,4,13,544,Champions
25663,Brittany Sanchez,40,6,12724,0,5,4,3,12,543,Loyal Customers
25664,Tracey White,32,7,19559,0,5,5,5,15,555,Champions
25666,Kevin Hubbard,36,6,20935,1,5,4,5,14,545,Champions
25667,Karen Mendez,52,11,36286,0,5,5,5,15,555,Champions
25675,Dr. Joel Banks MD,128,7,17865,1,4,5,4,13,454,Champions
25680,David Little,58,8,19702,0,5,5,5,15,555,Champions
25683,Sabrina Peck,45,6,22184,1,5,4,5,14,545,Champions
25694,Cory Watson,237,7,21633,0,3,5,5,13,355,Loyal Customers
25695,Kenneth Thompson,36,6,14552,0,5,4,3,12,543,Loyal Customers
25697,Tammy Lambert,100,6,15348,0,4,4,4,12,444,Champions
25700,Christopher Perez,144,9,30345,0,3,5,5,13,355,Loyal Customers
25703,Anna Walker,26,6,13174,0,5,4,3,12,543,Loyal Customers
25705,Laura Rhodes,137,10,28189,1,3,5,5,13,355,Loyal Customers
25706,Carla Green,24,11,30165,1,5,5,5,15,555,Champions
25708,Angela Hickman,282,11,24772,0,2,5,5,12,255,At Risk
25709,Robin Fisher,48,7,13642,0,5,5,3,13,553,Loyal Customers
25712,Kevin Gonzales,31,6,13310,0,5,4,3,12,543,Loyal Customers
25713,Heather Davis,23,6,14356,0,5,4,3,12,543,Loyal Customers
25714,Roger Thomas,167,7,23777,0,3,5,5,13,355,Loyal Customers
25715,Matthew Parker,58,7,27875,0,5,5,5,15,555,Champions
25722,Rebecca Rodriguez,51,10,34782,1,5,5,5,15,555,Champions
25723,Beverly Porter,6,8,21761,0,5,5,5,15,555,Champions
25724,Monica Kelly,27,5,22126,1,5,3,5,13,535,Potential Loyalists
25725,Jonathan Boyd,206,8,25555,0,3,5,5,13,355,Loyal Customers
25726,Erin Stokes,34,6,18587,0,5,4,4,13,544,Champions
25728,Elizabeth Chapman,425,7,21043,0,2,5,5,12,255,At Risk
25731,Christopher Hammond,3,6,18463,0,5,4,4,13,544,Champions
25736,Mrs. Dawn Hall PhD,149,9,26042,0,3,5,5,13,355,Loyal Customers
25740,Laura Johnson,194,9,26800,0,3,5,5,13,355,Loyal Customers
25741,Robert Gentry,47,6,17355,0,5,4,4,13,544,Champions
25743,Douglas Mitchell,23,5,16180,1,5,3,4,12,534,Potential Loyalists
25754,Samuel Warren,20,5,16886,0,5,3,4,12,534,Potential Loyalists
25757,Mrs. Michelle Maldonado,19,9,23770,1,5,5,5,15,555,Champions
25761,Jennifer Lewis,32,6,17588,1,5,4,4,13,544,Champions
25764,Tonya Harrison,41,7,17586,0,5,5,4,14,554,Champions
25765,Mark Weeks,66,8,19778,1,4,5,5,14,455,Champions
25770,Keith Durham,160,11,29572,0,3,5,5,13,355,Loyal Customers
25774,Michael Foster,20,6,16363,0,5,4,4,13,544,Champions
25775,Christopher Harris,115,5,19576,0,4,3,5,12,435,Potential Loyalists
25777,Paul Sims,386,8,24795,0,2,5,5,12,255,At Risk
25779,Adam Ballard,8,6,11516,1,5,4,3,12,543,Loyal Customers
25780,Michael Smith,71,8,17598,0,4,5,4,13,454,Champions
25782,Michael Patel,27,7,22264,0,5,5,5,15,555,Champions
25785,Theresa Lopez,318,8,20567,0,2,5,5,12,255,At Risk
25791,Claire Flores,43,5,16646,0,5,3,4,12,534,Potential Loyalists
25793,Robin Gomez,20,7,23006,0,5,5,5,15,555,Champions
25795,Brianna Chavez,124,8,25198,0,4,5,5,14,455,Champions
25796,Daniel Christian,42,8,14190,0,5,5,3,13,553,Loyal Customers
25798,Yvette Garrison,197,8,26771,1,3,5,5,13,355,Loyal Customers
25801,Jeffrey Graves,119,7,19294,0,4,5,5,14,455,Champions
25803,Brian Jones,19,8,17997,0,5,5,4,14,554,Champions
25809,Alexis Jimenez,108,7,17124,0,4,5,4,13,454,Champions
25810,Stephen Lane,18,7,16234,0,5,5,4,14,554,Champions
25812,Zachary Castro,1,10,16624,0,5,5,4,14,554,Champions
25814,Douglas Stone,160,8,24266,0,3,5,5,13,355,Loyal Customers
25825,Craig Wallace,117,10,26089,0,4,5,5,14,455,Champions
25830,Timothy Moore,136,7,16059,0,4,5,4,13,454,Champions
25831,Nicole Johnston,145,8,21888,0,3,5,5,13,355,Loyal Customers
25834,Anthony Lin,52,5,19443,0,5,3,5,13,535,Potential Loyalists
25838,Donna Davis,43,8,12377,0,5,5,3,13,553,Loyal Customers
25844,Dale Ewing,134,7,16211,1,4,5,4,13,454,Champions
25846,Patty Wong,277,7,26605,0,2,5,5,12,255,At Risk
25852,Tracy Cook,138,9,22721,1,3,5,5,13,355,Loyal Customers
25854,Diana Schultz,51,8,23680,1,5,5,5,15,555,Champions
25857,Kim Gomez,28,8,15457,0,5,5,4,14,554,Champions
25861,Phillip Santos,74,6,22877,1,4,4,5,13,445,Champions
25862,Erica Gordon,18,8,30796,0,5,5,5,15,555,Champions
25864,Alfred Lopez,215,9,21917,1,3,5,5,13,355,Loyal Customers
25866,Tim Riley,118,7,18463,0,4,5,4,13,454,Champions
25867,Michael Singh,60,6,14968,0,4,4,4,12,444,Champions
25868,Jerry Nunez,10,6,15284,0,5,4,4,13,544,Champions
25875,Devin Dorsey,200,8,19945,1,3,5,5,13,355,Loyal Customers
25883,Rachel Martinez,21,6,13415,0,5,4,3,12,543,Loyal Customers
25885,Claire Ramirez,50,6,15696,0,5,4,4,13,544,Champions
25888,Alyssa Holloway,4,6,18547,1,5,4,4,13,544,Champions
25890,Justin Mcgee,53,5,17894,1,5,3,4,12,534,Potential Loyalists
25891,David Martinez,167,9,28079,0,3,5,5,13,355,Loyal Customers
25900,Tina Williams,189,7,16909,0,3,5,4,12,354,Loyal Customers
25901,Kurt Lewis,209,8,24406,0,3,5,5,13,355,Loyal Customers
25906,Stephanie Smith,1,7,24350,0,5,5,5,15,555,Champions
25915,Aimee Gilbert,75,8,23692,1,4,5,5,14,455,Champions
25922,Paul Campbell,37,6,15353,0,5,4,4,13,544,Champions
25925,Richard Brown,242,7,19109,0,3,5,4,12,354,Loyal Customers
25928,Mark Freeman,54,7,17684,0,5,5,4,14,554,Champions
25933,Kevin Freeman,187,9,33974,0,3,5,5,13,355,Loyal Customers
25934,Lori Rowe,35,6,14490,0,5,4,3,12,543,Loyal Customers
25938,Victor Bruce,183,7,24792,1,3,5,5,13,355,Loyal Customers
25944,David Armstrong,155,10,34428,0,3,5,5,13,355,Loyal Customers
25946,Michael Black,180,10,22986,0,3,5,5,13,355,Loyal Customers
25950,Rachel Clark,26,7,18900,0,5,5,4,14,554,Champions
25955,Christina Nguyen,7,5,18066,0,5,3,4,12,534,Potential Loyalists
25956,Patrick Woods,20,6,11516,0,5,4,3,12,543,Loyal Customers
25966,Stephen Thompson,2,10,31322,0,5,5,5,15,555,Champions
25967,Jared Chan,50,6,12254,0,5,4,3,12,543,Loyal Customers
25975,Robert Bell,122,6,16796,0,4,4,4,12,444,Champions
25977,Lauren Miller,136,7,20584,1,4,5,5,14,455,Champions
25982,Angela Leonard,42,7,21165,1,5,5,5,15,555,Champions
25984,Richard Wright,110,6,15258,0,4,4,4,12,444,Champions
25990,Allison Weaver MD,57,6,11595,0,5,4,3,12,543,Loyal Customers
25991,Edward Vega,145,9,29417,0,3,5,5,13,355,Loyal Customers
25996,Christopher Harper,14,7,21076,1,5,5,5,15,555,Champions
25999,Briana Sanchez,26,8,20054,1,5,5,5,15,555,Champions
26002,Victoria Brown,22,9,24418,0,5,5,5,15,555,Champions
26008,Kristina Fletcher,103,8,23295,0,4,5,5,14,455,Champions
26010,Joyce Thompson,57,5,14947,0,5,3,4,12,534,Potential Loyalists
26013,Alexander Jordan,167,6,22422,0,3,4,5,12,345,Loyal Customers
26014,Sarah Smith,149,7,17303,1,3,5,4,12,354,Loyal Customers
26016,Kari Klein,7,6,23784,0,5,4,5,14,545,Champions
26021,Gabriel Walker,116,6,16969,0,4,4,4,12,444,Champions
26027,Jennifer Weaver,6,6,26233,1,5,4,5,14,545,Champions
26028,Timothy Fisher,8,7,18159,0,5,5,4,14,554,Champions
26038,Anthony Mccarthy,14,6,16081,0,5,4,4,13,544,Champions
26045,Roger Lawrence,130,6,17035,0,4,4,4,12,444,Champions
26046,Suzanne Greer,50,10,27602,0,5,5,5,15,555,Champions
26052,Daniel Matthews,3,7,25576,0,5,5,5,15,555,Champions
26053,Christopher Marshall,115,10,28177,0,4,5,5,14,455,Champions
26056,Daniel Riggs,173,6,20350,0,3,4,5,12,345,Loyal Customers
26059,Jamie Jensen,77,8,16031,1,4,5,4,13,454,Champions
26060,Vanessa Sanchez,15,8,26873,0,5,5,5,15,555,Champions
26063,Jason Garcia,244,9,26648,0,2,5,5,12,255,At Risk
26064,Denise Sanders,43,8,20732,1,5,5,5,15,555,Champions
26070,Lisa Johnson,138,10,27354,0,3,5,5,13,355,Loyal Customers
26075,Thomas Smith,202,8,30091,0,3,5,5,13,355,Loyal Customers
26078,Darryl Curtis,89,7,14534,1,4,5,3,12,453,Loyal Customers
26080,Brandon Harrison,131,7,17562,1,4,5,4,13,454,Champions
26089,James Allen,162,9,19651,0,3,5,5,13,355,Loyal Customers
26092,George Richardson,22,8,16384,0,5,5,4,14,554,Champions
26095,Kayla Good,173,8,18958,0,3,5,4,12,354,Loyal Customers
26097,Madison Snow,107,7,19197,0,4,5,4,13,454,Champions
26101,Jennifer Bailey,117,10,25441,0,4,5,5,14,455,Champions
26105,Eric Williams,111,7,21817,0,4,5,5,14,455,Champions
26109,Brandy Acosta,237,10,32761,0,3,5,5,13,355,Loyal Customers
26112,Lisa Crawford,113,6,14891,1,4,4,4,12,444,Champions
26117,Mary Randall,134,8,24640,1,4,5,5,14,455,Champions
26118,Holly Schneider,33,6,15813,0,5,4,4,13,544,Champions
26120,Regina Crawford,189,11,34458,0,3,5,5,13,355,Loyal Customers
26123,Angela Fleming,75,8,31190,0,4,5,5,14,455,Champions
26132,Brian Patterson,2,8,21322,0,5,5,5,15,555,Champions
26133,Mr. David Short,269,11,24087,0,2,5,5,12,255,At Risk
26136,Justin Dougherty,33,9,21137,0,5,5,5,15,555,Champions
26138,Jason Hernandez,5,8,25803,0,5,5,5,15,555,Champions
26145,Susan Jarvis,194,9,17123,0,3,5,4,12,354,Loyal Customers
26148,Dr. Anthony Smith,94,7,22853,0,4,5,5,14,455,Champions
26152,Mark Williams,66,8,18033,0,4,5,4,13,454,Champions
26162,Dean Garcia,1,11,37371,0,5,5,5,15,555,Champions
26173,Melanie Lopez,33,5,16777,0,5,3,4,12,534,Potential Loyalists
26176,Tiffany James,155,7,22505,0,3,5,5,13,355,Loyal Customers
26179,Paula Simpson,124,6,17760,0,4,4,4,12,444,Champions
26183,Kara Molina,136,7,18112,0,4,5,4,13,454,Champions
26186,Gail Palmer,164,8,20534,0,3,5,5,13,355,Loyal Customers
26193,Mercedes Russell,56,9,27801,1,5,5,5,15,555,Champions
26201,Darlene Bennett,246,9,24839,0,2,5,5,12,255,At Risk
26204,Tara Jones,155,10,28004,0,3,5,5,13,355,Loyal Customers
26205,Sarah Tucker,48,9,24015,0,5,5,5,15,555,Champions
26212,Carrie Guerrero,39,8,19693,0,5,5,5,15,555,Champions
26214,Louis Acosta,23,8,26682,0,5,5,5,15,555,Champions
26217,Ryan Castillo,259,9,25235,1,2,5,5,12,255,At Risk
26220,Jeremy Simmons,50,10,25837,0,5,5,5,15,555,Champions
26221,Scott Williams,109,10,23879,1,4,5,5,14,455,Champions
26225,Olivia Thomas,92,9,23616,0,4,5,5,14,455,Champions
26229,Heidi Wells,69,8,25828,0,4,5,5,14,455,Champions
26231,Derek Scott,24,5,17943,0,5,3,4,12,534,Potential Loyalists
26234,Jon Wells,344,7,20913,0,2,5,5,12,255,At Risk
26240,Daniel Rivera,87,10,29923,0,4,5,5,14,455,Champions
26242,Amanda Martinez,127,9,30062,0,4,5,5,14,455,Champions
26244,Leah Glass,115,7,23238,0,4,5,5,14,455,Champions
26245,Charles Huff,1,9,27059,1,5,5,5,15,555,Champions
26246,Sydney Sims,114,8,19711,0,4,5,5,14,455,Champions
26250,Laura Stone,154,7,18346,0,3,5,4,12,354,Loyal Customers
26252,Samuel Kim,67,9,17881,0,4,5,4,13,454,Champions
26254,Matthew Chavez,24,6,24027,0,5,4,5,14,545,Champions
26257,Kimberly Roberts,283,9,21517,1,2,5,5,12,255,At Risk
26263,Ethan Hughes,132,6,24479,0,4,4,5,13,445,Champions
26266,Tonya Smith,13,10,23658,0,5,5,5,15,555,Champions
26268,Hannah Martin,184,9,23227,0,3,5,5,13,355,Loyal Customers
26273,Gail Thompson,28,12,37404,0,5,5,5,15,555,Champions
26274,Kathryn Dorsey,100,6,18445,0,4,4,4,12,444,Champions
26276,Alexandra Gonzalez,90,7,15041,0,4,5,4,13,454,Champions
26278,Albert Fisher,217,6,20556,0,3,4,5,12,345,Loyal Customers
26281,Regina Montes,283,8,30869,0,2,5,5,12,255,At Risk
26286,Timothy Nunez,72,7,15131,0,4,5,4,13,454,Champions
26289,Katherine Wood,19,6,15933,0,5,4,4,13,544,Champions
26292,Katherine Collins,20,8,15567,0,5,5,4,14,554,Champions
26293,Tracy Castillo,136,8,24117,1,4,5,5,14,455,Champions
26296,Valerie Wheeler,16,7,25728,0,5,5,5,15,555,Champions
26308,Dustin Martinez,62,6,19262,0,4,4,4,12,444,Champions
26314,Stephanie White,60,7,20905,0,4,5,5,14,455,Champions
26321,Jean Williams,24,6,18557,0,5,4,4,13,544,Champions
26328,Eugene King,319,13,37519,0,2,5,5,12,255,At Risk
26330,Katherine Powell,39,11,32902,0,5,5,5,15,555,Champions
26333,Anita Spears,101,9,25053,0,4,5,5,14,455,Champions
26334,Eric Watson,44,7,18887,1,5,5,4,14,554,Champions
26335,Jacqueline Perry,110,8,20754,0,4,5,5,14,455,Champions
26340,Jonathon Bauer,192,7,21524,0,3,5,5,13,355,Loyal Customers
26342,William Merritt,124,6,14827,1,4,4,4,12,444,Champions
26351,Tracy Downs,31,8,21674,0,5,5,5,15,555,Champions
26355,John Harris,92,8,24375,0,4,5,5,14,455,Champions
26358,Christy Robinson,11,7,16067,0,5,5,4,14,554,Champions
26359,Heather Johnson,6,6,16947,0,5,4,4,13,544,Champions
26360,Shelley Rios,78,6,15794,1,4,4,4,12,444,Champions
26365,Kyle Jacobs,210,11,30451,1,3,5,5,13,355,Loyal Customers
26368,Lorraine Edwards,20,7,24467,0,5,5,5,15,555,Champions
26370,Richard Figueroa MD,39,7,18358,0,5,5,4,14,554,Champions
26375,Clarence Griffin,81,10,27063,0,4,5,5,14,455,Champions
26380,Megan Hill,23,7,13622,0,5,5,3,13,553,Loyal Customers
26384,Traci Wright,69,6,14852,0,4,4,4,12,444,Champions
26385,Pamela Morales,108,6,16659,0,4,4,4,12,444,Champions
26391,Robert Fox,133,5,20264,0,4,3,5,12,435,Potential Loyalists
26399,Audrey Warner,311,8,23774,0,2,5,5,12,255,At Risk
26400,Tommy Hall,24,5,16125,0,5,3,4,12,534,Potential Loyalists
26403,Bryan Washington,10,10,22724,0,5,5,5,15,555,Champions
26406,Dr. Kimberly Montoya,6,10,30562,0,5,5,5,15,555,Champions
26408,Lisa Lutz,198,7,19793,0,3,5,5,13,355,Loyal Customers
26414,Dr. Joel Mayer Jr.,35,6,22270,0,5,4,5,14,545,Champions
26415,Mitchell Page,202,7,17336,1,3,5,4,12,354,Loyal Customers
26421,James Williamson,56,7,22521,0,5,5,5,15,555,Champions
26423,Daniel Mcdaniel,99,6,26381,0,4,4,5,13,445,Champions
26425,Margaret Charles,28,9,31939,1,5,5,5,15,555,Champions
26428,Stephen Jones,29,7,29074,0,5,5,5,15,555,Champions
26432,Mrs. Lisa Ibarra,92,7,13704,1,4,5,3,12,453,Loyal Customers
26434,Michele Webster,99,6,17404,0,4,4,4,12,444,Champions
26438,Jonathon Swanson,127,7,13301,0,4,5,3,12,453,Loyal Customers
26456,Thomas Curry,38,10,24589,0,5,5,5,15,555,Champions
26457,Chris Silva MD,255,8,20099,0,2,5,5,12,255,At Risk
26459,Jodi Molina,47,6,16674,0,5,4,4,13,544,Champions
26462,Kevin Barber,99,6,17359,0,4,4,4,12,444,Champions
26471,Renee Smith,10,5,19260,0,5,3,4,12,534,Potential Loyalists
26475,Mark Phillips,62,9,24295,1,4,5,5,14,455,Champions
26476,Tara Munoz,44,6,16589,1,5,4,4,13,544,Champions
26479,Jeffrey Hubbard,37,9,26774,0,5,5,5,15,555,Champions
26489,Sarah Kramer,185,13,32159,0,3,5,5,13,355,Loyal Customers
26503,Steven Cisneros,149,7,25493,0,3,5,5,13,355,Loyal Customers
26507,Elizabeth Conrad,55,7,12501,1,5,5,3,13,553,Loyal Customers
26515,Christina White,64,9,24475,0,4,5,5,14,455,Champions
26517,Lisa Burch,148,7,19969,0,3,5,5,13,355,Loyal Customers
26521,Bobby Thomas,188,7,16769,1,3,5,4,12,354,Loyal Customers
26524,Heidi Newton,0,6,20637,0,5,4,5,14,545,Champions
26527,Richard Valdez,396,8,26416,0,2,5,5,12,255,At Risk
26532,Lori Mcguire,36,7,18235,0,5,5,4,14,554,Champions
26533,George Tapia,112,7,26303,0,4,5,5,14,455,Champions
26535,Kimberly Mayer,29,10,34783,0,5,5,5,15,555,Champions
26538,Raymond Walker,17,5,15031,0,5,3,4,12,534,Potential Loyalists
26541,Guy Page,379,9,26898,1,2,5,5,12,255,At Risk
26546,Christine Ellison,104,7,15644,0,4,5,4,13,454,Champions
26552,Laura Lopez,68,11,34342,0,4,5,5,14,455,Champions
26560,Derek Stokes,10,10,32415,0,5,5,5,15,555,Champions
26564,Stephen Wade,163,6,21810,0,3,4,5,12,345,Loyal Customers
26571,Melinda Hicks,105,6,17426,0,4,4,4,12,444,Champions
26580,James Ortega,113,9,27160,0,4,5,5,14,455,Champions
26594,Michael Adams,61,6,17587,1,4,4,4,12,444,Champions
26595,Jennifer Jones,91,8,23208,0,4,5,5,14,455,Champions
26599,Micheal Rocha,176,7,23118,0,3,5,5,13,355,Loyal Customers
26601,William Hayes,31,7,18883,0,5,5,4,14,554,Champions
26606,Jonathan Ross,8,7,11956,0,5,5,3,13,553,Loyal Customers
26610,Heather Gonzales,86,8,23342,0,4,5,5,14,455,Champions
26611,Pamela White,92,8,21065,0,4,5,5,14,455,Champions
26612,Robert Miller,112,8,20468,0,4,5,5,14,455,Champions
26615,Brenda Robinson,0,6,18825,0,5,4,4,13,544,Champions
26621,Manuel Thomas,32,8,25612,0,5,5,5,15,555,Champions
26623,Ernest Grant,5,6,18757,0,5,4,4,13,544,Champions
26625,Carl Alvarez,25,6,15935,0,5,4,4,13,544,Champions
26628,Sara Armstrong,13,7,19527,0,5,5,5,15,555,Champions
26630,Jordan Lyons,132,8,20254,0,4,5,5,14,455,Champions
26632,Ruth Mckee,116,7,25619,0,4,5,5,14,455,Champions
26633,Adam Johnson,152,8,28682,1,3,5,5,13,355,Loyal Customers
26634,Brian Hartman,67,6,16500,0,4,4,4,12,444,Champions
26635,Carlos Allen,94,6,21516,0,4,4,5,13,445,Champions
26646,Mary Williams,28,7,22522,0,5,5,5,15,555,Champions
26651,Lisa Elliott,105,9,25056,0,4,5,5,14,455,Champions
26661,Jennifer Hall,171,8,21458,0,3,5,5,13,355,Loyal Customers
26666,Tina Brown,81,7,16183,0,4,5,4,13,454,Champions
26667,Matthew Watkins,7,7,21935,0,5,5,5,15,555,Champions
26670,Pamela Gonzalez DDS,103,8,16069,0,4,5,4,13,454,Champions
26673,Brittany Ingram,108,9,28036,0,4,5,5,14,455,Champions
26677,Matthew Huber,61,6,17885,0,4,4,4,12,444,Champions
26679,Lindsey Cummings,187,9,27399,0,3,5,5,13,355,Loyal Customers
26680,John Lamb,85,6,19401,0,4,4,5,13,445,Champions
26681,Karen Alvarado,31,6,17857,1,5,4,4,13,544,Champions
26686,Eugene Obrien,29,6,22459,0,5,4,5,14,545,Champions
26694,Ryan Myers,60,8,26473,0,4,5,5,14,455,Champions
26695,Madeline Boyd,146,8,19641,0,3,5,5,13,355,Loyal Customers
26697,James Brown,235,7,19834,1,3,5,5,13,355,Loyal Customers
26698,Beth Lindsey,27,7,13771,0,5,5,3,13,553,Loyal Customers
26699,Stephanie Richardson,52,7,22904,0,5,5,5,15,555,Champions
26701,Barbara Duffy,10,5,15335,0,5,3,4,12,534,Potential Loyalists
26705,Christina Ortiz,199,8,28347,0,3,5,5,13,355,Loyal Customers
26707,Jennifer Hill,325,9,28952,1,2,5,5,12,255,At Risk
26720,James Gillespie,29,7,16608,0,5,5,4,14,554,Champions
26723,Krista Gonzalez,24,7,28947,0,5,5,5,15,555,Champions
26724,Vicki Cox,13,8,18821,0,5,5,4,14,554,Champions
26727,Rebecca Porter,196,7,25062,0,3,5,5,13,355,Loyal Customers
26740,Lauren Boyer,49,6,12470,0,5,4,3,12,543,Loyal Customers
26741,Lauren Nash,91,11,23140,0,4,5,5,14,455,Champions
26742,David Mcdonald,224,6,19383,0,3,4,5,12,345,Loyal Customers
26743,Katherine Quinn,62,11,41711,0,4,5,5,14,455,Champions
26747,Edward Schmidt,130,6,14930,0,4,4,4,12,444,Champions
26748,Diane Giles,107,10,20068,1,4,5,5,14,455,Champions
26749,Jessica Wood,3,8,19574,0,5,5,5,15,555,Champions
26750,Nathan Fisher,76,9,27133,0,4,5,5,14,455,Champions
26756,Alexander French,112,6,20753,1,4,4,5,13,445,Champions
26760,Toni Medina,96,11,17999,0,4,5,4,13,454,Champions
26762,Jack Johnson,11,5,17980,1,5,3,4,12,534,Potential Loyalists
26768,Lisa Porter,154,7,16421,0,3,5,4,12,354,Loyal Customers
26771,Michael Garza,263,9,28117,0,2,5,5,12,255,At Risk
26772,Kevin Keith,141,7,16937,0,3,5,4,12,354,Loyal Customers
26773,Taylor Hayes,119,8,23562,1,4,5,5,14,455,Champions
26783,Megan Bell,201,9,21772,0,3,5,5,13,355,Loyal Customers
26787,Kathleen Robinson,385,7,21118,0,2,5,5,12,255,At Risk
26794,Joshua Sullivan,11,6,19601,0,5,4,5,14,545,Champions
26806,Sheila Ruiz,356,7,22654,0,2,5,5,12,255,At Risk
26811,Rebekah Harrison,174,7,17577,1,3,5,4,12,354,Loyal Customers
26814,Michael Murray,98,8,17877,0,4,5,4,13,454,Champions
26816,Chad Perry,80,7,20757,0,4,5,5,14,455,Champions
26817,Michael Yang,43,5,16569,0,5,3,4,12,534,Potential Loyalists
26818,Gina Bradley,36,8,30301,0,5,5,5,15,555,Champions
26819,Shawn Ferguson,64,8,14367,0,4,5,3,12,453,Loyal Customers
26829,Nicholas Garcia,3,9,26313,0,5,5,5,15,555,Champions
26830,John Mcintyre,32,7,12497,0,5,5,3,13,553,Loyal Customers
26836,Julie Simpson,154,6,21745,0,3,4,5,12,345,Loyal Customers
26837,Albert Christensen,258,7,21436,0,2,5,5,12,255,At Risk
26847,Robert Mcgrath,47,9,27912,0,5,5,5,15,555,Champions
26849,Mary Stewart,95,8,18510,0,4,5,4,13,454,Champions
26852,Alice Little MD,219,7,23594,0,3,5,5,13,355,Loyal Customers
26857,Amy Allen,67,6,17137,0,4,4,4,12,444,Champions
26861,Crystal Yu,8,10,33795,0,5,5,5,15,555,Champions
26866,Matthew Clark,126,9,17571,0,4,5,4,13,454,Champions
26875,Jennifer Boyd,6,7,20002,1,5,5,5,15,555,Champions
26882,Kenneth Evans,105,7,23839,0,4,5,5,14,455,Champions
26889,Bruce Zamora,60,6,16008,0,4,4,4,12,444,Champions
26896,Christopher Wu,46,8,24462,0,5,5,5,15,555,Champions
26899,Robert Gordon,224,8,20540,0,3,5,5,13,355,Loyal Customers
26901,Michael Thornton,38,5,16083,0,5,3,4,12,534,Potential Loyalists
26903,Victor Fleming,9,9,29410,0,5,5,5,15,555,Champions
26907,Kevin Wilson,45,7,18175,1,5,5,4,14,554,Champions
26911,Lisa Walker,63,6,19006,1,4,4,4,12,444,Champions
26912,Sandra Thompson,132,11,38523,1,4,5,5,14,455,Champions
26915,Molly Robinson,148,7,19802,0,3,5,5,13,355,Loyal Customers
26917,Alicia Copeland,173,6,19635,0,3,4,5,12,345,Loyal Customers
26919,Michael Ibarra,142,7,24750,0,3,5,5,13,355,Loyal Customers
26925,Erica Lowe,56,8,19872,0,5,5,5,15,555,Champions
26928,Tanya Mejia,112,10,28088,0,4,5,5,14,455,Champions
26929,Glenda Summers,182,7,21161,0,3,5,5,13,355,Loyal Customers
26935,Natalie Nichols,147,7,17861,0,3,5,4,12,354,Loyal Customers
26939,Kelly Solis,158,7,16708,0,3,5,4,12,354,Loyal Customers
26949,Lauren Lopez,87,8,20052,0,4,5,5,14,455,Champions
26952,Julie Yang,66,8,21849,0,4,5,5,14,455,Champions
26954,Jordan Morris,144,7,18277,0,3,5,4,12,354,Loyal Customers
26957,Donna Ramos,60,8,27925,0,4,5,5,14,455,Champions
26964,William Pace,73,7,21597,0,4,5,5,14,455,Champions
26965,Debra Cross,168,7,22275,0,3,5,5,13,355,Loyal Customers
26972,Kevin Maxwell,26,7,19541,0,5,5,5,15,555,Champions
26977,Felicia Escobar,14,14,48497,0,5,5,5,15,555,Champions
26981,Jay Montgomery,166,7,15068,0,3,5,4,12,354,Loyal Customers
26985,Paul Bell,115,7,19256,1,4,5,4,13,454,Champions
26986,Robin Freeman,80,7,18912,1,4,5,4,13,454,Champions
26987,Robert Garcia,70,7,20912,0,4,5,5,14,455,Champions
26989,Julian Hampton,163,9,28930,0,3,5,5,13,355,Loyal Customers
26996,Michael Wright,21,7,22334,0,5,5,5,15,555,Champions
26998,Glenn Giles,150,9,25245,0,3,5,5,13,355,Loyal Customers
26999,Cindy Zimmerman,109,8,28814,0,4,5,5,14,455,Champions
27000,James Gonzalez,115,6,14833,0,4,4,4,12,444,Champions
27005,Stacey Flores,96,6,20007,0,4,4,5,13,445,Champions
27006,Timothy Barrett,16,6,21785,0,5,4,5,14,545,Champions
27007,Carla Stewart,177,8,23623,0,3,5,5,13,355,Loyal Customers
27010,Katherine Martin,211,10,21563,0,3,5,5,13,355,Loyal Customers
27014,Cynthia Hamilton,28,9,29973,1,5,5,5,15,555,Champions
27015,Sherry King,112,7,23741,0,4,5,5,14,455,Champions
27016,Joshua Jarvis,118,10,26212,0,4,5,5,14,455,Champions
27024,Jorge Johnson,104,7,19201,0,4,5,4,13,454,Champions
27025,John Barry,6,10,30449,0,5,5,5,15,555,Champions
27030,Keith Martinez,33,8,18254,0,5,5,4,14,554,Champions
27032,Douglas Lopez,195,8,23733,0,3,5,5,13,355,Loyal Customers
27033,Tammy Davis,67,10,30275,0,4,5,5,14,455,Champions
27034,Warren Delgado,85,7,24848,1,4,5,5,14,455,Champions
27035,Bobby Parker,5,7,14779,0,5,5,3,13,553,Loyal Customers
27046,Mary Hernandez,96,7,20183,0,4,5,5,14,455,Champions
27047,Sharon Peterson,83,6,15536,0,4,4,4,12,444,Champions
27052,Kathy Conway,108,9,29676,0,4,5,5,14,455,Champions
27053,Cindy Smith,206,6,20089,0,3,4,5,12,345,Loyal Customers
27058,Richard Martinez,11,8,22533,0,5,5,5,15,555,Champions
27059,Stacey Baker,7,8,19148,0,5,5,4,14,554,Champions
27062,Jeremy Nguyen,22,6,16117,0,5,4,4,13,544,Champions
27065,Jeremy Hood,192,9,27225,1,3,5,5,13,355,Loyal Customers
27067,Joseph Walters,254,8,25054,0,2,5,5,12,255,At Risk
27071,Mary Perez,149,7,15670,0,3,5,4,12,354,Loyal Customers
27079,Brenda May,36,8,15021,1,5,5,4,14,554,Champions
27087,Lori Hunter,131,8,27207,1,4,5,5,14,455,Champions
27089,Jacqueline Thomas,152,8,27313,0,3,5,5,13,355,Loyal Customers
27099,Angela Berry,45,7,18313,0,5,5,4,14,554,Champions
27103,James Williams,29,7,20586,0,5,5,5,15,555,Champions
27111,Jonathan Aguirre,37,6,12746,0,5,4,3,12,543,Loyal Customers
27116,Richard Walters,8,6,19608,0,5,4,5,14,545,Champions
27117,Robert Levine,84,9,19842,0,4,5,5,14,455,Champions
27121,Mary Wagner,90,12,28263,0,4,5,5,14,455,Champions
27123,Renee Jackson,163,8,20466,0,3,5,5,13,355,Loyal Customers
27129,Kelly Edwards,178,7,23388,0,3,5,5,13,355,Loyal Customers
27138,Cheryl Washington,328,7,21318,0,2,5,5,12,255,At Risk
27139,Rick Buchanan,391,7,21250,0,2,5,5,12,255,At Risk
27144,Mark Vazquez,15,7,23974,0,5,5,5,15,555,Champions
27145,Tim Moran,29,9,22463,0,5,5,5,15,555,Champions
27146,Alex Moore,129,7,19085,0,4,5,4,13,454,Champions
27148,Melissa Oneill,353,8,21084,0,2,5,5,12,255,At Risk
27149,Carlos Carpenter,31,9,25828,0,5,5,5,15,555,Champions
27151,Seth Lawrence,127,10,38174,0,4,5,5,14,455,Champions
27157,Sarah Stanley,121,8,23202,0,4,5,5,14,455,Champions
27162,Adam Wiley,39,8,13816,1,5,5,3,13,553,Loyal Customers
27167,Robert Williams,145,12,27382,0,3,5,5,13,355,Loyal Customers
27174,Paul Hernandez,197,6,21672,0,3,4,5,12,345,Loyal Customers
27182,Barbara Everett,306,7,20618,0,2,5,5,12,255,At Risk
27185,Jeremy Carr,176,7,22409,1,3,5,5,13,355,Loyal Customers
27187,Joshua Wood,181,8,22276,1,3,5,5,13,355,Loyal Customers
27188,Tina Peterson,28,8,20905,0,5,5,5,15,555,Champions
27193,Rebecca Andrews,150,8,26383,1,3,5,5,13,355,Loyal Customers
27196,Gregg Peterson,18,9,27209,0,5,5,5,15,555,Champions
27200,Timothy Crawford,46,11,28389,1,5,5,5,15,555,Champions
27206,Lisa Smith,203,9,21906,0,3,5,5,13,355,Loyal Customers
27210,Larry Richardson,0,8,14532,1,5,5,3,13,553,Loyal Customers
27217,Phillip Smith,19,6,16537,0,5,4,4,13,544,Champions
27221,Rachel Johnson,70,7,22798,0,4,5,5,14,455,Champions
27223,Christina Fox,54,11,33091,0,5,5,5,15,555,Champions
27225,Abigail Jordan,63,9,29234,0,4,5,5,14,455,Champions
27227,Jack Watson,61,8,23078,0,4,5,5,14,455,Champions
27228,Rachel Velez,13,8,24871,0,5,5,5,15,555,Champions
27232,Mr. Chad George II,72,10,25413,1,4,5,5,14,455,Champions
27238,Andrew Taylor,53,8,16094,1,5,5,4,14,554,Champions
27240,Michael Lopez,150,9,33169,0,3,5,5,13,355,Loyal Customers
27241,Mark Holt,112,8,15482,0,4,5,4,13,454,Champions
27248,Scott Edwards,326,7,22972,0,2,5,5,12,255,At Risk
27252,Jason Terry,161,7,19757,0,3,5,5,13,355,Loyal Customers
27258,Edward Leblanc,15,10,27794,0,5,5,5,15,555,Champions
27259,Andrew Harrison,175,8,22275,0,3,5,5,13,355,Loyal Customers
27261,Steven Rodriguez,8,8,24650,0,5,5,5,15,555,Champions
27262,Melanie Bonilla,125,7,15909,0,4,5,4,13,454,Champions
27263,Albert Johnson,36,7,13351,0,5,5,3,13,553,Loyal Customers
27267,Sarah Douglas,212,6,19655,0,3,4,5,12,345,Loyal Customers
27268,Crystal Jensen,58,8,25279,1,5,5,5,15,555,Champions
27272,Crystal Cook,336,7,20418,0,2,5,5,12,255,At Risk
27275,Joseph Oconnor,113,7,20867,0,4,5,5,14,455,Champions
27281,Michelle Hopkins,114,8,11398,0,4,5,3,12,453,Loyal Customers
27285,Nicolas Porter,147,6,23073,0,3,4,5,12,345,Loyal Customers
27293,Robert Lawrence,60,11,26787,0,4,5,5,14,455,Champions
27295,Shane Li,39,6,18988,0,5,4,4,13,544,Champions
27304,Christopher Donaldson,23,10,31115,0,5,5,5,15,555,Champions
27307,Ashley Ellis,20,7,16071,1,5,5,4,14,554,Champions
27308,Jennifer Turner,127,5,19447,0,4,3,5,12,435,Potential Loyalists
27311,Virginia Strong,40,8,21795,1,5,5,5,15,555,Champions
27313,John Peterson,79,9,21310,0,4,5,5,14,455,Champions
27314,Brittany Gay,133,8,16059,1,4,5,4,13,454,Champions
27317,Amy Long,89,6,16648,0,4,4,4,12,444,Champions
27319,Charles Jones,7,9,27550,0,5,5,5,15,555,Champions
27325,Jennifer Johnson,49,6,18370,1,5,4,4,13,544,Champions
27332,Christopher Romero,36,7,24336,0,5,5,5,15,555,Champions
27338,Joseph Jenkins,224,6,21254,0,3,4,5,12,345,Loyal Customers
27343,Ryan Thompson,15,6,18705,0,5,4,4,13,544,Champions
27348,Terrance Chavez,116,7,15700,1,4,5,4,13,454,Champions
27349,Dylan Davis,217,6,19785,0,3,4,5,12,345,Loyal Customers
27351,Timothy Key,22,6,20607,0,5,4,5,14,545,Champions
27353,James Wright,135,6,17253,0,4,4,4,12,444,Champions
27358,Sandy Harris,21,8,19331,0,5,5,5,15,555,Champions
27359,William Martinez,61,9,25912,0,4,5,5,14,455,Champions
27362,Nicholas Hickman,106,9,19966,0,4,5,5,14,455,Champions
27365,Bradley Ochoa,135,6,15135,1,4,4,4,12,444,Champions
27366,Margaret Howard,44,8,22476,0,5,5,5,15,555,Champions
27368,Jessica Miles,76,11,21463,0,4,5,5,14,455,Champions
27369,Angela Parker,15,6,20515,0,5,4,5,14,545,Champions
27370,Whitney Chandler,115,6,17335,0,4,4,4,12,444,Champions
27372,Elizabeth Cook,59,7,16655,0,5,5,4,14,554,Champions
27375,Nathan Gentry,58,9,29955,0,5,5,5,15,555,Champions
27376,Susan Spencer,35,5,18825,0,5,3,4,12,534,Potential Loyalists
27378,Sarah Galvan,56,5,15995,1,5,3,4,12,534,Potential Loyalists
27384,Matthew Walsh,268,7,22434,1,2,5,5,12,255,At Risk
27391,Kathleen Sanchez,25,5,15009,0,5,3,4,12,534,Potential Loyalists
27392,Edwin Fuller,2,6,17190,0,5,4,4,13,544,Champions
27394,Elizabeth Obrien,195,7,24141,1,3,5,5,13,355,Loyal Customers
27397,Michelle Singh,309,9,23140,0,2,5,5,12,255,At Risk
27401,Curtis Wiley,125,6,15911,0,4,4,4,12,444,Champions
27404,Brittany Haynes,220,7,21327,0,3,5,5,13,355,Loyal Customers
27407,Matthew Roberts,336,7,24412,1,2,5,5,12,255,At Risk
27411,Trevor Black,46,9,28207,0,5,5,5,15,555,Champions
27414,Joseph Simmons,87,7,18543,0,4,5,4,13,454,Champions
27419,Robert Reyes,282,10,26888,1,2,5,5,12,255,At Risk
27427,John Ortiz,9,7,20600,0,5,5,5,15,555,Champions
27433,Steven Olson,378,7,20224,0,2,5,5,12,255,At Risk
27436,Danny Stone,31,6,19869,1,5,4,5,14,545,Champions
27441,Michael Martin,400,10,27652,0,2,5,5,12,255,At Risk
27442,Michael Evans,119,8,18834,1,4,5,4,13,454,Champions
27448,Erica Goodman,3,9,19122,0,5,5,4,14,554,Champions
27449,Sheila Rush,4,6,17942,0,5,4,4,13,544,Champions
27450,Teresa Compton,30,8,23149,0,5,5,5,15,555,Champions
27453,Kayla Schultz,395,8,25709,0,2,5,5,12,255,At Risk
27458,Sandra Neal,36,7,18047,0,5,5,4,14,554,Champions
27467,Taylor Banks,27,5,16253,1,5,3,4,12,534,Potential Loyalists
27471,Robert George,66,6,18305,0,4,4,4,12,444,Champions
27473,Ashley Griffin,128,6,18047,0,4,4,4,12,444,Champions
27477,Charles Johnson,234,10,29697,1,3,5,5,13,355,Loyal Customers
27478,Catherine Bowen,36,8,24093,0,5,5,5,15,555,Champions
27490,Heather Pace,134,7,17993,0,4,5,4,13,454,Champions
27493,Emily Hansen,172,11,29572,0,3,5,5,13,355,Loyal Customers
27495,Jennifer Owens,383,9,22568,0,2,5,5,12,255,At Risk
27508,Todd Moss,106,7,18325,0,4,5,4,13,454,Champions
27511,Shelby Meza,241,9,23712,0,3,5,5,13,355,Loyal Customers
27513,Jeffrey Stewart,81,8,22273,0,4,5,5,14,455,Champions
27516,Tyler Merritt,135,7,22473,0,4,5,5,14,455,Champions
27518,Joan Marshall,51,5,16687,0,5,3,4,12,534,Potential Loyalists
27521,Dr. Heather Spencer PhD,48,11,25155,0,5,5,5,15,555,Champions
27527,Gregory Schmitt,83,6,16151,0,4,4,4,12,444,Champions
27533,Paul White,25,6,17683,0,5,4,4,13,544,Champions
27537,Alison Green,26,9,23870,0,5,5,5,15,555,Champions
27540,Miss Rachel Taylor,70,7,21129,1,4,5,5,14,455,Champions
27545,Robert Garcia,41,6,16728,0,5,4,4,13,544,Champions
27547,Janet Ibarra,73,9,19403,1,4,5,5,14,455,Champions
27550,Martha Osborne,231,7,15432,0,3,5,4,12,354,Loyal Customers
27562,Rachael Anderson,98,6,17994,1,4,4,4,12,444,Champions
27563,Travis Walker,90,8,23628,0,4,5,5,14,455,Champions
27566,Brandon Lopez,34,6,23383,0,5,4,5,14,545,Champions
27568,Leslie Allen,30,6,15826,0,5,4,4,13,544,Champions
27569,Andrew White,184,8,20425,0,3,5,5,13,355,Loyal Customers
27574,Mary Young,144,7,21824,0,3,5,5,13,355,Loyal Customers
27580,Amy Foley,140,7,14919,0,3,5,4,12,354,Loyal Customers
27581,Paula Davis,63,8,30247,0,4,5,5,14,455,Champions
27584,Christopher Smith,76,8,15664,0,4,5,4,13,454,Champions
27585,Jose Jensen,48,7,22273,0,5,5,5,15,555,Champions
27594,Meghan Schmitt,71,7,17037,1,4,5,4,13,454,Champions
27595,Joanna Lopez,227,8,22997,1,3,5,5,13,355,Loyal Customers
27605,Jake Yates,93,6,22053,0,4,4,5,13,445,Champions
27609,Melissa Khan,130,6,20676,1,4,4,5,13,445,Champions
27614,Lindsey Gonzalez,207,9,20994,0,3,5,5,13,355,Loyal Customers
27617,Rachel Harris,8,8,24171,1,5,5,5,15,555,Champions
27627,Francisco Hill,44,9,32185,0,5,5,5,15,555,Champions
27630,Ryan Steele,12,10,32388,0,5,5,5,15,555,Champions
27636,John Brewer,5,6,20923,0,5,4,5,14,545,Champions
27638,Jason Davis,66,8,33798,1,4,5,5,14,455,Champions
27640,Jesus Turner,18,9,24633,0,5,5,5,15,555,Champions
27641,James Boyd,31,9,29420,0,5,5,5,15,555,Champions
27653,Mason Cross MD,10,9,20850,1,5,5,5,15,555,Champions
27659,Pamela Rollins,147,10,32853,0,3,5,5,13,355,Loyal Customers
27660,Megan Ali,25,7,16606,0,5,5,4,14,554,Champions
27665,Megan Hill,94,8,24070,0,4,5,5,14,455,Champions
27669,Kathleen Adkins,14,6,23661,0,5,4,5,14,545,Champions
27672,Timothy Thompson,8,6,20465,0,5,4,5,14,545,Champions
27674,Daniel Johnson,51,5,16008,0,5,3,4,12,534,Potential Loyalists
27675,Toni Kelley,94,8,17832,0,4,5,4,13,454,Champions
27676,Marvin Owens,126,7,20701,0,4,5,5,14,455,Champions
27679,Lisa Rodriguez,16,9,20731,1,5,5,5,15,555,Champions
27681,Jonathan Luna,26,13,35643,0,5,5,5,15,555,Champions
27694,Lacey Williams,16,8,23916,0,5,5,5,15,555,Champions
27695,Belinda Stokes,30,8,18526,0,5,5,4,14,554,Champions
27699,Robert Johnson DVM,13,10,25546,0,5,5,5,15,555,Champions
27701,Thomas Smith,19,6,17172,1,5,4,4,13,544,Champions
27703,Stephanie Jackson,98,6,23581,1,4,4,5,13,445,Champions
27704,Misty Cohen,63,6,18571,0,4,4,4,12,444,Champions
27708,Matthew Hammond,146,8,20485,0,3,5,5,13,355,Loyal Customers
27712,Christopher Williams,12,8,27573,0,5,5,5,15,555,Champions
27713,Angel Kidd,4,7,17391,0,5,5,4,14,554,Champions
27724,Julia Delgado,2,8,20496,0,5,5,5,15,555,Champions
27725,Jonathan Chung,119,9,23754,0,4,5,5,14,455,Champions
27729,Sharon Brock,131,7,26780,0,4,5,5,14,455,Champions
27731,Kimberly Sharp,21,7,25253,0,5,5,5,15,555,Champions
27732,Mary Taylor,55,7,18825,0,5,5,4,14,554,Champions
27736,Alan Charles,151,7,18017,0,3,5,4,12,354,Loyal Customers
27739,Ariel Jenkins,203,7,18460,0,3,5,4,12,354,Loyal Customers
27741,Hannah Allen,163,8,18800,0,3,5,4,12,354,Loyal Customers
27747,Taylor Wells,113,7,16188,0,4,5,4,13,454,Champions
27750,Kaylee Weeks,37,8,17113,0,5,5,4,14,554,Champions
27753,Alyssa Johnston,188,9,22420,0,3,5,5,13,355,Loyal Customers
27754,David Chambers,154,9,23123,1,3,5,5,13,355,Loyal Customers
27763,Brittany Gray,43,5,16939,0,5,3,4,12,534,Potential Loyalists
27770,Jamie Wood,65,7,24400,0,4,5,5,14,455,Champions
27775,Ashlee Nicholson,51,10,28440,0,5,5,5,15,555,Champions
27776,Christopher Jacobs MD,114,11,25913,0,4,5,5,14,455,Champions
27777,Michael Bernard,104,6,15046,0,4,4,4,12,444,Champions
27779,Christopher Tucker,26,5,17467,1,5,3,4,12,534,Potential Loyalists
27791,Brandon Rogers,234,7,20829,0,3,5,5,13,355,Loyal Customers
27792,Sandra Wong,195,7,20818,0,3,5,5,13,355,Loyal Customers
27797,Brian Wilson,20,5,18502,0,5,3,4,12,534,Potential Loyalists
27800,Amanda Peterson,128,6,19989,0,4,4,5,13,445,Champions
27801,Raymond Ortiz,78,11,40241,0,4,5,5,14,455,Champions
27814,Michael Johnson,21,6,12502,0,5,4,3,12,543,Loyal Customers
27819,Amy White,46,5,21030,0,5,3,5,13,535,Potential Loyalists
27821,Timothy Thompson,34,8,19700,1,5,5,5,15,555,Champions
27822,Joel Lopez,82,6,15514,0,4,4,4,12,444,Champions
27824,Scott Sherman,251,7,23500,0,2,5,5,12,255,At Risk
27831,Steven Robertson,48,10,31506,1,5,5,5,15,555,Champions
27834,Dana Ballard,159,8,22369,0,3,5,5,13,355,Loyal Customers
27835,Briana Rogers,35,6,13216,0,5,4,3,12,543,Loyal Customers
27838,Joseph Williams,137,7,22467,0,3,5,5,13,355,Loyal Customers
27839,Stephanie Gonzalez,99,6,19619,0,4,4,5,13,445,Champions
27841,Erik Brown,157,9,22459,1,3,5,5,13,355,Loyal Customers
27842,Mary Keller,31,6,11363,0,5,4,3,12,543,Loyal Customers
27844,Jessica Bailey,72,7,15031,0,4,5,4,13,454,Champions
27846,Stephen Dixon,27,6,18794,0,5,4,4,13,544,Champions
27848,Michael Ross,178,7,22185,0,3,5,5,13,355,Loyal Customers
27850,Eric Williams,61,6,18285,0,4,4,4,12,444,Champions
27855,Lisa Williams,124,6,16367,0,4,4,4,12,444,Champions
27856,Martin Caldwell,185,7,15508,0,3,5,4,12,354,Loyal Customers
27858,Cody Holder,44,7,12606,1,5,5,3,13,553,Loyal Customers
27862,Tracy Bradley,94,6,16684,0,4,4,4,12,444,Champions
27863,Jennifer Barnett,20,7,14750,1,5,5,3,13,553,Loyal Customers
27866,Kathleen Knight,38,11,33376,0,5,5,5,15,555,Champions
27867,Justin Donaldson,199,7,29607,0,3,5,5,13,355,Loyal Customers
27868,Margaret Smith,54,8,16481,0,5,5,4,14,554,Champions
27871,Anna Huynh,74,6,20657,1,4,4,5,13,445,Champions
27875,Jason Nelson,57,9,27795,0,5,5,5,15,555,Champions
27876,Nicole Fisher,39,10,30916,1,5,5,5,15,555,Champions
27881,Kathy Gamble,97,6,18303,0,4,4,4,12,444,Champions
27885,Ian Ford,12,5,19140,0,5,3,4,12,534,Potential Loyalists
27888,Jorge Moreno,29,6,15271,0,5,4,4,13,544,Champions
27889,Benjamin Hurst,187,8,23568,1,3,5,5,13,355,Loyal Customers
27890,Michelle Houston,111,7,23411,0,4,5,5,14,455,Champions
27892,Benjamin Gonzales,33,6,17559,0,5,4,4,13,544,Champions
27897,Brenda Banks,3,6,13876,1,5,4,3,12,543,Loyal Customers
27898,Timothy Thompson,79,8,17390,0,4,5,4,13,454,Champions
27899,John Wilson,27,5,14943,0,5,3,4,12,534,Potential Loyalists
27909,Darryl Vega,241,8,23364,1,3,5,5,13,355,Loyal Customers
27911,Jordan Johnson,2,6,17611,0,5,4,4,13,544,Champions
27913,Hannah Hudson,103,6,17114,0,4,4,4,12,444,Champions
27915,Andrea Thomas,40,7,16737,0,5,5,4,14,554,Champions
27917,Dean Salinas,161,9,30875,0,3,5,5,13,355,Loyal Customers
27921,Mr. Ryan Griffin IV,64,7,21913,0,4,5,5,14,455,Champions
27926,Keith Harrington,90,8,22933,0,4,5,5,14,455,Champions
27927,Samantha Berry,300,8,25203,0,2,5,5,12,255,At Risk
27931,Leon Sullivan,359,7,19317,0,2,5,5,12,255,At Risk
27937,Kyle Williams,172,7,16545,0,3,5,4,12,354,Loyal Customers
27940,Brandy Valdez,344,8,29239,1,2,5,5,12,255,At Risk
27942,Kyle Pitts,64,11,27837,0,4,5,5,14,455,Champions
27945,Samuel Smith,34,6,16636,1,5,4,4,13,544,Champions
27951,Courtney Thomas,86,8,27806,1,4,5,5,14,455,Champions
27956,Matthew Benton,83,9,25430,1,4,5,5,14,455,Champions
27960,Jill Haynes,146,6,19408,0,3,4,5,12,345,Loyal Customers
27967,Laurie Wood,61,7,21175,0,4,5,5,14,455,Champions
27969,Jonathan Morse,29,5,17290,0,5,3,4,12,534,Potential Loyalists
27970,David Anderson,125,9,25998,0,4,5,5,14,455,Champions
27972,Bernard Porter,87,7,13623,0,4,5,3,12,453,Loyal Customers
27975,Donald Oliver,205,7,21370,1,3,5,5,13,355,Loyal Customers
27976,Sandra Guzman,73,9,20144,1,4,5,5,14,455,Champions
27977,Christina Williams,46,7,14260,0,5,5,3,13,553,Loyal Customers
27982,Hannah Maddox,410,8,20398,0,2,5,5,12,255,At Risk
27992,Gloria Hicks,189,8,22073,1,3,5,5,13,355,Loyal Customers
27993,Christopher Salazar,24,11,29766,0,5,5,5,15,555,Champions
27994,Ethan Miller,92,10,31242,0,4,5,5,14,455,Champions
27995,Amy Thomas,19,6,15488,0,5,4,4,13,544,Champions
28004,Kathleen Ritter,186,8,24102,0,3,5,5,13,355,Loyal Customers
28007,Michael Cox,94,6,18590,0,4,4,4,12,444,Champions
28008,Donald Austin,125,8,23185,0,4,5,5,14,455,Champions
28012,Kelsey Smith,71,11,25733,0,4,5,5,14,455,Champions
28013,Jennifer Montgomery,134,11,41696,0,4,5,5,14,455,Champions
28014,Angel Barnett,100,6,21368,0,4,4,5,13,445,Champions
28015,Ronald Stewart,38,6,16213,0,5,4,4,13,544,Champions
28017,Juan Soto,153,10,28279,1,3,5,5,13,355,Loyal Customers
28024,Reginald Farrell,35,7,19849,0,5,5,5,15,555,Champions
28025,Sandra Vargas,194,8,28722,0,3,5,5,13,355,Loyal Customers
28026,David Moore,32,8,21728,0,5,5,5,15,555,Champions
28029,Matthew Oconnor,14,6,21223,0,5,4,5,14,545,Champions
28031,Ronald Schroeder,93,6,19721,0,4,4,5,13,445,Champions
28040,Kendra Green,117,9,19376,0,4,5,5,14,455,Champions
28044,Micheal Richards,22,7,20258,0,5,5,5,15,555,Champions
28045,Lori Harrison,19,8,25737,0,5,5,5,15,555,Champions
28047,Troy Underwood,267,7,25865,0,2,5,5,12,255,At Risk
28049,Gavin Savage,22,11,23543,0,5,5,5,15,555,Champions
28050,Kevin Ramirez,60,6,19470,0,4,4,5,13,445,Champions
28054,Nichole Brady,85,7,21926,0,4,5,5,14,455,Champions
28060,Seth Leach,105,9,23147,0,4,5,5,14,455,Champions
28061,Linda Gutierrez,19,8,27997,0,5,5,5,15,555,Champions
28064,Paula Burns,24,6,20802,0,5,4,5,14,545,Champions
28072,Cheryl Evans,37,8,18255,0,5,5,4,14,554,Champions
28073,Nicholas Bowers,22,7,14554,0,5,5,3,13,553,Loyal Customers
28074,Colleen Gardner,153,7,25020,0,3,5,5,13,355,Loyal Customers
28075,John Garcia,137,8,23379,0,3,5,5,13,355,Loyal Customers
28077,Brandon Walker,130,7,15218,0,4,5,4,13,454,Champions
28083,Hector Decker,115,9,21624,0,4,5,5,14,455,Champions
28087,Alejandro Noble,174,8,24134,0,3,5,5,13,355,Loyal Customers
28089,Adam Johnson,40,7,19332,1,5,5,5,15,555,Champions
28091,Audrey Dunn,61,7,18835,0,4,5,4,13,454,Champions
28094,Christopher Lewis,284,7,24120,0,2,5,5,12,255,At Risk
28096,Lisa Gallagher,4,7,20682,0,5,5,5,15,555,Champions
28098,Michael Bell,116,8,21965,1,4,5,5,14,455,Champions
28099,Dustin Frazier,3,7,21075,1,5,5,5,15,555,Champions
28104,Michele Stanton,325,10,28674,0,2,5,5,12,255,At Risk
28107,Michael Simmons,12,7,16950,0,5,5,4,14,554,Champions
28112,Brandon Doyle,43,9,21950,0,5,5,5,15,555,Champions
28118,Steven Williams,61,7,14700,0,4,5,3,12,453,Loyal Customers
28121,Nicole Golden,69,7,25686,1,4,5,5,14,455,Champions
28122,Jason Reynolds,102,6,16963,1,4,4,4,12,444,Champions
28126,Susan White,343,9,21238,0,2,5,5,12,255,At Risk
28130,Emily Byrd,5,5,15728,1,5,3,4,12,534,Potential Loyalists
28131,Kevin Campbell,129,7,16179,1,4,5,4,13,454,Champions
28138,Jeffrey King,222,6,23376,0,3,4,5,12,345,Loyal Customers
28139,Emily Howell,172,7,22620,1,3,5,5,13,355,Loyal Customers
28144,Lindsay Morse,315,14,41347,0,2,5,5,12,255,At Risk
28149,Kyle Mueller,68,10,28820,0,4,5,5,14,455,Champions
28159,Erica Perez,85,6,18915,1,4,4,4,12,444,Champions
28160,Shawna Waters,166,7,17294,1,3,5,4,12,354,Loyal Customers
28161,Matthew Smith,119,9,19623,0,4,5,5,14,455,Champions
28166,Spencer Pope,155,7,23964,0,3,5,5,13,355,Loyal Customers
28167,Joseph Holmes,15,5,16273,0,5,3,4,12,534,Potential Loyalists
28173,Dr. Matthew Wright,49,8,17787,1,5,5,4,14,554,Champions
28175,Sabrina Thompson,45,6,15712,0,5,4,4,13,544,Champions
28183,William Gallagher,350,8,21264,0,2,5,5,12,255,At Risk
28185,Maria Roman,234,7,25406,0,3,5,5,13,355,Loyal Customers
28188,Emily Floyd,5,6,21451,1,5,4,5,14,545,Champions
28189,Amy Fernandez,104,6,19942,0,4,4,5,13,445,Champions
28191,Denise Bennett,142,9,26027,0,3,5,5,13,355,Loyal Customers
28195,Tina Reese,108,6,18234,0,4,4,4,12,444,Champions
28200,Steven Fitzgerald,11,6,20863,1,5,4,5,14,545,Champions
28202,Angela Carey,159,11,27627,0,3,5,5,13,355,Loyal Customers
28204,Katie Johnson,111,7,19770,0,4,5,5,14,455,Champions
28206,Glenn Wilson,39,6,17238,0,5,4,4,13,544,Champions
28210,Cynthia Cook,45,7,19320,0,5,5,5,15,555,Champions
28211,Carol Benson,59,8,22816,1,5,5,5,15,555,Champions
28212,Arthur Shaw,70,8,25559,0,4,5,5,14,455,Champions
28216,Brandi Finley,52,5,15582,0,5,3,4,12,534,Potential Loyalists
28217,Mrs. Stephanie Webb DVM,33,6,12700,0,5,4,3,12,543,Loyal Customers
28219,Brett Torres,131,6,18757,0,4,4,4,12,444,Champions
28224,Tara Bowman,342,8,31667,0,2,5,5,12,255,At Risk
28231,Lucas Lawrence,136,10,26445,0,4,5,5,14,455,Champions
28234,Richard Garcia,178,9,18770,0,3,5,4,12,354,Loyal Customers
28240,Tyler Crosby,185,7,23978,1,3,5,5,13,355,Loyal Customers
28242,Karen Jones,21,7,15764,0,5,5,4,14,554,Champions
28248,Kelly Ramirez,2,7,9668,1,5,5,2,12,552,Potential Loyalists
28249,Nicholas Moore,152,7,24320,0,3,5,5,13,355,Loyal Customers
28250,Rodney Bishop,84,6,19323,0,4,4,5,13,445,Champions
28251,David Mcgee,25,6,13780,1,5,4,3,12,543,Loyal Customers
28254,Michael Blackburn,15,6,12012,0,5,4,3,12,543,Loyal Customers
28260,Yvonne Mclean,9,7,20003,0,5,5,5,15,555,Champions
28263,Stephen Myers,92,11,31353,0,4,5,5,14,455,Champions
28270,Chelsey Hunter,374,8,24107,0,2,5,5,12,255,At Risk
28273,Marc Bowman,163,7,21495,0,3,5,5,13,355,Loyal Customers
28275,Laura Taylor,49,7,15086,0,5,5,4,14,554,Champions
28276,Kaylee Ramos,40,6,18390,0,5,4,4,13,544,Champions
28278,Steven Anderson,220,8,21364,0,3,5,5,13,355,Loyal Customers
28287,Lori Lopez,13,8,34734,0,5,5,5,15,555,Champions
28293,Lisa Patel,121,10,20330,0,4,5,5,14,455,Champions
28296,Michelle Rose,244,7,25858,1,2,5,5,12,255,At Risk
28298,Charles Gonzalez,193,6,24693,0,3,4,5,12,345,Loyal Customers
28299,Melissa Smith,121,7,19084,0,4,5,4,13,454,Champions
28300,Cynthia Castro,37,8,21746,0,5,5,5,15,555,Champions
28301,James Barker,9,7,15191,0,5,5,4,14,554,Champions
28302,Theresa Bishop,9,6,19434,0,5,4,5,14,545,Champions
28303,Larry Kim,97,9,30985,0,4,5,5,14,455,Champions
28304,Marc Fletcher,214,7,25571,0,3,5,5,13,355,Loyal Customers
28309,Rhonda Hayes,63,9,26449,0,4,5,5,14,455,Champions
28310,Edward Cortez,0,8,26498,0,5,5,5,15,555,Champions
28311,Lisa Fisher,7,7,19207,0,5,5,4,14,554,Champions
28312,Brent Mueller,40,8,25709,0,5,5,5,15,555,Champions
28313,Jacqueline Allen,49,9,24180,0,5,5,5,15,555,Champions
28315,Christopher Rasmussen,11,7,15310,0,5,5,4,14,554,Champions
28316,Kelsey Holden,16,5,20938,0,5,3,5,13,535,Potential Loyalists
28317,Mary Miller,67,7,19503,0,4,5,5,14,455,Champions
28321,Jennifer Perry,6,8,27894,0,5,5,5,15,555,Champions
28322,James Mason,49,8,29125,1,5,5,5,15,555,Champions
28324,Taylor Terry,205,6,23399,0,3,4,5,12,345,Loyal Customers
28330,Matthew Garrett,59,8,19754,1,5,5,5,15,555,Champions
28332,Jacqueline Mercado,44,6,12933,0,5,4,3,12,543,Loyal Customers
28337,Angie Webb,63,7,15724,1,4,5,4,13,454,Champions
28339,Renee Rivers,276,8,22627,0,2,5,5,12,255,At Risk
28343,Lucas Kelly,163,9,17854,0,3,5,4,12,354,Loyal Customers
28345,Tracy Parker,169,6,20819,0,3,4,5,12,345,Loyal Customers
28346,Angela Marshall,67,7,14972,1,4,5,4,13,454,Champions
28348,Raymond Hernandez,27,8,20865,1,5,5,5,15,555,Champions
28350,Robert Clark,24,9,32326,0,5,5,5,15,555,Champions
28353,Stuart Martin,48,7,23410,0,5,5,5,15,555,Champions
28354,Crystal Byrd,115,7,18567,0,4,5,4,13,454,Champions
28365,Mark Church,45,6,12614,0,5,4,3,12,543,Loyal Customers
28370,Brett Johnson,280,7,19958,1,2,5,5,12,255,At Risk
28372,Darlene Garcia,135,7,15597,1,4,5,4,13,454,Champions
28377,Mark Hill,423,7,20299,0,2,5,5,12,255,At Risk
28378,Shelia Williams,32,5,15172,0,5,3,4,12,534,Potential Loyalists
28381,Derek Mcconnell,162,7,16396,0,3,5,4,12,354,Loyal Customers
28387,Helen Mcintyre,21,12,29956,0,5,5,5,15,555,Champions
28388,Timothy Scott,65,10,22711,1,4,5,5,14,455,Champions
28398,Daniel Orr,13,8,23578,0,5,5,5,15,555,Champions
28399,George Hicks,1,9,24500,0,5,5,5,15,555,Champions
28401,Eric Patel,111,7,15914,0,4,5,4,13,454,Champions
28408,Erin Jackson,54,7,17556,0,5,5,4,14,554,Champions
28409,Omar Lee,17,5,15492,0,5,3,4,12,534,Potential Loyalists
28412,Breanna Nunez,10,6,19495,0,5,4,5,14,545,Champions
28418,Michael Mcfarland,111,7,16848,0,4,5,4,13,454,Champions
28419,Alyssa Curtis,33,6,17654,0,5,4,4,13,544,Champions
28422,David Ross,142,8,25751,0,3,5,5,13,355,Loyal Customers
28429,Christopher Alexander,21,9,22429,0,5,5,5,15,555,Champions
28430,John Bradley,291,8,23811,1,2,5,5,12,255,At Risk
28432,Scott Fox,223,9,17936,0,3,5,4,12,354,Loyal Customers
28437,Rebecca Small,35,7,21278,1,5,5,5,15,555,Champions
28439,Olivia Payne,150,7,16194,0,3,5,4,12,354,Loyal Customers
28441,Andrea Mora,80,9,27247,0,4,5,5,14,455,Champions
28445,Jeffery Richardson,223,8,25669,1,3,5,5,13,355,Loyal Customers
28449,Eugene Adams,196,8,24897,0,3,5,5,13,355,Loyal Customers
28450,Elizabeth Turner,35,7,19495,0,5,5,5,15,555,Champions
28453,Sharon Perry,30,5,17875,0,5,3,4,12,534,Potential Loyalists
28454,Eric Rangel,10,6,18981,0,5,4,4,13,544,Champions
28456,Amber Larson,84,5,20619,0,4,3,5,12,435,Potential Loyalists
28467,Tracy Hernandez,152,6,24905,0,3,4,5,12,345,Loyal Customers
28470,Patrick Lopez,58,6,12596,0,5,4,3,12,543,Loyal Customers
28483,Stacy Lawson,106,6,16454,1,4,4,4,12,444,Champions
28494,Jordan Watson,16,5,15660,0,5,3,4,12,534,Potential Loyalists
28495,Michael Zuniga,66,6,15604,1,4,4,4,12,444,Champions
28501,Erin Campbell,49,6,17081,0,5,4,4,13,544,Champions
28503,Donna Miller,108,7,19640,1,4,5,5,14,455,Champions
28509,Tracy Malone,9,7,27670,0,5,5,5,15,555,Champions
28511,Robin Yu,18,6,13136,0,5,4,3,12,543,Loyal Customers
28515,Adrian French,78,9,32690,0,4,5,5,14,455,Champions
28518,Erika Mendoza,80,7,22707,0,4,5,5,14,455,Champions
28529,Mario Nicholson,235,7,15024,1,3,5,4,12,354,Loyal Customers
28531,Christy Riley,197,7,15790,0,3,5,4,12,354,Loyal Customers
28535,Reginald Patterson,202,11,35033,0,3,5,5,13,355,Loyal Customers
28538,Leslie Martinez,68,7,18193,0,4,5,4,13,454,Champions
28539,Kenneth Foster,140,6,20413,0,3,4,5,12,345,Loyal Customers
28544,Jeffrey Parks,8,7,23810,0,5,5,5,15,555,Champions
28545,Leslie Pearson,28,7,17939,0,5,5,4,14,554,Champions
28546,Richard Keller,5,6,21808,0,5,4,5,14,545,Champions
28548,Ashley Allen,38,9,30128,0,5,5,5,15,555,Champions
28549,Allison Lane,281,10,24286,0,2,5,5,12,255,At Risk
28550,Nicholas Vargas,49,7,17336,1,5,5,4,14,554,Champions
28554,Bruce Murphy,71,6,20874,0,4,4,5,13,445,Champions
28557,Katrina Black,171,7,19976,1,3,5,5,13,355,Loyal Customers
28562,Michelle Warner,203,6,20956,0,3,4,5,12,345,Loyal Customers
28563,Danielle Gonzalez,31,6,16766,0,5,4,4,13,544,Champions
28566,Cynthia Jones,13,7,15744,0,5,5,4,14,554,Champions
28568,Ashley Garcia,7,9,20190,0,5,5,5,15,555,Champions
28572,Tammy Cunningham,101,11,22671,1,4,5,5,14,455,Champions
28574,Caleb Thomas,3,7,14227,0,5,5,3,13,553,Loyal Customers
28579,Heather Evans,113,6,22040,0,4,4,5,13,445,Champions
28581,James Harmon,51,7,14308,0,5,5,3,13,553,Loyal Customers
28582,Lawrence Ferguson,71,13,38123,1,4,5,5,14,455,Champions
28586,Candice Ball,53,8,24164,0,5,5,5,15,555,Champions
28590,Toni Smith,126,7,16085,0,4,5,4,13,454,Champions
28591,Richard Bradshaw,46,6,18173,0,5,4,4,13,544,Champions
28597,Donna Jackson,165,7,17623,0,3,5,4,12,354,Loyal Customers
28600,Sarah Hernandez,333,9,30183,0,2,5,5,12,255,At Risk
28601,Karen Richardson,14,6,12612,0,5,4,3,12,543,Loyal Customers
28604,Joshua Vaughan,46,8,18857,0,5,5,4,14,554,Champions
28605,Joseph Rojas,61,5,20247,0,4,3,5,12,435,Potential Loyalists
28612,Timothy Carter,34,7,22067,0,5,5,5,15,555,Champions
28613,Ethan Walker,177,7,18525,0,3,5,4,12,354,Loyal Customers
28619,David Kaiser,217,10,28203,0,3,5,5,13,355,Loyal Customers
28620,Timothy Gould,147,6,20365,0,3,4,5,12,345,Loyal Customers
28624,Alexander Wilson,256,9,24428,0,2,5,5,12,255,At Risk
28628,Debra Johnson,57,5,17652,0,5,3,4,12,534,Potential Loyalists
28647,Eric Sanchez,19,9,23388,1,5,5,5,15,555,Champions
28650,Dwayne Chen,19,8,17102,0,5,5,4,14,554,Champions
28653,Evan Owens,191,7,17235,0,3,5,4,12,354,Loyal Customers
28656,Hannah Thomas,42,7,10085,0,5,5,2,12,552,Potential Loyalists
28659,Olivia Dunn,242,6,21888,0,3,4,5,12,345,Loyal Customers
28664,Michelle Young,209,7,27087,0,3,5,5,13,355,Loyal Customers
28666,Matthew Dunn,203,8,15116,0,3,5,4,12,354,Loyal Customers
28667,Barbara Nguyen,70,7,14439,0,4,5,3,12,453,Loyal Customers
28675,Erika Gomez,199,8,25422,0,3,5,5,13,355,Loyal Customers
28677,Katherine Alvarez,18,7,17339,0,5,5,4,14,554,Champions
28678,Krista Jackson,15,7,16737,0,5,5,4,14,554,Champions
28680,Carrie Torres,65,11,25111,0,4,5,5,14,455,Champions
28683,Joseph Lawrence,64,9,27777,1,4,5,5,14,455,Champions
28687,Kelly Barnes,75,7,19081,0,4,5,4,13,454,Champions
28689,Sierra West,67,8,21567,1,4,5,5,14,455,Champions
28691,John Campbell,38,6,15959,0,5,4,4,13,544,Champions
28693,Joshua Johnson,143,6,20339,0,3,4,5,12,345,Loyal Customers
28696,Gabriela West,312,9,21783,0,2,5,5,12,255,At Risk
28699,Jennifer Anderson,229,8,16763,0,3,5,4,12,354,Loyal Customers
28705,Tanner Smith,72,5,21738,0,4,3,5,12,435,Potential Loyalists
28712,Cole Pace,25,7,29138,0,5,5,5,15,555,Champions
28714,Wanda Harrell,303,8,23326,0,2,5,5,12,255,At Risk
28716,Elizabeth Baxter,44,8,21460,0,5,5,5,15,555,Champions
28717,Richard Thomas,19,7,20202,0,5,5,5,15,555,Champions
28723,Debbie Wright,60,6,15395,0,4,4,4,12,444,Champions
28728,Abigail Mahoney,0,7,20005,0,5,5,5,15,555,Champions
28733,Trevor Landry,89,7,21234,0,4,5,5,14,455,Champions
28741,Joseph Rich,32,8,19155,0,5,5,4,14,554,Champions
28746,Melvin Shah,121,6,19916,0,4,4,5,13,445,Champions
28751,Curtis Brown,59,8,17151,1,5,5,4,14,554,Champions
28753,Michael Sanchez,127,7,18602,1,4,5,4,13,454,Champions
28754,Jessica Garner,125,6,15964,0,4,4,4,12,444,Champions
28757,Matthew Guzman,51,6,21028,0,5,4,5,14,545,Champions
28760,Alicia Edwards,59,5,15478,0,5,3,4,12,534,Potential Loyalists
28763,Brittany Henderson,125,6,16550,0,4,4,4,12,444,Champions
28764,Jennifer Murphy,48,11,39098,0,5,5,5,15,555,Champions
28768,Stephanie Dennis,91,11,27119,0,4,5,5,14,455,Champions
28769,Mrs. Brianna Flores,69,9,22240,0,4,5,5,14,455,Champions
28774,Randy Oneill,103,8,21536,0,4,5,5,14,455,Champions
28782,Ashley Bond,119,6,20574,0,4,4,5,13,445,Champions
28789,Rebecca Adams,13,10,28318,0,5,5,5,15,555,Champions
28790,Michael Newman,102,6,17115,0,4,4,4,12,444,Champions
28798,Carla Stephens,1,7,21852,0,5,5,5,15,555,Champions
28799,Mary Church,33,9,31647,0,5,5,5,15,555,Champions
28801,Kenneth Dunn,30,10,29118,0,5,5,5,15,555,Champions
28802,Olivia Brewer,155,9,25534,0,3,5,5,13,355,Loyal Customers
28803,Sharon Gomez,117,7,16279,0,4,5,4,13,454,Champions
28808,Erin Ferguson,138,6,25127,0,3,4,5,12,345,Loyal Customers
28812,Lisa Reed,24,9,21988,1,5,5,5,15,555,Champions
28814,Eduardo Rodriguez,93,8,24079,0,4,5,5,14,455,Champions
28820,Leslie Holmes,90,6,16824,0,4,4,4,12,444,Champions
28821,Chad Miller,80,7,24647,1,4,5,5,14,455,Champions
28822,Michael Collins,82,7,17725,1,4,5,4,13,454,Champions
28826,Andrew Nelson,37,10,31456,0,5,5,5,15,555,Champions
28829,Jason Torres,21,6,16974,0,5,4,4,13,544,Champions
28830,April Davis,136,7,25655,0,4,5,5,14,455,Champions
28836,Michael Brown,37,8,28631,0,5,5,5,15,555,Champions
28846,Adam Andrews,387,7,22985,0,2,5,5,12,255,At Risk
28849,Paul Hall,247,7,20875,0,2,5,5,12,255,At Risk
28850,Stephen Walls,22,5,20572,1,5,3,5,13,535,Potential Loyalists
28851,Richard Reed,65,6,17294,0,4,4,4,12,444,Champions
28852,Chelsea Howell,23,15,35178,0,5,5,5,15,555,Champions
28858,Donald Reynolds,228,7,24166,1,3,5,5,13,355,Loyal Customers
28866,Samuel Thomas,97,6,16035,0,4,4,4,12,444,Champions
28867,Peter Moreno,190,7,21504,1,3,5,5,13,355,Loyal Customers
28872,Daniel Rose,14,7,18971,0,5,5,4,14,554,Champions
28874,Matthew Lambert,98,6,22773,0,4,4,5,13,445,Champions
28877,Ashley Wood,291,7,24878,0,2,5,5,12,255,At Risk
28879,John Morgan,113,7,24829,0,4,5,5,14,455,Champions
28880,Daniel Martin,23,5,17141,0,5,3,4,12,534,Potential Loyalists
28881,John Todd,74,7,18387,0,4,5,4,13,454,Champions
28882,Sheena Martin,225,6,19638,0,3,4,5,12,345,Loyal Customers
28884,Sherry Phillips,59,8,23773,0,5,5,5,15,555,Champions
28894,Phillip Myers,19,7,20638,0,5,5,5,15,555,Champions
28901,Joyce Pollard,130,10,18851,0,4,5,4,13,454,Champions
28904,Matthew Lopez,222,6,20001,0,3,4,5,12,345,Loyal Customers
28905,Sean Hunt,238,9,24639,0,3,5,5,13,355,Loyal Customers
28910,Tyler Banks,3,6,17554,0,5,4,4,13,544,Champions
28911,Michele Stanton,63,7,27920,1,4,5,5,14,455,Champions
28913,Jordan Clark,44,6,14958,1,5,4,4,13,544,Champions
28919,Connie Trujillo,205,7,17783,0,3,5,4,12,354,Loyal Customers
28923,Kimberly King,69,7,22414,0,4,5,5,14,455,Champions
28924,Scott Mendez,7,7,11102,1,5,5,2,12,552,Potential Loyalists
28933,Barbara Lopez,206,9,23507,0,3,5,5,13,355,Loyal Customers
28936,Mary Armstrong,76,7,26794,0,4,5,5,14,455,Champions
28940,Alexander Chambers,9,6,17426,1,5,4,4,13,544,Champions
28942,Christy Jackson,18,7,23670,0,5,5,5,15,555,Champions
28952,Nicholas Williams,32,9,25054,0,5,5,5,15,555,Champions
28953,Jared Robinson,47,7,10689,0,5,5,2,12,552,Potential Loyalists
28957,Grant Andrade,116,6,15750,0,4,4,4,12,444,Champions
28958,Katherine Vega,97,6,22035,0,4,4,5,13,445,Champions
28966,Bob Flores,59,7,21937,0,5,5,5,15,555,Champions
28971,Terry Cabrera,16,6,20319,0,5,4,5,14,545,Champions
28972,Diane Hernandez,3,6,13826,0,5,4,3,12,543,Loyal Customers
28975,Nicole Price,32,7,18940,1,5,5,4,14,554,Champions
28982,David Griffin,87,8,18270,0,4,5,4,13,454,Champions
28984,George Mack,89,11,26684,0,4,5,5,14,455,Champions
28987,Miss Darlene Ho,6,6,15928,0,5,4,4,13,544,Champions
28988,Robin Stout,149,12,28024,1,3,5,5,13,355,Loyal Customers
28989,David Gonzalez,145,8,15837,0,3,5,4,12,354,Loyal Customers
28992,Jerry Duran,32,8,23137,0,5,5,5,15,555,Champions
28997,Ashley Bryant,91,6,18383,0,4,4,4,12,444,Champions
28998,Jonathan Crawford,75,6,22349,0,4,4,5,13,445,Champions
29001,Christopher Schultz,19,5,18939,0,5,3,4,12,534,Potential Loyalists
29003,Matthew Garcia,67,7,18345,0,4,5,4,13,454,Champions
29007,Barbara Smith,16,11,23722,0,5,5,5,15,555,Champions
29011,Dana Le,205,7,21586,1,3,5,5,13,355,Loyal Customers
29012,Thomas Lewis,114,6,23025,0,4,4,5,13,445,Champions
29013,Rebecca Keller,39,5,19428,0,5,3,5,13,535,Potential Loyalists
29019,Kenneth Kim,310,7,23229,0,2,5,5,12,255,At Risk
29022,Laura Collins,180,7,23781,0,3,5,5,13,355,Loyal Customers
29023,Pamela Sweeney,40,10,21399,0,5,5,5,15,555,Champions
29025,Toni Smith,90,6,18633,0,4,4,4,12,444,Champions
29026,Kristen Odom,77,8,22567,1,4,5,5,14,455,Champions
29028,Valerie Harris,72,7,19073,0,4,5,4,13,454,Champions
29029,Dan Hoffman,121,7,16613,0,4,5,4,13,454,Champions
29032,Rebecca Holt,167,7,21433,0,3,5,5,13,355,Loyal Customers
29035,Annette Rivers,75,7,11474,0,4,5,3,12,453,Loyal Customers
29037,Kevin Lewis,66,8,23317,0,4,5,5,14,455,Champions
29038,Kurt Wright,175,6,24135,0,3,4,5,12,345,Loyal Customers
29039,Joseph Evans,271,8,21247,0,2,5,5,12,255,At Risk
29041,Rachel Rocha,18,10,20984,0,5,5,5,15,555,Champions
29045,Alan Ruiz,75,7,16072,0,4,5,4,13,454,Champions
29049,Bryan Schaefer,58,7,23989,1,5,5,5,15,555,Champions
29054,Susan Gordon,32,9,15571,0,5,5,4,14,554,Champions
29056,Lawrence Krause,231,8,28332,0,3,5,5,13,355,Loyal Customers
29059,Carlos Williams,75,7,18611,0,4,5,4,13,454,Champions
29063,Joseph Lynch,244,8,29108,0,2,5,5,12,255,At Risk
29072,John Rowe,56,7,25194,0,5,5,5,15,555,Champions
29073,Lisa Perez,0,10,30756,0,5,5,5,15,555,Champions
29076,Michael Hughes,423,7,19309,0,2,5,5,12,255,At Risk
29080,Paul Wade,279,9,25482,0,2,5,5,12,255,At Risk
29082,Patrick Conley,22,8,24413,0,5,5,5,15,555,Champions
29087,Kenneth Saunders,10,11,26954,0,5,5,5,15,555,Champions
29088,Dustin Lynch,31,5,21795,0,5,3,5,13,535,Potential Loyalists
29090,Robert Anderson,139,8,24875,1,3,5,5,13,355,Loyal Customers
29092,Jane Kelly,24,7,23806,0,5,5,5,15,555,Champions
29093,Holly Jones,87,11,27975,1,4,5,5,14,455,Champions
29094,Matthew Walter,114,11,34518,0,4,5,5,14,455,Champions
29098,Erin Romero,245,11,37770,0,2,5,5,12,255,At Risk
29099,Michael Franklin,62,6,19776,0,4,4,5,13,445,Champions
29104,Michael Johnston,39,6,14070,1,5,4,3,12,543,Loyal Customers
29106,George Elliott,280,10,23416,0,2,5,5,12,255,At Risk
29111,James Wheeler,23,7,17194,0,5,5,4,14,554,Champions
29115,Nancy Howard,222,7,16113,0,3,5,4,12,354,Loyal Customers
29117,Cindy Cline,14,5,16721,0,5,3,4,12,534,Potential Loyalists
29121,Nicole Sanchez,17,6,13983,0,5,4,3,12,543,Loyal Customers
29123,Ronald White,424,7,19769,0,2,5,5,12,255,At Risk
29125,Joseph Hickman,33,5,18315,0,5,3,4,12,534,Potential Loyalists
29131,Linda Pace,46,8,15993,1,5,5,4,14,554,Champions
29133,Carlos Brown,91,9,30207,0,4,5,5,14,455,Champions
29134,Jeffery Bernard,73,8,24133,0,4,5,5,14,455,Champions
29135,Jesus Andrews,52,6,19305,0,5,4,5,14,545,Champions
29140,Erika Snyder,82,8,27348,0,4,5,5,14,455,Champions
29142,Tony Coleman,120,6,17349,0,4,4,4,12,444,Champions
29154,Nancy Brown,152,6,25408,1,3,4,5,12,345,Loyal Customers
29155,Dawn Torres,1,8,23592,1,5,5,5,15,555,Champions
29159,Louis Pearson,110,6,19460,0,4,4,5,13,445,Champions
29166,Logan Pacheco,76,7,22748,0,4,5,5,14,455,Champions
29170,Lori Blevins,101,7,19246,0,4,5,4,13,454,Champions
29171,Austin Yang,48,7,17162,1,5,5,4,14,554,Champions
29172,Alfred Acosta,63,9,26828,1,4,5,5,14,455,Champions
29176,Megan Todd,160,7,22772,0,3,5,5,13,355,Loyal Customers
29178,Taylor Hill,214,7,21387,0,3,5,5,13,355,Loyal Customers
29179,Danielle Santiago,138,8,27450,0,3,5,5,13,355,Loyal Customers
29182,Daryl White,16,9,23763,0,5,5,5,15,555,Champions
29184,Allen Griffin,191,8,18291,1,3,5,4,12,354,Loyal Customers
29189,Amanda Terrell,78,6,16243,1,4,4,4,12,444,Champions
29190,Cynthia Hernandez,104,8,16181,0,4,5,4,13,454,Champions
29194,Lori Wolfe,290,7,22528,1,2,5,5,12,255,At Risk
29197,Lori Chambers,342,7,19793,1,2,5,5,12,255,At Risk
29202,Jennifer Chen,228,7,26802,0,3,5,5,13,355,Loyal Customers
29203,Perry Watson,144,10,26651,0,3,5,5,13,355,Loyal Customers
29206,Leah Payne,11,5,19688,0,5,3,5,13,535,Potential Loyalists
29213,Luke Smith,32,6,20177,0,5,4,5,14,545,Champions
29218,Paul Martinez,30,5,16729,0,5,3,4,12,534,Potential Loyalists
29220,Lisa Carter,1,7,21296,0,5,5,5,15,555,Champions
29223,Bradley Ortiz,71,6,15747,0,4,4,4,12,444,Champions
29228,Mrs. Laura Warren,30,7,13191,0,5,5,3,13,553,Loyal Customers
29231,William Rhodes,7,6,13028,1,5,4,3,12,543,Loyal Customers
29233,Jeremy Mendoza,243,10,23990,0,2,5,5,12,255,At Risk
29234,Alan Gardner,66,5,20084,0,4,3,5,12,435,Potential Loyalists
29235,William Kim,204,8,20287,1,3,5,5,13,355,Loyal Customers
29246,Dustin Montgomery,15,8,25911,0,5,5,5,15,555,Champions
29248,Austin Hubbard,28,6,15688,1,5,4,4,13,544,Champions
29253,John Novak,206,7,22459,0,3,5,5,13,355,Loyal Customers
29254,Emily Lloyd,130,7,19168,1,4,5,4,13,454,Champions
29255,Julie Levy,364,7,20048,0,2,5,5,12,255,At Risk
29256,Melissa Larson,63,6,18048,0,4,4,4,12,444,Champions
29258,Erica Powell,83,12,25937,0,4,5,5,14,455,Champions
29265,David Payne,117,8,14953,1,4,5,4,13,454,Champions
29267,Sydney Shaw,117,7,20363,0,4,5,5,14,455,Champions
29268,Kimberly Herrera,48,10,32438,1,5,5,5,15,555,Champions
29269,Mark Barajas,110,5,19593,0,4,3,5,12,435,Potential Loyalists
29270,Ashley Huffman,112,8,24795,0,4,5,5,14,455,Champions
29271,Melissa Johnson,177,10,32707,0,3,5,5,13,355,Loyal Customers
29272,Lisa Lyons,301,8,28041,1,2,5,5,12,255,At Risk
29277,Gary Browning,68,8,21130,1,4,5,5,14,455,Champions
29278,Nicole Garcia DVM,31,7,19745,1,5,5,5,15,555,Champions
29279,Maria Gross,63,9,26660,1,4,5,5,14,455,Champions
29282,Phillip Velazquez,34,5,18938,0,5,3,4,12,534,Potential Loyalists
29284,Cheryl Wilson,248,7,23481,0,2,5,5,12,255,At Risk
29285,Susan Smith,283,8,21986,1,2,5,5,12,255,At Risk
29286,Deborah Schwartz,282,11,37958,0,2,5,5,12,255,At Risk
29298,Christopher Contreras,113,10,23868,0,4,5,5,14,455,Champions
29303,Cynthia Miller,89,10,31901,0,4,5,5,14,455,Champions
29308,Kelsey Valenzuela,95,13,38598,0,4,5,5,14,455,Champions
29309,Paul Sims,95,5,19724,0,4,3,5,12,435,Potential Loyalists
29317,Glenn Martinez,420,7,27030,0,2,5,5,12,255,At Risk
29321,Joan Rodgers DVM,221,6,20460,0,3,4,5,12,345,Loyal Customers
29324,Stephanie Shaw,230,8,25146,0,3,5,5,13,355,Loyal Customers
29325,David White,115,6,14958,0,4,4,4,12,444,Champions
29338,Michael Bowman,31,9,33532,0,5,5,5,15,555,Champions
29340,Jennifer Sanchez,58,8,28160,0,5,5,5,15,555,Champions
29347,Matthew Houston,78,8,26749,0,4,5,5,14,455,Champions
29355,Summer Vincent,44,5,15458,0,5,3,4,12,534,Potential Loyalists
29358,Randall Vasquez,193,10,29031,0,3,5,5,13,355,Loyal Customers
29361,Stephanie Flynn,28,6,16459,0,5,4,4,13,544,Champions
29362,Bryan Smith,75,8,26146,0,4,5,5,14,455,Champions
29363,Andrea Harmon,74,7,17074,0,4,5,4,13,454,Champions
29372,Jorge Patel,39,11,16692,1,5,5,4,14,554,Champions
29380,Alejandra Rivera,90,10,26780,0,4,5,5,14,455,Champions
29382,Richard Torres,42,9,25344,0,5,5,5,15,555,Champions
29384,Victoria Tucker,177,6,24299,0,3,4,5,12,345,Loyal Customers
29388,Matthew King,30,12,32638,0,5,5,5,15,555,Champions
29389,Andrew Moore,17,11,29718,0,5,5,5,15,555,Champions
29393,Katherine Blanchard,35,12,30966,0,5,5,5,15,555,Champions
29404,Tina Spencer,21,6,13077,0,5,4,3,12,543,Loyal Customers
29406,Tiffany Mclaughlin,143,8,16579,0,3,5,4,12,354,Loyal Customers
29411,Kelli Brown,63,8,23593,1,4,5,5,14,455,Champions
29412,Thomas Evans,192,9,28770,0,3,5,5,13,355,Loyal Customers
29413,Melissa Gilbert,4,6,16800,1,5,4,4,13,544,Champions
29414,Bethany Simpson,226,8,19793,0,3,5,5,13,355,Loyal Customers
29418,Laura Green,167,7,16058,1,3,5,4,12,354,Loyal Customers
29421,Kelly Rodriguez PhD,401,7,20204,1,2,5,5,12,255,At Risk
29426,Desiree Day,106,6,15115,0,4,4,4,12,444,Champions
29430,Michelle Henderson,37,7,14026,0,5,5,3,13,553,Loyal Customers
29432,Henry Clements,25,7,15880,0,5,5,4,14,554,Champions
29433,Colleen Kennedy,134,8,22019,1,4,5,5,14,455,Champions
29442,Jordan Henry,117,11,21694,0,4,5,5,14,455,Champions
29445,Daniel Humphrey,160,7,16571,0,3,5,4,12,354,Loyal Customers
29446,Suzanne Brown,32,7,18699,0,5,5,4,14,554,Champions
29448,Sara Hoover,85,7,22952,0,4,5,5,14,455,Champions
29453,David Riley,204,7,25596,1,3,5,5,13,355,Loyal Customers
29462,Amanda Mcdaniel,27,6,17291,0,5,4,4,13,544,Champions
29463,Jeffrey Orr,120,8,22790,0,4,5,5,14,455,Champions
29464,Juan Nguyen,329,7,29737,0,2,5,5,12,255,At Risk
29470,Anthony Mitchell DDS,275,7,20599,0,2,5,5,12,255,At Risk
29471,Andrew Brown,65,10,21388,0,4,5,5,14,455,Champions
29474,Sharon Thompson,122,8,20186,1,4,5,5,14,455,Champions
29477,Dr. Lindsey Hunt,95,6,19574,0,4,4,5,13,445,Champions
29478,Tony Davis,183,7,20839,0,3,5,5,13,355,Loyal Customers
29488,Andrew Wright,60,7,17210,0,4,5,4,13,454,Champions
29490,Susan Hernandez,284,8,24652,0,2,5,5,12,255,At Risk
29493,David Duncan,141,9,23301,0,3,5,5,13,355,Loyal Customers
29494,John Nelson,156,10,27247,0,3,5,5,13,355,Loyal Customers
29499,Amanda Moore,94,6,17846,0,4,4,4,12,444,Champions
29503,Bradley Barton,94,7,18216,0,4,5,4,13,454,Champions
29506,Jose Hansen,303,11,24191,0,2,5,5,12,255,At Risk
29511,James Parrish,377,7,21184,0,2,5,5,12,255,At Risk
29512,Samantha Oconnor,31,7,14632,0,5,5,3,13,553,Loyal Customers
29517,Peter Jackson,20,7,19984,1,5,5,5,15,555,Champions
29518,Thomas Moore,49,10,23527,0,5,5,5,15,555,Champions
29520,Kelsey Sampson,82,7,16436,0,4,5,4,13,454,Champions
29522,Stephanie Hanna,2,5,15696,0,5,3,4,12,534,Potential Loyalists
29523,Andrea Baker,113,8,27376,0,4,5,5,14,455,Champions
29525,Ryan Smith,47,7,20366,0,5,5,5,15,555,Champions
29532,Richard Reed,163,8,25709,0,3,5,5,13,355,Loyal Customers
29533,Julie Johnson,194,7,22790,0,3,5,5,13,355,Loyal Customers
29534,Alexa Scott,4,6,21185,0,5,4,5,14,545,Champions
29539,Melissa Graves,25,8,24780,0,5,5,5,15,555,Champions
29541,Robert Beck,133,8,28694,0,4,5,5,14,455,Champions
29550,Catherine Vega,37,9,22455,0,5,5,5,15,555,Champions
29552,Kathryn Cruz,49,5,17565,0,5,3,4,12,534,Potential Loyalists
29553,Angelica Schneider,24,8,19526,0,5,5,5,15,555,Champions
29554,Lauren Black,70,7,19985,0,4,5,5,14,455,Champions
29561,Michael Martin,47,6,19328,1,5,4,5,14,545,Champions
29565,Christopher Ballard,397,10,27651,1,2,5,5,12,255,At Risk
29576,Nicole Walker,366,7,21338,0,2,5,5,12,255,At Risk
29581,Edward Ross,5,6,19442,0,5,4,5,14,545,Champions
29584,Mrs. Catherine Evans,44,7,23483,0,5,5,5,15,555,Champions
29587,Malik Norris,191,8,19532,1,3,5,5,13,355,Loyal Customers
29589,Craig Johnson,9,8,12219,0,5,5,3,13,553,Loyal Customers
29590,Eduardo Jarvis,56,7,23275,0,5,5,5,15,555,Champions
29593,Austin Smith DDS,22,5,18151,0,5,3,4,12,534,Potential Loyalists
29595,Kelly Deleon MD,160,7,23321,0,3,5,5,13,355,Loyal Customers
29598,Katelyn Johnson,43,5,17875,0,5,3,4,12,534,Potential Loyalists
29603,Daniel Barron,19,5,15211,1,5,3,4,12,534,Potential Loyalists
29604,Tyler Taylor,124,10,27662,0,4,5,5,14,455,Champions
29607,Deborah Mcfarland,50,8,23416,0,5,5,5,15,555,Champions
29608,Pamela Anthony,69,7,18496,0,4,5,4,13,454,Champions
29612,Jennifer Brown,340,11,33241,1,2,5,5,12,255,At Risk
29614,Elizabeth Davis,13,7,15316,1,5,5,4,14,554,Champions
29615,Brenda Drake,17,6,18512,0,5,4,4,13,544,Champions
29618,Jared Williams,165,9,23821,0,3,5,5,13,355,Loyal Customers
29619,Kelli Schaefer,95,7,19388,0,4,5,5,14,455,Champions
29634,Angela Carlson,58,6,15083,0,5,4,4,13,544,Champions
29636,Donald Campbell,15,7,20520,0,5,5,5,15,555,Champions
29639,Sharon Moreno,97,8,28694,1,4,5,5,14,455,Champions
29640,Jeffrey Arellano,21,7,17499,0,5,5,4,14,554,Champions
29649,Destiny Gilmore,75,8,17006,0,4,5,4,13,454,Champions
29654,Mark Clements,77,6,16898,0,4,4,4,12,444,Champions
29661,David Salazar,131,6,16817,0,4,4,4,12,444,Champions
29663,Kathy Shields,370,9,30123,0,2,5,5,12,255,At Risk
29664,Lindsey Holden,37,11,24906,0,5,5,5,15,555,Champions
29666,Mia Nelson,17,8,20321,0,5,5,5,15,555,Champions
29667,Tabitha Jacobson,155,6,20660,0,3,4,5,12,345,Loyal Customers
29668,Janet Fox,31,9,21232,0,5,5,5,15,555,Champions
29675,Robert Mercer,113,11,31425,0,4,5,5,14,455,Champions
29678,Ethan Bradley,85,10,28700,1,4,5,5,14,455,Champions
29681,Marcus Dixon MD,192,8,22896,1,3,5,5,13,355,Loyal Customers
29682,Chris Mooney,192,9,27441,0,3,5,5,13,355,Loyal Customers
29683,Miranda Clark,145,10,40472,0,3,5,5,13,355,Loyal Customers
29685,Meghan Miller,165,9,18261,0,3,5,4,12,354,Loyal Customers
29687,Glen Fry,268,7,20046,0,2,5,5,12,255,At Risk
29689,Victor Lopez,148,8,23240,0,3,5,5,13,355,Loyal Customers
29690,Erika Baker,253,10,28730,0,2,5,5,12,255,At Risk
29699,Jordan Scott,44,7,19862,0,5,5,5,15,555,Champions
29705,William Peterson,46,8,18764,0,5,5,4,14,554,Champions
29710,Charles Woodward,330,7,25369,0,2,5,5,12,255,At Risk
29714,Juan King,49,9,27766,1,5,5,5,15,555,Champions
29715,Mark Patrick,142,6,19319,0,3,4,5,12,345,Loyal Customers
29716,David Williamson,13,8,22540,1,5,5,5,15,555,Champions
29717,Tony Ramos,33,8,23965,1,5,5,5,15,555,Champions
29721,Sheila Porter,21,8,28109,0,5,5,5,15,555,Champions
29722,Megan Aguirre,134,8,32338,0,4,5,5,14,455,Champions
29730,Sandra Gardner,36,5,16766,0,5,3,4,12,534,Potential Loyalists
29731,Angela Kennedy,24,7,18622,0,5,5,4,14,554,Champions
29733,Timothy Gonzalez,37,6,15792,0,5,4,4,13,544,Champions
29734,Shane Lowe,241,7,20427,0,3,5,5,13,355,Loyal Customers
29736,Hannah Roberson,10,7,23526,0,5,5,5,15,555,Champions
29737,Jane York,10,5,15908,0,5,3,4,12,534,Potential Loyalists
29746,Zachary Perez,0,6,17897,0,5,4,4,13,544,Champions
29747,Catherine Shah,105,6,14984,1,4,4,4,12,444,Champions
29752,Karen Allen,135,7,24100,0,4,5,5,14,455,Champions
29753,Janet Lewis,47,5,20645,0,5,3,5,13,535,Potential Loyalists
29759,Regina Kirby,54,6,14818,0,5,4,4,13,544,Champions
29761,Kaylee Schroeder,161,7,23309,0,3,5,5,13,355,Loyal Customers
29763,Sarah Torres,59,8,22962,0,5,5,5,15,555,Champions
29769,Kristen Tucker,66,8,23139,0,4,5,5,14,455,Champions
29770,Benjamin Robinson,99,8,23130,1,4,5,5,14,455,Champions
29771,Charles Kane,1,8,19833,0,5,5,5,15,555,Champions
29773,Rita Martinez,5,8,23334,1,5,5,5,15,555,Champions
29775,Dr. Melissa Garcia,25,11,17313,1,5,5,4,14,554,Champions
29777,Amy Smith,73,7,17306,1,4,5,4,13,454,Champions
29778,Gabriel Riggs,168,8,20111,0,3,5,5,13,355,Loyal Customers
29784,William Jackson,6,7,17907,0,5,5,4,14,554,Champions
29787,Daniel Guerra,29,7,19508,0,5,5,5,15,555,Champions
29788,Stephanie Robinson,0,6,12996,0,5,4,3,12,543,Loyal Customers
29791,Jessica Miranda,12,8,17548,0,5,5,4,14,554,Champions
29798,Allison Gray,23,6,14769,0,5,4,3,12,543,Loyal Customers
29803,Amy Martinez,2,7,25006,0,5,5,5,15,555,Champions
29806,Johnny Brown,197,7,24444,0,3,5,5,13,355,Loyal Customers
29808,Kristin Myers,221,6,20857,0,3,4,5,12,345,Loyal Customers
29810,Megan Anderson,138,6,22756,0,3,4,5,12,345,Loyal Customers
29812,Jack Rogers,78,8,17034,0,4,5,4,13,454,Champions
29814,Vickie Singh,278,7,22628,0,2,5,5,12,255,At Risk
29816,Katherine Russell,21,6,15010,0,5,4,4,13,544,Champions
29820,Maria Wright,25,7,14570,1,5,5,3,13,553,Loyal Customers
29821,Kimberly Archer,7,9,24269,0,5,5,5,15,555,Champions
29827,Monica Miller,156,8,21861,1,3,5,5,13,355,Loyal Customers
29828,Kelly Martin,63,7,17374,1,4,5,4,13,454,Champions
29838,Andrea Cook,83,6,18670,0,4,4,4,12,444,Champions
29843,Joseph Owens,52,7,8171,0,5,5,2,12,552,Potential Loyalists
29844,Lindsey Brown,30,6,22026,0,5,4,5,14,545,Champions
29857,Eric Johnson,187,8,27270,1,3,5,5,13,355,Loyal Customers
29864,Julia Yang,36,10,19238,0,5,5,4,14,554,Champions
29871,Denise Rodriguez,114,8,21025,1,4,5,5,14,455,Champions
29872,Matthew Rose,155,7,23491,0,3,5,5,13,355,Loyal Customers
29876,Jessica Ortega,76,10,24229,1,4,5,5,14,455,Champions
29880,Nancy Coffey,48,7,22425,1,5,5,5,15,555,Champions
29886,Rebecca Ballard,3,7,16781,0,5,5,4,14,554,Champions
29888,Taylor Walker,94,9,24983,0,4,5,5,14,455,Champions
29892,Debbie Chang,24,6,12464,0,5,4,3,12,543,Loyal Customers
29895,Jessica Robles,59,5,16289,0,5,3,4,12,534,Potential Loyalists
29897,Timothy Keller,23,9,30258,1,5,5,5,15,555,Champions
29901,Tanya Chandler,193,9,26143,0,3,5,5,13,355,Loyal Customers
29906,Michael Scott,38,8,16182,0,5,5,4,14,554,Champions
29910,Michael Jackson,7,9,21665,0,5,5,5,15,555,Champions
29919,Jason Duarte,8,6,19088,0,5,4,4,13,544,Champions
29920,Kimberly Reyes,129,6,17815,0,4,4,4,12,444,Champions
29925,Courtney Walsh,211,7,28294,0,3,5,5,13,355,Loyal Customers
29927,Mark Olson,53,5,21222,0,5,3,5,13,535,Potential Loyalists
29930,Elizabeth Christian,2,6,12332,0,5,4,3,12,543,Loyal Customers
29931,Vanessa Shelton,184,7,17669,0,3,5,4,12,354,Loyal Customers
29938,Tyler Lutz,41,9,23266,0,5,5,5,15,555,Champions
29941,Brandy Villanueva,212,7,20630,1,3,5,5,13,355,Loyal Customers
29942,Jacob Nielsen,62,6,15318,0,4,4,4,12,444,Champions
29944,Gina Schmidt,25,6,13572,0,5,4,3,12,543,Loyal Customers
29948,Patrick Glover,21,8,19205,0,5,5,4,14,554,Champions
29953,Kimberly Eaton,6,6,16244,1,5,4,4,13,544,Champions
29955,Sean Hernandez,23,6,18435,0,5,4,4,13,544,Champions
29966,Shelia Espinoza,74,11,26912,0,4,5,5,14,455,Champions
29970,Vincent Brown,68,6,17422,0,4,4,4,12,444,Champions
29973,Stephanie Jenkins,221,7,17247,0,3,5,4,12,354,Loyal Customers
29975,James Schwartz DDS,12,5,16140,1,5,3,4,12,534,Potential Loyalists
29976,David Bradley,351,7,22540,1,2,5,5,12,255,At Risk
29981,Juan Reed,43,11,31765,1,5,5,5,15,555,Champions
29982,Tiffany Cortez,109,9,28936,0,4,5,5,14,455,Champions
29985,Christopher Bean,206,9,21796,0,3,5,5,13,355,Loyal Customers
29987,Jessica West,83,8,22459,0,4,5,5,14,455,Champions
29988,David Herrera,54,5,16177,0,5,3,4,12,534,Potential Loyalists
29990,Kristin Lewis,174,11,27423,0,3,5,5,13,355,Loyal Customers
29991,Janet Wilcox,65,10,27974,0,4,5,5,14,455,Champions
29992,Ralph Hurst,85,6,18724,0,4,4,4,12,444,Champions
29994,John Reynolds,139,9,22158,0,3,5,5,13,355,Loyal Customers
30003,Joseph Howell,79,6,16892,0,4,4,4,12,444,Champions
30005,Misty Young,46,11,33374,0,5,5,5,15,555,Champions
30012,Amanda Mcpherson,66,8,15797,0,4,5,4,13,454,Champions
30019,Randy Russell,97,6,18080,1,4,4,4,12,444,Champions
30022,Jacqueline Hernandez,23,6,23103,1,5,4,5,14,545,Champions
30025,Leah Harris,32,5,19176,0,5,3,4,12,534,Potential Loyalists
30029,Joseph Richardson,14,5,15260,0,5,3,4,12,534,Potential Loyalists
30030,James Pennington,17,7,18793,0,5,5,4,14,554,Champions
30036,Rhonda Jenkins,41,9,28961,0,5,5,5,15,555,Champions
30038,Amanda Gill,2,9,22153,0,5,5,5,15,555,Champions
30039,Kathleen Lee,2,5,16993,0,5,3,4,12,534,Potential Loyalists
30040,Keith Ruiz,28,9,22873,0,5,5,5,15,555,Champions
30054,Alyssa Brown,83,6,19841,1,4,4,5,13,445,Champions
30057,Emma Romero,92,7,15039,0,4,5,4,13,454,Champions
30058,Matthew Williams,2,7,20584,0,5,5,5,15,555,Champions
30070,Stephen Barton,97,9,25080,0,4,5,5,14,455,Champions
30073,Joe Weaver,11,5,15864,0,5,3,4,12,534,Potential Loyalists
30074,Rachel Robinson,259,8,24844,0,2,5,5,12,255,At Risk
30076,Joseph West,399,8,19879,0,2,5,5,12,255,At Risk
30088,Dominique Lam,45,10,21427,0,5,5,5,15,555,Champions
30092,Kelly Brown,24,9,29794,0,5,5,5,15,555,Champions
30098,Elizabeth Gardner,8,7,17562,0,5,5,4,14,554,Champions
30104,Steven Clayton,239,7,18627,0,3,5,4,12,354,Loyal Customers
30105,Laura Hill,251,9,34286,1,2,5,5,12,255,At Risk
30113,John Jacobs,90,10,24902,0,4,5,5,14,455,Champions
30116,Aaron Flynn,25,6,14958,0,5,4,4,13,544,Champions
30118,Sarah Lopez,114,7,24750,0,4,5,5,14,455,Champions
30119,Kevin Medina,10,7,14564,0,5,5,3,13,553,Loyal Customers
30122,Jessica Valdez,27,9,26891,0,5,5,5,15,555,Champions
30124,Brittney Williamson,111,10,24604,0,4,5,5,14,455,Champions
30130,Jack Beltran,69,8,22336,0,4,5,5,14,455,Champions
30132,Garrett Roberts,365,10,21267,0,2,5,5,12,255,At Risk
30135,Kristin Stewart,57,7,20750,0,5,5,5,15,555,Champions
30137,Emily Watson,40,6,16295,0,5,4,4,13,544,Champions
30139,Andrew Wade,173,6,20957,0,3,4,5,12,345,Loyal Customers
30144,Justin Craig,75,6,22016,1,4,4,5,13,445,Champions
30149,Timothy Hudson,222,7,21180,0,3,5,5,13,355,Loyal Customers
30151,Kelly Myers,186,9,26805,1,3,5,5,13,355,Loyal Customers
30158,Parker Hayes,2,7,16756,0,5,5,4,14,554,Champions
30162,Justin Lozano,145,8,22091,0,3,5,5,13,355,Loyal Customers
30164,Edward Jackson,103,8,26662,0,4,5,5,14,455,Champions
30171,Kevin Williams,186,7,19644,1,3,5,5,13,355,Loyal Customers
30177,Susan Evans,43,7,18030,1,5,5,4,14,554,Champions
30180,Raymond Fields,60,7,18474,0,4,5,4,13,454,Champions
30185,Jacob Chen,3,6,14138,0,5,4,3,12,543,Loyal Customers
30188,Linda Long,332,9,20003,0,2,5,5,12,255,At Risk
30190,Matthew Curtis,18,6,18199,0,5,4,4,13,544,Champions
30195,Steven Manning DDS,42,6,15471,0,5,4,4,13,544,Champions
30198,Gene Allen,140,6,20730,0,3,4,5,12,345,Loyal Customers
30199,Jay Brown,375,7,26583,1,2,5,5,12,255,At Risk
30201,Jamie Lewis,0,5,18987,0,5,3,4,12,534,Potential Loyalists
30204,Mark Grimes,10,8,23702,0,5,5,5,15,555,Champions
30214,Timothy Curry,252,8,24903,0,2,5,5,12,255,At Risk
30220,Andrew Wyatt,117,9,20924,0,4,5,5,14,455,Champions
30221,Paula James,23,7,22556,0,5,5,5,15,555,Champions
30227,Matthew Fisher,175,7,20696,0,3,5,5,13,355,Loyal Customers
30234,Karen Peterson,121,6,17211,0,4,4,4,12,444,Champions
30239,Alexander Wilson,336,9,26336,0,2,5,5,12,255,At Risk
30240,Scott Martin,32,6,14219,0,5,4,3,12,543,Loyal Customers
30242,Amber Oconnor,89,8,24805,0,4,5,5,14,455,Champions
30252,Christine Nicholson,102,6,17657,0,4,4,4,12,444,Champions
30262,Jennifer Nelson,162,7,19671,0,3,5,5,13,355,Loyal Customers
30264,Erica Zamora,142,7,20319,1,3,5,5,13,355,Loyal Customers
30273,Michael House,258,8,27787,0,2,5,5,12,255,At Risk
30277,John Smith,79,10,30352,1,4,5,5,14,455,Champions
30283,Jamie Smith,279,7,19594,1,2,5,5,12,255,At Risk
30284,Michael Johnson,196,7,18702,0,3,5,4,12,354,Loyal Customers
30286,Kelli Miller,96,8,22314,0,4,5,5,14,455,Champions
30290,Brett Blake,223,8,20494,0,3,5,5,13,355,Loyal Customers
30294,Victoria Mcpherson,63,6,19753,0,4,4,5,13,445,Champions
30296,Anthony Krueger,47,5,15763,0,5,3,4,12,534,Potential Loyalists
30297,Larry Bell,16,5,16486,0,5,3,4,12,534,Potential Loyalists
30298,Dana Leach,116,7,21338,0,4,5,5,14,455,Champions
30299,Cynthia Brown,304,8,20599,0,2,5,5,12,255,At Risk
30300,Brian Watts,11,9,17950,1,5,5,4,14,554,Champions
30301,Christopher Thompson,28,7,22022,0,5,5,5,15,555,Champions
30303,Joseph Hoover,291,8,20495,0,2,5,5,12,255,At Risk
30304,Dennis Mueller,137,6,19716,0,3,4,5,12,345,Loyal Customers
30308,Michael Mccormick,44,8,18575,1,5,5,4,14,554,Champions
30309,Alexandra Conner,187,9,25958,0,3,5,5,13,355,Loyal Customers
30312,Debra Green,103,7,16086,0,4,5,4,13,454,Champions
30317,Donna Andrews,79,6,21622,0,4,4,5,13,445,Champions
30326,Amanda Obrien,162,7,25273,0,3,5,5,13,355,Loyal Customers
30329,Brandi Pineda,154,8,22958,0,3,5,5,13,355,Loyal Customers
30333,Rodney Johnston,73,9,22793,0,4,5,5,14,455,Champions
30338,David Johnston,55,10,27519,0,5,5,5,15,555,Champions
30339,Loretta Patton,84,9,25421,0,4,5,5,14,455,Champions
30340,Nancy Ward,53,9,20257,0,5,5,5,15,555,Champions
30341,Daniel Rivera,148,9,25985,0,3,5,5,13,355,Loyal Customers
30343,Gabriel Torres,6,7,18287,0,5,5,4,14,554,Champions
30344,Steven Jensen,256,9,19654,0,2,5,5,12,255,At Risk
30345,Helen Castaneda,7,7,20291,1,5,5,5,15,555,Champions
30348,Kyle Scott,83,6,18175,0,4,4,4,12,444,Champions
30357,Hannah Roberts,309,7,21498,0,2,5,5,12,255,At Risk
30358,Sheila Lynch,68,7,22045,0,4,5,5,14,455,Champions
30361,Daniel Salazar,184,10,26906,1,3,5,5,13,355,Loyal Customers
30366,Joel Dennis,135,6,15575,1,4,4,4,12,444,Champions
30367,Sharon Cohen,36,8,15619,0,5,5,4,14,554,Champions
30372,James Lutz,78,8,19824,0,4,5,5,14,455,Champions
30374,Janet Moody,0,8,15042,0,5,5,4,14,554,Champions
30377,Theresa House,128,8,19934,0,4,5,5,14,455,Champions
30381,Christopher Brown,50,9,22474,0,5,5,5,15,555,Champions
30382,Monica Erickson,33,8,20082,0,5,5,5,15,555,Champions
30384,Tiffany Santiago,21,6,19066,1,5,4,4,13,544,Champions
30392,Justin Jackson,193,7,20107,0,3,5,5,13,355,Loyal Customers
30394,Lori Ramirez,222,7,15393,1,3,5,4,12,354,Loyal Customers
30396,Stephen Castaneda,161,7,23063,0,3,5,5,13,355,Loyal Customers
30397,Michelle Russo,1,10,36700,0,5,5,5,15,555,Champions
30398,Joshua Robinson,148,7,17227,0,3,5,4,12,354,Loyal Customers
30406,Gregory Sanchez,84,7,19018,0,4,5,4,13,454,Champions
30407,Amber Kelley,123,7,12097,1,4,5,3,12,453,Loyal Customers
30410,Melissa Kent,186,7,21963,0,3,5,5,13,355,Loyal Customers
30413,Kristy Foster,19,5,19430,0,5,3,5,13,535,Potential Loyalists
30414,Sandra Harris,136,6,16532,0,4,4,4,12,444,Champions
30419,Katie Martinez,80,7,19796,1,4,5,5,14,455,Champions
30421,Laura Butler,1,8,17810,0,5,5,4,14,554,Champions
30422,Michael Forbes,9,6,15621,0,5,4,4,13,544,Champions
30426,Aaron Alexander,49,8,28677,1,5,5,5,15,555,Champions
30429,Jared Martin,57,7,11261,0,5,5,2,12,552,Potential Loyalists
30431,Kelly Lee,83,7,19389,0,4,5,5,14,455,Champions
30440,Jeffrey Hunter,64,8,21764,0,4,5,5,14,455,Champions
30441,Gary Rodriguez,212,7,18814,0,3,5,4,12,354,Loyal Customers
30442,Wendy Murphy,26,6,11760,0,5,4,3,12,543,Loyal Customers
30443,Sarah Marquez,154,9,21120,0,3,5,5,13,355,Loyal Customers
30450,April Bass,58,6,12636,0,5,4,3,12,543,Loyal Customers
30455,Edward Lynch,12,8,22710,0,5,5,5,15,555,Champions
30456,Sonya Scott,214,9,32589,0,3,5,5,13,355,Loyal Customers
30457,Kimberly Pope,40,8,20529,0,5,5,5,15,555,Champions
30465,Karen White,13,6,14484,0,5,4,3,12,543,Loyal Customers
30468,Mr. Jeremiah Gibson,52,5,17481,0,5,3,4,12,534,Potential Loyalists
30471,Curtis Jennings,117,8,26428,0,4,5,5,14,455,Champions
30472,Robert Vazquez,126,7,15511,1,4,5,4,13,454,Champions
30474,Kimberly Smith,10,6,13872,0,5,4,3,12,543,Loyal Customers
30475,Jeffery Byrd,111,9,23750,0,4,5,5,14,455,Champions
30484,Dana Reese,122,7,25515,0,4,5,5,14,455,Champions
30487,John Anderson,36,5,15369,0,5,3,4,12,534,Potential Loyalists
30494,Carl Herrera,79,7,24007,0,4,5,5,14,455,Champions
30495,Jaclyn Foley,192,8,32700,1,3,5,5,13,355,Loyal Customers
30507,Tanya Erickson,98,8,27290,0,4,5,5,14,455,Champions
30516,Brian Casey,2,8,20662,0,5,5,5,15,555,Champions
30517,Eileen Weiss,28,9,24141,1,5,5,5,15,555,Champions
30518,Jill Washington,64,7,16127,0,4,5,4,13,454,Champions
30521,Chelsea Thomas,22,5,15572,0,5,3,4,12,534,Potential Loyalists
30522,Mark Dennis,201,9,17709,0,3,5,4,12,354,Loyal Customers
30527,April Dixon,34,8,30541,1,5,5,5,15,555,Champions
30529,Tamara Williams,381,7,23663,0,2,5,5,12,255,At Risk
30534,Austin Bush,205,11,34002,0,3,5,5,13,355,Loyal Customers
30538,Michael Gibson,12,6,19075,0,5,4,4,13,544,Champions
30539,Michael Perez,83,8,15183,0,4,5,4,13,454,Champions
30545,Allison Banks,43,7,24332,0,5,5,5,15,555,Champions
30549,Timothy Herman,165,6,21534,0,3,4,5,12,345,Loyal Customers
30550,Karen Brooks,71,6,17224,0,4,4,4,12,444,Champions
30552,Dean Johnson,57,11,28311,0,5,5,5,15,555,Champions
30553,Jeremy Gray,52,5,20581,0,5,3,5,13,535,Potential Loyalists
30558,Charles Mcdonald,29,7,19865,1,5,5,5,15,555,Champions
30561,Miguel Parsons,79,7,17701,1,4,5,4,13,454,Champions
30570,Gary Johnson,41,8,29126,0,5,5,5,15,555,Champions
30571,Kristie Rodriguez,28,8,22121,1,5,5,5,15,555,Champions
30579,Victoria Reed,61,6,18850,0,4,4,4,12,444,Champions
30582,Summer Wilson,175,7,23640,1,3,5,5,13,355,Loyal Customers
30584,Trevor Hughes,65,7,20158,0,4,5,5,14,455,Champions
30586,Nicholas Anderson,164,9,22876,0,3,5,5,13,355,Loyal Customers
30588,Julie Gomez,37,6,15766,0,5,4,4,13,544,Champions
30593,Douglas Allen,143,8,17661,0,3,5,4,12,354,Loyal Customers
30598,Alison Olson,214,6,23699,0,3,4,5,12,345,Loyal Customers
30600,Jennifer Bishop,58,6,13083,0,5,4,3,12,543,Loyal Customers
30602,Tyler Singh,35,5,16116,1,5,3,4,12,534,Potential Loyalists
30611,Richard Long,57,8,20975,0,5,5,5,15,555,Champions
30617,Hannah Crawford,141,7,18084,0,3,5,4,12,354,Loyal Customers
30618,Joseph Reynolds,178,7,22084,0,3,5,5,13,355,Loyal Customers
30619,Lawrence Schmitt,7,6,17867,0,5,4,4,13,544,Champions
30623,Chad Thomas,95,8,28998,0,4,5,5,14,455,Champions
30625,Andrew Mendoza,23,5,20680,0,5,3,5,13,535,Potential Loyalists
30626,Amanda Martin,229,6,23589,0,3,4,5,12,345,Loyal Customers
30627,Alexander Williamson Jr.,64,6,18153,0,4,4,4,12,444,Champions
30632,Daniel Newman,151,8,24332,0,3,5,5,13,355,Loyal Customers
30633,Jose Dunn,5,8,26465,0,5,5,5,15,555,Champions
30634,David Morales,74,9,30894,0,4,5,5,14,455,Champions
30638,Hannah Phillips,169,7,16109,0,3,5,4,12,354,Loyal Customers
30641,David Perry,32,9,27020,0,5,5,5,15,555,Champions
30644,Mrs. Morgan Taylor,108,6,15227,1,4,4,4,12,444,Champions
30660,Nancy Fitzpatrick MD,78,7,18160,0,4,5,4,13,454,Champions
30663,Emily Howard,250,7,19725,0,2,5,5,12,255,At Risk
30664,Anne Davis,205,7,22461,0,3,5,5,13,355,Loyal Customers
30667,Susan Green,37,6,17910,0,5,4,4,13,544,Champions
30668,Joseph Carroll,218,6,24885,0,3,4,5,12,345,Loyal Customers
30669,Michelle Daniel,52,6,13782,0,5,4,3,12,543,Loyal Customers
30671,Adrian Powers,141,9,24572,0,3,5,5,13,355,Loyal Customers
30673,Amy Henderson,116,7,20482,0,4,5,5,14,455,Champions
30677,Jennifer Davis,232,8,23844,0,3,5,5,13,355,Loyal Customers
30678,Heather Mitchell,9,9,29693,0,5,5,5,15,555,Champions
30682,Brian Jensen,346,7,21567,0,2,5,5,12,255,At Risk
30685,Tiffany Kim,89,9,28102,0,4,5,5,14,455,Champions
30686,Andrea Chan,45,8,27216,0,5,5,5,15,555,Champions
30690,Joseph Mcclure,25,6,22641,0,5,4,5,14,545,Champions
30694,Christine Gilmore,151,8,22606,0,3,5,5,13,355,Loyal Customers
30695,William Sawyer,40,7,21202,1,5,5,5,15,555,Champions
30701,Christopher Kennedy,23,6,14743,0,5,4,3,12,543,Loyal Customers
30704,William Graham,174,9,24060,1,3,5,5,13,355,Loyal Customers
30706,Joel Black,84,11,32772,0,4,5,5,14,455,Champions
30708,Anthony Wright,12,11,32784,0,5,5,5,15,555,Champions
30710,Linda Lee,230,6,23808,0,3,4,5,12,345,Loyal Customers
30712,Wendy Schneider,82,7,21461,0,4,5,5,14,455,Champions
30718,Joseph Mills,130,7,16135,0,4,5,4,13,454,Champions
30720,Rebekah Garcia,58,6,17037,1,5,4,4,13,544,Champions
30721,Brittany Garcia,62,6,15636,0,4,4,4,12,444,Champions
30723,Ashley Reynolds,155,10,31982,0,3,5,5,13,355,Loyal Customers
30725,Beth Beasley,148,8,20556,0,3,5,5,13,355,Loyal Customers
30730,Alvin Garcia,68,7,17362,0,4,5,4,13,454,Champions
30733,Eric Hunt,31,8,18077,1,5,5,4,14,554,Champions
30734,Roy Lynch,21,8,25156,0,5,5,5,15,555,Champions
30737,Kristen Hernandez,168,7,22890,0,3,5,5,13,355,Loyal Customers
30739,William Johnson,264,8,25934,0,2,5,5,12,255,At Risk
30748,Krystal Hunter,105,9,21646,0,4,5,5,14,455,Champions
30749,Nicholas Clark,26,7,16086,0,5,5,4,14,554,Champions
30751,Bradley Foster,22,6,15497,0,5,4,4,13,544,Champions
30761,Samuel Vega,215,12,35438,0,3,5,5,13,355,Loyal Customers
30765,Francis Conley,83,6,14937,0,4,4,4,12,444,Champions
30767,Brenda Hernandez,0,6,18248,0,5,4,4,13,544,Champions
30773,Matthew Carpenter,59,6,18015,1,5,4,4,13,544,Champions
30776,Chelsea Clarke,121,6,15521,0,4,4,4,12,444,Champions
30781,Larry Velazquez,34,10,29818,0,5,5,5,15,555,Champions
30785,David Leach,44,7,13180,0,5,5,3,13,553,Loyal Customers
30786,Angela Patel,304,8,21281,1,2,5,5,12,255,At Risk
30792,Joshua Miller,234,7,23071,0,3,5,5,13,355,Loyal Customers
30793,Tracy Lewis,31,7,19815,0,5,5,5,15,555,Champions
30795,Christopher Harris,27,6,17424,1,5,4,4,13,544,Champions
30796,Christopher Cortez,72,8,17581,0,4,5,4,13,454,Champions
30799,Tara Gardner,169,7,17190,1,3,5,4,12,354,Loyal Customers
30807,Charlene Evans,17,5,16883,1,5,3,4,12,534,Potential Loyalists
30808,Chelsea Fletcher,310,7,23467,1,2,5,5,12,255,At Risk
30809,Michele Jackson,10,5,15082,0,5,3,4,12,534,Potential Loyalists
30811,Darren Aguirre,59,6,15445,0,5,4,4,13,544,Champions
30817,Jacqueline Graham,28,8,20315,0,5,5,5,15,555,Champions
30824,Donna Brown,311,7,19781,0,2,5,5,12,255,At Risk
30827,Shannon Bennett,72,6,21290,0,4,4,5,13,445,Champions
30829,Christopher Hill,113,6,17340,0,4,4,4,12,444,Champions
30838,Cassandra Ingram,44,14,42852,0,5,5,5,15,555,Champions
30842,Patricia Floyd,127,9,27523,0,4,5,5,14,455,Champions
30845,Thomas Livingston,5,10,24141,0,5,5,5,15,555,Champions
30848,Kevin Henson,104,7,17186,0,4,5,4,13,454,Champions
30849,Shawn Howe,199,10,29099,0,3,5,5,13,355,Loyal Customers
30855,Jeffery Lawson,104,8,20743,0,4,5,5,14,455,Champions
30857,Austin Crawford,76,8,24415,0,4,5,5,14,455,Champions
30869,Hector Henderson,52,6,16680,0,5,4,4,13,544,Champions
30871,Rachael Stevenson,11,6,21455,0,5,4,5,14,545,Champions
30873,Alexandria Cole,3,7,17625,0,5,5,4,14,554,Champions
30875,Michelle Ramirez,26,6,18050,0,5,4,4,13,544,Champions
30881,Daniel Wang,55,8,16083,0,5,5,4,14,554,Champions
30883,Kimberly Wilson,27,6,13294,0,5,4,3,12,543,Loyal Customers
30889,Virginia Estes,51,8,22411,0,5,5,5,15,555,Champions
30891,Wanda Martin,176,7,18521,0,3,5,4,12,354,Loyal Customers
30893,Bryan Green,25,9,20807,0,5,5,5,15,555,Champions
30894,Victoria Schaefer,232,8,15708,1,3,5,4,12,354,Loyal Customers
30896,Alexander Simmons Jr.,239,6,19667,0,3,4,5,12,345,Loyal Customers
30897,Linda Stein,5,6,14234,1,5,4,3,12,543,Loyal Customers
30900,David Beck,54,9,25261,0,5,5,5,15,555,Champions
30903,Adam Jones,13,5,16628,0,5,3,4,12,534,Potential Loyalists
30904,Alexis Smith,162,6,22924,0,3,4,5,12,345,Loyal Customers
30905,Cynthia Benson,5,9,30179,1,5,5,5,15,555,Champions
30911,Julie Ward,75,6,17865,0,4,4,4,12,444,Champions
30914,Katrina Alvarez,39,5,17996,0,5,3,4,12,534,Potential Loyalists
30915,Michael Logan,42,6,13592,0,5,4,3,12,543,Loyal Customers
30917,John Hoffman,113,6,16312,0,4,4,4,12,444,Champions
30925,Lisa Espinoza,122,7,20197,0,4,5,5,14,455,Champions
30926,Kathryn Mccormick,58,9,30840,1,5,5,5,15,555,Champions
30931,Hannah George,133,12,32256,0,4,5,5,14,455,Champions
30936,Ashley Hernandez,274,10,28308,0,2,5,5,12,255,At Risk
30942,Micheal Kim,119,7,21409,0,4,5,5,14,455,Champions
30944,Kevin Chase,139,8,16237,0,3,5,4,12,354,Loyal Customers
30946,Maria Hale,372,10,25436,0,2,5,5,12,255,At Risk
30958,Marcus Beard,45,6,14721,0,5,4,3,12,543,Loyal Customers
30960,April Sampson,67,7,15819,1,4,5,4,13,454,Champions
30961,William Lawrence,261,10,23082,0,2,5,5,12,255,At Risk
30965,Robert Hendrix,76,9,29353,0,4,5,5,14,455,Champions
30966,Sarah Singleton,44,7,23847,0,5,5,5,15,555,Champions
30971,Antonio Thomas,191,8,22337,0,3,5,5,13,355,Loyal Customers
30977,Cynthia Turner,230,8,27704,1,3,5,5,13,355,Loyal Customers
30978,Matthew Fritz,99,8,25762,0,4,5,5,14,455,Champions
30979,Angela Miller,144,6,19915,0,3,4,5,12,345,Loyal Customers
30982,Rebekah Christensen,127,6,15975,0,4,4,4,12,444,Champions
30987,Evelyn Hernandez,415,10,28980,0,2,5,5,12,255,At Risk
30988,Sue Rice,186,8,19021,0,3,5,4,12,354,Loyal Customers
30989,Edwin Bailey,3,9,27995,0,5,5,5,15,555,Champions
30995,Sandra Dudley,38,6,19511,0,5,4,5,14,545,Champions
30996,Kelli Kerr,90,10,25019,1,4,5,5,14,455,Champions
30997,Christina Jones,39,7,23127,0,5,5,5,15,555,Champions
30999,Cheryl Reynolds,122,9,20731,1,4,5,5,14,455,Champions
31000,Heather Lloyd,13,7,18226,0,5,5,4,14,554,Champions
31004,Matthew Knight,134,8,17790,0,4,5,4,13,454,Champions
31005,Christine Mcpherson,47,9,26295,0,5,5,5,15,555,Champions
31013,Kathryn Hawkins,24,7,14920,0,5,5,4,14,554,Champions
31014,Wesley Herrera,125,10,17040,1,4,5,4,13,454,Champions
31017,Sherry Phillips,256,11,36309,0,2,5,5,12,255,At Risk
31018,Michael Hutchinson Jr.,0,5,15220,0,5,3,4,12,534,Potential Loyalists
31029,Amber Reed,55,7,19492,0,5,5,5,15,555,Champions
31035,Alyssa Williams,171,7,14941,0,3,5,4,12,354,Loyal Customers
31037,Lindsay Lam,28,7,20723,0,5,5,5,15,555,Champions
31039,Patrick Pierce,246,8,25016,0,2,5,5,12,255,At Risk
31040,Samantha Alvarado,137,8,18235,0,3,5,4,12,354,Loyal Customers
31041,Stacey Graves,104,8,20907,0,4,5,5,14,455,Champions
31045,Joseph Conner,128,7,15914,1,4,5,4,13,454,Champions
31055,Pamela Morton,1,7,12225,0,5,5,3,13,553,Loyal Customers
31056,Sonya Pineda,134,10,27108,0,4,5,5,14,455,Champions
31058,Thomas Williams,172,7,19095,0,3,5,4,12,354,Loyal Customers
31065,Daniel Brown,68,8,16974,1,4,5,4,13,454,Champions
31073,Mike Hernandez,69,8,17891,0,4,5,4,13,454,Champions
31075,James Kelly,111,7,19692,0,4,5,5,14,455,Champions
31076,Gabriela Baxter,12,8,22298,1,5,5,5,15,555,Champions
31089,Debra Schmidt,36,7,22560,0,5,5,5,15,555,Champions
31091,Melanie Mcbride,20,6,12879,1,5,4,3,12,543,Loyal Customers
31093,Mrs. Brenda Smith,5,7,17704,0,5,5,4,14,554,Champions
31109,Trevor Coleman,31,6,14583,0,5,4,3,12,543,Loyal Customers
31111,Jorge Huerta,207,7,19444,0,3,5,5,13,355,Loyal Customers
31121,Rachel Beltran,9,6,19234,0,5,4,4,13,544,Champions
31124,Regina Hebert,17,10,22209,0,5,5,5,15,555,Champions
31127,Zoe Lucero,61,6,25086,0,4,4,5,13,445,Champions
31128,Joshua Brown,8,8,18778,0,5,5,4,14,554,Champions
31129,Matthew Pierce,0,7,13990,0,5,5,3,13,553,Loyal Customers
31131,Rebecca Morrison,49,6,20068,0,5,4,5,14,545,Champions
31133,Adam Dixon,194,8,24555,0,3,5,5,13,355,Loyal Customers
31134,Walter Carter,317,10,24068,0,2,5,5,12,255,At Risk
31138,Jasmine Dean,40,7,21063,0,5,5,5,15,555,Champions
31139,Bradley Allen,114,9,31142,0,4,5,5,14,455,Champions
31140,Justin Jackson,226,7,21223,1,3,5,5,13,355,Loyal Customers
31141,Peter Miller,129,9,23500,0,4,5,5,14,455,Champions
31149,Todd Ali,23,6,18426,0,5,4,4,13,544,Champions
31156,Jonathan Rose,276,8,24744,0,2,5,5,12,255,At Risk
31157,Olivia Young,18,9,22758,0,5,5,5,15,555,Champions
31164,Christopher Tucker,60,8,33536,0,4,5,5,14,455,Champions
31166,Kirsten Mclaughlin,181,7,19995,0,3,5,5,13,355,Loyal Customers
31168,Stephanie Baker,77,10,30384,0,4,5,5,14,455,Champions
31172,Jane Armstrong,52,7,23817,0,5,5,5,15,555,Champions
31174,Benjamin Austin,338,9,20507,0,2,5,5,12,255,At Risk
31176,Andrew Chavez,99,6,20697,0,4,4,5,13,445,Champions
31178,Victoria Haas,232,7,17287,0,3,5,4,12,354,Loyal Customers
31181,Bailey Jones,26,5,14904,1,5,3,4,12,534,Potential Loyalists
31185,Michael Torres,3,8,15095,0,5,5,4,14,554,Champions
31189,David Jones,25,9,26345,0,5,5,5,15,555,Champions
31190,Terri Mendoza,17,10,33408,0,5,5,5,15,555,Champions
31195,Jason Benitez,77,10,30973,0,4,5,5,14,455,Champions
31196,Christina Sparks,203,8,24744,0,3,5,5,13,355,Loyal Customers
31197,Kevin Young,122,8,18676,0,4,5,4,13,454,Champions
31208,Scott Burns,174,10,24480,0,3,5,5,13,355,Loyal Customers
31209,Mrs. Stephanie Simpson,193,6,19964,1,3,4,5,12,345,Loyal Customers
31211,Richard Jones,35,7,24153,0,5,5,5,15,555,Champions
31215,Megan Diaz,67,6,15434,0,4,4,4,12,444,Champions
31218,Michael Garcia,81,8,19399,1,4,5,5,14,455,Champions
31224,Allison Durham,84,7,19471,1,4,5,5,14,455,Champions
31226,Steven Jennings,31,7,19962,0,5,5,5,15,555,Champions
31230,Laura Johnson,59,6,23867,0,5,4,5,14,545,Champions
31236,Sarah Barr,5,11,25155,0,5,5,5,15,555,Champions
31237,Peter Ford,33,6,15882,0,5,4,4,13,544,Champions
31238,Robert Brewer,154,7,18170,0,3,5,4,12,354,Loyal Customers
31244,Aimee Hicks,249,9,20986,1,2,5,5,12,255,At Risk
31248,Sandra Carter,60,6,22237,0,4,4,5,13,445,Champions
31252,Emily Morris,127,8,21873,0,4,5,5,14,455,Champions
31254,Kevin Howard,105,6,17514,0,4,4,4,12,444,Champions
31259,Robert Williams,79,8,22398,0,4,5,5,14,455,Champions
31265,James Pruitt,74,7,27766,1,4,5,5,14,455,Champions
31269,Marissa Campos,53,7,12934,0,5,5,3,13,553,Loyal Customers
31270,Lisa White,309,8,25478,0,2,5,5,12,255,At Risk
31276,Jeffrey Brown,10,5,18227,0,5,3,4,12,534,Potential Loyalists
31286,Philip Harmon,15,6,20512,0,5,4,5,14,545,Champions
31287,Jennifer Scott,223,12,40703,0,3,5,5,13,355,Loyal Customers
31288,Christina Perez,41,6,14953,1,5,4,4,13,544,Champions
31291,Courtney Phillips,48,6,19575,0,5,4,5,14,545,Champions
31292,Paula Weaver,20,9,32268,0,5,5,5,15,555,Champions
31298,Dr. John Williams,149,7,22066,0,3,5,5,13,355,Loyal Customers
31301,Kelly Edwards DDS,152,8,19225,1,3,5,4,12,354,Loyal Customers
31313,Lori Henderson,11,9,15994,0,5,5,4,14,554,Champions
31323,Meagan Anderson,175,7,16359,1,3,5,4,12,354,Loyal Customers
31324,Lisa Mckay,86,6,15914,0,4,4,4,12,444,Champions
31328,Dr. Heather Bailey,34,5,15848,0,5,3,4,12,534,Potential Loyalists
31332,Joshua Anderson,23,6,22244,0,5,4,5,14,545,Champions
31333,Catherine Fisher,54,7,18895,0,5,5,4,14,554,Champions
31338,Alexander Roach,61,7,15134,0,4,5,4,13,454,Champions
31341,Lauren Gardner,116,9,30085,1,4,5,5,14,455,Champions
31345,Michelle Ballard,64,8,25638,1,4,5,5,14,455,Champions
31347,Kevin Ramirez,85,7,18251,0,4,5,4,13,454,Champions
31348,Brian Church,155,8,23491,0,3,5,5,13,355,Loyal Customers
31349,Kristen Romero,41,6,14078,0,5,4,3,12,543,Loyal Customers
31354,Cindy Williams,4,9,16153,0,5,5,4,14,554,Champions
31362,Jeff Warren,123,7,26089,0,4,5,5,14,455,Champions
31363,Diana Chung,77,7,17821,0,4,5,4,13,454,Champions
31366,Arthur Hickman,53,7,13292,0,5,5,3,13,553,Loyal Customers
31368,Emily Wilson,9,6,12438,0,5,4,3,12,543,Loyal Customers
31382,Joshua Thomas,181,6,22733,0,3,4,5,12,345,Loyal Customers
31383,David Bentley,132,7,20953,0,4,5,5,14,455,Champions
31386,Phyllis Bean,22,6,24305,0,5,4,5,14,545,Champions
31389,Karen Bowman,167,8,15943,0,3,5,4,12,354,Loyal Customers
31392,Wendy Rios,49,6,15218,0,5,4,4,13,544,Champions
31398,Katherine Mcclain,34,7,13589,0,5,5,3,13,553,Loyal Customers
31403,Courtney Randall,87,6,18688,0,4,4,4,12,444,Champions
31405,Joseph Hatfield,176,7,15967,0,3,5,4,12,354,Loyal Customers
31407,William Guzman,40,8,22851,0,5,5,5,15,555,Champions
31410,David White,76,7,19184,0,4,5,4,13,454,Champions
31412,Wanda Flores,355,7,19797,0,2,5,5,12,255,At Risk
31413,Kristina Butler,125,6,18841,0,4,4,4,12,444,Champions
31415,Mark Chase,82,7,16254,0,4,5,4,13,454,Champions
31417,Sharon Daniel,90,10,31255,0,4,5,5,14,455,Champions
31422,Robert Duran,114,9,21205,1,4,5,5,14,455,Champions
31426,Dana Barnes,23,7,17625,0,5,5,4,14,554,Champions
31444,Gregory Landry,193,8,24757,1,3,5,5,13,355,Loyal Customers
31446,Julie Allen,14,7,24786,0,5,5,5,15,555,Champions
31447,Eric Lozano,59,12,28583,0,5,5,5,15,555,Champions
31448,Laurie Perry,108,6,16136,0,4,4,4,12,444,Champions
31450,Taylor Morgan,267,7,19584,0,2,5,5,12,255,At Risk
31451,Victoria Bridges,96,5,20263,0,4,3,5,12,435,Potential Loyalists
31452,Stacy Weaver,25,9,22849,0,5,5,5,15,555,Champions
31454,Crystal Clay,28,11,21830,1,5,5,5,15,555,Champions
31457,David Bryant,88,7,12127,0,4,5,3,12,453,Loyal Customers
31459,Lance Nash,5,12,38847,1,5,5,5,15,555,Champions
31464,Steven Evans,45,6,19226,1,5,4,4,13,544,Champions
31469,Aaron Palmer,65,9,26157,0,4,5,5,14,455,Champions
31475,Bruce Colon,16,8,18023,0,5,5,4,14,554,Champions
31476,Mark Alexander,215,6,19827,0,3,4,5,12,345,Loyal Customers
31478,Mallory Allison,42,7,14651,0,5,5,3,13,553,Loyal Customers
31480,Antonio Houston,194,7,16279,0,3,5,4,12,354,Loyal Customers
31481,Ashley Grant,236,8,18474,0,3,5,4,12,354,Loyal Customers
31487,Jonathan Gill,180,7,23484,0,3,5,5,13,355,Loyal Customers
31488,Joseph Brown,50,5,17128,0,5,3,4,12,534,Potential Loyalists
31489,Sharon Morris,95,8,23906,0,4,5,5,14,455,Champions
31490,Catherine Baxter,169,7,25387,1,3,5,5,13,355,Loyal Customers
31491,Lynn Crane,109,5,21367,0,4,3,5,12,435,Potential Loyalists
31492,Allison Smith,68,6,15896,1,4,4,4,12,444,Champions
31503,Justin Acevedo,43,7,19329,0,5,5,5,15,555,Champions
31505,Rebecca Braun,170,9,18667,1,3,5,4,12,354,Loyal Customers
31511,Rebecca Benson,219,6,19974,0,3,4,5,12,345,Loyal Customers
31512,Jason Ramos,47,7,18540,1,5,5,4,14,554,Champions
31518,Jessica Williams,144,8,21173,0,3,5,5,13,355,Loyal Customers
31530,Joseph Taylor,121,7,22224,1,4,5,5,14,455,Champions
31531,Donna Walker,33,6,16986,0,5,4,4,13,544,Champions
31533,Bobby Mcguire,97,7,18632,1,4,5,4,13,454,Champions
31536,Jesse Knapp,14,10,21465,0,5,5,5,15,555,Champions
31541,Elizabeth Warren,32,6,12552,0,5,4,3,12,543,Loyal Customers
31543,William Gray,163,9,30779,1,3,5,5,13,355,Loyal Customers
31544,Kyle Ortiz,166,10,27551,0,3,5,5,13,355,Loyal Customers
31546,Jeffrey Butler,25,6,15319,0,5,4,4,13,544,Champions
31548,Becky Fuller,21,12,34766,0,5,5,5,15,555,Champions
31557,Amanda Garcia,12,7,19230,0,5,5,4,14,554,Champions
31558,Candice Buck,97,6,19009,1,4,4,4,12,444,Champions
31560,Andrew Berry,188,7,17311,0,3,5,4,12,354,Loyal Customers
31564,Gerald Arnold,352,9,24732,1,2,5,5,12,255,At Risk
31571,Terry Gonzalez,60,6,21554,0,4,4,5,13,445,Champions
31580,Sean Miller,140,6,20957,1,3,4,5,12,345,Loyal Customers
31583,John Johnson,53,9,29648,0,5,5,5,15,555,Champions
31585,Heather Harris,156,10,34221,0,3,5,5,13,355,Loyal Customers
31591,Kyle Carter,168,7,18285,0,3,5,4,12,354,Loyal Customers
31595,Zachary Petty,101,12,25492,0,4,5,5,14,455,Champions
31596,Joyce Newman,135,6,15603,0,4,4,4,12,444,Champions
31601,Brandon Dudley,11,6,17472,0,5,4,4,13,544,Champions
31602,John Webster,74,8,28154,0,4,5,5,14,455,Champions
31603,Kristi Macdonald,288,7,20456,0,2,5,5,12,255,At Risk
31604,Amy Jones,71,8,23107,0,4,5,5,14,455,Champions
31609,Andrew Newton,2,6,18854,1,5,4,4,13,544,Champions
31627,Gary Harris,70,7,18286,0,4,5,4,13,454,Champions
31630,Gregory Anderson,188,7,17818,0,3,5,4,12,354,Loyal Customers
31638,Dorothy Edwards,133,7,19885,0,4,5,5,14,455,Champions
31639,Ms. Melissa Stuart,143,7,20547,0,3,5,5,13,355,Loyal Customers
31644,Jessica Jones,91,10,31554,0,4,5,5,14,455,Champions
31645,Terry Davis,49,7,20171,0,5,5,5,15,555,Champions
31658,Jennifer Ryan,216,7,19521,1,3,5,5,13,355,Loyal Customers
31659,Thomas Rosales,368,10,39068,0,2,5,5,12,255,At Risk
31663,Brandy Anderson,100,9,23490,0,4,5,5,14,455,Champions
31677,Wanda Montgomery,291,7,22510,0,2,5,5,12,255,At Risk
31685,Rebecca Case,360,9,19576,1,2,5,5,12,255,At Risk
31687,Kim Osborne,104,6,16007,1,4,4,4,12,444,Champions
31691,Ralph Jones,288,9,20024,0,2,5,5,12,255,At Risk
31694,Cory Bailey,80,6,16504,0,4,4,4,12,444,Champions
31695,Lauren Valencia,10,7,20086,0,5,5,5,15,555,Champions
31696,Jesus Smith,180,11,27556,0,3,5,5,13,355,Loyal Customers
31697,Christopher Alexander,15,10,24025,0,5,5,5,15,555,Champions
31701,Shawn Irwin,104,6,17615,0,4,4,4,12,444,Champions
31706,John Thompson,179,10,23475,0,3,5,5,13,355,Loyal Customers
31712,Patricia Stephens,80,12,40938,0,4,5,5,14,455,Champions
31716,David Chavez,69,8,20701,1,4,5,5,14,455,Champions
31723,Jason Bryant,135,6,20925,1,4,4,5,13,445,Champions
31730,Joshua Shah,7,6,17149,0,5,4,4,13,544,Champions
31733,Pamela Wilson,112,9,27419,0,4,5,5,14,455,Champions
31741,Amanda Barber,137,8,23233,0,3,5,5,13,355,Loyal Customers
31744,Rebecca Mcknight,40,9,15464,0,5,5,4,14,554,Champions
31761,Brittney Pollard,158,7,18781,0,3,5,4,12,354,Loyal Customers
31765,Craig Novak,28,11,30023,0,5,5,5,15,555,Champions
31771,Jaime Cannon,16,7,18410,1,5,5,4,14,554,Champions
31773,Alexander Hardy,62,9,21644,0,4,5,5,14,455,Champions
31781,Stephen Collins,144,9,27418,0,3,5,5,13,355,Loyal Customers
31782,Alex Washington,100,6,17077,0,4,4,4,12,444,Champions
31785,Bryan Stephens,122,7,21488,0,4,5,5,14,455,Champions
31790,Andrea Owens,24,9,24534,0,5,5,5,15,555,Champions
31793,Travis Warren,31,6,17409,0,5,4,4,13,544,Champions
31800,Tricia Salas,45,6,12334,0,5,4,3,12,543,Loyal Customers
31804,Christopher Wagner,192,10,25511,1,3,5,5,13,355,Loyal Customers
31805,Raymond Jordan,126,8,24917,0,4,5,5,14,455,Champions
31806,Joel Campbell,39,6,21118,0,5,4,5,14,545,Champions
31810,Zachary Jacobs,42,6,16086,0,5,4,4,13,544,Champions
31811,Beth Morales,18,10,33394,0,5,5,5,15,555,Champions
31814,Dylan Carpenter,42,10,26138,0,5,5,5,15,555,Champions
31815,Lauren Blake,278,7,19638,0,2,5,5,12,255,At Risk
31816,Steven Davis,68,6,14990,0,4,4,4,12,444,Champions
31826,Christina Lopez,198,8,30160,0,3,5,5,13,355,Loyal Customers
31827,Gwendolyn Hunt,42,6,16936,0,5,4,4,13,544,Champions
31831,Malik Sharp,13,6,16889,0,5,4,4,13,544,Champions
31833,Zachary Williams,107,6,21592,0,4,4,5,13,445,Champions
31835,Kelsey Wang,154,7,18991,0,3,5,4,12,354,Loyal Customers
31837,Aimee Johnson,274,7,20494,0,2,5,5,12,255,At Risk
31843,Scott Robertson,319,9,22599,0,2,5,5,12,255,At Risk
31847,Todd Smith,15,8,23026,0,5,5,5,15,555,Champions
31849,Gregory Harris,263,9,21163,0,2,5,5,12,255,At Risk
31850,Ernest Ball,29,7,18799,1,5,5,4,14,554,Champions
31852,William Hall,17,7,21876,0,5,5,5,15,555,Champions
31853,Mary White,106,7,19525,0,4,5,5,14,455,Champions
31854,Brenda Garcia,32,10,28049,0,5,5,5,15,555,Champions
31856,Bethany Butler,178,8,19757,0,3,5,5,13,355,Loyal Customers
31860,Michael Allen,58,8,18741,0,5,5,4,14,554,Champions
31866,Dustin Rodriguez,144,7,20097,0,3,5,5,13,355,Loyal Customers
31869,Sarah Orozco,214,8,25197,0,3,5,5,13,355,Loyal Customers
31870,Kenneth Houston,343,7,22079,0,2,5,5,12,255,At Risk
31874,Diana Vasquez,17,9,36905,0,5,5,5,15,555,Champions
31876,Luke Bennett,107,10,31436,0,4,5,5,14,455,Champions
31878,Shannon Duncan,10,13,28133,1,5,5,5,15,555,Champions
31880,John Potter,82,7,20777,1,4,5,5,14,455,Champions
31890,Jose Cooper Jr.,202,7,20203,1,3,5,5,13,355,Loyal Customers
31896,Ronald Mcguire,150,9,23377,0,3,5,5,13,355,Loyal Customers
31906,Scott Webb,24,7,18660,0,5,5,4,14,554,Champions
31907,Brandon Kennedy,40,6,12459,0,5,4,3,12,543,Loyal Customers
31908,Karen Sanders,32,9,30226,1,5,5,5,15,555,Champions
31913,Elaine Silva,166,8,26260,1,3,5,5,13,355,Loyal Customers
31917,Alex Lam,188,7,22070,1,3,5,5,13,355,Loyal Customers
31918,Jose Mason,196,8,25114,0,3,5,5,13,355,Loyal Customers
31920,Jessica Peterson,76,9,23762,0,4,5,5,14,455,Champions
31921,Robert Young,38,7,21209,0,5,5,5,15,555,Champions
31922,David Bauer,24,7,21892,0,5,5,5,15,555,Champions
31928,Jonathan Benjamin,80,7,12828,0,4,5,3,12,453,Loyal Customers
31929,Diana Barber,43,7,19268,1,5,5,4,14,554,Champions
31931,Nancy Jones,3,6,13966,0,5,4,3,12,543,Loyal Customers
31935,Anthony Cole,194,7,23660,0,3,5,5,13,355,Loyal Customers
31941,Nicholas Edwards,172,7,17799,1,3,5,4,12,354,Loyal Customers
31946,Jasmine Medina,65,6,15657,0,4,4,4,12,444,Champions
31950,Michelle Jenkins,59,6,15822,0,5,4,4,13,544,Champions
31955,Craig Franklin,146,6,25331,0,3,4,5,12,345,Loyal Customers
31958,Kyle Garrett MD,180,9,28552,1,3,5,5,13,355,Loyal Customers
31964,Raven Barrett,38,7,17867,0,5,5,4,14,554,Champions
31966,John Morgan,39,5,15320,0,5,3,4,12,534,Potential Loyalists
31968,Sarah Mueller,400,8,21329,1,2,5,5,12,255,At Risk
31972,Andrea Reid,156,9,20230,0,3,5,5,13,355,Loyal Customers
31978,Scott Jimenez,115,6,16942,0,4,4,4,12,444,Champions
31985,Robert Morris,48,8,18860,0,5,5,4,14,554,Champions
32000,Kristin Boyd,72,5,21646,0,4,3,5,12,435,Potential Loyalists
32004,Danielle Lin,34,7,21513,1,5,5,5,15,555,Champions
32007,Matthew Armstrong,293,7,22326,0,2,5,5,12,255,At Risk
32014,Alejandro Bradford MD,64,9,26485,0,4,5,5,14,455,Champions
32017,Jeff Anderson,348,7,21503,0,2,5,5,12,255,At Risk
32020,Jared Ferguson,235,6,26187,1,3,4,5,12,345,Loyal Customers
32024,Christopher Lynch,294,9,25908,0,2,5,5,12,255,At Risk
32026,Mr. Justin Wilson,36,6,17644,0,5,4,4,13,544,Champions
32031,Catherine Vargas,39,6,16113,0,5,4,4,13,544,Champions
32034,Rachel Randall,119,6,17188,0,4,4,4,12,444,Champions
32038,Elizabeth Moore,22,9,31607,0,5,5,5,15,555,Champions
32039,Dawn Henson,60,6,23439,1,4,4,5,13,445,Champions
32042,Allison Jacobson,85,8,18461,0,4,5,4,13,454,Champions
32045,Aimee Hughes,61,6,21307,0,4,4,5,13,445,Champions
32048,Alejandro Herring,32,6,14073,0,5,4,3,12,543,Loyal Customers
32051,Mr. John Lucas,200,7,20330,1,3,5,5,13,355,Loyal Customers
32056,Carmen Cruz,279,7,26021,0,2,5,5,12,255,At Risk
32057,Alyssa Long,39,6,13282,0,5,4,3,12,543,Loyal Customers
32061,Calvin Shaffer,25,10,33482,0,5,5,5,15,555,Champions
32066,Charles Lee,314,7,20117,0,2,5,5,12,255,At Risk
32068,Nicole Williams,57,6,14864,1,5,4,4,13,544,Champions
32072,William Miller,202,7,17763,0,3,5,4,12,354,Loyal Customers
32076,Ashley Yu,209,8,17679,0,3,5,4,12,354,Loyal Customers
32079,Christopher Smith,40,10,19537,0,5,5,5,15,555,Champions
32080,Michael Noble,204,7,16437,1,3,5,4,12,354,Loyal Customers
32090,Susan Rhodes,12,6,21373,0,5,4,5,14,545,Champions
32091,Spencer Davis,1,9,21052,1,5,5,5,15,555,Champions
32094,Emily Patterson,90,6,18595,0,4,4,4,12,444,Champions
32098,Jessica Patrick,5,10,24282,0,5,5,5,15,555,Champions
32099,Jasmin Hale,104,6,18546,0,4,4,4,12,444,Champions
32100,Brenda Blair,115,6,17025,0,4,4,4,12,444,Champions
32103,Michelle Cunningham,304,8,19961,0,2,5,5,12,255,At Risk
32104,Debra White,42,7,23473,1,5,5,5,15,555,Champions
32110,Crystal Williams,8,10,26281,0,5,5,5,15,555,Champions
32111,Danny Long,29,6,15139,0,5,4,4,13,544,Champions
32112,Megan Briggs,355,8,31838,0,2,5,5,12,255,At Risk
32118,Nicole Glenn,212,9,20628,1,3,5,5,13,355,Loyal Customers
32119,Jessica Coleman,93,7,19654,0,4,5,5,14,455,Champions
32120,Garrett Espinoza,75,8,19918,1,4,5,5,14,455,Champions
32122,Kathleen Luna,221,8,16767,0,3,5,4,12,354,Loyal Customers
32124,Ariel Short,117,7,21458,0,4,5,5,14,455,Champions
32129,Kellie Baker,76,6,16110,0,4,4,4,12,444,Champions
32131,Martha Martinez,28,7,15226,0,5,5,4,14,554,Champions
32132,Andrea Dunlap,41,5,17153,0,5,3,4,12,534,Potential Loyalists
32135,Dylan Franco,6,8,20699,1,5,5,5,15,555,Champions
32153,John Mack,63,8,19069,0,4,5,4,13,454,Champions
32156,Jeremy Young,2,9,25329,1,5,5,5,15,555,Champions
32158,Thomas Adams,40,6,18442,0,5,4,4,13,544,Champions
32160,Jennifer French,145,9,21452,0,3,5,5,13,355,Loyal Customers
32161,Michael Miller,22,7,19915,1,5,5,5,15,555,Champions
32162,Dr. Andrea Kelley MD,389,8,31335,0,2,5,5,12,255,At Risk
32164,Emily Johnson,44,6,20658,0,5,4,5,14,545,Champions
32166,Cheryl Nelson,379,8,24176,1,2,5,5,12,255,At Risk
32167,Lauren White,49,6,16651,0,5,4,4,13,544,Champions
32169,Martin Robles,239,6,21801,0,3,4,5,12,345,Loyal Customers
32171,Peter Jennings,22,7,18571,0,5,5,4,14,554,Champions
32175,Tyler Yoder,64,10,32403,0,4,5,5,14,455,Champions
32176,Kaylee Wu DDS,114,8,19505,1,4,5,5,14,455,Champions
32178,Anthony Turner,89,8,19603,0,4,5,5,14,455,Champions
32181,Ricky Smith,12,6,13122,0,5,4,3,12,543,Loyal Customers
32182,Mark Bennett,78,9,28418,0,4,5,5,14,455,Champions
32184,Lisa Tate,149,8,21055,0,3,5,5,13,355,Loyal Customers
32187,David Shaw,92,7,20040,0,4,5,5,14,455,Champions
32191,Donald Crawford,13,11,29612,0,5,5,5,15,555,Champions
32192,Jason Skinner,51,6,15312,0,5,4,4,13,544,Champions
32200,Matthew Jenkins,138,7,22016,0,3,5,5,13,355,Loyal Customers
32203,Latoya Garcia,35,8,25498,1,5,5,5,15,555,Champions
32204,Rachel King,132,6,19781,1,4,4,5,13,445,Champions
32205,Katherine Jacobson,39,8,19119,0,5,5,4,14,554,Champions
32208,Charles Johnson,70,7,21632,0,4,5,5,14,455,Champions
32210,Emma Dean,210,8,21513,0,3,5,5,13,355,Loyal Customers
32211,Julian Morris,308,7,20680,1,2,5,5,12,255,At Risk
32212,Christopher Arnold,47,7,21550,0,5,5,5,15,555,Champions
32213,Deborah White,86,9,21829,1,4,5,5,14,455,Champions
32215,Cory Nelson,6,8,19356,0,5,5,5,15,555,Champions
32216,Kelly Powell,79,10,24365,0,4,5,5,14,455,Champions
32217,Carlos Jones,24,11,22962,0,5,5,5,15,555,Champions
32218,Donna May,253,10,36837,0,2,5,5,12,255,At Risk
32219,Timothy Stewart,44,7,22297,1,5,5,5,15,555,Champions
32223,Cassidy Booker,62,7,17511,0,4,5,4,13,454,Champions
32225,Donna Paul,120,7,14751,0,4,5,3,12,453,Loyal Customers
32226,Karen Levy,65,9,25071,0,4,5,5,14,455,Champions
32237,Brenda Horton,185,8,23658,1,3,5,5,13,355,Loyal Customers
32245,Maria Morrow,168,12,38518,0,3,5,5,13,355,Loyal Customers
32247,Cindy Kirby,305,8,22642,0,2,5,5,12,255,At Risk
32251,Morgan Wood,1,7,21730,0,5,5,5,15,555,Champions
32252,Matthew Ward,96,7,16865,1,4,5,4,13,454,Champions
32254,Mrs. Tammy King,69,7,30880,0,4,5,5,14,455,Champions
32256,Anna Mann,54,6,14625,0,5,4,3,12,543,Loyal Customers
32261,Cory Shepherd,136,6,17856,1,4,4,4,12,444,Champions
32264,Nathaniel Turner,81,7,19436,0,4,5,5,14,455,Champions
32265,Jennifer Lester,31,10,32519,1,5,5,5,15,555,Champions
32267,Ms. Jessica Price MD,3,5,18439,0,5,3,4,12,534,Potential Loyalists
32278,Mark Suarez,139,7,21371,0,3,5,5,13,355,Loyal Customers
32286,Jennifer Webster,74,6,15948,0,4,4,4,12,444,Champions
32289,Jamie Gallegos,55,10,29762,0,5,5,5,15,555,Champions
32297,Kelly Lopez,49,6,15064,0,5,4,4,13,544,Champions
32303,Brittany Rivera,226,6,19599,0,3,4,5,12,345,Loyal Customers
32304,Lisa Lewis,74,6,16420,0,4,4,4,12,444,Champions
32307,Darin Cruz,99,6,18620,0,4,4,4,12,444,Champions
32310,Caleb Lamb,256,8,26571,0,2,5,5,12,255,At Risk
32311,Joshua Davis,111,7,19097,0,4,5,4,13,454,Champions
32313,Kimberly Holloway,225,8,19633,0,3,5,5,13,355,Loyal Customers
32323,Christopher Mccoy,75,7,24925,0,4,5,5,14,455,Champions
32325,Shannon Jensen,72,12,30120,0,4,5,5,14,455,Champions
32328,Angel Martinez,148,8,28200,0,3,5,5,13,355,Loyal Customers
32332,Joe Mays,145,7,23734,1,3,5,5,13,355,Loyal Customers
32333,Samantha Beard,45,8,27688,0,5,5,5,15,555,Champions
32334,Michael Richard,28,7,24045,1,5,5,5,15,555,Champions
32337,Brandon Porter,14,5,16350,0,5,3,4,12,534,Potential Loyalists
32340,Jackie Sloan,22,6,19789,0,5,4,5,14,545,Champions
32346,Dawn Wilson,16,5,18724,1,5,3,4,12,534,Potential Loyalists
32348,Alexander Griffin,379,8,21357,0,2,5,5,12,255,At Risk
32351,Monica Kennedy,8,7,16715,0,5,5,4,14,554,Champions
32360,Warren Robinson,38,8,22025,0,5,5,5,15,555,Champions
32361,Calvin Lawson,10,9,25605,0,5,5,5,15,555,Champions
32364,David Chavez,16,11,32386,0,5,5,5,15,555,Champions
32368,Robert Hall,71,9,22901,0,4,5,5,14,455,Champions
32372,Michael Phelps,20,5,15657,0,5,3,4,12,534,Potential Loyalists
32375,William Summers,50,11,26780,0,5,5,5,15,555,Champions
32377,Robert Brown,17,6,18383,0,5,4,4,13,544,Champions
32378,Deborah Klein,130,9,22305,0,4,5,5,14,455,Champions
32380,Ashley Galvan MD,38,7,26665,0,5,5,5,15,555,Champions
32383,Rebecca Mendez,224,6,23968,0,3,4,5,12,345,Loyal Customers
32384,Kristin Harper,182,8,27350,0,3,5,5,13,355,Loyal Customers
32386,Ashley Ward,18,7,13582,0,5,5,3,13,553,Loyal Customers
32388,Raymond Reynolds,369,7,21441,0,2,5,5,12,255,At Risk
32389,Logan Mooney,206,9,20809,0,3,5,5,13,355,Loyal Customers
32394,Bridget Nash,222,7,21185,0,3,5,5,13,355,Loyal Customers
32398,Nancy Wood,50,6,19968,1,5,4,5,14,545,Champions
32407,Matthew Carpenter,3,8,20958,0,5,5,5,15,555,Champions
32408,Kathryn Johnson,40,7,16286,0,5,5,4,14,554,Champions
32413,Mr. Dave Acosta,21,6,15068,0,5,4,4,13,544,Champions
32417,Joe Beck,303,8,20938,0,2,5,5,12,255,At Risk
32423,Holly Cohen,225,6,22397,1,3,4,5,12,345,Loyal Customers
32429,Ricky Allen,126,6,22659,0,4,4,5,13,445,Champions
32431,Patricia Blair,152,7,23526,1,3,5,5,13,355,Loyal Customers
32436,Marie Williams,132,7,24087,0,4,5,5,14,455,Champions
32440,Steve Bishop,169,7,18454,1,3,5,4,12,354,Loyal Customers
32443,Alexandra Simpson,142,9,24159,0,3,5,5,13,355,Loyal Customers
32448,Emily Gonzalez,63,7,20682,0,4,5,5,14,455,Champions
32461,Nathan Smith,98,8,22626,1,4,5,5,14,455,Champions
32462,Colin Morris,204,8,23140,0,3,5,5,13,355,Loyal Customers
32474,Christopher Stein,110,6,25015,0,4,4,5,13,445,Champions
32477,Allison Neal,23,6,17296,0,5,4,4,13,544,Champions
32482,Angel Morales,15,5,15885,1,5,3,4,12,534,Potential Loyalists
32484,Darren Aguirre,23,5,17220,0,5,3,4,12,534,Potential Loyalists
32488,Dr. Leslie Wade DVM,86,8,19361,0,4,5,5,14,455,Champions
32490,Luis Larsen,133,6,19397,1,4,4,5,13,445,Champions
32491,Lisa Griffin,11,8,27913,0,5,5,5,15,555,Champions
32493,Lisa Bell,38,7,18041,0,5,5,4,14,554,Champions
32496,Hailey Oneal,380,8,19734,0,2,5,5,12,255,At Risk
32499,Matthew Henderson,378,8,22353,1,2,5,5,12,255,At Risk
32501,Bianca Humphrey,36,6,21442,1,5,4,5,14,545,Champions
32502,George Grant,178,8,18620,1,3,5,4,12,354,Loyal Customers
32504,Benjamin Pugh,2,11,34349,1,5,5,5,15,555,Champions
32505,Hannah Valdez,17,7,12643,0,5,5,3,13,553,Loyal Customers
32509,Shawn Flowers,61,8,23579,0,4,5,5,14,455,Champions
32515,Devin Collins,20,7,21729,1,5,5,5,15,555,Champions
32523,Maria Warren,242,9,17387,0,3,5,4,12,354,Loyal Customers
32524,Jonathon Fletcher MD,3,6,13262,0,5,4,3,12,543,Loyal Customers
32530,Nicholas Rosario,60,8,21947,0,4,5,5,14,455,Champions
32532,Edward Stewart,119,8,24185,0,4,5,5,14,455,Champions
32536,Matthew Espinoza,133,9,23744,0,4,5,5,14,455,Champions
32538,Robert Scott,21,7,14491,0,5,5,3,13,553,Loyal Customers
32543,Lisa Hurst,103,9,30698,0,4,5,5,14,455,Champions
32545,Allen Fitzpatrick,125,11,34001,0,4,5,5,14,455,Champions
32548,Karen Rogers,147,8,23039,0,3,5,5,13,355,Loyal Customers
32550,Brendan Harris,179,8,24514,0,3,5,5,13,355,Loyal Customers
32551,Anita Wood,6,8,24091,0,5,5,5,15,555,Champions
32555,Thomas Pacheco,196,7,16731,0,3,5,4,12,354,Loyal Customers
32559,Jennifer Hernandez,121,8,22911,0,4,5,5,14,455,Champions
32563,Nathaniel Kaiser,214,8,15033,0,3,5,4,12,354,Loyal Customers
32566,Jesus Wang,199,7,16657,0,3,5,4,12,354,Loyal Customers
32569,Derek Harrison,233,8,22650,1,3,5,5,13,355,Loyal Customers
32571,Connie Burns,188,8,23840,0,3,5,5,13,355,Loyal Customers
32574,David Bell,9,7,25822,1,5,5,5,15,555,Champions
32576,Ms. Angela Kirk,29,6,17275,0,5,4,4,13,544,Champions
32583,Daniel Banks,45,11,35858,1,5,5,5,15,555,Champions
32584,Michael Atkinson,109,9,21105,0,4,5,5,14,455,Champions
32587,Jeffrey Tucker,166,8,17951,0,3,5,4,12,354,Loyal Customers
32591,Theodore Ferguson,103,8,15547,0,4,5,4,13,454,Champions
32594,Jamie Nash,155,6,22090,0,3,4,5,12,345,Loyal Customers
32596,Kimberly Waters,132,6,18519,1,4,4,4,12,444,Champions
32597,Jeremy Fletcher,159,7,21171,0,3,5,5,13,355,Loyal Customers
32601,Karen Schwartz,10,7,16080,0,5,5,4,14,554,Champions
32604,Jason Mitchell,28,7,20054,0,5,5,5,15,555,Champions
32605,Jessica Harvey,33,7,16974,1,5,5,4,14,554,Champions
32608,Karl Mathis,244,7,22311,0,2,5,5,12,255,At Risk
32612,Tracey Mccoy,240,10,32908,0,3,5,5,13,355,Loyal Customers
32613,Katherine Jenkins,1,5,15088,0,5,3,4,12,534,Potential Loyalists
32615,Gerald Mcdonald,196,8,24839,0,3,5,5,13,355,Loyal Customers
32620,Jennifer Peterson,100,13,37292,0,4,5,5,14,455,Champions
32622,Alex Rodriguez,78,7,15647,1,4,5,4,13,454,Champions
32624,Amanda Brown,10,7,24000,0,5,5,5,15,555,Champions
32625,David Flores,243,7,21824,1,2,5,5,12,255,At Risk
32627,Scott Wilson,299,7,21330,0,2,5,5,12,255,At Risk
32628,Amanda Thomas,0,13,44431,0,5,5,5,15,555,Champions
32630,Erika Herman,184,8,26906,0,3,5,5,13,355,Loyal Customers
32634,Jaime King,62,6,20919,0,4,4,5,13,445,Champions
32639,Kimberly Rogers,137,9,23309,0,3,5,5,13,355,Loyal Customers
32645,Lori Wagner,274,10,23484,1,2,5,5,12,255,At Risk
32648,Michael Marks,9,8,20385,1,5,5,5,15,555,Champions
32659,Steven Cortez,21,11,36069,0,5,5,5,15,555,Champions
32663,Ryan Thomas,101,7,21561,1,4,5,5,14,455,Champions
32664,Rachel Dorsey,90,8,20502,0,4,5,5,14,455,Champions
32670,Rodney Rivera,44,10,25617,0,5,5,5,15,555,Champions
32672,Mrs. Jasmine Ward,98,8,25290,0,4,5,5,14,455,Champions
32673,Steven Myers,334,9,24322,0,2,5,5,12,255,At Risk
32674,Jodi Boone,170,8,27828,0,3,5,5,13,355,Loyal Customers
32679,Kristen Stephens,2,6,17721,0,5,4,4,13,544,Champions
32683,Jennifer Olson,26,10,26922,0,5,5,5,15,555,Champions
32684,Susan Huffman,44,7,16000,0,5,5,4,14,554,Champions
32686,Edward Lang,145,8,17338,0,3,5,4,12,354,Loyal Customers
32689,Gabrielle Goodwin,72,10,32645,0,4,5,5,14,455,Champions
32690,Sarah Herrera,27,7,19172,0,5,5,4,14,554,Champions
32694,Michael Huff,36,6,23551,0,5,4,5,14,545,Champions
32695,Rebecca Morales,11,7,21568,0,5,5,5,15,555,Champions
32698,Morgan Mills,46,6,20330,0,5,4,5,14,545,Champions
32703,Anita Norris,308,8,19865,0,2,5,5,12,255,At Risk
32704,Leslie Miller,25,6,13237,0,5,4,3,12,543,Loyal Customers
32705,Amy Coleman,97,8,21757,0,4,5,5,14,455,Champions
32706,Megan Guzman,50,7,16065,0,5,5,4,14,554,Champions
32709,Gina Valencia,85,8,22706,0,4,5,5,14,455,Champions
32710,David Holt,124,7,16258,0,4,5,4,13,454,Champions
32712,Gary Gallegos,37,8,16674,0,5,5,4,14,554,Champions
32713,Lauren Webb MD,73,9,24966,1,4,5,5,14,455,Champions
32716,Carolyn Anderson,257,9,31379,0,2,5,5,12,255,At Risk
32718,Austin Richard,13,8,23061,0,5,5,5,15,555,Champions
32723,Wesley Douglas,71,8,20657,0,4,5,5,14,455,Champions
32726,Monica Frye,74,6,17976,0,4,4,4,12,444,Champions
32734,Melissa Wood,39,6,15866,0,5,4,4,13,544,Champions
32736,Janet Mccullough,38,6,14459,0,5,4,3,12,543,Loyal Customers
32748,Ann Cobb,151,9,31260,0,3,5,5,13,355,Loyal Customers
32754,Michael Pugh,95,7,17339,0,4,5,4,13,454,Champions
32755,Aaron Erickson,14,6,14700,0,5,4,3,12,543,Loyal Customers
32756,Timothy Rodgers,157,8,29445,0,3,5,5,13,355,Loyal Customers
32763,Shawna Thompson,116,11,26384,0,4,5,5,14,455,Champions
32764,Cory Taylor,213,7,19359,0,3,5,5,13,355,Loyal Customers
32766,Whitney Chandler,141,10,27621,0,3,5,5,13,355,Loyal Customers
32769,Logan Thompson,7,6,21742,0,5,4,5,14,545,Champions
32779,Derek Horne,171,6,25091,0,3,4,5,12,345,Loyal Customers
32780,Richard Brady,14,5,15201,0,5,3,4,12,534,Potential Loyalists
32786,Christina Johnston,98,9,35015,0,4,5,5,14,455,Champions
32789,Lawrence Thompson,55,8,11331,0,5,5,2,12,552,Potential Loyalists
32793,Aaron Cochran,178,7,23319,0,3,5,5,13,355,Loyal Customers
32795,Keith Ford,82,6,17506,0,4,4,4,12,444,Champions
32797,Charles Anthony,51,7,16596,0,5,5,4,14,554,Champions
32798,Tammy Stewart,38,5,17400,0,5,3,4,12,534,Potential Loyalists
32799,Alicia Hill,0,6,15182,1,5,4,4,13,544,Champions
32803,Ryan Shepard,195,7,22645,0,3,5,5,13,355,Loyal Customers
32809,William Torres,28,7,19152,0,5,5,4,14,554,Champions
32811,Thomas Montgomery,171,9,17707,0,3,5,4,12,354,Loyal Customers
32829,Brittney Hunter,211,6,19288,0,3,4,5,12,345,Loyal Customers
32831,Adrian Wright,46,8,26473,0,5,5,5,15,555,Champions
32833,Christina Jenkins,129,6,15010,0,4,4,4,12,444,Champions
32841,Mark Terry,82,9,20185,0,4,5,5,14,455,Champions
32845,Brian Nixon,46,8,26573,0,5,5,5,15,555,Champions
32851,Joshua Gonzalez,28,6,17529,0,5,4,4,13,544,Champions
32866,Victoria Griffith,92,12,28445,0,4,5,5,14,455,Champions
32867,Tracey Griffin,21,6,19507,0,5,4,5,14,545,Champions
32871,Scott Wright,126,6,17640,0,4,4,4,12,444,Champions
32874,Meagan Mann,12,11,26388,0,5,5,5,15,555,Champions
32875,Jesse Moore,198,7,19731,0,3,5,5,13,355,Loyal Customers
32878,Eric Mosley,43,9,30748,0,5,5,5,15,555,Champions
32884,Shannon Jones,74,8,28984,0,4,5,5,14,455,Champions
32885,Amanda Cunningham,19,6,12035,0,5,4,3,12,543,Loyal Customers
32888,Dylan Walker,219,7,18340,0,3,5,4,12,354,Loyal Customers
32891,Jay Douglas,14,5,15758,0,5,3,4,12,534,Potential Loyalists
32895,Nicholas Mcgee,71,6,15570,0,4,4,4,12,444,Champions
32898,Christine Sparks,67,8,22535,0,4,5,5,14,455,Champions
32903,Suzanne Cannon,14,5,15441,0,5,3,4,12,534,Potential Loyalists
32904,Tommy Medina,36,8,26625,0,5,5,5,15,555,Champions
32906,Jeffery Knapp,18,9,21856,0,5,5,5,15,555,Champions
32907,Mary Rodriguez,96,6,15858,0,4,4,4,12,444,Champions
32908,Tonya Savage,4,7,24488,0,5,5,5,15,555,Champions
32910,Duane Mcdonald,20,10,26586,0,5,5,5,15,555,Champions
32914,Henry Ward,48,7,25622,1,5,5,5,15,555,Champions
32918,Benjamin Garcia,5,6,14670,0,5,4,3,12,543,Loyal Customers
32921,Erin Norton,83,7,20108,0,4,5,5,14,455,Champions
32923,Jessica White,191,8,18951,0,3,5,4,12,354,Loyal Customers
32924,Zachary Sheppard,147,8,24369,0,3,5,5,13,355,Loyal Customers
32930,Shaun Chambers,83,7,12980,0,4,5,3,12,453,Loyal Customers
32932,Mason Williams,55,10,31703,0,5,5,5,15,555,Champions
32936,Keith Douglas,90,11,18869,1,4,5,4,13,454,Champions
32939,Christopher Vazquez,2,6,24019,0,5,4,5,14,545,Champions
32948,Susan Jones,0,7,16153,0,5,5,4,14,554,Champions
32951,Alexis Andrews,81,7,20922,0,4,5,5,14,455,Champions
32952,Robert Mcdonald,78,7,19892,1,4,5,5,14,455,Champions
32955,Cindy Schroeder,126,7,22733,0,4,5,5,14,455,Champions
32959,Ricardo Moore,236,7,23004,0,3,5,5,13,355,Loyal Customers
32963,Brian May,128,8,24460,0,4,5,5,14,455,Champions
32970,Christina Morris,197,7,15869,0,3,5,4,12,354,Loyal Customers
32973,Glenn Pruitt,42,8,22754,1,5,5,5,15,555,Champions
32975,Darius Miller,330,7,26705,0,2,5,5,12,255,At Risk
32978,Amanda Howard,110,6,16539,1,4,4,4,12,444,Champions
32982,Laura Turner,199,7,21519,0,3,5,5,13,355,Loyal Customers
32984,Raymond Keith,21,6,17878,0,5,4,4,13,544,Champions
32986,Deanna Johnston,34,6,16212,0,5,4,4,13,544,Champions
32988,John Gordon,50,7,15050,0,5,5,4,14,554,Champions
32992,Kara Sherman,279,7,22247,0,2,5,5,12,255,At Risk
32995,Kaylee Coleman,57,8,21254,1,5,5,5,15,555,Champions
33000,Brenda Glover,74,6,18749,0,4,4,4,12,444,Champions
33001,Grant Bates,308,7,20276,0,2,5,5,12,255,At Risk
33004,Natalie Bennett,18,13,34119,1,5,5,5,15,555,Champions
33008,Johnny King,156,10,23711,0,3,5,5,13,355,Loyal Customers
33012,Sandra Cross,189,8,30963,0,3,5,5,13,355,Loyal Customers
33017,Mary Navarro,14,7,25214,1,5,5,5,15,555,Champions
33023,Sandra Hernandez,305,8,22315,0,2,5,5,12,255,At Risk
33029,Jackson Brown,81,7,15952,0,4,5,4,13,454,Champions
33031,Heather Williams,230,7,20513,0,3,5,5,13,355,Loyal Customers
33032,Joan Castro,196,7,24059,0,3,5,5,13,355,Loyal Customers
33033,Harry Villanueva,52,9,24290,0,5,5,5,15,555,Champions
33040,Victoria Hill,48,7,11614,0,5,5,3,13,553,Loyal Customers
33048,Lisa Hood,21,7,19452,1,5,5,5,15,555,Champions
33052,Mary Lewis,18,7,20890,0,5,5,5,15,555,Champions
33053,Susan Baker,6,8,22968,1,5,5,5,15,555,Champions
33056,Erica Ellis,11,8,28635,0,5,5,5,15,555,Champions
33063,Tammy Murphy,88,8,15398,0,4,5,4,13,454,Champions
33067,Rebecca Rodgers,48,7,17734,0,5,5,4,14,554,Champions
33069,Scott Rogers,58,7,20057,0,5,5,5,15,555,Champions
33073,Morgan Walker,46,7,17054,0,5,5,4,14,554,Champions
33076,Travis Schwartz,84,9,21186,0,4,5,5,14,455,Champions
33090,Kelly Vargas,27,6,11967,0,5,4,3,12,543,Loyal Customers
33096,Jodi Smith,70,8,20282,0,4,5,5,14,455,Champions
33099,Courtney Jacobs,15,6,11372,0,5,4,3,12,543,Loyal Customers
33104,Christopher Hunt,85,7,18665,1,4,5,4,13,454,Champions
33110,Aaron Holt,53,7,22601,0,5,5,5,15,555,Champions
33113,Jacob Lyons,57,10,27319,0,5,5,5,15,555,Champions
33114,Mr. Cody Hernandez,188,7,15032,0,3,5,4,12,354,Loyal Customers
33116,Christian Hill,84,8,18429,0,4,5,4,13,454,Champions
33117,Cory Garrett,234,9,25327,0,3,5,5,13,355,Loyal Customers
33119,Michael Good,1,6,13084,0,5,4,3,12,543,Loyal Customers
33125,Christopher Smith,26,8,18422,0,5,5,4,14,554,Champions
33126,Teresa Floyd,189,7,21064,0,3,5,5,13,355,Loyal Customers
33137,Amber Guerra,234,8,27437,0,3,5,5,13,355,Loyal Customers
33141,Nina Moreno,81,8,31183,1,4,5,5,14,455,Champions
33147,Douglas Martin,137,9,24201,0,3,5,5,13,355,Loyal Customers
33150,Jeffrey Bryant,94,6,21771,0,4,4,5,13,445,Champions
33152,Holly Craig,44,8,19827,1,5,5,5,15,555,Champions
33158,Susan Davis,63,6,16799,0,4,4,4,12,444,Champions
33161,Benjamin Brown,220,7,18053,0,3,5,4,12,354,Loyal Customers
33164,Joy Ward,127,6,20214,0,4,4,5,13,445,Champions
33165,Dr. Anthony Jimenez,3,7,18144,0,5,5,4,14,554,Champions
33167,Jacob Booth,43,7,17252,1,5,5,4,14,554,Champions
33169,Miranda Schwartz,55,6,12228,0,5,4,3,12,543,Loyal Customers
33173,Alexander Gonzalez,414,7,20510,0,2,5,5,12,255,At Risk
33176,Gregory Acevedo,107,12,32136,0,4,5,5,14,455,Champions
33180,Jessica Camacho,236,7,24799,0,3,5,5,13,355,Loyal Customers
33181,Heather Davidson,79,7,18649,0,4,5,4,13,454,Champions
33189,Angela Gross,25,9,18638,0,5,5,4,14,554,Champions
33191,Jeffrey Chapman,23,6,17065,0,5,4,4,13,544,Champions
33193,Amy Mccullough,5,7,16142,1,5,5,4,14,554,Champions
33197,Michael Nguyen,79,6,21448,1,4,4,5,13,445,Champions
33202,Sheila Wiggins,41,9,22961,0,5,5,5,15,555,Champions
33207,Michael Turner,25,8,20458,0,5,5,5,15,555,Champions
33209,Haley Ramirez,241,6,20193,0,3,4,5,12,345,Loyal Customers
33211,Thomas Nunez,46,8,26139,0,5,5,5,15,555,Champions
33216,Eric Peterson,0,8,17624,1,5,5,4,14,554,Champions
33220,Caroline Carpenter,105,7,22142,0,4,5,5,14,455,Champions
33221,Patrick Wagner,186,8,23499,0,3,5,5,13,355,Loyal Customers
33222,Julie Romero,101,8,21035,0,4,5,5,14,455,Champions
33228,Rita Huang,21,10,27630,1,5,5,5,15,555,Champions
33229,Julia Estes,159,11,27442,0,3,5,5,13,355,Loyal Customers
33231,Ronald Lang,385,7,21336,0,2,5,5,12,255,At Risk
33232,Daniel Robertson,94,6,15130,0,4,4,4,12,444,Champions
33236,Jessica Watson,10,8,21125,0,5,5,5,15,555,Champions
33237,John Carroll,304,7,20072,1,2,5,5,12,255,At Risk
33242,Katie Reed,70,7,19462,0,4,5,5,14,455,Champions
33244,Tara Marshall DVM,6,5,14954,0,5,3,4,12,534,Potential Loyalists
33247,Haley Ruiz,19,7,17318,0,5,5,4,14,554,Champions
33248,Trevor Kent,231,7,15309,0,3,5,4,12,354,Loyal Customers
33255,Stacy White,211,8,23136,0,3,5,5,13,355,Loyal Customers
33256,Michael Craig,91,9,26474,0,4,5,5,14,455,Champions
33258,Juan Mcdaniel,272,7,19987,0,2,5,5,12,255,At Risk
33259,Ashley Casey PhD,130,6,18245,0,4,4,4,12,444,Champions
33265,Jamie Cunningham,123,6,14894,0,4,4,4,12,444,Champions
33267,Samantha Williams,134,6,15532,0,4,4,4,12,444,Champions
33269,Denise Miller,2,6,21544,0,5,4,5,14,545,Champions
33274,Kristin Scott,96,7,21601,0,4,5,5,14,455,Champions
33276,Gary Ewing DDS,10,9,37390,0,5,5,5,15,555,Champions
33278,John Phillips,3,7,21452,0,5,5,5,15,555,Champions
33279,Mr. Brian Smith,129,8,15310,1,4,5,4,13,454,Champions
33281,Lydia Williams,25,12,33346,0,5,5,5,15,555,Champions
33283,Maria Schmidt,74,9,33915,0,4,5,5,14,455,Champions
33307,Kenneth Moore,83,7,22801,0,4,5,5,14,455,Champions
33309,Stephen Sandoval,20,11,24934,0,5,5,5,15,555,Champions
33310,Claire Taylor,67,9,26846,0,4,5,5,14,455,Champions
33316,Mary Johnson,215,9,26224,0,3,5,5,13,355,Loyal Customers
33320,Laura Vance,45,10,20949,1,5,5,5,15,555,Champions
33321,Christopher Boone,315,7,20013,1,2,5,5,12,255,At Risk
33322,Colleen Castillo,97,6,17903,0,4,4,4,12,444,Champions
33323,Darren Welch,36,8,23559,0,5,5,5,15,555,Champions
33325,Diane Davies,57,6,11787,0,5,4,3,12,543,Loyal Customers
33330,Emily Pruitt,9,8,27615,0,5,5,5,15,555,Champions
33340,Kevin Wong,10,8,22830,0,5,5,5,15,555,Champions
33341,Caleb Hunt,35,6,13757,0,5,4,3,12,543,Loyal Customers
33343,Jordan Moody,67,8,20303,0,4,5,5,14,455,Champions
33345,David Fisher,0,7,17570,0,5,5,4,14,554,Champions
33347,Dave Kramer,209,6,23761,0,3,4,5,12,345,Loyal Customers
33348,Carol Parsons,8,8,21647,0,5,5,5,15,555,Champions
33349,Madison Chase,53,5,17240,0,5,3,4,12,534,Potential Loyalists
33355,Jill Dawson,128,10,32333,0,4,5,5,14,455,Champions
33359,David Dudley,77,10,29324,0,4,5,5,14,455,Champions
33361,Alexandra Hubbard,53,6,15686,1,5,4,4,13,544,Champions
33362,John Taylor,13,7,21780,0,5,5,5,15,555,Champions
33368,Kelsey Wood,129,5,19619,0,4,3,5,12,435,Potential Loyalists
33373,Rodney Sawyer,195,9,22139,0,3,5,5,13,355,Loyal Customers
33382,Stephanie Sims,71,6,17728,0,4,4,4,12,444,Champions
33384,Michael Smith,4,5,17895,0,5,3,4,12,534,Potential Loyalists
33392,Travis Wolfe,31,6,18837,0,5,4,4,13,544,Champions
33395,Robert Bowen,96,8,23829,1,4,5,5,14,455,Champions
33396,Nancy Smith,33,10,30499,0,5,5,5,15,555,Champions
33398,Jane Clark,53,7,17675,0,5,5,4,14,554,Champions
33405,Ryan Sosa,41,10,25127,1,5,5,5,15,555,Champions
33406,Clinton Johnson,56,9,16933,0,5,5,4,14,554,Champions
33408,Jane Brady,149,9,28110,0,3,5,5,13,355,Loyal Customers
33412,Patrick Weber,130,6,18375,0,4,4,4,12,444,Champions
33417,Melanie Perez,117,8,26547,0,4,5,5,14,455,Champions
33418,Elizabeth Patton,164,6,19884,0,3,4,5,12,345,Loyal Customers
33423,Lisa Carter,29,5,17700,1,5,3,4,12,534,Potential Loyalists
33424,Howard Curtis,150,11,40152,1,3,5,5,13,355,Loyal Customers
33436,Ann Flynn,3,10,30622,0,5,5,5,15,555,Champions
33444,Kenneth Brown,321,8,24594,0,2,5,5,12,255,At Risk
33445,Mr. William Walker,34,7,19643,0,5,5,5,15,555,Champions
33446,Jasmine Flores,5,6,14250,0,5,4,3,12,543,Loyal Customers
33447,Kevin Le,39,7,13980,0,5,5,3,13,553,Loyal Customers
33448,Margaret Garcia,164,7,19709,0,3,5,5,13,355,Loyal Customers
33449,Kyle Li,11,8,18876,0,5,5,4,14,554,Champions
33450,Michael Green,18,8,30930,0,5,5,5,15,555,Champions
33453,Robert Bishop,79,6,15359,0,4,4,4,12,444,Champions
33455,Jeffrey Johnson,183,9,22348,0,3,5,5,13,355,Loyal Customers
33459,Adam Jones,268,7,23552,0,2,5,5,12,255,At Risk
33461,Carlos Baird,131,8,15328,0,4,5,4,13,454,Champions
33462,Kyle Kennedy,29,7,15437,0,5,5,4,14,554,Champions
33463,Matthew Roman,32,7,20207,0,5,5,5,15,555,Champions
33466,Mary Holland,242,6,23451,1,3,4,5,12,345,Loyal Customers
33468,Monique Peters,91,7,24213,0,4,5,5,14,455,Champions
33472,Karen Lyons,99,7,17774,0,4,5,4,13,454,Champions
33477,Robert Munoz,68,7,16207,0,4,5,4,13,454,Champions
33479,Robert Johnson,109,7,14903,0,4,5,4,13,454,Champions
33482,Alexa Hughes,21,8,25674,0,5,5,5,15,555,Champions
33484,Andrew Davis,0,7,18221,0,5,5,4,14,554,Champions
33487,Virginia Olsen,205,8,21648,0,3,5,5,13,355,Loyal Customers
33488,Fred Cole,50,7,24080,0,5,5,5,15,555,Champions
33489,Ronald Chung,21,11,30924,0,5,5,5,15,555,Champions
33492,Wendy Bird,14,7,23790,0,5,5,5,15,555,Champions
33498,Tammy Bell,209,7,16974,0,3,5,4,12,354,Loyal Customers
33505,Erika Mccarthy,69,6,17019,0,4,4,4,12,444,Champions
33512,Meredith Rich,221,8,23996,0,3,5,5,13,355,Loyal Customers
33513,Ashley Thomas,161,9,20255,1,3,5,5,13,355,Loyal Customers
33514,William Fitzgerald DDS,243,7,21278,0,2,5,5,12,255,At Risk
33517,Robert Webb,159,8,19287,0,3,5,5,13,355,Loyal Customers
33521,Kathy Huynh,91,9,25397,0,4,5,5,14,455,Champions
33524,Laura Jackson,204,6,23049,1,3,4,5,12,345,Loyal Customers
33525,Shannon George,71,6,21617,1,4,4,5,13,445,Champions
33536,Michael Saunders,96,8,19226,0,4,5,4,13,454,Champions
33543,Patricia Wade,109,9,29865,0,4,5,5,14,455,Champions
33554,Sandra Schneider,109,6,15615,1,4,4,4,12,444,Champions
33555,Darren Morris,122,7,18260,0,4,5,4,13,454,Champions
33558,Jacqueline Jones,42,6,15608,0,5,4,4,13,544,Champions
33559,Wanda Barnes,47,5,15864,0,5,3,4,12,534,Potential Loyalists
33566,Brandon Dunn,249,7,21523,1,2,5,5,12,255,At Risk
33568,Robert Kelly,204,13,31149,1,3,5,5,13,355,Loyal Customers
33574,William Bryan,102,6,17575,1,4,4,4,12,444,Champions
33581,Ryan Rodriguez,53,6,18990,0,5,4,4,13,544,Champions
33582,Melanie Santana,0,6,15449,0,5,4,4,13,544,Champions
33584,Madeline Johnson,190,7,17394,0,3,5,4,12,354,Loyal Customers
33596,Dawn Shields,79,8,21555,0,4,5,5,14,455,Champions
33599,Bobby Stewart Jr.,45,7,18934,1,5,5,4,14,554,Champions
33601,Daniel Christensen,114,6,18190,1,4,4,4,12,444,Champions
33615,Elaine Pope,33,11,31907,1,5,5,5,15,555,Champions
33618,Travis Stephens,70,7,21267,0,4,5,5,14,455,Champions
33625,Sandra Rosales,277,9,19717,0,2,5,5,12,255,At Risk
33630,Ashley Joyce,157,7,18040,0,3,5,4,12,354,Loyal Customers
33632,Jenna Sanchez,42,5,17438,0,5,3,4,12,534,Potential Loyalists
33634,Christopher Castro,9,5,14975,0,5,3,4,12,534,Potential Loyalists
33645,William Bautista,14,7,12862,0,5,5,3,13,553,Loyal Customers
33647,Alan Mejia,44,8,20570,0,5,5,5,15,555,Champions
33649,Kristina Williams,128,6,15080,0,4,4,4,12,444,Champions
33653,Carol Daniels,16,5,16629,1,5,3,4,12,534,Potential Loyalists
33658,Billy Hammond,32,6,17006,1,5,4,4,13,544,Champions
33659,Robert Hicks,358,8,24088,0,2,5,5,12,255,At Risk
33660,Tyler Baker,111,8,19475,0,4,5,5,14,455,Champions
33662,Sarah Goodman,13,8,25925,0,5,5,5,15,555,Champions
33672,Ashley Burns,174,11,31966,0,3,5,5,13,355,Loyal Customers
33675,William Hanson,109,5,23339,0,4,3,5,12,435,Potential Loyalists
33678,Ernest Ward,43,6,15092,0,5,4,4,13,544,Champions
33680,Jordan Fuentes,35,6,19836,0,5,4,5,14,545,Champions
33682,Anthony Cole,11,7,23422,0,5,5,5,15,555,Champions
33683,Jeremy Watts,31,9,24110,1,5,5,5,15,555,Champions
33684,Robert Nelson,134,6,17067,1,4,4,4,12,444,Champions
33685,Joseph Bartlett,397,7,20110,0,2,5,5,12,255,At Risk
33693,Mariah Scott,218,9,21241,0,3,5,5,13,355,Loyal Customers
33694,Kara Parks,77,11,38683,0,4,5,5,14,455,Champions
33695,Steven Sheppard,338,8,20095,0,2,5,5,12,255,At Risk
33702,Beverly Brown,5,6,15797,0,5,4,4,13,544,Champions
33707,John Webb,42,6,19259,0,5,4,4,13,544,Champions
33708,Zachary Yang,190,8,26972,0,3,5,5,13,355,Loyal Customers
33709,Sandra Rivera,72,9,26771,1,4,5,5,14,455,Champions
33712,Lori Huff,270,9,28920,0,2,5,5,12,255,At Risk
33717,Beverly Lopez,34,6,17569,1,5,4,4,13,544,Champions
33718,Brian Taylor,54,6,13925,0,5,4,3,12,543,Loyal Customers
33725,Amanda Campbell,198,9,16785,1,3,5,4,12,354,Loyal Customers
33727,Alexandra Ryan,92,8,23286,0,4,5,5,14,455,Champions
33730,Sharon Stephens,58,6,12426,0,5,4,3,12,543,Loyal Customers
33732,Stephanie Charles,302,8,23934,0,2,5,5,12,255,At Risk
33739,Martin Johnson,206,11,25881,1,3,5,5,13,355,Loyal Customers
33743,Jessica Gallagher,71,8,20485,0,4,5,5,14,455,Champions
33744,Veronica Gonzales,40,8,22084,0,5,5,5,15,555,Champions
33754,Lisa Garner,159,8,24917,0,3,5,5,13,355,Loyal Customers
33755,Christina Shaffer,94,9,23260,0,4,5,5,14,455,Champions
33761,Tiffany Petersen,67,9,23521,0,4,5,5,14,455,Champions
33768,Jessica Swanson,76,7,18675,0,4,5,4,13,454,Champions
33771,Amanda Meza,29,8,17651,1,5,5,4,14,554,Champions
33777,James Mitchell,108,9,32783,0,4,5,5,14,455,Champions
33782,Julia Andrews,115,9,21270,0,4,5,5,14,455,Champions
33783,John Saunders,38,5,17951,1,5,3,4,12,534,Potential Loyalists
33787,Paul Conway,24,7,19890,1,5,5,5,15,555,Champions
33788,Deborah Stephens,150,8,17239,1,3,5,4,12,354,Loyal Customers
33799,Nicholas Rowland,82,7,23143,0,4,5,5,14,455,Champions
33800,Oscar Lewis,101,8,25962,1,4,5,5,14,455,Champions
33807,Jeffrey Burgess,2,10,29022,0,5,5,5,15,555,Champions
33809,Anthony Jensen,119,6,19938,0,4,4,5,13,445,Champions
33810,Dylan King,37,8,25203,1,5,5,5,15,555,Champions
33812,Mark Goodwin,231,8,19745,0,3,5,5,13,355,Loyal Customers
33813,Ashley Bullock,10,9,28862,0,5,5,5,15,555,Champions
33814,Amy Berry,18,6,13298,0,5,4,3,12,543,Loyal Customers
33817,Laurie Carter,70,6,19881,1,4,4,5,13,445,Champions
33818,Susan Evans,50,5,18662,1,5,3,4,12,534,Potential Loyalists
33819,Bruce Callahan,89,7,22306,1,4,5,5,14,455,Champions
33822,Brandon Simpson,252,9,27861,0,2,5,5,12,255,At Risk
33823,William Oconnor,30,5,16203,0,5,3,4,12,534,Potential Loyalists
33824,Gregory Norris,361,8,28014,0,2,5,5,12,255,At Risk
33832,Kimberly Gilmore,133,10,27707,0,4,5,5,14,455,Champions
33834,Brian Thomas,203,9,24743,0,3,5,5,13,355,Loyal Customers
33835,Anita Le,44,6,24676,0,5,4,5,14,545,Champions
33836,Kathy Harris,229,7,19388,1,3,5,5,13,355,Loyal Customers
33838,Samuel Robbins,230,7,16611,0,3,5,4,12,354,Loyal Customers
33839,Melissa Delgado,103,6,18664,0,4,4,4,12,444,Champions
33840,Juan Roman DDS,56,6,19893,0,5,4,5,14,545,Champions
33845,Daniel Williams,167,10,21390,1,3,5,5,13,355,Loyal Customers
33850,Nicholas Stevens,52,5,17724,0,5,3,4,12,534,Potential Loyalists
33851,Alexandra Collins,162,7,19280,1,3,5,5,13,355,Loyal Customers
33858,James Delgado,113,6,18842,0,4,4,4,12,444,Champions
33861,Abigail Williams,76,6,15763,0,4,4,4,12,444,Champions
33862,Mary Nelson,100,8,15908,1,4,5,4,13,454,Champions
33864,Harold George,41,7,18080,0,5,5,4,14,554,Champions
33865,Jacob Vargas,101,12,26381,1,4,5,5,14,455,Champions
33868,Mr. Jonathan Cortez,80,7,18726,0,4,5,4,13,454,Champions
33869,Jon Torres,81,7,22451,0,4,5,5,14,455,Champions
33871,Claudia Alvarado,112,6,15792,0,4,4,4,12,444,Champions
33874,Deanna Hebert,135,10,36346,1,4,5,5,14,455,Champions
33876,Brian Jones,131,6,21091,0,4,4,5,13,445,Champions
33880,Douglas Massey,10,7,19819,0,5,5,5,15,555,Champions
33882,Danielle Cochran,43,8,14900,0,5,5,4,14,554,Champions
33884,Kristen Jackson,151,8,27109,0,3,5,5,13,355,Loyal Customers
33898,Jennifer Woods,80,12,40328,0,4,5,5,14,455,Champions
33906,Aaron Bautista,48,11,36034,0,5,5,5,15,555,Champions
33909,Brittany Armstrong,111,5,19983,0,4,3,5,12,435,Potential Loyalists
33910,Daniel Rojas,129,10,25928,1,4,5,5,14,455,Champions
33911,Jennifer Baker,67,6,18413,0,4,4,4,12,444,Champions
33912,Gail Cook,13,8,14692,0,5,5,3,13,553,Loyal Customers
33916,Christopher Fletcher,34,7,21344,0,5,5,5,15,555,Champions
33918,Michael Le,204,6,20549,0,3,4,5,12,345,Loyal Customers
33924,Patricia Baker,13,12,36550,1,5,5,5,15,555,Champions
33927,Corey Weaver,223,9,15039,0,3,5,4,12,354,Loyal Customers
33940,Angela Bowman,34,6,16556,0,5,4,4,13,544,Champions
33943,Jason Parker,102,5,20718,0,4,3,5,12,435,Potential Loyalists
33944,Kristen Robinson,88,6,15145,0,4,4,4,12,444,Champions
33946,Todd Greer,71,9,29584,0,4,5,5,14,455,Champions
33947,Patrick Guzman,44,7,17356,0,5,5,4,14,554,Champions
33949,Terri Howard,60,8,16079,0,4,5,4,13,454,Champions
33953,Oscar Gonzalez,194,8,15997,0,3,5,4,12,354,Loyal Customers
33954,Shannon Hudson,367,9,27700,0,2,5,5,12,255,At Risk
33955,Carolyn Curry,102,7,12304,0,4,5,3,12,453,Loyal Customers
33961,Christopher Grant DVM,223,7,24646,0,3,5,5,13,355,Loyal Customers
33963,Kelsey Palmer,33,5,15185,1,5,3,4,12,534,Potential Loyalists
33964,Kara Brown,5,7,12838,0,5,5,3,13,553,Loyal Customers
33966,Lisa Vega,119,6,18738,0,4,4,4,12,444,Champions
33967,Cathy Ramirez,66,8,30454,1,4,5,5,14,455,Champions
33972,Beth Wright,58,6,18948,0,5,4,4,13,544,Champions
33973,Kelli Acosta,20,6,13721,0,5,4,3,12,543,Loyal Customers
33989,Brenda Murphy,203,10,33477,0,3,5,5,13,355,Loyal Customers
33991,Terry Durham,137,10,19775,0,3,5,5,13,355,Loyal Customers
33995,Emily Palmer,9,6,16718,0,5,4,4,13,544,Champions
34003,Sabrina Holden,63,7,15968,0,4,5,4,13,454,Champions
34016,Sarah Marquez,108,7,19068,0,4,5,4,13,454,Champions
34033,Michele Andersen,52,6,12449,0,5,4,3,12,543,Loyal Customers
34036,Monica Burton,4,6,14551,0,5,4,3,12,543,Loyal Customers
34042,John Sexton,117,6,18498,0,4,4,4,12,444,Champions
34043,Amy Brown,337,8,26931,0,2,5,5,12,255,At Risk
34054,Kristina Rose,16,9,17070,1,5,5,4,14,554,Champions
34061,William King,122,7,22502,0,4,5,5,14,455,Champions
34067,Cynthia Logan,98,7,14530,0,4,5,3,12,453,Loyal Customers
34070,Karen Santana,115,8,20448,0,4,5,5,14,455,Champions
34071,Melissa Wyatt,52,6,15115,1,5,4,4,13,544,Champions
34072,Crystal Shepherd,172,6,19753,0,3,4,5,12,345,Loyal Customers
34078,Candice Douglas,100,8,18250,0,4,5,4,13,454,Champions
34082,Larry Howard,6,5,17510,0,5,3,4,12,534,Potential Loyalists
34092,Christina Cline,50,5,17953,0,5,3,4,12,534,Potential Loyalists
34096,Michael Schwartz,240,7,23076,0,3,5,5,13,355,Loyal Customers
34097,David Boyer,10,7,26073,0,5,5,5,15,555,Champions
34100,Jessica Bates,58,7,19172,1,5,5,4,14,554,Champions
34104,Anthony Taylor,3,7,22639,0,5,5,5,15,555,Champions
34107,Allison Butler,51,5,20461,0,5,3,5,13,535,Potential Loyalists
34109,Ashley Gonzalez,24,8,25571,0,5,5,5,15,555,Champions
34112,Chloe Hawkins,143,6,20569,0,3,4,5,12,345,Loyal Customers
34117,Frank Smith,5,7,20999,0,5,5,5,15,555,Champions
34118,Donna Rodriguez,360,7,21686,0,2,5,5,12,255,At Risk
34131,Christopher Peters,157,7,15052,0,3,5,4,12,354,Loyal Customers
34133,Mrs. Megan Barnes,44,8,19713,0,5,5,5,15,555,Champions
34135,Cheryl Harper,211,9,32997,0,3,5,5,13,355,Loyal Customers
34141,Gregory Kemp,129,6,17679,0,4,4,4,12,444,Champions
34150,Heather Brown,1,6,21440,0,5,4,5,14,545,Champions
34155,Bobby Garcia,265,7,24752,0,2,5,5,12,255,At Risk
34157,Jennifer Allen,103,10,23531,0,4,5,5,14,455,Champions
34159,Allison Davenport,110,8,23227,0,4,5,5,14,455,Champions
34162,Nathaniel Cohen,30,9,18878,0,5,5,4,14,554,Champions
34166,James Simpson,57,6,19142,0,5,4,4,13,544,Champions
34170,Christopher Holmes,168,7,20850,0,3,5,5,13,355,Loyal Customers
34181,Denise Davis,115,10,19021,0,4,5,4,13,454,Champions
34183,Nathaniel Gomez,70,6,22633,0,4,4,5,13,445,Champions
34184,Crystal Olsen,100,6,15138,0,4,4,4,12,444,Champions
34185,Stacy Parker,114,7,18220,0,4,5,4,13,454,Champions
34187,Joshua Cruz,54,6,17992,0,5,4,4,13,544,Champions
34193,Kaitlyn Alexander,172,8,23089,0,3,5,5,13,355,Loyal Customers
34194,Jeffrey Galvan,4,6,19299,0,5,4,5,14,545,Champions
34196,Abigail Bowman,201,10,23011,0,3,5,5,13,355,Loyal Customers
34197,Christopher Martinez,7,8,14323,1,5,5,3,13,553,Loyal Customers
34198,Hunter King,255,8,20564,1,2,5,5,12,255,At Risk
34210,David Simmons,107,6,16551,0,4,4,4,12,444,Champions
34213,Antonio Lopez,131,8,25096,0,4,5,5,14,455,Champions
34216,Autumn Buchanan,14,8,23485,0,5,5,5,15,555,Champions
34220,Phillip Mccarty,40,7,10763,1,5,5,2,12,552,Potential Loyalists
34223,Matthew Guzman,136,7,15419,0,4,5,4,13,454,Champions
34224,April Gonzales,73,7,24141,0,4,5,5,14,455,Champions
34226,Ryan Hansen,162,7,19570,0,3,5,5,13,355,Loyal Customers
34227,Heather Phillips,63,6,15594,0,4,4,4,12,444,Champions
34230,Edward Richards,219,8,24724,0,3,5,5,13,355,Loyal Customers
34238,Danielle Jenkins,15,7,20150,0,5,5,5,15,555,Champions
34242,Kaitlin Smith,162,7,18057,0,3,5,4,12,354,Loyal Customers
34244,Joshua Farley,41,7,27391,0,5,5,5,15,555,Champions
34249,William Carter,10,7,17673,0,5,5,4,14,554,Champions
34252,Jose Roman,42,7,18934,0,5,5,4,14,554,Champions
34257,Lisa Garcia,29,8,28686,1,5,5,5,15,555,Champions
34259,Benjamin Cummings,109,6,15992,0,4,4,4,12,444,Champions
34261,Daniel Carter,37,6,15886,0,5,4,4,13,544,Champions
34264,Wendy Young,150,7,27913,0,3,5,5,13,355,Loyal Customers
34266,Kim Harrison,2,7,16750,0,5,5,4,14,554,Champions
34273,Mrs. April Wheeler MD,159,11,28765,0,3,5,5,13,355,Loyal Customers
34274,Richard Watkins,39,8,17751,0,5,5,4,14,554,Champions
34282,Eric Brown,41,8,25879,0,5,5,5,15,555,Champions
34288,Charles Singleton,353,8,21745,1,2,5,5,12,255,At Risk
34289,Tammy Perez,52,6,17740,0,5,4,4,13,544,Champions
34291,Fernando Stone,38,6,17830,0,5,4,4,13,544,Champions
34296,Brooke Cordova,138,7,26156,1,3,5,5,13,355,Loyal Customers
34297,Maureen Edwards,322,9,26721,0,2,5,5,12,255,At Risk
34298,Christy Houston,401,7,19726,0,2,5,5,12,255,At Risk
34300,John Diaz,65,7,22485,1,4,5,5,14,455,Champions
34303,Amy Bell,31,6,14417,0,5,4,3,12,543,Loyal Customers
34310,Paula Roberts,104,9,27018,0,4,5,5,14,455,Champions
34312,Kelly Ortiz,26,10,31986,0,5,5,5,15,555,Champions
34313,Matthew Miller,22,5,17558,0,5,3,4,12,534,Potential Loyalists
34315,Haley Vance,77,7,22258,0,4,5,5,14,455,Champions
34320,Victoria Davenport,39,5,18093,1,5,3,4,12,534,Potential Loyalists
34322,Lucas Adams,24,6,22948,0,5,4,5,14,545,Champions
34325,Ricardo Nichols II,292,10,28451,0,2,5,5,12,255,At Risk
34327,Amber Powers,152,7,17440,0,3,5,4,12,354,Loyal Customers
34330,Kevin Robinson,46,8,15646,0,5,5,4,14,554,Champions
34341,Emma Weeks,56,8,20530,0,5,5,5,15,555,Champions
34346,Christine Lewis,2,6,16958,1,5,4,4,13,544,Champions
34350,Jennifer Schneider,78,7,24494,1,4,5,5,14,455,Champions
34351,Jacqueline Garcia,251,8,21556,0,2,5,5,12,255,At Risk
34355,Mckenzie Herrera,366,10,22837,0,2,5,5,12,255,At Risk
34360,Anna Nicholson,64,9,27335,0,4,5,5,14,455,Champions
34361,Kevin Munoz,188,6,21166,1,3,4,5,12,345,Loyal Customers
34363,David Beltran,152,9,26006,1,3,5,5,13,355,Loyal Customers
34368,Luis Crawford,21,7,25123,0,5,5,5,15,555,Champions
34372,Joshua Valdez,32,12,33842,0,5,5,5,15,555,Champions
34382,Taylor Houston,58,6,15569,0,5,4,4,13,544,Champions
34384,Matthew Patel,64,6,16813,0,4,4,4,12,444,Champions
34385,Alicia Huerta,124,7,21214,0,4,5,5,14,455,Champions
34393,Stephanie Davis,113,6,17053,1,4,4,4,12,444,Champions
34400,Allison Jones,131,7,26120,0,4,5,5,14,455,Champions
34405,Michael Johnson,199,8,18371,1,3,5,4,12,354,Loyal Customers
34413,Debbie Butler,27,7,22317,0,5,5,5,15,555,Champions
34421,Patrick Reyes,48,6,11826,0,5,4,3,12,543,Loyal Customers
34425,Katherine Thomas,220,10,32975,0,3,5,5,13,355,Loyal Customers
34427,Timothy Boyd,98,8,19693,0,4,5,5,14,455,Champions
34429,Ronald Mccormick,139,9,24644,0,3,5,5,13,355,Loyal Customers
34437,Tyler Miller,112,9,25219,0,4,5,5,14,455,Champions
34438,Jeffrey Chavez,209,7,24285,1,3,5,5,13,355,Loyal Customers
34453,James Hodge,53,13,20432,0,5,5,5,15,555,Champions
34454,Kimberly Johnson,54,5,17945,0,5,3,4,12,534,Potential Loyalists
34455,Christopher Weeks,137,7,15592,0,3,5,4,12,354,Loyal Customers
34456,John Flores,256,9,21737,0,2,5,5,12,255,At Risk
34457,Jessica Robinson,207,8,15234,0,3,5,4,12,354,Loyal Customers
34458,Brent Deleon,207,9,26741,0,3,5,5,13,355,Loyal Customers
34460,Jamie Daniels,171,7,24111,0,3,5,5,13,355,Loyal Customers
34462,Nicholas Pope,157,7,22283,0,3,5,5,13,355,Loyal Customers
34467,Alyssa Johnson,90,7,21110,0,4,5,5,14,455,Champions
34473,April Wells,110,6,16541,0,4,4,4,12,444,Champions
34476,Ashley Johnson,134,7,18621,0,4,5,4,13,454,Champions
34477,Joseph White,138,7,19672,0,3,5,5,13,355,Loyal Customers
34478,Gabriel Bridges,58,6,12590,0,5,4,3,12,543,Loyal Customers
34481,James Lewis,40,9,27314,1,5,5,5,15,555,Champions
34484,Eric Wade,56,6,15755,0,5,4,4,13,544,Champions
34488,Monica Williams,153,7,24450,0,3,5,5,13,355,Loyal Customers
34490,Richard Reilly,71,11,39265,0,4,5,5,14,455,Champions
34492,Caroline Rivera,67,8,18902,0,4,5,4,13,454,Champions
34498,Katrina Williams,57,6,18685,0,5,4,4,13,544,Champions
34500,Andre Duran,143,9,26756,1,3,5,5,13,355,Loyal Customers
34502,James Costa,51,9,26291,0,5,5,5,15,555,Champions
34503,Eric Cunningham,75,6,16805,0,4,4,4,12,444,Champions
34508,Lisa Scott,49,6,15302,1,5,4,4,13,544,Champions
34512,Sabrina Holden,115,8,21786,0,4,5,5,14,455,Champions
34516,Cheryl Meyer,287,8,21038,1,2,5,5,12,255,At Risk
34521,Patrick Morgan,0,11,29560,0,5,5,5,15,555,Champions
34523,Laura Gordon,94,5,21429,0,4,3,5,12,435,Potential Loyalists
34527,Vanessa Mcdonald,47,10,26394,0,5,5,5,15,555,Champions
34528,Scott Cantu,4,8,23378,0,5,5,5,15,555,Champions
34529,Daniel Jones,64,7,14283,0,4,5,3,12,453,Loyal Customers
34530,Crystal Smith,87,7,23201,0,4,5,5,14,455,Champions
34531,Michael Wong,117,7,15153,0,4,5,4,13,454,Champions
34532,Michael Valenzuela,279,7,22733,0,2,5,5,12,255,At Risk
34538,Adrian Reyes,211,8,22892,1,3,5,5,13,355,Loyal Customers
34543,Matthew Robertson,8,5,18666,0,5,3,4,12,534,Potential Loyalists
34544,Rachel Ward,22,8,17797,0,5,5,4,14,554,Champions
34546,William Guzman,133,9,29772,1,4,5,5,14,455,Champions
34547,Joshua Jones DDS,105,6,23205,0,4,4,5,13,445,Champions
34548,George Evans,21,7,21442,0,5,5,5,15,555,Champions
34549,Steven Odom,145,7,19045,0,3,5,4,12,354,Loyal Customers
34550,Joseph Key,27,6,19013,0,5,4,4,13,544,Champions
34551,Laura Mendoza,54,13,32640,1,5,5,5,15,555,Champions
34554,Amy Herman,85,6,15168,0,4,4,4,12,444,Champions
34555,Kenneth Malone,13,10,19900,0,5,5,5,15,555,Champions
34561,John Gutierrez,34,7,23835,0,5,5,5,15,555,Champions
34566,Mrs. Melissa Mccarthy,77,7,21265,0,4,5,5,14,455,Champions
34567,Pamela Day,34,5,14911,0,5,3,4,12,534,Potential Loyalists
34569,Samantha Merritt,74,7,19855,0,4,5,5,14,455,Champions
34573,Drew Brown,115,6,17010,0,4,4,4,12,444,Champions
34577,Rebecca Quinn,234,7,16524,0,3,5,4,12,354,Loyal Customers
34579,Olivia Williams,27,7,18704,0,5,5,4,14,554,Champions
34583,Megan Jones,46,6,16244,0,5,4,4,13,544,Champions
34588,John Delgado,5,6,15535,0,5,4,4,13,544,Champions
34589,Debra Palmer,4,6,18700,1,5,4,4,13,544,Champions
34591,Lisa Wright,5,8,21936,1,5,5,5,15,555,Champions
34602,Amanda Walker,130,7,12450,0,4,5,3,12,453,Loyal Customers
34603,Daniel Clark,33,7,23219,0,5,5,5,15,555,Champions
34611,Jason Pena,147,7,19894,0,3,5,5,13,355,Loyal Customers
34614,Dylan Hernandez,302,10,24011,1,2,5,5,12,255,At Risk
34616,Erica Henderson,316,8,25057,1,2,5,5,12,255,At Risk
34617,Thomas Butler,37,8,17620,0,5,5,4,14,554,Champions
34618,Daniel Thomas,37,9,20944,0,5,5,5,15,555,Champions
34621,Patrick Wilson,289,8,27214,0,2,5,5,12,255,At Risk
34631,James Thompson,53,11,34625,0,5,5,5,15,555,Champions
34632,Jessica Cooper,281,9,21081,0,2,5,5,12,255,At Risk
34639,Toni Cole,60,6,18139,0,4,4,4,12,444,Champions
34645,Justin Zuniga,38,9,23625,0,5,5,5,15,555,Champions
34647,Mary Hurst,55,9,12742,0,5,5,3,13,553,Loyal Customers
34652,Kelly Green,54,13,31006,0,5,5,5,15,555,Champions
34653,Angela Bean,175,6,24511,0,3,4,5,12,345,Loyal Customers
34654,Julia Weber,136,8,20427,0,4,5,5,14,455,Champions
34657,Daniel Spencer,7,12,37822,0,5,5,5,15,555,Champions
34658,Dr. Darren Jordan,184,6,21916,0,3,4,5,12,345,Loyal Customers
34660,Valerie Smith,3,6,19180,0,5,4,4,13,544,Champions
34661,Derrick Mathis,158,7,25387,0,3,5,5,13,355,Loyal Customers
34665,Doris Lambert,121,7,18419,0,4,5,4,13,454,Champions
34667,Joseph George,89,8,21983,0,4,5,5,14,455,Champions
34672,Susan Clark,6,7,26494,1,5,5,5,15,555,Champions
34673,Teresa Rivas,143,11,30361,0,3,5,5,13,355,Loyal Customers
34676,Brad Mcdaniel MD,62,6,20531,0,4,4,5,13,445,Champions
34678,Jeffrey Hamilton,42,7,21156,0,5,5,5,15,555,Champions
34686,John Wheeler,3,7,19419,0,5,5,5,15,555,Champions
34690,Yolanda Martin,23,11,24758,0,5,5,5,15,555,Champions
34691,Brian Henderson,91,9,24352,0,4,5,5,14,455,Champions
34692,Adam Ramirez,6,8,23150,0,5,5,5,15,555,Champions
34694,Amber Brown,39,7,19170,0,5,5,4,14,554,Champions
34699,Deanna Williams,191,7,21147,0,3,5,5,13,355,Loyal Customers
34702,Taylor Davis,144,7,20031,0,3,5,5,13,355,Loyal Customers
34709,Bryce Reyes,103,6,19275,0,4,4,5,13,445,Champions
34711,Joel Walker,26,6,19497,1,5,4,5,14,545,Champions
34721,Sherry Morgan,144,8,17633,0,3,5,4,12,354,Loyal Customers
34722,Barbara Villanueva,78,8,19548,0,4,5,5,14,455,Champions
34724,Christine Cruz,172,8,25903,0,3,5,5,13,355,Loyal Customers
34728,Andrew Anderson,34,7,21894,0,5,5,5,15,555,Champions
34731,Melissa Davis,223,6,20700,0,3,4,5,12,345,Loyal Customers
34733,Kevin Hoover,399,10,32757,0,2,5,5,12,255,At Risk
34734,Keith Bridges,135,8,28173,0,4,5,5,14,455,Champions
34739,Clayton Contreras,100,6,15806,0,4,4,4,12,444,Champions
34742,Patty Gonzalez,7,7,17605,1,5,5,4,14,554,Champions
34746,Richard Miller,133,6,18685,0,4,4,4,12,444,Champions
34747,Willie Kaiser,158,7,15235,1,3,5,4,12,354,Loyal Customers
34757,Leah Coleman,159,7,18833,0,3,5,4,12,354,Loyal Customers
34761,Jamie Bender,59,10,30276,0,5,5,5,15,555,Champions
34762,Benjamin Woods,27,7,21933,0,5,5,5,15,555,Champions
34763,Shannon Cannon,58,6,25831,1,5,4,5,14,545,Champions
34769,Joyce Carter,125,7,17214,0,4,5,4,13,454,Champions
34772,Kimberly Burgess,288,8,25300,0,2,5,5,12,255,At Risk
34775,Rebecca Hines,95,6,18145,0,4,4,4,12,444,Champions
34781,Susan Ayers,266,11,25488,0,2,5,5,12,255,At Risk
34787,Christopher Mahoney,59,6,16541,1,5,4,4,13,544,Champions
34789,Carol Jimenez,16,9,24384,0,5,5,5,15,555,Champions
34790,Alexis Dunn DVM,59,9,19916,1,5,5,5,15,555,Champions
34791,Jordan Gray,7,10,24321,0,5,5,5,15,555,Champions
34799,Tasha Kelly,138,7,17991,0,3,5,4,12,354,Loyal Customers
34807,James Mercer,128,8,18622,0,4,5,4,13,454,Champions
34809,Johnathan Powell,12,10,30665,1,5,5,5,15,555,Champions
34812,Patricia Morrison,326,9,20347,0,2,5,5,12,255,At Risk
34818,Jerry Fitzgerald,146,7,17338,0,3,5,4,12,354,Loyal Customers
34824,Christopher Delacruz,12,10,25074,0,5,5,5,15,555,Champions
34831,Stephanie Rush,105,6,20724,0,4,4,5,13,445,Champions
34835,Eric Cline,135,7,15493,0,4,5,4,13,454,Champions
34836,Austin Patterson,154,6,19570,1,3,4,5,12,345,Loyal Customers
34837,Robert Howard,48,9,22391,0,5,5,5,15,555,Champions
34839,Mrs. Emma Cortez DDS,128,6,18698,0,4,4,4,12,444,Champions
34840,Donna Torres,21,6,12146,1,5,4,3,12,543,Loyal Customers
34843,Amy Morris,64,9,21767,0,4,5,5,14,455,Champions
34844,Alexis Miller,38,7,18971,0,5,5,4,14,554,Champions
34853,Reginald Yates,38,10,29900,1,5,5,5,15,555,Champions
34865,Mackenzie Miller,156,6,20445,0,3,4,5,12,345,Loyal Customers
34868,Michael Barnes,105,6,15163,0,4,4,4,12,444,Champions
34869,Kathleen Byrd,13,10,34554,1,5,5,5,15,555,Champions
34873,Gary Smith,206,7,22744,0,3,5,5,13,355,Loyal Customers
34875,Tamara Miller,32,7,20380,0,5,5,5,15,555,Champions
34878,Carl Hamilton,20,7,24433,1,5,5,5,15,555,Champions
34881,Kevin Flynn,88,7,16497,0,4,5,4,13,454,Champions
34882,April Lopez DDS,242,6,20600,0,3,4,5,12,345,Loyal Customers
34883,Caroline Boyd,50,8,17332,0,5,5,4,14,554,Champions
34885,Mr. Henry Hogan,14,8,21117,1,5,5,5,15,555,Champions
34888,Jessica Fitzpatrick,58,7,16299,0,5,5,4,14,554,Champions
34893,Shelly Buchanan,216,7,18104,0,3,5,4,12,354,Loyal Customers
34904,Jeffrey Vega,337,8,22381,0,2,5,5,12,255,At Risk
34905,Amanda Nguyen,58,6,16117,0,5,4,4,13,544,Champions
34908,Donald Murray,46,5,16499,1,5,3,4,12,534,Potential Loyalists
34913,Hannah Valdez,109,6,15834,0,4,4,4,12,444,Champions
34919,Stephanie Butler,16,8,25709,0,5,5,5,15,555,Champions
34920,Sharon West,69,7,17267,0,4,5,4,13,454,Champions
34925,Annette Hayes,52,9,30844,1,5,5,5,15,555,Champions
34926,Danielle King,128,6,15222,0,4,4,4,12,444,Champions
34928,Jeffrey Davis,85,8,15267,1,4,5,4,13,454,Champions
34931,Jamie Rodriguez,289,12,28634,0,2,5,5,12,255,At Risk
34932,Daniel Flores,72,6,21118,0,4,4,5,13,445,Champions
34933,Erin Wallace,11,8,19364,0,5,5,5,15,555,Champions
34950,Ryan Anderson,119,6,26024,0,4,4,5,13,445,Champions
34956,Grant Baker,91,6,15337,1,4,4,4,12,444,Champions
34960,Daniel Johnson,242,8,20740,1,3,5,5,13,355,Loyal Customers
34961,Dawn Atkins,44,10,26186,0,5,5,5,15,555,Champions
34962,Elizabeth Duarte,144,8,23293,0,3,5,5,13,355,Loyal Customers
34966,Ryan Barajas,63,7,23390,1,4,5,5,14,455,Champions
34967,Jamie Vasquez,42,6,18407,0,5,4,4,13,544,Champions
34971,Pamela Robinson,7,7,23290,0,5,5,5,15,555,Champions
34973,Carla Edwards,29,6,14624,0,5,4,3,12,543,Loyal Customers
34976,Olivia Rodriguez,153,7,18817,0,3,5,4,12,354,Loyal Customers
34979,Shelby Hill,63,7,18635,0,4,5,4,13,454,Champions
34982,Kimberly Martinez,36,6,15498,1,5,4,4,13,544,Champions
34984,Lisa Santiago,96,7,23853,0,4,5,5,14,455,Champions
34987,Brian Wright,370,8,21652,0,2,5,5,12,255,At Risk
34989,Keith Hodge,93,6,15072,0,4,4,4,12,444,Champions
34991,Shannon Jackson,115,6,18247,0,4,4,4,12,444,Champions
34992,Brandon Johnson,151,7,15154,1,3,5,4,12,354,Loyal Customers
34995,John Schroeder,132,7,18461,0,4,5,4,13,454,Champions
34999,William Lawrence,159,8,24844,0,3,5,5,13,355,Loyal Customers
35004,Melissa Smith,58,7,11891,1,5,5,3,13,553,Loyal Customers
35005,Sonya Andrews PhD,5,6,13349,0,5,4,3,12,543,Loyal Customers
35006,Sarah Ramos,182,7,21451,0,3,5,5,13,355,Loyal Customers
35009,Joseph Tran,68,6,19754,0,4,4,5,13,445,Champions
35012,Monique Bell,228,8,24011,1,3,5,5,13,355,Loyal Customers
35017,Thomas Harrison,31,9,23592,0,5,5,5,15,555,Champions
35022,Katherine Romero,14,6,14467,0,5,4,3,12,543,Loyal Customers
35025,Michael White,176,7,15236,0,3,5,4,12,354,Loyal Customers
35028,Cindy Parks,120,7,19673,0,4,5,5,14,455,Champions
35029,Tanya White,100,6,24005,1,4,4,5,13,445,Champions
35031,Adrian Bryan,172,8,15669,0,3,5,4,12,354,Loyal Customers
35032,Cynthia Brewer DVM,96,7,19562,0,4,5,5,14,455,Champions
35037,Mrs. Jennifer Lucas,349,11,41218,1,2,5,5,12,255,At Risk
35043,Brett Keith,82,7,19776,0,4,5,5,14,455,Champions
35045,Misty Baker,225,8,21615,0,3,5,5,13,355,Loyal Customers
35050,Deborah Sanders,88,8,17430,1,4,5,4,13,454,Champions
35055,Teresa Fields,74,6,18974,0,4,4,4,12,444,Champions
35056,Melissa Roach,416,8,20764,0,2,5,5,12,255,At Risk
35058,Timothy Chapman,263,8,30450,1,2,5,5,12,255,At Risk
35071,Kristy Day,54,7,12461,0,5,5,3,13,553,Loyal Customers
35076,Daniel Johnston,68,8,26571,0,4,5,5,14,455,Champions
35078,Joseph Scott,31,6,14597,0,5,4,3,12,543,Loyal Customers
35081,Robert Brown,67,6,22362,0,4,4,5,13,445,Champions
35087,Holly Anderson,103,8,24377,0,4,5,5,14,455,Champions
35089,Andrea Parker,6,10,30127,0,5,5,5,15,555,Champions
35090,Catherine Turner,31,9,26658,0,5,5,5,15,555,Champions
35093,Michelle Cox,252,8,22337,0,2,5,5,12,255,At Risk
35095,Caleb Davis,41,8,21336,0,5,5,5,15,555,Champions
35098,Peggy Lewis,18,9,29606,0,5,5,5,15,555,Champions
35099,Rebecca Chapman,122,7,25542,0,4,5,5,14,455,Champions
35100,Erika Brennan,182,6,19909,0,3,4,5,12,345,Loyal Customers
35109,George Brown,78,7,16360,0,4,5,4,13,454,Champions
35112,Jose Carson,33,8,18342,0,5,5,4,14,554,Champions
35114,Leah Allen,87,6,16859,1,4,4,4,12,444,Champions
35116,Erin Goodman,56,7,12503,0,5,5,3,13,553,Loyal Customers
35118,Tara Williams,165,7,17392,0,3,5,4,12,354,Loyal Customers
35121,Melanie Hart,115,6,17686,0,4,4,4,12,444,Champions
35123,Kaitlin King,141,8,18271,0,3,5,4,12,354,Loyal Customers
35133,Michael Burton,63,10,22371,0,4,5,5,14,455,Champions
35138,Shannon Smith,98,7,13795,0,4,5,3,12,453,Loyal Customers
35139,Nicole Williams,180,8,22030,1,3,5,5,13,355,Loyal Customers
35141,Bradley Aguilar,53,8,20070,0,5,5,5,15,555,Champions
35142,Jason Wolf,35,8,20262,0,5,5,5,15,555,Champions
35143,Dawn Rush,27,7,16842,1,5,5,4,14,554,Champions
35148,Samuel Tran,178,7,17295,0,3,5,4,12,354,Loyal Customers
35154,Daniel Cunningham,10,7,22633,0,5,5,5,15,555,Champions
35157,Diane Mcpherson,332,9,26259,1,2,5,5,12,255,At Risk
35159,Anna Douglas,49,8,20888,0,5,5,5,15,555,Champions
35160,William Pace,139,10,30368,0,3,5,5,13,355,Loyal Customers
35163,Robert Barnes,48,6,15922,0,5,4,4,13,544,Champions
35164,Victor Mills,16,9,27039,0,5,5,5,15,555,Champions
35166,Stephen Hoffman,99,8,14844,0,4,5,4,13,454,Champions
35168,Tammy Moss,22,7,10969,0,5,5,2,12,552,Potential Loyalists
35170,Martha Hood,106,9,22879,0,4,5,5,14,455,Champions
35173,Sheryl Lopez,8,8,22331,0,5,5,5,15,555,Champions
35176,Kristina Howard,12,5,16419,0,5,3,4,12,534,Potential Loyalists
35179,Thomas Reynolds,14,6,17080,0,5,4,4,13,544,Champions
35183,Shawn White,128,7,14824,0,4,5,4,13,454,Champions
35185,Philip Welch,12,8,17866,0,5,5,4,14,554,Champions
35186,Michael Cole,243,11,30646,0,2,5,5,12,255,At Risk
35188,Natalie Sullivan,25,9,19501,0,5,5,5,15,555,Champions
35189,Elizabeth Jones,271,11,27982,0,2,5,5,12,255,At Risk
35190,Bryan Matthews,41,6,15921,0,5,4,4,13,544,Champions
35192,Christian Miller,145,8,20529,1,3,5,5,13,355,Loyal Customers
35194,Marc Oliver,233,8,26066,0,3,5,5,13,355,Loyal Customers
35195,Justin Conley,105,6,18673,0,4,4,4,12,444,Champions
35197,Barry Daniels,114,6,19161,1,4,4,4,12,444,Champions
35198,Anthony Williams,55,6,20147,0,5,4,5,14,545,Champions
35201,Joseph Wright,86,8,18785,0,4,5,4,13,454,Champions
35202,Derrick Bennett,157,9,26019,0,3,5,5,13,355,Loyal Customers
35203,Chad Gilbert,3,5,16421,0,5,3,4,12,534,Potential Loyalists
35214,Miss Tiffany Burke,21,12,30294,0,5,5,5,15,555,Champions
35215,Joseph Gutierrez,58,8,19901,1,5,5,5,15,555,Champions
35217,Ryan Miller,31,9,15484,0,5,5,4,14,554,Champions
35226,Heather Myers,32,5,14867,0,5,3,4,12,534,Potential Loyalists
35232,Becky Decker,7,6,13491,0,5,4,3,12,543,Loyal Customers
35234,Mary Navarro,312,7,20144,0,2,5,5,12,255,At Risk
35240,Kelly Warren,209,9,31772,1,3,5,5,13,355,Loyal Customers
35242,Diana Daugherty,192,8,23504,1,3,5,5,13,355,Loyal Customers
35246,Nancy Stevens,65,7,25245,0,4,5,5,14,455,Champions
35250,Hannah Phillips,69,7,17710,0,4,5,4,13,454,Champions
35254,Gregory Figueroa,16,6,16264,0,5,4,4,13,544,Champions
35256,Joseph Carey,291,11,39268,1,2,5,5,12,255,At Risk
35257,Latoya Booker,41,6,20431,0,5,4,5,14,545,Champions
35261,Alexandra Sweeney,111,8,20315,1,4,5,5,14,455,Champions
35268,Richard Clark,8,9,33176,0,5,5,5,15,555,Champions
35273,Kyle Rhodes,31,5,17533,1,5,3,4,12,534,Potential Loyalists
35277,Latoya Rogers,15,7,13555,0,5,5,3,13,553,Loyal Customers
35282,Lisa Brock,286,8,20139,0,2,5,5,12,255,At Risk
35286,Sharon Lopez,318,9,26506,1,2,5,5,12,255,At Risk
35291,Christopher Jarvis,310,9,30067,0,2,5,5,12,255,At Risk
35292,Renee Jones,62,6,15940,0,4,4,4,12,444,Champions
35298,Kelli Lowe,57,8,34165,0,5,5,5,15,555,Champions
35299,Alexis Weiss,105,6,16874,0,4,4,4,12,444,Champions
35303,Herbert Rivas,116,7,16048,1,4,5,4,13,454,Champions
35306,Lee Bird,125,7,20179,0,4,5,5,14,455,Champions
35308,George Morales,129,8,25498,1,4,5,5,14,455,Champions
35310,Melanie Jackson,226,10,32436,1,3,5,5,13,355,Loyal Customers
35311,Jeremiah Johnson,71,7,20614,0,4,5,5,14,455,Champions
35317,David Bates,43,8,19114,0,5,5,4,14,554,Champions
35321,Roger Garcia,68,9,25935,0,4,5,5,14,455,Champions
35322,Tara Hines,215,6,23421,0,3,4,5,12,345,Loyal Customers
35324,Donald Hill,311,7,21874,0,2,5,5,12,255,At Risk
35331,Crystal Navarro,74,7,20860,1,4,5,5,14,455,Champions
35334,Alexander Faulkner,190,8,15567,1,3,5,4,12,354,Loyal Customers
35335,Brittany White,12,7,13498,1,5,5,3,13,553,Loyal Customers
35337,Cynthia Austin,169,8,15714,1,3,5,4,12,354,Loyal Customers
35340,Lori Perry,114,9,21605,0,4,5,5,14,455,Champions
35341,Brooke Ross,141,10,25088,0,3,5,5,13,355,Loyal Customers
35343,Michael Lee,40,8,19256,0,5,5,4,14,554,Champions
35345,Ethan Good,262,7,25902,1,2,5,5,12,255,At Risk
35348,Seth Brooks,15,9,20261,0,5,5,5,15,555,Champions
35349,Chloe Green,30,6,20314,0,5,4,5,14,545,Champions
35352,Cindy Bishop,16,6,16696,1,5,4,4,13,544,Champions
35353,Brandi Fitzpatrick,7,6,14415,1,5,4,3,12,543,Loyal Customers
35355,Rebecca Oliver,6,10,25277,0,5,5,5,15,555,Champions
35356,Dominic Scott,255,7,26434,0,2,5,5,12,255,At Risk
35357,Charles Rodriguez,140,10,28447,0,3,5,5,13,355,Loyal Customers
35361,Heather Gonzalez,45,10,32711,0,5,5,5,15,555,Champions
35363,Bruce Wilkins,87,7,20233,0,4,5,5,14,455,Champions
35364,Kevin Russo,213,7,18058,0,3,5,4,12,354,Loyal Customers
35365,Alexandra Olsen,108,11,31505,0,4,5,5,14,455,Champions
35367,David Harris,154,6,24219,0,3,4,5,12,345,Loyal Customers
35371,Brittany Hunter,217,7,21685,0,3,5,5,13,355,Loyal Customers
35373,Michael Hughes,80,8,18613,1,4,5,4,13,454,Champions
35374,Timothy Greene,173,9,22668,0,3,5,5,13,355,Loyal Customers
35376,Jennifer Becker,2,8,8028,0,5,5,2,12,552,Potential Loyalists
35382,Catherine Norton,138,12,33451,0,3,5,5,13,355,Loyal Customers
35384,Amanda Aguilar,53,6,17672,0,5,4,4,13,544,Champions
35386,Stephanie Donovan,13,9,16584,0,5,5,4,14,554,Champions
35390,Brenda Scott,176,7,18305,0,3,5,4,12,354,Loyal Customers
35398,Debra Ford,115,6,21016,1,4,4,5,13,445,Champions
35400,Michael Russo,37,7,20269,0,5,5,5,15,555,Champions
35402,Susan Riley,33,10,23162,0,5,5,5,15,555,Champions
35408,Jessica Jones,93,6,17592,0,4,4,4,12,444,Champions
35410,Jennifer Henderson,271,8,26351,0,2,5,5,12,255,At Risk
35415,John Russo,23,6,20012,0,5,4,5,14,545,Champions
35424,Lindsay Soto,51,15,40287,0,5,5,5,15,555,Champions
35428,Victor Riddle,7,5,19225,0,5,3,4,12,534,Potential Loyalists
35431,Brittany Patel,188,6,19635,0,3,4,5,12,345,Loyal Customers
35435,Angela Smith,130,7,16852,0,4,5,4,13,454,Champions
35439,Dawn Smith,91,7,11400,1,4,5,3,12,453,Loyal Customers
35441,Allen Reynolds,3,6,14598,1,5,4,3,12,543,Loyal Customers
35444,David Blackwell,140,8,16932,0,3,5,4,12,354,Loyal Customers
35447,Paul Davidson,192,7,21239,0,3,5,5,13,355,Loyal Customers
35449,Adam Haynes,28,6,14724,0,5,4,3,12,543,Loyal Customers
35450,Sean Porter,122,6,15235,0,4,4,4,12,444,Champions
35451,Joseph Shah,73,9,31805,0,4,5,5,14,455,Champions
35457,Brian Best,63,9,25267,0,4,5,5,14,455,Champions
35459,Breanna Hendrix,161,10,25349,1,3,5,5,13,355,Loyal Customers
35460,Ian Clark,160,7,23730,0,3,5,5,13,355,Loyal Customers
35467,Victoria Gallagher,172,7,15724,0,3,5,4,12,354,Loyal Customers
35469,Mary Johnson,40,7,26102,1,5,5,5,15,555,Champions
35473,Jorge Dickson,46,7,16850,0,5,5,4,14,554,Champions
35478,John Castillo,3,7,16857,0,5,5,4,14,554,Champions
35502,Jasmine White,149,7,17540,0,3,5,4,12,354,Loyal Customers
35504,Rebecca Perez,88,7,19481,0,4,5,5,14,455,Champions
35507,Brian Roman,85,6,18265,1,4,4,4,12,444,Champions
35508,Amber Sanders,21,8,24522,0,5,5,5,15,555,Champions
35509,Michael Jefferson,65,6,16112,0,4,4,4,12,444,Champions
35510,Riley Johnson,157,7,25641,0,3,5,5,13,355,Loyal Customers
35512,Randy Dixon,66,7,19565,0,4,5,5,14,455,Champions
35518,Whitney Newton,13,7,20847,0,5,5,5,15,555,Champions
35519,Tina Buck,35,5,15782,0,5,3,4,12,534,Potential Loyalists
35525,John Trujillo,118,7,17806,0,4,5,4,13,454,Champions
35526,Juan Lopez,302,7,26367,0,2,5,5,12,255,At Risk
35528,Jeremy Stevenson,104,6,24054,0,4,4,5,13,445,Champions
35531,Ryan Hernandez,126,9,17630,0,4,5,4,13,454,Champions
35532,Nicole Allen,166,7,25974,0,3,5,5,13,355,Loyal Customers
35534,Shari Sanchez,37,6,16688,0,5,4,4,13,544,Champions
35540,Timothy Miller,141,11,37567,0,3,5,5,13,355,Loyal Customers
35541,Larry Perkins,1,7,18342,0,5,5,4,14,554,Champions
35542,Jared Trevino,35,7,21452,0,5,5,5,15,555,Champions
35545,Jason Daniels,19,7,21090,0,5,5,5,15,555,Champions
35552,Alicia Sanchez,175,6,19294,0,3,4,5,12,345,Loyal Customers
35553,Joseph Brown,56,7,18736,0,5,5,4,14,554,Champions
35557,John Underwood,31,6,23151,1,5,4,5,14,545,Champions
35560,Stephanie Harris,81,8,22451,0,4,5,5,14,455,Champions
35561,John Richardson,17,7,21937,0,5,5,5,15,555,Champions
35564,Tracy Rogers,4,6,19923,1,5,4,5,14,545,Champions
35565,Allison Oliver,35,6,15983,0,5,4,4,13,544,Champions
35567,Kayla Hutchinson,104,10,29828,0,4,5,5,14,455,Champions
35570,Matthew Cook,17,7,15984,0,5,5,4,14,554,Champions
35571,Shannon Carney,170,8,25982,1,3,5,5,13,355,Loyal Customers
35572,Andrew Skinner II,41,10,22350,1,5,5,5,15,555,Champions
35575,Daniel Sandoval,13,10,25476,0,5,5,5,15,555,Champions
35579,Kristin Cameron,314,9,28208,1,2,5,5,12,255,At Risk
35583,Patrick Cox,50,7,20943,1,5,5,5,15,555,Champions
35584,Joe Butler,53,5,15255,0,5,3,4,12,534,Potential Loyalists
35586,Hailey Hayden,34,7,20980,0,5,5,5,15,555,Champions
35587,Michael Davis,27,6,18006,0,5,4,4,13,544,Champions
35589,Manuel Holland,25,7,22126,0,5,5,5,15,555,Champions
35597,Julie Peterson,16,7,19002,1,5,5,4,14,554,Champions
35598,Dana Cole,11,10,22514,0,5,5,5,15,555,Champions
35603,Robert Rodriguez,239,7,19661,1,3,5,5,13,355,Loyal Customers
35604,Denise Monroe,5,7,15106,0,5,5,4,14,554,Champions
35605,John Clarke,76,8,26895,0,4,5,5,14,455,Champions
35607,Alan Brown,10,7,16002,0,5,5,4,14,554,Champions
35609,Danielle Clark,220,8,16746,1,3,5,4,12,354,Loyal Customers
35613,Connie Burgess,44,7,16388,1,5,5,4,14,554,Champions
35620,Sharon Johnson,228,7,24130,0,3,5,5,13,355,Loyal Customers
35621,Matthew Hogan,60,7,13910,0,4,5,3,12,453,Loyal Customers
35625,Angela Nelson,52,9,17200,0,5,5,4,14,554,Champions
35626,Natasha Gutierrez,57,9,33209,0,5,5,5,15,555,Champions
35627,Nicole Smith,163,6,20055,0,3,4,5,12,345,Loyal Customers
35637,Phyllis Bray,27,8,31241,0,5,5,5,15,555,Champions
35643,Cindy Duke,15,9,20323,0,5,5,5,15,555,Champions
35652,Rebecca Miles,110,6,21914,1,4,4,5,13,445,Champions
35655,Jessica Hogan,2,7,12321,0,5,5,3,13,553,Loyal Customers
35656,Chelsea Klein,38,7,19813,0,5,5,5,15,555,Champions
35658,Stephanie Jones,30,7,19140,1,5,5,4,14,554,Champions
35660,Susan Taylor,213,6,20865,1,3,4,5,12,345,Loyal Customers
35663,Tina Brown,87,6,22528,0,4,4,5,13,445,Champions
35669,Jerry Jackson,52,8,23131,1,5,5,5,15,555,Champions
35670,Melanie Jacobs,218,7,20787,0,3,5,5,13,355,Loyal Customers
35671,Melissa Hill,402,7,20778,0,2,5,5,12,255,At Risk
35672,Ryan Wilson,407,7,23749,0,2,5,5,12,255,At Risk
35674,Lisa Smith,221,7,20923,0,3,5,5,13,355,Loyal Customers
35679,Paul Morris,50,12,31849,0,5,5,5,15,555,Champions
35680,Kerri Nash,122,5,19733,0,4,3,5,12,435,Potential Loyalists
35681,James Hernandez,33,11,35912,0,5,5,5,15,555,Champions
35688,Natasha Hammond,46,7,20040,0,5,5,5,15,555,Champions
35692,Andrew Jones,24,9,26539,0,5,5,5,15,555,Champions
35696,Aimee Johnson,45,7,23410,0,5,5,5,15,555,Champions
35698,James Ware,58,6,13392,1,5,4,3,12,543,Loyal Customers
35699,Karen Scott,3,6,18323,1,5,4,4,13,544,Champions
35704,Keith Dunn,9,6,23099,0,5,4,5,14,545,Champions
35705,Joseph Nolan,262,8,24780,0,2,5,5,12,255,At Risk
35707,Shawn Stone,69,7,22268,0,4,5,5,14,455,Champions
35709,Leslie Walton,0,5,18161,0,5,3,4,12,534,Potential Loyalists
35712,Janice Lewis,132,9,24762,0,4,5,5,14,455,Champions
35713,Christopher Swanson,19,7,13589,0,5,5,3,13,553,Loyal Customers
35714,Julia Salinas,57,7,19223,0,5,5,4,14,554,Champions
35715,Robert Smith,212,8,22141,0,3,5,5,13,355,Loyal Customers
35717,Deanna Stout,42,7,18962,0,5,5,4,14,554,Champions
35718,Mark Brown,120,5,20781,0,4,3,5,12,435,Potential Loyalists
35719,Belinda Watkins,202,9,26641,1,3,5,5,13,355,Loyal Customers
35734,Jennifer Campos,75,8,27587,0,4,5,5,14,455,Champions
35736,Kayla Kelly,31,8,22327,0,5,5,5,15,555,Champions
35738,Jon Schmitt,163,7,20105,0,3,5,5,13,355,Loyal Customers
35748,Ryan Hickman,103,9,23827,0,4,5,5,14,455,Champions
35753,Mr. Christopher Hodges,63,9,25124,0,4,5,5,14,455,Champions
35759,Tamara Hoffman,116,9,20523,0,4,5,5,14,455,Champions
35761,Kathleen Jefferson,43,9,19449,0,5,5,5,15,555,Champions
35764,John James,54,8,22152,0,5,5,5,15,555,Champions
35770,Allison Gonzalez DDS,3,8,24417,0,5,5,5,15,555,Champions
35773,George Carlson,129,6,20972,0,4,4,5,13,445,Champions
35785,Dylan Barnes,79,9,28607,0,4,5,5,14,455,Champions
35796,Michael Fisher,19,7,13677,0,5,5,3,13,553,Loyal Customers
35804,Alexis Tyler,78,9,29974,1,4,5,5,14,455,Champions
35808,James Williams,107,6,15849,0,4,4,4,12,444,Champions
35811,Tracy Smith,14,7,30376,0,5,5,5,15,555,Champions
35814,Derek Gardner,280,8,31063,0,2,5,5,12,255,At Risk
35816,Makayla Chase MD,101,6,19502,1,4,4,5,13,445,Champions
35817,Debra Oconnell,319,8,24612,0,2,5,5,12,255,At Risk
35826,Brett Dickson,30,6,13052,0,5,4,3,12,543,Loyal Customers
35828,Antonio Anderson,309,8,22441,0,2,5,5,12,255,At Risk
35829,Monica Jordan,178,9,19809,1,3,5,5,13,355,Loyal Customers
35833,Connie Norman,217,7,17185,0,3,5,4,12,354,Loyal Customers
35836,John Cook,210,9,33308,0,3,5,5,13,355,Loyal Customers
35844,Gabrielle Hayes,4,7,14273,0,5,5,3,13,553,Loyal Customers
35845,Matthew Fuller,143,8,15414,1,3,5,4,12,354,Loyal Customers
35848,Brianna Wilson,189,7,23033,0,3,5,5,13,355,Loyal Customers
35850,Kelly Murray,40,6,19696,0,5,4,5,14,545,Champions
35852,Aaron Miranda,256,8,19836,0,2,5,5,12,255,At Risk
35859,Aimee Cantrell,77,8,17757,0,4,5,4,13,454,Champions
35860,Colin Valencia,84,7,26767,0,4,5,5,14,455,Champions
35861,Taylor Henderson,67,7,23505,0,4,5,5,14,455,Champions
35866,Mary Moore,58,6,26880,0,5,4,5,14,545,Champions
35871,James Wood,32,9,26907,0,5,5,5,15,555,Champions
35873,Misty Dickson,198,7,18223,0,3,5,4,12,354,Loyal Customers
35890,Brandy Fernandez,52,6,13675,0,5,4,3,12,543,Loyal Customers
35895,James Flowers,125,6,18023,0,4,4,4,12,444,Champions
35898,George Marshall,62,7,21849,0,4,5,5,14,455,Champions
35902,Juan Bond,113,8,17625,0,4,5,4,13,454,Champions
35905,Lisa Mendez,8,11,30111,0,5,5,5,15,555,Champions
35917,Philip Cook,87,6,18179,0,4,4,4,12,444,Champions
35918,Margaret Pena,99,10,34519,0,4,5,5,14,455,Champions
35922,Karen Morris,13,10,30454,0,5,5,5,15,555,Champions
35929,Haley White,139,7,19636,1,3,5,5,13,355,Loyal Customers
35933,Megan Lara,19,7,25042,1,5,5,5,15,555,Champions
35943,Angela Murray,154,9,24783,1,3,5,5,13,355,Loyal Customers
35944,Mr. James Lopez Jr.,5,7,21783,0,5,5,5,15,555,Champions
35947,Mr. Joshua Rivera,60,7,19228,0,4,5,4,13,454,Champions
35954,Frank Woods,8,6,15448,0,5,4,4,13,544,Champions
35955,Allen Cole,34,8,20339,1,5,5,5,15,555,Champions
35963,John Nelson,5,11,33604,0,5,5,5,15,555,Champions
35968,Joshua Chen,47,6,15100,1,5,4,4,13,544,Champions
35972,Daniel Ortiz,101,7,21341,0,4,5,5,14,455,Champions
35977,Kelly Thomas,193,6,20004,1,3,4,5,12,345,Loyal Customers
35981,Janet Adams,239,7,26238,0,3,5,5,13,355,Loyal Customers
35982,Brandy Newman,191,7,15667,0,3,5,4,12,354,Loyal Customers
35986,Timothy Evans,146,8,20721,0,3,5,5,13,355,Loyal Customers
35992,Luis Boyd,75,11,36539,0,4,5,5,14,455,Champions
35994,Stephanie Coleman,105,6,17645,0,4,4,4,12,444,Champions
36002,Wanda Lucero,123,10,31039,0,4,5,5,14,455,Champions
36004,Melissa Patel,76,7,14823,1,4,5,4,13,454,Champions
36008,Connie Escobar,112,8,12346,0,4,5,3,12,453,Loyal Customers
36011,Jay Clark,201,10,22385,0,3,5,5,13,355,Loyal Customers
36012,Daniel Weber,86,8,29827,0,4,5,5,14,455,Champions
36014,Aaron Austin,35,5,16750,0,5,3,4,12,534,Potential Loyalists
36017,Allen Ochoa,189,7,26397,0,3,5,5,13,355,Loyal Customers
36018,Chad Cooley,78,7,27878,0,4,5,5,14,455,Champions
36021,Jennifer Gentry,40,7,20430,1,5,5,5,15,555,Champions
36028,Amy Rodriguez,99,7,21382,0,4,5,5,14,455,Champions
36031,Reginald Crawford,134,7,18620,1,4,5,4,13,454,Champions
36032,Hannah Hardy,90,8,22147,0,4,5,5,14,455,Champions
36039,Jay Butler,299,8,22095,0,2,5,5,12,255,At Risk
36040,Thomas Downs,252,8,23215,0,2,5,5,12,255,At Risk
36046,Lisa Stanley,2,9,22938,0,5,5,5,15,555,Champions
36047,Garrett Williams,154,7,16499,0,3,5,4,12,354,Loyal Customers
36049,Dale Vang,27,6,16427,0,5,4,4,13,544,Champions
36051,David Jordan,87,6,21434,0,4,4,5,13,445,Champions
36057,Joseph Jimenez,136,9,26769,0,4,5,5,14,455,Champions
36059,Edward Johnson,121,6,18285,0,4,4,4,12,444,Champions
36061,Carrie Jensen,64,10,30931,1,4,5,5,14,455,Champions
36062,Barbara Snyder,38,7,15671,0,5,5,4,14,554,Champions
36065,Norma Moore,42,6,13411,1,5,4,3,12,543,Loyal Customers
36066,Clayton Martin,20,9,21000,1,5,5,5,15,555,Champions
36068,Ashley Obrien,109,8,21689,0,4,5,5,14,455,Champions
36079,Cynthia Gibson,31,7,22290,0,5,5,5,15,555,Champions
36097,Anthony Taylor,88,6,19305,0,4,4,5,13,445,Champions
36100,Jonathan Davis,22,8,23840,0,5,5,5,15,555,Champions
36101,Anne Thomas,356,8,19332,0,2,5,5,12,255,At Risk
36106,Ernest Summers,190,8,18837,0,3,5,4,12,354,Loyal Customers
36107,Caitlin Webster,5,7,10251,1,5,5,2,12,552,Potential Loyalists
36108,Jessica Bernard,41,8,19859,0,5,5,5,15,555,Champions
36110,Carlos George DVM,81,7,21414,1,4,5,5,14,455,Champions
36111,Hannah Morales,357,8,21454,0,2,5,5,12,255,At Risk
36116,Curtis Phelps,157,7,19965,0,3,5,5,13,355,Loyal Customers
36121,Jeffrey Pruitt,122,6,21446,0,4,4,5,13,445,Champions
36123,Lance Page,80,7,23978,0,4,5,5,14,455,Champions
36124,Kelly Sexton,98,8,22254,0,4,5,5,14,455,Champions
36126,Nancy Fuller,79,6,20165,0,4,4,5,13,445,Champions
36127,Samantha Cervantes,0,5,15151,0,5,3,4,12,534,Potential Loyalists
36131,Louis Kelly,19,10,24499,1,5,5,5,15,555,Champions
36132,Michelle Brown,209,9,25728,0,3,5,5,13,355,Loyal Customers
36133,Troy Morgan,244,8,26241,0,2,5,5,12,255,At Risk
36134,Dr. Jordan Lee,133,6,16805,0,4,4,4,12,444,Champions
36136,David White,112,9,26147,0,4,5,5,14,455,Champions
36140,Jordan Garcia,46,5,16086,0,5,3,4,12,534,Potential Loyalists
36141,Benjamin Jones,116,6,19267,0,4,4,4,12,444,Champions
36142,Lisa Barnes,180,8,21031,0,3,5,5,13,355,Loyal Customers
36146,Jessica Schmidt,140,7,19078,0,3,5,4,12,354,Loyal Customers
36147,Christina Holt,195,7,19621,0,3,5,5,13,355,Loyal Customers
36154,Paul Blackwell,96,6,15051,0,4,4,4,12,444,Champions
36158,Leonard Caldwell,122,7,24459,0,4,5,5,14,455,Champions
36164,Dr. Thomas Kennedy,413,9,30161,0,2,5,5,12,255,At Risk
36172,Robert Byrd,269,11,27305,0,2,5,5,12,255,At Risk
36173,Jody Castro,177,6,19858,0,3,4,5,12,345,Loyal Customers
36174,Jeffrey Alvarez,109,11,24872,1,4,5,5,14,455,Champions
36180,Joshua Joyce,22,8,22421,0,5,5,5,15,555,Champions
36186,Robin Hopkins,37,6,18787,0,5,4,4,13,544,Champions
36192,Donna Garcia,110,6,17356,1,4,4,4,12,444,Champions
36194,Michael Rodriguez,65,7,21383,0,4,5,5,14,455,Champions
36195,Mark Wolfe,335,11,32163,1,2,5,5,12,255,At Risk
36196,Carmen Holmes,44,10,31932,1,5,5,5,15,555,Champions
36202,Amanda Larsen,309,10,28048,0,2,5,5,12,255,At Risk
36204,Lisa Casey,40,5,18601,0,5,3,4,12,534,Potential Loyalists
36208,Lori Wilson,138,9,23106,0,3,5,5,13,355,Loyal Customers
36209,John Jones,38,8,21315,0,5,5,5,15,555,Champions
36210,Kathryn Shelton,152,9,20079,0,3,5,5,13,355,Loyal Customers
36212,Rebecca Peters DDS,183,9,26845,0,3,5,5,13,355,Loyal Customers
36213,Austin Chavez,260,9,21353,0,2,5,5,12,255,At Risk
36217,Joy Conrad,25,6,17277,0,5,4,4,13,544,Champions
36223,Lindsay Salazar,24,6,17029,0,5,4,4,13,544,Champions
36225,Maurice Cook,148,8,22161,0,3,5,5,13,355,Loyal Customers
36228,Andrew Doyle,55,9,26042,1,5,5,5,15,555,Champions
36234,Karen Mejia,106,7,14989,0,4,5,4,13,454,Champions
36246,Paula Goodman,153,7,19661,0,3,5,5,13,355,Loyal Customers
36251,Zachary Haynes,234,10,24032,0,3,5,5,13,355,Loyal Customers
36255,Andrew Myers,35,6,20293,0,5,4,5,14,545,Champions
36262,Brent Hammond,1,6,18279,0,5,4,4,13,544,Champions
36264,April Brooks,83,10,28718,1,4,5,5,14,455,Champions
36268,Matthew Garcia,0,8,22615,1,5,5,5,15,555,Champions
36272,Mary Munoz,35,6,15693,1,5,4,4,13,544,Champions
36279,Luke Frey,37,8,25315,0,5,5,5,15,555,Champions
36281,Molly Stanley,90,9,23865,0,4,5,5,14,455,Champions
36286,Joe Flores,128,8,27043,0,4,5,5,14,455,Champions
36289,Jeremy Walls,106,6,15727,1,4,4,4,12,444,Champions
36298,Kelly Wheeler,54,7,17282,0,5,5,4,14,554,Champions
36303,Robert Dunn,18,5,15405,0,5,3,4,12,534,Potential Loyalists
36308,Justin Hart,83,6,17963,0,4,4,4,12,444,Champions
36310,Lucas Allison,55,8,19562,1,5,5,5,15,555,Champions
36314,Robert Cook,21,8,20605,0,5,5,5,15,555,Champions
36318,Leslie Clark,46,6,16241,0,5,4,4,13,544,Champions
36319,Lauren Bush,66,11,28800,1,4,5,5,14,455,Champions
36320,Suzanne Reid,102,8,15263,0,4,5,4,13,454,Champions
36321,Becky Rivera,20,10,21110,0,5,5,5,15,555,Champions
36325,Jennifer Flynn,53,9,30749,0,5,5,5,15,555,Champions
36327,Mr. Kevin Harris PhD,17,10,24127,0,5,5,5,15,555,Champions
36329,Diana Thompson,262,7,22642,1,2,5,5,12,255,At Risk
36333,Jennifer Williams,11,6,16368,0,5,4,4,13,544,Champions
36335,Krystal Taylor,355,8,22280,1,2,5,5,12,255,At Risk
36337,Matthew Smith,29,8,21642,0,5,5,5,15,555,Champions
36338,Paula Collins,36,8,18733,0,5,5,4,14,554,Champions
36341,Ethan Bell,6,5,16658,0,5,3,4,12,534,Potential Loyalists
36347,Ernest Harris,53,12,37986,0,5,5,5,15,555,Champions
36350,Holly Mcpherson,222,9,24509,0,3,5,5,13,355,Loyal Customers
36352,Charles Rogers,97,7,24383,0,4,5,5,14,455,Champions
36353,Jean Wood,0,6,18602,0,5,4,4,13,544,Champions
36354,Suzanne Stewart,88,7,18397,0,4,5,4,13,454,Champions
36355,Sara Huang,80,7,22182,0,4,5,5,14,455,Champions
36360,Alyssa George,3,6,18067,0,5,4,4,13,544,Champions
36361,Caroline White,91,6,16453,0,4,4,4,12,444,Champions
36363,Craig Smith,0,9,20604,1,5,5,5,15,555,Champions
36364,Keith Reese,194,7,16861,0,3,5,4,12,354,Loyal Customers
36367,Samantha Harris,171,7,18489,1,3,5,4,12,354,Loyal Customers
36370,Brandi Dean,148,6,23861,0,3,4,5,12,345,Loyal Customers
36372,Janet Griffin DDS,124,6,20277,1,4,4,5,13,445,Champions
36373,Jacob Vaughn,184,10,32790,1,3,5,5,13,355,Loyal Customers
36378,James Gutierrez,203,10,27437,0,3,5,5,13,355,Loyal Customers
36380,Ariana Shaw,4,7,17570,0,5,5,4,14,554,Champions
36381,Laura Bryan,349,7,23665,0,2,5,5,12,255,At Risk
36382,Sabrina Hunt,53,9,26314,0,5,5,5,15,555,Champions
36385,Jill Decker,423,7,24833,0,2,5,5,12,255,At Risk
36392,Stephanie Miller,31,10,20743,0,5,5,5,15,555,Champions
36395,Jessica Garcia,109,9,21230,0,4,5,5,14,455,Champions
36396,Larry Mcfarland,108,7,22189,0,4,5,5,14,455,Champions
36398,Sarah Morris,85,8,19087,0,4,5,4,13,454,Champions
36402,Brandon Reese,100,7,11596,0,4,5,3,12,453,Loyal Customers
36405,Jeffrey Carlson,16,8,20105,0,5,5,5,15,555,Champions
36408,Christopher Thompson,22,8,29221,0,5,5,5,15,555,Champions
36411,Susan Cole,126,7,22500,0,4,5,5,14,455,Champions
36412,Kelli French,203,6,19435,0,3,4,5,12,345,Loyal Customers
36416,Justin Allen,32,8,24038,0,5,5,5,15,555,Champions
36419,Terry Henry,6,7,13181,0,5,5,3,13,553,Loyal Customers
36427,Kathleen Cain,28,6,13285,0,5,4,3,12,543,Loyal Customers
36433,Robert Wheeler,26,9,23933,0,5,5,5,15,555,Champions
36437,Jesse Gray,20,17,55339,0,5,5,5,15,555,Champions
36438,Tracey Robinson,37,10,26374,0,5,5,5,15,555,Champions
36442,Jesse Ray,111,8,14930,0,4,5,4,13,454,Champions
36443,Amanda Baker,158,8,16607,0,3,5,4,12,354,Loyal Customers
36447,Michelle Taylor,189,8,21621,0,3,5,5,13,355,Loyal Customers
36448,Daniel Hernandez,18,5,15173,0,5,3,4,12,534,Potential Loyalists
36451,Lisa Miller,167,8,18200,1,3,5,4,12,354,Loyal Customers
36453,Amy Davis,157,9,32689,0,3,5,5,13,355,Loyal Customers
36456,Bryce Powers,46,8,26468,1,5,5,5,15,555,Champions
36465,Samuel Myers,207,9,22877,1,3,5,5,13,355,Loyal Customers
36474,Michael Rich,43,6,17587,0,5,4,4,13,544,Champions
36476,Lisa Garcia,118,7,17264,1,4,5,4,13,454,Champions
36484,Mary Bryant,87,9,23075,0,4,5,5,14,455,Champions
36490,Brittany Carter,14,7,16744,0,5,5,4,14,554,Champions
36492,Antonio Roberts,52,6,15218,0,5,4,4,13,544,Champions
36493,Charles Hall MD,21,9,24920,0,5,5,5,15,555,Champions
36495,Brent Pierce,15,6,19334,0,5,4,5,14,545,Champions
36496,Yolanda Long MD,26,5,19779,0,5,3,5,13,535,Potential Loyalists
36499,Geoffrey Murray,167,9,23987,0,3,5,5,13,355,Loyal Customers
36500,Summer Reed,35,7,24682,0,5,5,5,15,555,Champions
36501,Bethany Knight,372,7,23028,1,2,5,5,12,255,At Risk
36503,George Ford,76,11,37053,0,4,5,5,14,455,Champions
36507,Rebecca Bowman,44,9,24080,0,5,5,5,15,555,Champions
36509,Brianna Chang,339,10,25375,0,2,5,5,12,255,At Risk
36512,Kimberly Clark,69,8,26171,0,4,5,5,14,455,Champions
36522,Regina Nelson,88,8,26427,0,4,5,5,14,455,Champions
36527,Leslie Galvan,9,8,15839,0,5,5,4,14,554,Champions
36531,Dr. Carol Thompson MD,59,8,18611,0,5,5,4,14,554,Champions
36533,Pamela Harper,168,8,31255,0,3,5,5,13,355,Loyal Customers
36539,Jason Green,20,5,16123,0,5,3,4,12,534,Potential Loyalists
36541,Danielle Fry,205,7,19185,0,3,5,4,12,354,Loyal Customers
36543,Kathy Berry,116,8,19602,1,4,5,5,14,455,Champions
36548,Noah James,20,7,16530,0,5,5,4,14,554,Champions
36550,Amanda Morris,287,8,24767,1,2,5,5,12,255,At Risk
36551,Shawn Jackson,46,6,20262,0,5,4,5,14,545,Champions
36556,Michael Anderson,113,7,20656,0,4,5,5,14,455,Champions
36558,Benjamin Paul,82,7,14439,0,4,5,3,12,453,Loyal Customers
36560,Danielle Johnson,214,10,28261,1,3,5,5,13,355,Loyal Customers
36561,Alexis Reyes DDS,127,7,20302,0,4,5,5,14,455,Champions
36563,Anthony Weber,360,8,21611,0,2,5,5,12,255,At Risk
36567,Raymond Pierce,8,7,18875,0,5,5,4,14,554,Champions
36568,Jeffery Garcia,32,7,17808,0,5,5,4,14,554,Champions
36570,Joshua Lee,109,6,15848,0,4,4,4,12,444,Champions
36571,Nicole Guzman,72,7,18324,0,4,5,4,13,454,Champions
36573,Gina Perez,59,6,13590,1,5,4,3,12,543,Loyal Customers
36574,Curtis Miles II,47,7,20401,0,5,5,5,15,555,Champions
36576,Chloe Woods,132,7,19379,0,4,5,5,14,455,Champions
36579,Leslie Hayes,116,7,15751,1,4,5,4,13,454,Champions
36580,Thomas Smith,217,11,28342,0,3,5,5,13,355,Loyal Customers
36581,Kristina Taylor,133,8,17204,0,4,5,4,13,454,Champions
36582,Kevin Bentley,333,7,24403,0,2,5,5,12,255,At Risk
36585,Christine Hamilton,409,8,26866,1,2,5,5,12,255,At Risk
36590,Sandra Ross,275,8,25671,0,2,5,5,12,255,At Risk
36592,Elizabeth Friedman,5,5,15222,0,5,3,4,12,534,Potential Loyalists
36593,Thomas Boyd,67,8,25792,0,4,5,5,14,455,Champions
36595,Jason French,54,6,12982,0,5,4,3,12,543,Loyal Customers
36598,Kristin Wilson,36,11,30525,0,5,5,5,15,555,Champions
36603,Joshua Tucker,74,8,27133,1,4,5,5,14,455,Champions
36608,Tyler Larsen,120,6,17228,0,4,4,4,12,444,Champions
36609,Christy Burke,71,10,31794,0,4,5,5,14,455,Champions
36610,Denise Jones,15,6,16490,0,5,4,4,13,544,Champions
36611,Jocelyn Jensen,13,6,15522,1,5,4,4,13,544,Champions
36614,Mrs. Amy Owens MD,27,10,32577,1,5,5,5,15,555,Champions
36619,Stephanie Smith,2,9,28479,0,5,5,5,15,555,Champions
36623,Amy Parker,49,8,24420,0,5,5,5,15,555,Champions
36644,Wendy Lester,7,7,21888,0,5,5,5,15,555,Champions
36645,Kathleen Choi,111,6,17197,0,4,4,4,12,444,Champions
36648,Ryan Stewart,189,10,30335,0,3,5,5,13,355,Loyal Customers
36651,Roberta Williams,142,6,23059,0,3,4,5,12,345,Loyal Customers
36652,Lance Bailey,6,9,18488,1,5,5,4,14,554,Champions
36653,Mrs. Christina Lewis,75,9,24938,0,4,5,5,14,455,Champions
36654,Justin Smith,36,5,15126,0,5,3,4,12,534,Potential Loyalists
36658,Candice Morales,67,7,18483,0,4,5,4,13,454,Champions
36661,Bradley Adams,13,6,18530,0,5,4,4,13,544,Champions
36662,Mary Clayton,31,6,21857,0,5,4,5,14,545,Champions
36663,Michael Davis,129,8,13788,0,4,5,3,12,453,Loyal Customers
36664,Scott Calhoun,58,9,21018,1,5,5,5,15,555,Champions
36667,Eric Ellis,59,9,27440,1,5,5,5,15,555,Champions
36670,Paul Richardson,137,9,26378,0,3,5,5,13,355,Loyal Customers
36673,Travis Lee,192,9,20975,1,3,5,5,13,355,Loyal Customers
36675,Harold Gonzalez,108,7,23506,0,4,5,5,14,455,Champions
36676,Veronica Olson,61,7,17616,0,4,5,4,13,454,Champions
36677,Joshua Brewer,222,8,19748,0,3,5,5,13,355,Loyal Customers
36683,Anthony Martinez,5,7,19867,1,5,5,5,15,555,Champions
36687,Terri Schneider,61,7,16623,1,4,5,4,13,454,Champions
36688,Ashley Barrett,257,9,23647,0,2,5,5,12,255,At Risk
36691,Michael Weaver,5,8,29870,0,5,5,5,15,555,Champions
36695,Summer Berry,52,6,18506,1,5,4,4,13,544,Champions
36698,Mary Patterson,33,9,22577,0,5,5,5,15,555,Champions
36699,Patrick Lopez,71,6,16403,1,4,4,4,12,444,Champions
36706,John Rhodes,143,13,41976,0,3,5,5,13,355,Loyal Customers
36709,Amy Medina,40,8,24741,0,5,5,5,15,555,Champions
36711,Dr. Nicholas Moore MD,95,8,24826,0,4,5,5,14,455,Champions
36719,Jean Jenkins,22,7,22746,0,5,5,5,15,555,Champions
36724,Amanda Wu,206,8,29443,0,3,5,5,13,355,Loyal Customers
36727,Jeremy Payne MD,182,7,21710,0,3,5,5,13,355,Loyal Customers
36732,Natalie Keith,38,7,19698,0,5,5,5,15,555,Champions
36733,John Gomez,8,8,18412,0,5,5,4,14,554,Champions
36747,Blake Huynh,5,6,11367,1,5,4,3,12,543,Loyal Customers
36751,Jared Everett,151,7,25143,0,3,5,5,13,355,Loyal Customers
36755,Erika Bowers MD,56,6,24767,1,5,4,5,14,545,Champions
36758,Charles Beasley,52,7,17542,1,5,5,4,14,554,Champions
36762,Karen Torres,203,9,25173,0,3,5,5,13,355,Loyal Customers
36763,Zachary Paul,223,7,23800,0,3,5,5,13,355,Loyal Customers
36764,Stephen Ramirez,26,6,19320,0,5,4,5,14,545,Champions
36770,Danielle Johnson,38,6,20441,0,5,4,5,14,545,Champions
36771,Cody Brown,93,8,22170,0,4,5,5,14,455,Champions
36777,Mark Hudson,209,7,24303,0,3,5,5,13,355,Loyal Customers
36779,Adriana Mann,64,8,15717,0,4,5,4,13,454,Champions
36781,Eric Benson,15,5,16137,0,5,3,4,12,534,Potential Loyalists
36783,Annette Hamilton,7,7,19923,0,5,5,5,15,555,Champions
36784,David Whitney,21,7,14733,1,5,5,3,13,553,Loyal Customers
36787,Kelsey Lucas,88,7,25408,1,4,5,5,14,455,Champions
36788,Mrs. Sherri Harris,72,9,17591,1,4,5,4,13,454,Champions
36791,Gary Steele,22,7,20714,0,5,5,5,15,555,Champions
36796,Claire Ramirez,110,6,22367,0,4,4,5,13,445,Champions
36797,Mr. Joel Lewis,83,11,31651,0,4,5,5,14,455,Champions
36798,Diane Thornton,14,5,21295,1,5,3,5,13,535,Potential Loyalists
36801,Anthony Stewart,217,7,16325,0,3,5,4,12,354,Loyal Customers
36804,Martha Munoz,20,8,20075,0,5,5,5,15,555,Champions
36809,Tiffany Oneill,36,8,24603,0,5,5,5,15,555,Champions
36817,Sherri Brown,198,6,19462,0,3,4,5,12,345,Loyal Customers
36825,Marisa Brown,4,11,41477,0,5,5,5,15,555,Champions
36827,Kelsey Farmer,328,8,31321,0,2,5,5,12,255,At Risk
36828,Jessica Briggs,152,9,24791,0,3,5,5,13,355,Loyal Customers
36830,William Maldonado,55,8,22537,0,5,5,5,15,555,Champions
36832,Zachary Turner,118,6,16674,0,4,4,4,12,444,Champions
36834,Robin Cole,115,10,31207,0,4,5,5,14,455,Champions
36839,Rachel Johnson,285,8,27285,0,2,5,5,12,255,At Risk
36844,Charles Vance,340,7,24543,1,2,5,5,12,255,At Risk
36847,Jonathan Fitzgerald,85,11,32138,0,4,5,5,14,455,Champions
36849,Sean Weaver,184,10,28665,0,3,5,5,13,355,Loyal Customers
36853,Madison Washington,63,5,21364,0,4,3,5,12,435,Potential Loyalists
36857,Brett Sanchez,205,7,16840,0,3,5,4,12,354,Loyal Customers
36861,Jessica Franklin,11,5,15570,1,5,3,4,12,534,Potential Loyalists
36870,John Chang,182,8,15848,0,3,5,4,12,354,Loyal Customers
36872,Daniel Love,105,8,18797,1,4,5,4,13,454,Champions
36874,Stephen Garner,50,7,21244,0,5,5,5,15,555,Champions
36875,Gabrielle Johnson,39,7,21882,1,5,5,5,15,555,Champions
36878,Ernest Lang,22,7,18702,0,5,5,4,14,554,Champions
36881,Angela Brown,28,6,17429,1,5,4,4,13,544,Champions
36882,Angel Nelson,73,9,29461,0,4,5,5,14,455,Champions
36883,Tiffany Koch,51,9,24981,0,5,5,5,15,555,Champions
36890,Walter Lewis,183,10,30681,1,3,5,5,13,355,Loyal Customers
36896,Cheyenne Shields,73,8,19919,1,4,5,5,14,455,Champions
36898,Karen Miller,58,8,21604,0,5,5,5,15,555,Champions
36903,Nicole White,101,8,27126,0,4,5,5,14,455,Champions
36907,Susan Johnson,87,8,12086,0,4,5,3,12,453,Loyal Customers
36909,Toni Lewis,48,6,20490,0,5,4,5,14,545,Champions
36913,Jeremy Wilson,304,9,19959,0,2,5,5,12,255,At Risk
36916,Paul Hamilton,66,6,15070,0,4,4,4,12,444,Champions
36919,Patricia Sherman,189,7,18169,0,3,5,4,12,354,Loyal Customers
36926,Barbara Heath MD,97,9,35757,0,4,5,5,14,455,Champions
36932,Ryan Matthews,24,9,31631,0,5,5,5,15,555,Champions
36933,Jacob Johnson PhD,141,7,15414,0,3,5,4,12,354,Loyal Customers
36942,Timothy Ford,48,6,19777,0,5,4,5,14,545,Champions
36945,Jimmy Johnson,240,8,20622,0,3,5,5,13,355,Loyal Customers
36946,Lindsay Reese,17,8,20287,0,5,5,5,15,555,Champions
36949,Anthony Ross,12,13,38569,0,5,5,5,15,555,Champions
36950,Erin Mcguire,92,7,13453,1,4,5,3,12,453,Loyal Customers
36952,John Dixon,324,10,28761,0,2,5,5,12,255,At Risk
36955,Jasmine Charles,4,7,18190,1,5,5,4,14,554,Champions
36957,Jenna Hernandez,81,6,15572,0,4,4,4,12,444,Champions
36958,Debbie Morales MD,10,7,14944,0,5,5,4,14,554,Champions
36960,Michael Edwards,105,6,24845,0,4,4,5,13,445,Champions
36965,Trevor Davis,302,11,35844,0,2,5,5,12,255,At Risk
36967,Lisa Barton,47,7,18205,0,5,5,4,14,554,Champions
36975,Frank Guerrero,6,7,21730,1,5,5,5,15,555,Champions
36982,Jeffery Baldwin,121,7,20302,0,4,5,5,14,455,Champions
36983,Calvin Freeman,207,6,19364,0,3,4,5,12,345,Loyal Customers
36994,Marcus Davis,190,7,22530,0,3,5,5,13,355,Loyal Customers
37000,Robin Mora,245,8,20777,0,2,5,5,12,255,At Risk
37008,Brenda Gonzalez,177,11,31174,0,3,5,5,13,355,Loyal Customers
37010,Anne Berry,168,7,16214,0,3,5,4,12,354,Loyal Customers
37013,Brandon Williams,117,8,19021,0,4,5,4,13,454,Champions
37025,Rachel Jensen,168,7,16352,0,3,5,4,12,354,Loyal Customers
37033,Joe Collier,29,8,19985,1,5,5,5,15,555,Champions
37034,Andrea Boone,119,8,23333,0,4,5,5,14,455,Champions
37035,Alex Jenkins,170,8,24069,0,3,5,5,13,355,Loyal Customers
37044,Shannon Smith,102,6,15588,0,4,4,4,12,444,Champions
37046,Robert Taylor,11,7,26277,0,5,5,5,15,555,Champions
37047,Lisa Wolfe,364,8,24118,0,2,5,5,12,255,At Risk
37056,Michael Santiago,78,9,24175,0,4,5,5,14,455,Champions
37060,Shannon Hawkins,260,7,25168,0,2,5,5,12,255,At Risk
37061,Jillian Daniels,205,7,15882,1,3,5,4,12,354,Loyal Customers
37062,Julie Barrett,135,9,25734,1,4,5,5,14,455,Champions
37067,Dakota Greer,54,7,22130,0,5,5,5,15,555,Champions
37068,Robert Ware,196,8,24917,0,3,5,5,13,355,Loyal Customers
37069,Damon Martin,120,7,24467,0,4,5,5,14,455,Champions
37070,Heather Sanders,28,8,17260,0,5,5,4,14,554,Champions
37072,Caroline Campbell,34,7,23922,0,5,5,5,15,555,Champions
37076,Justin Moore,58,5,15441,0,5,3,4,12,534,Potential Loyalists
37077,Shelly Graham,95,6,16199,0,4,4,4,12,444,Champions
37081,Lindsey Fleming,77,7,26020,0,4,5,5,14,455,Champions
37082,Elizabeth Robinson,53,9,16884,1,5,5,4,14,554,Champions
37084,Johnathan Medina,4,6,14615,1,5,4,3,12,543,Loyal Customers
37085,James Young,180,8,16951,1,3,5,4,12,354,Loyal Customers
37086,Jennifer Lopez,63,7,11334,0,4,5,3,12,453,Loyal Customers
37089,Mike Lynch,159,10,34866,0,3,5,5,13,355,Loyal Customers
37090,Valerie Krueger,15,7,21458,0,5,5,5,15,555,Champions
37093,Earl Valentine,192,6,20957,0,3,4,5,12,345,Loyal Customers
37094,Lucas Dominguez PhD,55,5,18934,0,5,3,4,12,534,Potential Loyalists
37097,Alicia Gonzales,43,7,22607,0,5,5,5,15,555,Champions
37102,Michael Patterson Jr.,61,7,19908,0,4,5,5,14,455,Champions
37103,Brianna Ford,39,5,17603,0,5,3,4,12,534,Potential Loyalists
37110,Tammy Salas,115,10,29197,0,4,5,5,14,455,Champions
37114,Ashlee Hernandez,32,5,16819,0,5,3,4,12,534,Potential Loyalists
37117,Melanie Clark,53,12,31413,0,5,5,5,15,555,Champions
37122,Michael Anderson,1,6,14330,0,5,4,3,12,543,Loyal Customers
37123,Colleen Jones,84,7,18796,0,4,5,4,13,454,Champions
37126,Matthew Mclean,67,8,19352,0,4,5,5,14,455,Champions
37128,Olivia Johnson,92,7,12096,0,4,5,3,12,453,Loyal Customers
37134,Ryan Barry,15,5,17007,1,5,3,4,12,534,Potential Loyalists
37136,Stephanie Sanders,299,7,20221,0,2,5,5,12,255,At Risk
37143,Nancy Moore,70,9,22521,0,4,5,5,14,455,Champions
37149,Robert Schultz,21,6,20341,0,5,4,5,14,545,Champions
37152,Dr. Christopher Jensen,128,6,18043,0,4,4,4,12,444,Champions
37156,Matthew Wall,93,6,14824,0,4,4,4,12,444,Champions
37170,Karen Harmon,12,9,18757,0,5,5,4,14,554,Champions
37174,Patricia Arnold,49,7,17456,1,5,5,4,14,554,Champions
37175,John Jackson,123,7,20956,0,4,5,5,14,455,Champions
37181,Ashley Baxter,12,8,18301,0,5,5,4,14,554,Champions
37185,Jonathan Nelson,147,6,19969,0,3,4,5,12,345,Loyal Customers
37189,Dorothy Nash,182,9,25542,0,3,5,5,13,355,Loyal Customers
37191,Monica Day,63,10,18020,0,4,5,4,13,454,Champions
37192,Janet Welch,174,7,20393,0,3,5,5,13,355,Loyal Customers
37193,Jessica Coleman,47,5,15611,1,5,3,4,12,534,Potential Loyalists
37196,Jennifer Russell,115,9,23792,0,4,5,5,14,455,Champions
37200,Jennifer Owens,245,8,21859,0,2,5,5,12,255,At Risk
37201,Michele Phillips,9,5,15759,1,5,3,4,12,534,Potential Loyalists
37202,Jason Bowman,60,6,22105,0,4,4,5,13,445,Champions
37203,Taylor Kelly,424,8,20124,0,2,5,5,12,255,At Risk
37211,Nicholas Tucker,86,8,21220,0,4,5,5,14,455,Champions
37212,Sarah Johnson,133,8,24923,0,4,5,5,14,455,Champions
37217,Thomas Davis,17,7,20693,0,5,5,5,15,555,Champions
37226,Paula Pratt,139,9,22317,0,3,5,5,13,355,Loyal Customers
37236,Jordan Vaughn,12,9,20943,1,5,5,5,15,555,Champions
37239,Sarah Watson,208,7,17336,0,3,5,4,12,354,Loyal Customers
37241,Cole Jones,4,10,28285,1,5,5,5,15,555,Champions
37249,John Nash,136,6,19819,0,4,4,5,13,445,Champions
37250,Miranda Horne,148,8,19366,0,3,5,5,13,355,Loyal Customers
37251,Maria Baker,6,7,13575,0,5,5,3,13,553,Loyal Customers
37253,Elizabeth Turner,7,8,20991,0,5,5,5,15,555,Champions
37257,Tara Herring,116,9,29107,0,4,5,5,14,455,Champions
37258,Brianna Medina,22,6,13166,0,5,4,3,12,543,Loyal Customers
37263,Elizabeth Cunningham,220,8,30837,0,3,5,5,13,355,Loyal Customers
37266,Steven Brown,373,7,22795,0,2,5,5,12,255,At Risk
37271,Kathryn Vaughn,70,10,30861,0,4,5,5,14,455,Champions
37272,Matthew Patterson,16,9,18395,1,5,5,4,14,554,Champions
37273,Richard Todd,203,8,21782,1,3,5,5,13,355,Loyal Customers
37277,Daniel Rose,91,7,12732,0,4,5,3,12,453,Loyal Customers
37278,Kathy Moore,32,7,17890,0,5,5,4,14,554,Champions
37284,Dylan Wheeler,118,6,17476,0,4,4,4,12,444,Champions
37287,Kara Rice,90,6,21094,0,4,4,5,13,445,Champions
37289,Trevor Vaughn,269,8,22511,0,2,5,5,12,255,At Risk
37291,Mr. William Marshall,63,8,22806,0,4,5,5,14,455,Champions
37296,Joshua Shepherd,72,6,17954,0,4,4,4,12,444,Champions
37303,John Wright,19,6,18011,0,5,4,4,13,544,Champions
37307,Michelle Reyes,76,7,23311,0,4,5,5,14,455,Champions
37310,Angela Brown,89,10,31418,1,4,5,5,14,455,Champions
37311,Linda Arias,154,6,19513,0,3,4,5,12,345,Loyal Customers
37313,Nicholas Shannon,100,7,14290,1,4,5,3,12,453,Loyal Customers
37324,Patricia Cortez,145,7,21416,0,3,5,5,13,355,Loyal Customers
37327,Ricardo Patel,266,9,30770,1,2,5,5,12,255,At Risk
37332,Randall Hansen,131,8,18674,0,4,5,4,13,454,Champions
37334,Jennifer Boyle,138,6,23470,0,3,4,5,12,345,Loyal Customers
37336,Michaela Mendoza,68,8,22569,0,4,5,5,14,455,Champions
37341,Randy Cook,114,8,24015,0,4,5,5,14,455,Champions
37342,Jean Thomas,38,10,36121,0,5,5,5,15,555,Champions
37344,George Murray,37,6,13915,0,5,4,3,12,543,Loyal Customers
37346,Brenda Freeman,154,7,24738,0,3,5,5,13,355,Loyal Customers
37347,Carlos Murray,13,6,14214,0,5,4,3,12,543,Loyal Customers
37349,Walter Mcdonald,146,9,22681,0,3,5,5,13,355,Loyal Customers
37350,Sherry Blake,28,9,23490,0,5,5,5,15,555,Champions
37352,Tina Jackson,224,7,20207,1,3,5,5,13,355,Loyal Customers
37355,Cheryl Rodriguez DVM,40,6,25124,0,5,4,5,14,545,Champions
37356,Nicholas Carroll,67,7,22361,0,4,5,5,14,455,Champions
37358,Tiffany Martin,31,8,25269,0,5,5,5,15,555,Champions
37359,Jerry Rice,50,12,32525,1,5,5,5,15,555,Champions
37361,Amber Lewis,8,7,16794,0,5,5,4,14,554,Champions
37366,Todd Dunn,39,6,17096,0,5,4,4,13,544,Champions
37373,Isabella Johnson,115,5,19692,0,4,3,5,12,435,Potential Loyalists
37380,Joshua Jackson,17,7,23234,0,5,5,5,15,555,Champions
37384,Christine Berry,97,8,17870,0,4,5,4,13,454,Champions
37387,Daniel Bowman,65,6,20547,0,4,4,5,13,445,Champions
37389,Mrs. Marie Daniels,56,8,26124,0,5,5,5,15,555,Champions
37391,Ronald Murray,404,8,25375,0,2,5,5,12,255,At Risk
37393,April Preston,18,7,24838,0,5,5,5,15,555,Champions
37397,Gina Smith,45,9,25834,0,5,5,5,15,555,Champions
37398,Christopher Holmes,243,10,24889,0,2,5,5,12,255,At Risk
37400,Teresa Miller,55,8,27262,0,5,5,5,15,555,Champions
37401,James Padilla,26,6,25124,1,5,4,5,14,545,Champions
37402,Melissa Green,94,6,18970,0,4,4,4,12,444,Champions
37403,Caroline Davis,78,11,25388,0,4,5,5,14,455,Champions
37404,Brian Butler,111,8,27554,0,4,5,5,14,455,Champions
37410,Patrick Smith,216,9,22274,0,3,5,5,13,355,Loyal Customers
37416,Joshua Fisher,76,7,18547,0,4,5,4,13,454,Champions
37417,Jennifer Moore,65,8,25387,0,4,5,5,14,455,Champions
37418,Michael Rodriguez,13,7,16114,1,5,5,4,14,554,Champions
37421,Chris Hendrix,121,7,22603,0,4,5,5,14,455,Champions
37424,Michael Mason,222,7,16389,0,3,5,4,12,354,Loyal Customers
37425,Julian Golden,133,7,17228,0,4,5,4,13,454,Champions
37427,Zachary Drake,228,7,24265,0,3,5,5,13,355,Loyal Customers
37428,Tracy Davis,74,10,27610,0,4,5,5,14,455,Champions
37439,Shaun Conway,174,7,26371,0,3,5,5,13,355,Loyal Customers
37443,Bonnie Hayden,64,8,25122,0,4,5,5,14,455,Champions
37444,Brian Mclean,79,7,16948,0,4,5,4,13,454,Champions
37445,Timothy Gonzalez,46,6,17138,0,5,4,4,13,544,Champions
37446,Brittany Holder,83,6,17362,0,4,4,4,12,444,Champions
37449,Claudia Day,23,8,24585,0,5,5,5,15,555,Champions
37456,Dawn White,104,7,13884,0,4,5,3,12,453,Loyal Customers
37457,Jacob Reed,24,6,11472,0,5,4,3,12,543,Loyal Customers
37461,Kendra Carter,164,7,18762,0,3,5,4,12,354,Loyal Customers
37472,Robert Garcia,119,6,15993,0,4,4,4,12,444,Champions
37473,Donald Pham,181,6,21722,1,3,4,5,12,345,Loyal Customers
37479,Samantha Peterson,70,7,22016,0,4,5,5,14,455,Champions
37480,Angela Mcconnell,76,8,23172,0,4,5,5,14,455,Champions
37482,Joshua Norris,42,5,18156,0,5,3,4,12,534,Potential Loyalists
37483,Craig Alvarez,30,6,21136,0,5,4,5,14,545,Champions
37496,Yvette Davis,120,6,16738,0,4,4,4,12,444,Champions
37498,John Miller,198,7,16479,0,3,5,4,12,354,Loyal Customers
37500,Melissa Campbell,9,6,15390,0,5,4,4,13,544,Champions
37505,Austin Jones,221,6,20620,0,3,4,5,12,345,Loyal Customers
37506,Travis Rubio,103,6,15866,1,4,4,4,12,444,Champions
37508,Ashley Martin,80,7,24483,1,4,5,5,14,455,Champions
37509,Daniel Lee,26,9,20002,1,5,5,5,15,555,Champions
37516,Amber Jordan,193,7,22553,0,3,5,5,13,355,Loyal Customers
37524,Jeffrey Gray,114,12,28761,0,4,5,5,14,455,Champions
37526,Joshua Smith,111,7,16463,0,4,5,4,13,454,Champions
37527,Todd Richard,39,7,11647,0,5,5,3,13,553,Loyal Customers
37529,Robin Ford,177,9,32592,0,3,5,5,13,355,Loyal Customers
37531,Deborah Williams,52,6,18057,0,5,4,4,13,544,Champions
37532,Elizabeth Jacobson,4,9,22726,0,5,5,5,15,555,Champions
37534,Sophia Andrews,10,6,16875,0,5,4,4,13,544,Champions
37539,Paul Howard,59,7,11078,0,5,5,2,12,552,Potential Loyalists
37542,Ronald Gross,349,7,22167,0,2,5,5,12,255,At Risk
37547,Joshua Gray,44,8,13545,0,5,5,3,13,553,Loyal Customers
37555,Christian Ponce,261,8,23816,0,2,5,5,12,255,At Risk
37556,Mrs. Amanda Nguyen,7,9,29179,1,5,5,5,15,555,Champions
37559,Cody Reeves,69,7,20251,0,4,5,5,14,455,Champions
37560,Ana Patterson,218,9,18484,1,3,5,4,12,354,Loyal Customers
37561,Katherine Mccarthy,79,7,15922,0,4,5,4,13,454,Champions
37567,Autumn Richardson,85,7,20326,0,4,5,5,14,455,Champions
37568,Amanda Dunlap,9,7,17993,0,5,5,4,14,554,Champions
37573,Christopher Taylor,121,8,34491,0,4,5,5,14,455,Champions
37574,Christopher Johnson,199,7,20483,1,3,5,5,13,355,Loyal Customers
37584,Doris Walker,80,9,24075,0,4,5,5,14,455,Champions
37586,Brandon York,80,6,16497,0,4,4,4,12,444,Champions
37587,Ruben Williams,340,7,19936,0,2,5,5,12,255,At Risk
37588,Lori Aguilar,66,7,15982,0,4,5,4,13,454,Champions
37591,Holly Gallagher,34,5,15942,1,5,3,4,12,534,Potential Loyalists
37593,Jose Villarreal,100,9,28126,0,4,5,5,14,455,Champions
37596,Ronnie Briggs,4,10,28846,0,5,5,5,15,555,Champions
37597,Renee Fitzgerald,94,7,17591,0,4,5,4,13,454,Champions
37603,Michelle Luna,87,10,30306,0,4,5,5,14,455,Champions
37620,Justin Blake,165,13,40480,0,3,5,5,13,355,Loyal Customers
37630,Dwayne Garza,23,5,19395,0,5,3,5,13,535,Potential Loyalists
37633,John Gonzalez,181,6,19893,0,3,4,5,12,345,Loyal Customers
37646,Judy Barton,201,7,20348,0,3,5,5,13,355,Loyal Customers
37649,Dale Green,148,9,27398,0,3,5,5,13,355,Loyal Customers
37655,Karen Cross,156,7,15249,0,3,5,4,12,354,Loyal Customers
37660,Kimberly Anderson,39,7,21882,0,5,5,5,15,555,Champions
37669,Susan Fisher,195,8,15897,1,3,5,4,12,354,Loyal Customers
37670,Elizabeth Murillo,87,6,16326,0,4,4,4,12,444,Champions
37672,Christine Wood MD,167,8,20882,0,3,5,5,13,355,Loyal Customers
37676,Faith Phillips,16,13,44920,0,5,5,5,15,555,Champions
37677,Jason Tran,2,10,29074,1,5,5,5,15,555,Champions
37679,Ian Hickman,122,6,17472,0,4,4,4,12,444,Champions
37693,John Harris,86,8,16076,0,4,5,4,13,454,Champions
37694,Bryan Carlson,218,10,27171,0,3,5,5,13,355,Loyal Customers
37697,Kristin Kennedy,60,9,31116,0,4,5,5,14,455,Champions
37698,Jeffery Hicks,217,7,19347,0,3,5,5,13,355,Loyal Customers
37705,Kaitlin Burns,163,7,21200,1,3,5,5,13,355,Loyal Customers
37708,Thomas Zavala,2,7,16196,0,5,5,4,14,554,Champions
37712,Peter Sexton,72,9,23750,0,4,5,5,14,455,Champions
37718,Stephen Young,111,7,26047,0,4,5,5,14,455,Champions
37719,David Chen,56,7,19626,0,5,5,5,15,555,Champions
37721,Zachary Zavala,8,8,14481,0,5,5,3,13,553,Loyal Customers
37723,David Nelson,17,8,26007,0,5,5,5,15,555,Champions
37728,John Chandler,140,7,19572,1,3,5,5,13,355,Loyal Customers
37729,Crystal Jefferson,64,11,30477,0,4,5,5,14,455,Champions
37734,Susan Perez,5,6,19377,1,5,4,5,14,545,Champions
37737,Karen Bell,110,7,19998,0,4,5,5,14,455,Champions
37739,Stephanie Walker,268,7,28712,0,2,5,5,12,255,At Risk
37741,Tracy Rodriguez,152,8,20444,0,3,5,5,13,355,Loyal Customers
37745,Jonathan Zavala,10,9,26854,0,5,5,5,15,555,Champions
37746,Julie Ellis,7,9,22968,0,5,5,5,15,555,Champions
37747,Brandi Wiley,0,7,22607,0,5,5,5,15,555,Champions
37752,Meghan Ruiz,73,7,22930,1,4,5,5,14,455,Champions
37755,Jason Mills,137,7,22007,0,3,5,5,13,355,Loyal Customers
37762,Jose Davis,194,6,21274,0,3,4,5,12,345,Loyal Customers
37767,Micheal Watkins,17,8,26687,1,5,5,5,15,555,Champions
37770,Manuel Johns,25,7,16243,0,5,5,4,14,554,Champions
37771,Debbie Wu,191,7,19947,1,3,5,5,13,355,Loyal Customers
37774,Barbara Nguyen,215,12,35386,0,3,5,5,13,355,Loyal Customers
37778,Elizabeth Perry,1,9,22997,0,5,5,5,15,555,Champions
37779,Alex Gonzalez,1,5,17973,0,5,3,4,12,534,Potential Loyalists
37780,Rebecca Cochran,245,7,27045,0,2,5,5,12,255,At Risk
37782,Mary Castillo,138,9,25812,0,3,5,5,13,355,Loyal Customers
37784,Shawn Robertson,191,10,23404,0,3,5,5,13,355,Loyal Customers
37785,Scott Schultz,115,7,27148,1,4,5,5,14,455,Champions
37786,Laura Anderson,34,6,19597,0,5,4,5,14,545,Champions
37787,Tyler Newton,16,8,12209,1,5,5,3,13,553,Loyal Customers
37790,Andrew Wilkerson,112,7,15832,0,4,5,4,13,454,Champions
37795,Jennifer Collins,173,6,25070,0,3,4,5,12,345,Loyal Customers
37796,James Sharp,274,8,21945,0,2,5,5,12,255,At Risk
37798,Anthony Barrera,142,12,37481,0,3,5,5,13,355,Loyal Customers
37802,Katelyn Lambert,177,9,25427,0,3,5,5,13,355,Loyal Customers
37804,Tracey Moss,7,8,24085,0,5,5,5,15,555,Champions
37805,Kenneth Mccarthy,19,9,25182,0,5,5,5,15,555,Champions
37806,Christopher Thomas,97,7,13109,0,4,5,3,12,453,Loyal Customers
37807,Lawrence Nielsen,145,10,33918,0,3,5,5,13,355,Loyal Customers
37809,Jeffrey Miller,24,6,12503,0,5,4,3,12,543,Loyal Customers
37811,Sarah Stewart,345,8,28802,0,2,5,5,12,255,At Risk
37813,Melissa Beasley,163,6,20558,0,3,4,5,12,345,Loyal Customers
37816,Aaron Ford,35,5,15910,0,5,3,4,12,534,Potential Loyalists
37822,Anthony Mercado,80,7,20867,0,4,5,5,14,455,Champions
37828,Nicole Freeman,136,7,20684,0,4,5,5,14,455,Champions
37830,Theresa Williams,68,10,21921,0,4,5,5,14,455,Champions
37836,Andrew Bauer,88,6,21784,0,4,4,5,13,445,Champions
37839,Mary Weiss,127,9,31293,0,4,5,5,14,455,Champions
37846,Amanda Stone,9,6,19251,1,5,4,4,13,544,Champions
37850,Sabrina Petersen,0,7,20595,0,5,5,5,15,555,Champions
37858,Leslie Ramirez,24,9,30613,0,5,5,5,15,555,Champions
37860,Wendy Smith,298,11,30214,1,2,5,5,12,255,At Risk
37864,Mr. Ronald Lopez,87,9,23667,0,4,5,5,14,455,Champions
37865,Megan Clark,112,7,19778,0,4,5,5,14,455,Champions
37874,Jose Hunter,119,6,15587,0,4,4,4,12,444,Champions
37875,Anthony Rodriguez,6,6,16751,0,5,4,4,13,544,Champions
37891,Jacob Murphy,29,5,16580,0,5,3,4,12,534,Potential Loyalists
37892,Alexis Mitchell,205,7,15763,0,3,5,4,12,354,Loyal Customers
37897,Brent Williams,68,6,15396,1,4,4,4,12,444,Champions
37899,Monica Weaver,12,8,24591,0,5,5,5,15,555,Champions
37901,James Lynch,165,6,20848,0,3,4,5,12,345,Loyal Customers
37903,Jennifer Hudson,222,7,26455,0,3,5,5,13,355,Loyal Customers
37907,Alyssa Shea,156,10,30563,1,3,5,5,13,355,Loyal Customers
37911,Mary Peck,8,8,30952,0,5,5,5,15,555,Champions
37912,Brandi Guzman,79,6,19407,1,4,4,5,13,445,Champions
37914,Michael Weaver,7,8,18294,1,5,5,4,14,554,Champions
37920,Deanna Taylor,118,10,22542,0,4,5,5,14,455,Champions
37922,Rose Diaz,88,7,24348,0,4,5,5,14,455,Champions
37927,Brandon Harrison,37,6,18761,0,5,4,4,13,544,Champions
37930,Eric Kent,189,7,22216,0,3,5,5,13,355,Loyal Customers
37936,April Brown,237,9,20076,0,3,5,5,13,355,Loyal Customers
37938,Nicole Andrews,83,8,17564,0,4,5,4,13,454,Champions
37942,Timothy Rogers,15,9,24142,0,5,5,5,15,555,Champions
37950,Heather Vega,81,8,26229,0,4,5,5,14,455,Champions
37953,Catherine Sanders,65,7,19774,0,4,5,5,14,455,Champions
37957,Mr. Terry Thompson,4,7,22313,0,5,5,5,15,555,Champions
37959,Christopher Powers,371,8,23775,1,2,5,5,12,255,At Risk
37963,Donald Wilkins,114,7,17682,0,4,5,4,13,454,Champions
37966,James Smith,46,7,21752,0,5,5,5,15,555,Champions
37967,Karen Harris,25,7,16866,1,5,5,4,14,554,Champions
37971,Larry Daugherty,124,8,30042,0,4,5,5,14,455,Champions
37977,Carl Armstrong,102,6,15681,1,4,4,4,12,444,Champions
37978,Brenda Thompson,46,5,15324,0,5,3,4,12,534,Potential Loyalists
37980,Amanda Mccarty,18,8,19163,0,5,5,4,14,554,Champions
37990,Keith Stephens,210,8,24661,0,3,5,5,13,355,Loyal Customers
37991,Daniel Rose,40,9,23485,0,5,5,5,15,555,Champions
37995,Amanda Figueroa,55,8,15214,0,5,5,4,14,554,Champions
38002,Rebecca Strickland,77,9,21397,0,4,5,5,14,455,Champions
38003,Diana Johnston,136,7,24652,0,4,5,5,14,455,Champions
38005,Leslie Cole,161,9,22700,0,3,5,5,13,355,Loyal Customers
38008,Tracey Lopez,151,6,21044,0,3,4,5,12,345,Loyal Customers
38010,Diane Stephenson,20,7,16789,1,5,5,4,14,554,Champions
38011,William Bowman,34,6,20140,0,5,4,5,14,545,Champions
38015,Karina Payne,13,7,27833,0,5,5,5,15,555,Champions
38017,Donald Gomez,8,6,15253,0,5,4,4,13,544,Champions
38018,Jennifer Frederick,33,6,14030,0,5,4,3,12,543,Loyal Customers
38021,Tony Chen,76,6,20047,1,4,4,5,13,445,Champions
38028,Jacqueline Church,84,8,25960,0,4,5,5,14,455,Champions
38031,Danielle Boyer,34,8,22662,0,5,5,5,15,555,Champions
38032,Linda Thompson,11,8,29086,0,5,5,5,15,555,Champions
38042,Daniel Holt,35,7,12789,0,5,5,3,13,553,Loyal Customers
38044,Amber Brown,23,5,17226,0,5,3,4,12,534,Potential Loyalists
38050,Nathan Miller,221,8,20356,0,3,5,5,13,355,Loyal Customers
38051,Melinda Taylor,60,6,19098,0,4,4,4,12,444,Champions
38054,Gina Brewer,52,7,19764,1,5,5,5,15,555,Champions
38056,Frank Shaw,78,8,24252,1,4,5,5,14,455,Champions
38061,Katherine Wolfe,110,7,23341,1,4,5,5,14,455,Champions
38063,Michele Martinez,29,8,20470,0,5,5,5,15,555,Champions
38068,Sherri Murray,26,6,18149,0,5,4,4,13,544,Champions
38073,Melanie Wilson,58,8,20934,0,5,5,5,15,555,Champions
38077,Gilbert Juarez,78,8,33471,1,4,5,5,14,455,Champions
38081,Dylan Meyer,82,7,14030,0,4,5,3,12,453,Loyal Customers
38090,Melissa Hernandez,31,7,15790,0,5,5,4,14,554,Champions
38091,Kathryn Wolfe,111,8,11667,1,4,5,3,12,453,Loyal Customers
38092,Jennifer Taylor,59,8,20187,1,5,5,5,15,555,Champions
38102,David Conner,128,8,31786,0,4,5,5,14,455,Champions
38105,Lisa Foster,11,6,13904,0,5,4,3,12,543,Loyal Customers
38107,Rachel Martinez,122,6,19320,1,4,4,5,13,445,Champions
38108,Mr. Jeffrey Fernandez,258,8,23671,0,2,5,5,12,255,At Risk
38113,Jamie Stone,3,7,20251,0,5,5,5,15,555,Champions
38119,Donald Clements DDS,36,11,27605,0,5,5,5,15,555,Champions
38123,Matthew Kelly,333,10,27963,1,2,5,5,12,255,At Risk
38124,Adam Young,96,9,22986,0,4,5,5,14,455,Champions
38125,Christopher Turner,160,8,21219,0,3,5,5,13,355,Loyal Customers
38126,Brenda Alexander,32,8,17613,0,5,5,4,14,554,Champions
38130,Roberto Johnson,164,8,24300,0,3,5,5,13,355,Loyal Customers
38132,Kenneth Fleming,72,7,18971,0,4,5,4,13,454,Champions
38134,Mark Short,284,8,29038,0,2,5,5,12,255,At Risk
38137,Craig Serrano,71,10,24940,0,4,5,5,14,455,Champions
38139,Kevin Park,114,8,20502,0,4,5,5,14,455,Champions
38140,Dwayne Peterson,34,10,27339,0,5,5,5,15,555,Champions
38141,Robin Smith,256,9,22992,1,2,5,5,12,255,At Risk
38142,Ryan Hall,48,8,14135,0,5,5,3,13,553,Loyal Customers
38143,Nicole Kelley,21,7,15694,0,5,5,4,14,554,Champions
38144,Steven Rodgers,2,8,15420,0,5,5,4,14,554,Champions
38155,Julie Blackwell,10,11,38405,1,5,5,5,15,555,Champions
38157,Kevin Bright,83,7,17336,0,4,5,4,13,454,Champions
38160,Melinda Williams,337,10,26702,0,2,5,5,12,255,At Risk
38164,Karen Robinson,169,7,21718,0,3,5,5,13,355,Loyal Customers
38166,John Young,73,7,18255,0,4,5,4,13,454,Champions
38169,James Dalton,245,8,27631,0,2,5,5,12,255,At Risk
38173,Jenny White,64,9,24000,0,4,5,5,14,455,Champions
38175,Angela Smith,76,6,14848,0,4,4,4,12,444,Champions
38183,Tracy Wright,194,8,25306,1,3,5,5,13,355,Loyal Customers
38186,Jessica Morris,40,6,15262,0,5,4,4,13,544,Champions
38187,Dr. Tracey Williams,105,6,18955,0,4,4,4,12,444,Champions
38192,Denise Perkins,212,6,21546,1,3,4,5,12,345,Loyal Customers
38195,Alexandra Mcgee,155,9,22743,0,3,5,5,13,355,Loyal Customers
38201,Angela Hopkins,122,6,17097,0,4,4,4,12,444,Champions
38206,Megan Davis,27,8,22911,0,5,5,5,15,555,Champions
38211,Michael Johnston,132,7,23283,0,4,5,5,14,455,Champions
38212,Shelley Grimes,217,6,19431,0,3,4,5,12,345,Loyal Customers
38224,Austin Morris,22,6,19071,0,5,4,4,13,544,Champions
38225,Mark Wilson,198,6,20479,0,3,4,5,12,345,Loyal Customers
38227,Kimberly Carter,16,9,24161,0,5,5,5,15,555,Champions
38243,James Hayes,49,8,30556,0,5,5,5,15,555,Champions
38248,Courtney Miller,231,7,20585,0,3,5,5,13,355,Loyal Customers
38252,Travis Mcneil,246,9,30858,0,2,5,5,12,255,At Risk
38254,Victoria Meyer,132,8,24078,0,4,5,5,14,455,Champions
38268,Diane Brown,31,8,32105,0,5,5,5,15,555,Champions
38269,Amy French,122,10,27357,0,4,5,5,14,455,Champions
38273,Bethany Weber MD,94,7,23326,0,4,5,5,14,455,Champions
38274,Adrian Garrett,12,6,19772,0,5,4,5,14,545,Champions
38275,Bryan Wise,191,9,18512,0,3,5,4,12,354,Loyal Customers
38279,Robert Dawson,21,6,19293,0,5,4,5,14,545,Champions
38280,Brittany Wolfe,27,6,12958,0,5,4,3,12,543,Loyal Customers
38282,Kathy Myers,112,6,19241,1,4,4,4,12,444,Champions
38287,Catherine Snyder,192,6,22818,0,3,4,5,12,345,Loyal Customers
38290,Natalie Snyder,98,9,25544,0,4,5,5,14,455,Champions
38292,Kathryn Taylor,34,10,25302,0,5,5,5,15,555,Champions
38293,Sarah Smith,113,6,16512,0,4,4,4,12,444,Champions
38303,Tony Williams,15,9,22330,0,5,5,5,15,555,Champions
38304,Micheal Butler,39,9,31886,0,5,5,5,15,555,Champions
38313,Bethany Hall,30,8,13991,0,5,5,3,13,553,Loyal Customers
38316,Marissa Turner,30,7,22593,0,5,5,5,15,555,Champions
38317,Nicolas Palmer,46,8,24264,0,5,5,5,15,555,Champions
38321,Leslie French,290,7,20394,0,2,5,5,12,255,At Risk
38322,James Rhodes,107,6,18657,0,4,4,4,12,444,Champions
38323,Brenda Johnson,198,7,19662,0,3,5,5,13,355,Loyal Customers
38329,Richard Mckinney,205,11,39101,1,3,5,5,13,355,Loyal Customers
38333,Gerald Shaffer,43,8,21954,1,5,5,5,15,555,Champions
38338,Jessica Wallace,206,7,15767,0,3,5,4,12,354,Loyal Customers
38340,Katherine Turner,345,7,20723,0,2,5,5,12,255,At Risk
38343,Debbie Novak,51,8,18109,0,5,5,4,14,554,Champions
38347,Regina Fischer,64,10,24216,1,4,5,5,14,455,Champions
38348,Jennifer Stein,91,6,18841,0,4,4,4,12,444,Champions
38349,Mark Benjamin MD,110,8,31576,0,4,5,5,14,455,Champions
38353,Heather Ray,54,7,23228,0,5,5,5,15,555,Champions
38360,Cameron Jackson,132,6,17459,0,4,4,4,12,444,Champions
38362,Kayla Keller,76,7,22244,0,4,5,5,14,455,Champions
38366,Peter Kelly,173,8,20454,0,3,5,5,13,355,Loyal Customers
38369,Manuel Boyd,394,8,28236,1,2,5,5,12,255,At Risk
38371,Grace Morgan,19,10,27139,0,5,5,5,15,555,Champions
38373,Shirley Howe,276,10,34580,0,2,5,5,12,255,At Risk
38374,Diane Chen,100,8,25187,0,4,5,5,14,455,Champions
38376,Sherry Ayala,20,8,17832,0,5,5,4,14,554,Champions
38380,Amanda Harris,23,5,15298,0,5,3,4,12,534,Potential Loyalists
38382,Timothy Zimmerman,114,8,15987,0,4,5,4,13,454,Champions
38383,Mark Richard,27,7,17333,0,5,5,4,14,554,Champions
38392,Miss Alicia Martin,22,7,15239,0,5,5,4,14,554,Champions
38394,Melissa Howard,20,7,21319,1,5,5,5,15,555,Champions
38402,Lisa Williams,72,7,23577,0,4,5,5,14,455,Champions
38407,Maureen Stewart,32,10,26946,0,5,5,5,15,555,Champions
38408,Monica Webb,97,6,15590,0,4,4,4,12,444,Champions
38410,Joel Arnold,29,6,16594,0,5,4,4,13,544,Champions
38411,Nicole Howard,69,6,17039,0,4,4,4,12,444,Champions
38412,Amanda Guzman,94,8,17495,0,4,5,4,13,454,Champions
38416,Jacob Craig,41,9,18435,0,5,5,4,14,554,Champions
38422,Amber Morris,361,9,22229,0,2,5,5,12,255,At Risk
38430,Jose Williams,135,6,18575,0,4,4,4,12,444,Champions
38440,Nicole Cross,179,9,27816,0,3,5,5,13,355,Loyal Customers
38442,Olivia Hodges,33,6,17393,0,5,4,4,13,544,Champions
38446,Catherine Nelson,134,9,27954,0,4,5,5,14,455,Champions
38448,Cathy Anderson,115,9,19777,0,4,5,5,14,455,Champions
38454,Tom Rowland,25,7,12849,0,5,5,3,13,553,Loyal Customers
38455,Christopher Jackson,132,8,16145,0,4,5,4,13,454,Champions
38459,Jesus Frank III,42,10,23869,1,5,5,5,15,555,Champions
38460,Tabitha Brown,11,6,11648,0,5,4,3,12,543,Loyal Customers
38461,Isaac Brown,31,7,14651,0,5,5,3,13,553,Loyal Customers
38466,William Gonzalez,5,8,25209,1,5,5,5,15,555,Champions
38469,Rick Ford,32,5,18363,0,5,3,4,12,534,Potential Loyalists
38470,Jessica Silva,53,6,15695,0,5,4,4,13,544,Champions
38475,Krystal Barnett,29,8,14252,0,5,5,3,13,553,Loyal Customers
38480,Joseph Perkins,112,11,32950,0,4,5,5,14,455,Champions
38481,Angela Alvarez,14,9,26139,0,5,5,5,15,555,Champions
38483,Andrew Solis,148,9,26270,0,3,5,5,13,355,Loyal Customers
38484,Lisa Pearson,21,11,34588,0,5,5,5,15,555,Champions
38486,Amanda Nielsen,189,8,24375,0,3,5,5,13,355,Loyal Customers
38488,Joseph Frank,97,8,15755,1,4,5,4,13,454,Champions
38490,Susan Sosa,7,7,25288,0,5,5,5,15,555,Champions
38494,Anthony Goodman,22,7,16696,0,5,5,4,14,554,Champions
38495,Jack Hernandez,233,7,17254,0,3,5,4,12,354,Loyal Customers
38496,Christina Jarvis,72,7,27544,0,4,5,5,14,455,Champions
38502,Kelsey Meyer,21,6,20188,0,5,4,5,14,545,Champions
38504,Elizabeth Wright,31,7,22044,0,5,5,5,15,555,Champions
38505,David Patterson,288,7,27123,0,2,5,5,12,255,At Risk
38507,Leah Case,47,5,15398,0,5,3,4,12,534,Potential Loyalists
38508,Joshua Butler,325,7,25328,0,2,5,5,12,255,At Risk
38512,Jennifer Flores,70,6,19319,0,4,4,5,13,445,Champions
38516,Sierra Hensley,13,6,16532,0,5,4,4,13,544,Champions
38517,Angel Gonzales,115,8,17983,0,4,5,4,13,454,Champions
38519,Peter Bell,65,8,24275,0,4,5,5,14,455,Champions
38520,Kaitlyn Mcintyre,153,7,21827,0,3,5,5,13,355,Loyal Customers
38522,Elizabeth Moran,111,8,17346,0,4,5,4,13,454,Champions
38526,Justin Vance,92,5,20829,0,4,3,5,12,435,Potential Loyalists
38531,Suzanne Mclean,55,8,23751,0,5,5,5,15,555,Champions
38533,Brian Young,27,8,25397,0,5,5,5,15,555,Champions
38534,Stacy Mendoza,64,10,27302,0,4,5,5,14,455,Champions
38539,Aaron Nielsen,233,9,17802,0,3,5,4,12,354,Loyal Customers
38540,Terri Kramer,53,7,20340,0,5,5,5,15,555,Champions
38541,Jonathan Ortiz,162,7,17583,1,3,5,4,12,354,Loyal Customers
38542,Timothy Rosales,424,9,22400,0,2,5,5,12,255,At Risk
38546,Zachary Reyes,66,7,21083,0,4,5,5,14,455,Champions
38550,Matthew Lewis,94,6,18076,0,4,4,4,12,444,Champions
38553,Luis Martinez,12,7,20050,0,5,5,5,15,555,Champions
38555,Steve Johnson,323,8,20192,0,2,5,5,12,255,At Risk
38557,Adam Simpson,88,7,14395,0,4,5,3,12,453,Loyal Customers
38562,Charles Harper,251,9,26379,1,2,5,5,12,255,At Risk
38563,Timothy Ferguson,2,6,12035,0,5,4,3,12,543,Loyal Customers
38566,Matthew Medina,5,9,20989,1,5,5,5,15,555,Champions
38577,Emily Adams,16,7,16511,0,5,5,4,14,554,Champions
38582,Sarah Thomas,149,9,26699,0,3,5,5,13,355,Loyal Customers
38583,Jacob Walls,69,6,20044,0,4,4,5,13,445,Champions
38584,Jason Arnold,187,7,20802,0,3,5,5,13,355,Loyal Customers
38593,Mark Cline Jr.,6,7,17929,0,5,5,4,14,554,Champions
38596,Juan Duran,109,10,30160,0,4,5,5,14,455,Champions
38597,Veronica Young,173,7,16439,0,3,5,4,12,354,Loyal Customers
38599,Lisa Butler,125,6,17776,0,4,4,4,12,444,Champions
38600,Stacey Mcconnell,10,8,26402,0,5,5,5,15,555,Champions
38604,Dr. Bradley Munoz,84,6,16441,0,4,4,4,12,444,Champions
38608,Gregory Simmons,84,8,14007,0,4,5,3,12,453,Loyal Customers
38610,Joshua Sandoval,10,6,16057,0,5,4,4,13,544,Champions
38612,Louis Sims,140,7,20191,0,3,5,5,13,355,Loyal Customers
38614,Linda Hurley,245,7,19674,0,2,5,5,12,255,At Risk
38618,Tiffany Anderson,270,10,31926,0,2,5,5,12,255,At Risk
38619,Sara Tran,394,9,26016,1,2,5,5,12,255,At Risk
38625,Jennifer Fowler,209,10,27702,0,3,5,5,13,355,Loyal Customers
38626,Eric Roth,56,8,25510,1,5,5,5,15,555,Champions
38627,Michael Smith,88,6,18120,0,4,4,4,12,444,Champions
38629,David Austin,91,9,26235,0,4,5,5,14,455,Champions
38630,Lindsey Mendoza,4,5,15658,0,5,3,4,12,534,Potential Loyalists
38632,Craig Rich,67,6,18267,0,4,4,4,12,444,Champions
38633,Trevor Elliott,150,9,24400,0,3,5,5,13,355,Loyal Customers
38634,Rebecca Martin,2,12,34753,1,5,5,5,15,555,Champions
38638,Dawn Bryant,88,7,18005,0,4,5,4,13,454,Champions
38642,Tammy Walters,4,9,34299,0,5,5,5,15,555,Champions
38645,Phyllis Braun,175,9,22783,0,3,5,5,13,355,Loyal Customers
38647,Jeffrey Lee,139,8,23869,0,3,5,5,13,355,Loyal Customers
38650,Connie Young,30,7,21700,0,5,5,5,15,555,Champions
38652,Laura Cole,128,7,21569,0,4,5,5,14,455,Champions
38657,Kevin Davis,160,10,18309,0,3,5,4,12,354,Loyal Customers
38661,Amber Clark,157,7,20013,0,3,5,5,13,355,Loyal Customers
38671,Cody Burke,26,6,17376,0,5,4,4,13,544,Champions
38673,Travis Baker,80,7,16469,0,4,5,4,13,454,Champions
38676,Thomas Mills,3,5,18191,0,5,3,4,12,534,Potential Loyalists
38677,Julie Jones,103,7,22997,0,4,5,5,14,455,Champions
38685,Wendy King,293,10,23676,0,2,5,5,12,255,At Risk
38689,William Waters,97,7,18081,0,4,5,4,13,454,Champions
38690,Nathaniel Harris,45,8,21721,0,5,5,5,15,555,Champions
38693,Robert Thomas MD,113,7,25213,0,4,5,5,14,455,Champions
38696,Christian Brown,69,8,29609,0,4,5,5,14,455,Champions
38704,David Peterson,138,6,20879,0,3,4,5,12,345,Loyal Customers
38705,Ariel Taylor,20,8,19965,0,5,5,5,15,555,Champions
38710,Marc Little,116,6,19736,0,4,4,5,13,445,Champions
38716,Michael Mosley,268,7,21089,0,2,5,5,12,255,At Risk
38717,Danielle Parker,35,9,20753,1,5,5,5,15,555,Champions
38719,Brooke Hopkins,231,7,20224,0,3,5,5,13,355,Loyal Customers
38720,Amanda Stone,175,7,21144,0,3,5,5,13,355,Loyal Customers
38724,Virginia Lopez,206,10,24159,0,3,5,5,13,355,Loyal Customers
38728,Craig Mann,40,8,27530,0,5,5,5,15,555,Champions
38729,Nicole Berry,237,10,15886,0,3,5,4,12,354,Loyal Customers
38731,Timothy Campbell,27,8,13560,0,5,5,3,13,553,Loyal Customers
38732,Lisa Mitchell,36,7,18034,0,5,5,4,14,554,Champions
38735,Robert Ball,67,7,22990,0,4,5,5,14,455,Champions
38745,Taylor Pearson,91,10,21707,0,4,5,5,14,455,Champions
38748,Ebony Smith,229,6,22649,1,3,4,5,12,345,Loyal Customers
38752,Catherine Garcia,23,6,16713,0,5,4,4,13,544,Champions
38759,Justin Hinton,31,9,21153,0,5,5,5,15,555,Champions
38765,Megan Mckee,43,7,18814,1,5,5,4,14,554,Champions
38766,Leonard Holland,134,8,17806,0,4,5,4,13,454,Champions
38767,Cheryl Miller,39,6,16044,0,5,4,4,13,544,Champions
38769,Amber Green,239,7,15216,0,3,5,4,12,354,Loyal Customers
38771,Mark Williams,29,8,19978,1,5,5,5,15,555,Champions
38780,Natasha Figueroa,53,9,31529,0,5,5,5,15,555,Champions
38783,Danielle Brock,138,9,24205,0,3,5,5,13,355,Loyal Customers
38791,Christopher Jones,83,9,29388,0,4,5,5,14,455,Champions
38792,Mary Price,124,10,25047,0,4,5,5,14,455,Champions
38794,Kevin Smith,8,8,19199,0,5,5,4,14,554,Champions
38805,Michael King,10,7,25073,0,5,5,5,15,555,Champions
38810,Michelle Campos,1,6,14954,0,5,4,4,13,544,Champions
38814,Deanna Pierce,44,5,15768,1,5,3,4,12,534,Potential Loyalists
38818,Margaret Anderson,88,7,18985,0,4,5,4,13,454,Champions
38819,Isaac Rogers,17,6,16985,1,5,4,4,13,544,Champions
38820,Robert Aguilar,102,7,17126,1,4,5,4,13,454,Champions
38821,Kristina Reed,26,7,20656,1,5,5,5,15,555,Champions
38826,Michelle Beck DDS,46,6,19699,0,5,4,5,14,545,Champions
38828,Amber Sheppard,73,7,15169,0,4,5,4,13,454,Champions
38830,Robert Lopez,63,9,19029,0,4,5,4,13,454,Champions
38834,Mary Hernandez,151,8,16173,1,3,5,4,12,354,Loyal Customers
38838,Craig Owens,73,7,21377,0,4,5,5,14,455,Champions
38842,Victoria Juarez,62,8,13587,1,4,5,3,12,453,Loyal Customers
38849,Bianca Acosta,236,8,22666,0,3,5,5,13,355,Loyal Customers
38853,Nicholas Mckinney,62,7,24455,0,4,5,5,14,455,Champions
38855,Amy Sullivan,50,8,20375,1,5,5,5,15,555,Champions
38862,Madison Cook,18,7,14906,0,5,5,4,14,554,Champions
38864,Linda Stewart,53,11,34499,0,5,5,5,15,555,Champions
38866,Terry Williams,15,10,25779,0,5,5,5,15,555,Champions
38867,Sara Rodriguez,146,7,18707,0,3,5,4,12,354,Loyal Customers
38873,Nancy Morris,22,6,20359,0,5,4,5,14,545,Champions
38876,Anthony Shepherd,76,9,19924,0,4,5,5,14,455,Champions
38877,Mark Whitney,129,8,24433,1,4,5,5,14,455,Champions
38879,Angela Smith,123,6,15427,0,4,4,4,12,444,Champions
38881,Kenneth Gomez,45,6,18797,1,5,4,4,13,544,Champions
38882,Laurie Jones,24,8,21768,1,5,5,5,15,555,Champions
38884,Priscilla Miller,131,9,31175,0,4,5,5,14,455,Champions
38887,Elizabeth Smith,120,6,15120,1,4,4,4,12,444,Champions
38889,Gerald Ponce,160,8,23140,0,3,5,5,13,355,Loyal Customers
38892,Autumn Miles,175,8,24576,0,3,5,5,13,355,Loyal Customers
38894,Jessica Gonzales,1,5,16887,0,5,3,4,12,534,Potential Loyalists
38896,Emily Harper,116,6,19008,0,4,4,4,12,444,Champions
38897,Joseph Lee,22,7,13591,0,5,5,3,13,553,Loyal Customers
38902,Tammy Wong,183,8,21372,0,3,5,5,13,355,Loyal Customers
38903,Jason Harris,140,6,20173,0,3,4,5,12,345,Loyal Customers
38910,Jeremy Moore,131,6,18072,1,4,4,4,12,444,Champions
38912,Kirk Johnson,1,7,13671,1,5,5,3,13,553,Loyal Customers
38914,Catherine Nicholson,6,13,40879,0,5,5,5,15,555,Champions
38925,Robert Taylor,60,13,30770,1,4,5,5,14,455,Champions
38932,Mary Spears,18,7,16377,0,5,5,4,14,554,Champions
38935,Michael Hunter,5,7,19326,0,5,5,5,15,555,Champions
38938,Christina Lewis,145,7,19207,0,3,5,4,12,354,Loyal Customers
38939,Dawn Wilson,38,7,16771,0,5,5,4,14,554,Champions
38945,Blake Gould,171,7,16894,1,3,5,4,12,354,Loyal Customers
38952,Danny Thompson,232,7,20068,0,3,5,5,13,355,Loyal Customers
38963,Kristen Bray,99,11,27966,0,4,5,5,14,455,Champions
38967,Marissa Padilla,138,6,21376,0,3,4,5,12,345,Loyal Customers
38968,Joshua Duran,57,7,15954,0,5,5,4,14,554,Champions
38969,Chloe Norris,111,7,16596,0,4,5,4,13,454,Champions
38973,Monica Price,56,8,22515,0,5,5,5,15,555,Champions
38975,Danielle Smith,13,11,28638,0,5,5,5,15,555,Champions
38978,Joshua Obrien,34,7,14179,1,5,5,3,13,553,Loyal Customers
38979,Mrs. Kathleen Dillon,67,7,23651,0,4,5,5,14,455,Champions
38983,Benjamin Lewis,18,6,12122,0,5,4,3,12,543,Loyal Customers
38985,George Howell,98,6,20747,0,4,4,5,13,445,Champions
38989,Richard Tate,72,7,17961,0,4,5,4,13,454,Champions
38993,Heather Boone,29,8,19703,1,5,5,5,15,555,Champions
38995,Cody Petersen,45,5,16533,0,5,3,4,12,534,Potential Loyalists
38996,Melissa Silva,56,7,19367,0,5,5,5,15,555,Champions
39001,Emily Winters,26,5,14856,0,5,3,4,12,534,Potential Loyalists
39002,Christopher Wheeler,22,6,18394,0,5,4,4,13,544,Champions
39003,Brianna Miles,31,10,26903,0,5,5,5,15,555,Champions
39006,Sheila Wagner,210,6,23005,0,3,4,5,12,345,Loyal Customers
39009,Nicole Kelley,95,9,23576,1,4,5,5,14,455,Champions
39014,Stephen Nielsen,120,9,16771,0,4,5,4,13,454,Champions
39015,Elizabeth Freeman,149,7,19669,0,3,5,5,13,355,Loyal Customers
39017,Andrea Ellis,19,6,21419,0,5,4,5,14,545,Champions
39019,James Carroll,425,8,26255,0,2,5,5,12,255,At Risk
39024,Carly Cardenas,41,8,14545,1,5,5,3,13,553,Loyal Customers
39025,Jacob Hoffman,133,9,25189,0,4,5,5,14,455,Champions
39026,Amanda Hernandez,69,8,22891,1,4,5,5,14,455,Champions
39030,Dr. Justin Roth,27,8,23625,0,5,5,5,15,555,Champions
39038,Jennifer King,98,9,25440,0,4,5,5,14,455,Champions
39039,Stephanie Hawkins,10,7,20604,1,5,5,5,15,555,Champions
39041,Melissa Sampson,12,8,29370,1,5,5,5,15,555,Champions
39044,Helen Smith,24,5,19398,0,5,3,5,13,535,Potential Loyalists
39045,Vincent Miller,38,6,12415,0,5,4,3,12,543,Loyal Customers
39047,Spencer Anderson,68,7,24021,0,4,5,5,14,455,Champions
39055,Cassandra Jordan,185,7,20281,0,3,5,5,13,355,Loyal Customers
39056,Mary Wade,61,6,21137,1,4,4,5,13,445,Champions
39058,Thomas Sullivan,24,7,19108,0,5,5,4,14,554,Champions
39065,Mrs. Nicole Fernandez,79,8,22469,0,4,5,5,14,455,Champions
39067,Brianna Austin,57,6,14547,0,5,4,3,12,543,Loyal Customers
39071,Sarah Watkins,16,6,20878,0,5,4,5,14,545,Champions
39078,Stuart Gordon,9,7,26417,0,5,5,5,15,555,Champions
39080,Leslie Martin,70,6,16793,0,4,4,4,12,444,Champions
39082,Jennifer Hooper,138,8,15509,0,3,5,4,12,354,Loyal Customers
39084,Emily Anderson,44,6,16800,0,5,4,4,13,544,Champions
39087,Sarah Dixon,52,6,14185,0,5,4,3,12,543,Loyal Customers
39093,Brittany Kane,107,6,17878,0,4,4,4,12,444,Champions
39095,Brian Wilson,129,6,16891,0,4,4,4,12,444,Champions
39098,James Nixon,169,11,32467,0,3,5,5,13,355,Loyal Customers
39101,Jorge Chavez,30,7,13085,0,5,5,3,13,553,Loyal Customers
39103,Sean Johnson,189,7,15695,0,3,5,4,12,354,Loyal Customers
39106,Juan Rollins,55,6,13194,0,5,4,3,12,543,Loyal Customers
39107,Benjamin Wise,46,8,24676,0,5,5,5,15,555,Champions
39112,Anthony Johnson,62,6,20222,0,4,4,5,13,445,Champions
39115,Jennifer Gordon,123,7,13885,1,4,5,3,12,453,Loyal Customers
39117,Lindsay Walker,94,9,23402,1,4,5,5,14,455,Champions
39119,Rhonda Ellis,20,6,15596,0,5,4,4,13,544,Champions
39121,Kimberly Smith,86,7,19054,0,4,5,4,13,454,Champions
39126,Joseph Rice,43,5,19777,1,5,3,5,13,535,Potential Loyalists
39127,James Macias,61,9,20583,0,4,5,5,14,455,Champions
39128,Scott Walker,85,10,29180,0,4,5,5,14,455,Champions
39133,Daniel Owens,11,6,15386,0,5,4,4,13,544,Champions
39146,Kevin Moore,1,7,14772,0,5,5,3,13,553,Loyal Customers
39150,Craig Murray,67,9,21674,0,4,5,5,14,455,Champions
39151,Jeanette Wong,65,8,23581,0,4,5,5,14,455,Champions
39152,Sandra James,123,8,24261,1,4,5,5,14,455,Champions
39156,Vanessa Larson,28,7,20948,0,5,5,5,15,555,Champions
39158,Cassandra Contreras,55,7,14056,0,5,5,3,13,553,Loyal Customers
39160,Mark Curry,163,7,15750,0,3,5,4,12,354,Loyal Customers
39162,James Nichols,85,9,32575,0,4,5,5,14,455,Champions
39176,Terry Coleman,9,7,16164,0,5,5,4,14,554,Champions
39179,Ana Williams,119,6,15178,0,4,4,4,12,444,Champions
39180,Dr. Jesus Riley,344,10,27734,0,2,5,5,12,255,At Risk
39187,Jessica Mclaughlin,35,11,19549,0,5,5,5,15,555,Champions
39193,Tamara Casey,226,6,22901,0,3,4,5,12,345,Loyal Customers
39196,Linda Haney,12,8,20450,0,5,5,5,15,555,Champions
39198,Carlos Cole,238,7,15358,0,3,5,4,12,354,Loyal Customers
39204,Steven West,99,6,24707,0,4,4,5,13,445,Champions
39209,Timothy Sanchez,67,6,14940,0,4,4,4,12,444,Champions
39216,Sean Marshall,82,6,17394,0,4,4,4,12,444,Champions
39218,Alexis Holden,0,8,18592,0,5,5,4,14,554,Champions
39219,Andrew Nichols,270,9,22854,0,2,5,5,12,255,At Risk
39221,Thomas Joyce,77,6,18139,0,4,4,4,12,444,Champions
39224,Antonio Spears,146,9,31225,0,3,5,5,13,355,Loyal Customers
39235,Amanda Conway,99,6,22845,1,4,4,5,13,445,Champions
39237,Tara Hernandez,151,7,23309,0,3,5,5,13,355,Loyal Customers
39238,Evan Flores,44,8,26762,0,5,5,5,15,555,Champions
39240,Mrs. Mary Smith,373,8,20460,0,2,5,5,12,255,At Risk
39241,Virginia Chen,199,8,24710,0,3,5,5,13,355,Loyal Customers
39242,Jennifer Phillips,42,6,12116,0,5,4,3,12,543,Loyal Customers
39248,James Phillips,157,7,16012,0,3,5,4,12,354,Loyal Customers
39249,Tim Mitchell,6,7,16739,0,5,5,4,14,554,Champions
39251,Abigail Blankenship,201,8,20054,1,3,5,5,13,355,Loyal Customers
39252,Shawna Perry,227,8,20637,1,3,5,5,13,355,Loyal Customers
39255,Roger Rosario,43,7,23174,0,5,5,5,15,555,Champions
39263,Michael Lynch MD,221,9,24482,0,3,5,5,13,355,Loyal Customers
39274,Brandy Bowman,20,9,13537,0,5,5,3,13,553,Loyal Customers
39277,Noah Lane,49,11,20978,0,5,5,5,15,555,Champions
39279,Mrs. Hannah Marshall,94,8,23707,0,4,5,5,14,455,Champions
39284,Jennifer Lane,30,8,31621,0,5,5,5,15,555,Champions
39285,Joseph Spears,28,7,17331,0,5,5,4,14,554,Champions
39286,Steven Harvey,42,6,12421,0,5,4,3,12,543,Loyal Customers
39288,Mr. John Robinson,209,9,22176,0,3,5,5,13,355,Loyal Customers
39292,Michael Whitaker,76,9,25628,0,4,5,5,14,455,Champions
39293,Donald Torres,1,6,14965,1,5,4,4,13,544,Champions
39298,Matthew Stewart,366,7,19390,0,2,5,5,12,255,At Risk
39299,Larry Atkinson,50,8,16115,0,5,5,4,14,554,Champions
39301,Danny Arnold,165,7,19672,0,3,5,5,13,355,Loyal Customers
39304,Christopher Graham,231,7,16600,1,3,5,4,12,354,Loyal Customers
39312,Matthew Davis,19,7,23783,1,5,5,5,15,555,Champions
39322,Brittany Price,6,8,24744,1,5,5,5,15,555,Champions
39324,Rebecca Todd,58,6,20654,0,5,4,5,14,545,Champions
39327,Frederick Lewis,120,6,15971,0,4,4,4,12,444,Champions
39335,Matthew Potter,9,8,20013,0,5,5,5,15,555,Champions
39338,Christina Rivera,184,8,15858,0,3,5,4,12,354,Loyal Customers
39346,Barbara Horton MD,27,8,23077,0,5,5,5,15,555,Champions
39347,Amy Arroyo,193,7,17739,0,3,5,4,12,354,Loyal Customers
39353,Kelly Kirk,47,9,23788,0,5,5,5,15,555,Champions
39354,Diamond Richard,83,8,22623,0,4,5,5,14,455,Champions
39359,Richard Bond,26,8,23301,0,5,5,5,15,555,Champions
39364,Tracy Tyler,14,7,11743,0,5,5,3,13,553,Loyal Customers
39368,Joshua Hartman,96,6,17803,1,4,4,4,12,444,Champions
39371,Dominique Rivera,72,9,20837,0,4,5,5,14,455,Champions
39372,Brandon Carter,201,7,15091,0,3,5,4,12,354,Loyal Customers
39373,Shane Clark,72,8,20274,0,4,5,5,14,455,Champions
39391,Karen Smith,65,9,21968,0,4,5,5,14,455,Champions
39393,Richard Kelly,47,5,17319,1,5,3,4,12,534,Potential Loyalists
39394,Michael Neal,63,7,15934,0,4,5,4,13,454,Champions
39397,David Burgess,134,6,17588,0,4,4,4,12,444,Champions
39403,Lauren Weber,128,7,18234,1,4,5,4,13,454,Champions
39408,Kimberly Carter,218,8,20567,0,3,5,5,13,355,Loyal Customers
39410,Brian Thompson,26,7,19088,0,5,5,4,14,554,Champions
39413,Heather Gordon,100,7,12563,0,4,5,3,12,453,Loyal Customers
39426,Aaron Parrish,176,8,23037,0,3,5,5,13,355,Loyal Customers
39433,Amanda Stafford,209,6,21337,0,3,4,5,12,345,Loyal Customers
39435,Joseph Johnson,33,6,16758,1,5,4,4,13,544,Champions
39436,Amy Cohen,89,9,26159,1,4,5,5,14,455,Champions
39437,Cindy Charles,53,5,19617,0,5,3,5,13,535,Potential Loyalists
39439,Trevor Burke,40,6,22502,0,5,4,5,14,545,Champions
39440,Casey Orr,396,8,21121,0,2,5,5,12,255,At Risk
39441,Matthew Simpson,106,6,20964,0,4,4,5,13,445,Champions
39444,Albert Morales,56,6,14007,1,5,4,3,12,543,Loyal Customers
39447,Kenneth Moore,150,7,17226,0,3,5,4,12,354,Loyal Customers
39448,Adam Beck,212,8,20210,0,3,5,5,13,355,Loyal Customers
39449,Joseph Morris,169,8,30786,1,3,5,5,13,355,Loyal Customers
39451,Daniel Figueroa,32,7,19591,0,5,5,5,15,555,Champions
39454,Deanna Edwards,145,7,21185,0,3,5,5,13,355,Loyal Customers
39455,Erika Jensen,50,7,16562,1,5,5,4,14,554,Champions
39456,Christopher May,36,9,24924,0,5,5,5,15,555,Champions
39458,Stacey Hogan,46,7,23926,1,5,5,5,15,555,Champions
39463,Melissa Wyatt,109,7,21017,0,4,5,5,14,455,Champions
39466,Regina Taylor,22,7,22045,0,5,5,5,15,555,Champions
39471,Michael Murray,20,8,22940,0,5,5,5,15,555,Champions
39480,Angel Buchanan,14,6,15863,0,5,4,4,13,544,Champions
39484,Blake Hale,64,9,16835,0,4,5,4,13,454,Champions
39488,Tracey Arroyo,23,9,28594,1,5,5,5,15,555,Champions
39489,Toni Thornton,142,10,32515,0,3,5,5,13,355,Loyal Customers
39492,Tyler Garcia,55,6,17571,0,5,4,4,13,544,Champions
39493,Angela Turner,96,7,16415,0,4,5,4,13,454,Champions
39494,Kimberly Hayes,64,7,21970,1,4,5,5,14,455,Champions
39498,James Watson,49,6,17019,0,5,4,4,13,544,Champions
39499,John Munoz,70,9,23031,1,4,5,5,14,455,Champions
39502,Patricia Salinas,19,8,15978,0,5,5,4,14,554,Champions
39504,Randy Ramos PhD,94,9,23003,1,4,5,5,14,455,Champions
39506,Curtis Johnson,175,10,28925,0,3,5,5,13,355,Loyal Customers
39507,Sean Thomas,184,8,17108,0,3,5,4,12,354,Loyal Customers
39510,Alejandra Brown,69,7,25294,0,4,5,5,14,455,Champions
39515,Jessica Thomas,65,10,22747,1,4,5,5,14,455,Champions
39517,Carrie Jackson,204,8,20826,0,3,5,5,13,355,Loyal Customers
39519,Michael Hughes,105,9,26680,1,4,5,5,14,455,Champions
39524,Gregory Hill,90,8,13483,0,4,5,3,12,453,Loyal Customers
39530,John Rich,117,9,24205,0,4,5,5,14,455,Champions
39533,Robert Manning,20,8,21857,0,5,5,5,15,555,Champions
39543,Joshua Edwards,7,9,19198,1,5,5,4,14,554,Champions
39544,Kenneth Brewer,73,10,32108,0,4,5,5,14,455,Champions
39548,Tiffany Garcia,132,9,23632,0,4,5,5,14,455,Champions
39554,Kelli Valencia,45,6,20539,0,5,4,5,14,545,Champions
39555,Lisa Martin,4,7,17619,0,5,5,4,14,554,Champions
39556,Courtney Johnson,52,7,21424,0,5,5,5,15,555,Champions
39565,Heather Wagner,24,7,23700,0,5,5,5,15,555,Champions
39575,Jonathan Burke,88,6,20605,0,4,4,5,13,445,Champions
39581,Matthew Carr,218,10,25729,0,3,5,5,13,355,Loyal Customers
39583,Melissa Roberson,240,9,25737,0,3,5,5,13,355,Loyal Customers
39586,Stephanie Gonzalez,71,8,12625,0,4,5,3,12,453,Loyal Customers
39588,Jenny Wells,363,7,19643,1,2,5,5,12,255,At Risk
39589,Christopher Rowe,324,7,23322,0,2,5,5,12,255,At Risk
39592,Lauren Moore,13,8,21763,0,5,5,5,15,555,Champions
39595,William Nelson,26,9,16232,1,5,5,4,14,554,Champions
39600,David Fernandez,202,6,23783,0,3,4,5,12,345,Loyal Customers
39601,Manuel Stewart,216,7,23986,0,3,5,5,13,355,Loyal Customers
39608,Christine Cabrera,17,5,15630,0,5,3,4,12,534,Potential Loyalists
39613,Andre Bennett,67,10,24415,0,4,5,5,14,455,Champions
39616,Theresa Gutierrez,0,8,20174,0,5,5,5,15,555,Champions
39622,Joseph Pineda,112,8,21073,0,4,5,5,14,455,Champions
39633,Olivia Faulkner,54,5,17610,0,5,3,4,12,534,Potential Loyalists
39634,William Gomez,74,6,22137,0,4,4,5,13,445,Champions
39641,Debra Dixon,96,6,15352,1,4,4,4,12,444,Champions
39646,Alexis Benson,1,6,12338,0,5,4,3,12,543,Loyal Customers
39647,Melanie Lee,257,8,21048,0,2,5,5,12,255,At Risk
39648,Mike Graham,48,10,22972,0,5,5,5,15,555,Champions
39649,Thomas Bradley,166,12,29657,0,3,5,5,13,355,Loyal Customers
39650,Scott Alvarado,339,9,25341,0,2,5,5,12,255,At Risk
39651,Michelle Moon,135,6,14868,0,4,4,4,12,444,Champions
39652,Phillip Cohen Jr.,191,6,21147,0,3,4,5,12,345,Loyal Customers
39667,Ryan Riley,57,6,13959,0,5,4,3,12,543,Loyal Customers
39670,Andre Hunt,8,8,17315,0,5,5,4,14,554,Champions
39673,Mark Carney,96,9,26277,0,4,5,5,14,455,Champions
39675,Bruce Barrett,4,6,13572,0,5,4,3,12,543,Loyal Customers
39677,Thomas Hill,127,8,32129,0,4,5,5,14,455,Champions
39678,Hunter Wells,17,10,27619,0,5,5,5,15,555,Champions
39679,Nicholas Palmer,22,7,18254,0,5,5,4,14,554,Champions
39680,Stephanie Fitzgerald,94,9,20327,0,4,5,5,14,455,Champions
39681,Steven Rivera,323,7,20007,1,2,5,5,12,255,At Risk
39682,Grace Rodriguez,192,8,19952,0,3,5,5,13,355,Loyal Customers
39690,Mr. Jerry Turner,22,5,18227,0,5,3,4,12,534,Potential Loyalists
39698,Brandy Waters,1,10,25639,0,5,5,5,15,555,Champions
39699,Andrew Olson,110,9,24961,1,4,5,5,14,455,Champions
39701,Catherine Williams,15,9,25460,0,5,5,5,15,555,Champions
39702,Jose Browning,142,7,18021,0,3,5,4,12,354,Loyal Customers
39704,Samantha Hill,25,7,18976,0,5,5,4,14,554,Champions
39711,Curtis Franklin,117,6,17655,0,4,4,4,12,444,Champions
39713,Jamie Jones,35,5,19701,0,5,3,5,13,535,Potential Loyalists
39714,Mary Parks,76,9,22977,0,4,5,5,14,455,Champions
39716,Evan Huffman,41,6,17311,1,5,4,4,13,544,Champions
39719,Jeffrey Banks,2,7,18828,0,5,5,4,14,554,Champions
39722,Tiffany Galloway,40,9,22009,1,5,5,5,15,555,Champions
39729,Melissa Parrish,278,7,27379,0,2,5,5,12,255,At Risk
39735,Alexander Garrett,302,7,20286,0,2,5,5,12,255,At Risk
39736,Sergio Avila,262,9,20565,0,2,5,5,12,255,At Risk
39737,Emily Roberts,29,6,13726,1,5,4,3,12,543,Loyal Customers
39739,Patricia Smith,16,7,17379,0,5,5,4,14,554,Champions
39742,James Hill,104,9,25769,0,4,5,5,14,455,Champions
39749,Gabrielle Holland,165,7,16930,0,3,5,4,12,354,Loyal Customers
39758,Brian Hayes,172,9,24682,0,3,5,5,13,355,Loyal Customers
39759,Michael Hicks,264,7,24760,0,2,5,5,12,255,At Risk
39763,Bruce Carney,93,9,24002,1,4,5,5,14,455,Champions
39768,Christine Nelson,116,10,21748,0,4,5,5,14,455,Champions
39773,Antonio Rogers,171,7,16231,0,3,5,4,12,354,Loyal Customers
39778,Kendra Robinson,34,9,21344,0,5,5,5,15,555,Champions
39781,Crystal Moreno,95,8,19812,0,4,5,5,14,455,Champions
39784,Maria French,51,7,20525,0,5,5,5,15,555,Champions
39786,Kimberly Rice,125,6,19125,1,4,4,4,12,444,Champions
39792,Tammy Small,10,6,16623,0,5,4,4,13,544,Champions
39797,Tyler Cook,2,7,15343,0,5,5,4,14,554,Champions
39798,Lisa Wilcox,252,7,21484,0,2,5,5,12,255,At Risk
39805,Matthew Howard,9,6,15725,0,5,4,4,13,544,Champions
39807,Lauren Robertson,102,5,19702,1,4,3,5,12,435,Potential Loyalists
39812,Benjamin Fletcher,16,7,15599,0,5,5,4,14,554,Champions
39817,Dr. Courtney Foster,194,17,51718,0,3,5,5,13,355,Loyal Customers
39820,Justin Nguyen,128,9,21320,0,4,5,5,14,455,Champions
39822,Joshua Salinas,228,8,23261,1,3,5,5,13,355,Loyal Customers
39823,Joseph Estes,18,8,28419,0,5,5,5,15,555,Champions
39824,Sandra Walter,85,11,22064,1,4,5,5,14,455,Champions
39825,Melissa Frey,278,7,21365,1,2,5,5,12,255,At Risk
39829,James Anderson PhD,63,6,20971,0,4,4,5,13,445,Champions
39831,Tara Sanchez,117,6,20150,0,4,4,5,13,445,Champions
39836,Keith Thomas,154,7,23572,1,3,5,5,13,355,Loyal Customers
39838,Dr. Casey Gentry,25,6,17992,0,5,4,4,13,544,Champions
39841,Jaclyn Morgan,74,8,23471,0,4,5,5,14,455,Champions
39842,Dale Anderson,68,6,23336,0,4,4,5,13,445,Champions
39845,Daisy Gomez,0,6,22216,0,5,4,5,14,545,Champions
39848,Mr. Justin Wilson Jr.,49,7,16652,0,5,5,4,14,554,Champions
39853,Stacie Jackson,34,6,23213,0,5,4,5,14,545,Champions
39857,Michael Anthony,154,7,19119,0,3,5,4,12,354,Loyal Customers
39859,Laura Bender,80,7,15631,0,4,5,4,13,454,Champions
39864,Amanda Clark,8,6,16679,0,5,4,4,13,544,Champions
39865,Herbert Edwards,62,10,23444,0,4,5,5,14,455,Champions
39871,Kathy Braun,53,7,16562,0,5,5,4,14,554,Champions
39873,Ethan Lamb,220,6,19487,1,3,4,5,12,345,Loyal Customers
39874,Melissa Reed,7,9,21676,0,5,5,5,15,555,Champions
39878,Joel Ramos,3,6,13161,0,5,4,3,12,543,Loyal Customers
39879,Philip Richardson,4,8,24981,1,5,5,5,15,555,Champions
39882,James Wheeler,38,7,18660,0,5,5,4,14,554,Champions
39888,Amy Mccoy,123,10,28751,0,4,5,5,14,455,Champions
39889,Paul Palmer,22,6,17088,0,5,4,4,13,544,Champions
39891,Kaitlyn Ross,100,8,22528,0,4,5,5,14,455,Champions
39906,Maureen Warren,46,7,24753,0,5,5,5,15,555,Champions
39907,April Mitchell,23,5,16846,0,5,3,4,12,534,Potential Loyalists
39914,Justin Santiago,18,9,28548,0,5,5,5,15,555,Champions
39916,Lisa Estes,54,9,14170,0,5,5,3,13,553,Loyal Customers
39917,Scott Mcdonald,180,6,21465,0,3,4,5,12,345,Loyal Customers
39918,Lindsay Miller,90,6,17534,0,4,4,4,12,444,Champions
39920,Andrew Zimmerman,49,8,16423,0,5,5,4,14,554,Champions
39921,Betty Atkinson,231,8,17108,0,3,5,4,12,354,Loyal Customers
39926,Shirley Montgomery,169,8,21909,1,3,5,5,13,355,Loyal Customers
39929,Carolyn Flores,68,6,16426,0,4,4,4,12,444,Champions
39930,Laura Lee,412,8,26779,0,2,5,5,12,255,At Risk
39935,Anna Melendez,186,7,21583,0,3,5,5,13,355,Loyal Customers
39937,Jill Lane,34,5,17221,1,5,3,4,12,534,Potential Loyalists
39939,Jason White,193,9,22500,0,3,5,5,13,355,Loyal Customers
39942,Katrina James,275,10,32921,0,2,5,5,12,255,At Risk
39944,Joseph Schmitt,361,9,23182,0,2,5,5,12,255,At Risk
39945,Rachel Allen,54,6,21875,1,5,4,5,14,545,Champions
39947,Ashley Hoffman,246,8,20282,1,2,5,5,12,255,At Risk
39954,Jermaine Fernandez DDS,187,6,24963,0,3,4,5,12,345,Loyal Customers
39959,Ashley Graham,96,6,15963,0,4,4,4,12,444,Champions
39963,Carl Maldonado,69,7,23465,0,4,5,5,14,455,Champions
39964,Tyler Duncan,33,8,26424,1,5,5,5,15,555,Champions
39977,Suzanne Myers,149,7,15106,0,3,5,4,12,354,Loyal Customers
39979,Taylor Rose DDS,9,10,30359,0,5,5,5,15,555,Champions
39983,Samantha Fields,243,10,26943,0,2,5,5,12,255,At Risk
39985,Carl Lewis,108,6,18359,1,4,4,4,12,444,Champions
39994,Jennifer Willis,97,9,29856,0,4,5,5,14,455,Champions
39995,Kyle Kennedy,391,7,23383,0,2,5,5,12,255,At Risk
40000,Renee Mcdowell,110,6,17280,0,4,4,4,12,444,Champions
40004,Nicole Conley,102,8,20289,0,4,5,5,14,455,Champions
40009,Ryan Haney,201,7,21780,0,3,5,5,13,355,Loyal Customers
40011,Marcus Carson,36,10,23641,1,5,5,5,15,555,Champions
40015,Ms. Maria Gould,68,6,18932,0,4,4,4,12,444,Champions
40022,Jason Norris,69,6,17374,0,4,4,4,12,444,Champions
40024,Kristie Thomas,84,8,18396,0,4,5,4,13,454,Champions
40029,John Delgado,25,6,16334,0,5,4,4,13,544,Champions
40033,Allison Hammond,29,7,13462,0,5,5,3,13,553,Loyal Customers
40034,Brandon Sims DVM,84,9,26501,0,4,5,5,14,455,Champions
40039,April Barnes,55,5,16411,0,5,3,4,12,534,Potential Loyalists
40042,Heather Peterson,77,7,19073,0,4,5,4,13,454,Champions
40045,Jennifer Montes,197,7,14811,0,3,5,4,12,354,Loyal Customers
40047,Albert Boyle,39,7,24256,1,5,5,5,15,555,Champions
40053,Russell Kelly,69,8,24772,1,4,5,5,14,455,Champions
40054,Steven Reynolds,151,9,23707,0,3,5,5,13,355,Loyal Customers
40058,Charles Davidson,44,10,32996,1,5,5,5,15,555,Champions
40061,Charles Williams,154,11,37172,0,3,5,5,13,355,Loyal Customers
40067,George Martinez,33,7,20566,0,5,5,5,15,555,Champions
40069,Lisa Santiago,94,7,12146,0,4,5,3,12,453,Loyal Customers
40075,Darren Rodriguez,335,9,28923,0,2,5,5,12,255,At Risk
40077,Jacob Dixon,55,7,25093,0,5,5,5,15,555,Champions
40078,Emma Tran,34,5,15421,1,5,3,4,12,534,Potential Loyalists
40080,Megan Lopez,17,8,20944,0,5,5,5,15,555,Champions
40084,Amy Mercado,123,6,20588,0,4,4,5,13,445,Champions
40090,Michael Rojas,63,6,16223,1,4,4,4,12,444,Champions
40092,Crystal Sandoval,207,6,20526,0,3,4,5,12,345,Loyal Customers
40094,Maria Anderson,382,7,22197,0,2,5,5,12,255,At Risk
40095,Mrs. Kristy Wolf,64,8,23535,0,4,5,5,14,455,Champions
40098,Bradley Hebert,232,6,23098,1,3,4,5,12,345,Loyal Customers
40099,Tara Miller,127,8,26562,1,4,5,5,14,455,Champions
40104,Jonathon Newton,72,8,27506,0,4,5,5,14,455,Champions
40124,Amber Martinez,19,6,17405,0,5,4,4,13,544,Champions
40127,Aaron Hansen,115,6,16760,0,4,4,4,12,444,Champions
40129,Sarah Payne,175,9,26807,0,3,5,5,13,355,Loyal Customers
40132,Isaiah King,115,6,17818,1,4,4,4,12,444,Champions
40133,Rachel Choi,25,8,25402,0,5,5,5,15,555,Champions
40142,Jessica Kennedy,145,6,20470,0,3,4,5,12,345,Loyal Customers
40146,Dr. Jimmy Sharp,238,8,28515,0,3,5,5,13,355,Loyal Customers
40148,Kyle Reyes,153,9,22189,0,3,5,5,13,355,Loyal Customers
40149,Ashley Medina,82,8,21327,0,4,5,5,14,455,Champions
40150,Jasmine Green,423,8,22835,0,2,5,5,12,255,At Risk
40156,Jonathan Watson,96,6,17118,1,4,4,4,12,444,Champions
40158,Sean Lawson,29,10,23138,0,5,5,5,15,555,Champions
40160,Terri Hale,18,5,17686,1,5,3,4,12,534,Potential Loyalists
40162,Adrian Bautista,131,5,21137,0,4,3,5,12,435,Potential Loyalists
40167,Sheila Allen,47,5,17190,0,5,3,4,12,534,Potential Loyalists
40173,April Hawkins,20,8,26125,0,5,5,5,15,555,Champions
40180,Kimberly Johnson,129,7,17309,0,4,5,4,13,454,Champions
40183,Charles Ryan,36,9,25551,0,5,5,5,15,555,Champions
40186,Donald Chan,11,10,32794,0,5,5,5,15,555,Champions
40190,Christopher Owens,86,9,24588,0,4,5,5,14,455,Champions
40191,Kim Beck,64,6,21236,1,4,4,5,13,445,Champions
40200,Nicholas Chandler,26,9,24439,0,5,5,5,15,555,Champions
40201,Tyler Thomas,137,11,24174,0,3,5,5,13,355,Loyal Customers
40202,Cheryl Olson,44,6,15393,1,5,4,4,13,544,Champions
40211,Kelly Hunt,270,8,24957,0,2,5,5,12,255,At Risk
40213,Kristen Miller,0,8,24188,0,5,5,5,15,555,Champions
40219,Duane Jackson,40,8,17928,1,5,5,4,14,554,Champions
40221,Erica Martin,31,7,17750,1,5,5,4,14,554,Champions
40222,Donald Russo,55,7,17756,1,5,5,4,14,554,Champions
40227,John Rogers,63,6,17068,0,4,4,4,12,444,Champions
40229,Sarah Mooney,29,6,17021,0,5,4,4,13,544,Champions
40233,Jessica Thompson,79,7,20728,0,4,5,5,14,455,Champions
40235,Clarence Smith,52,9,30933,0,5,5,5,15,555,Champions
40237,Christopher Melton,58,9,19549,0,5,5,5,15,555,Champions
40239,Kevin Figueroa,102,6,16797,0,4,4,4,12,444,Champions
40241,Nathan Hernandez,21,8,24439,1,5,5,5,15,555,Champions
40251,Sara Singh,88,7,21702,0,4,5,5,14,455,Champions
40253,Crystal Carter,229,9,29289,0,3,5,5,13,355,Loyal Customers
40263,Patrick Maddox,173,8,27584,0,3,5,5,13,355,Loyal Customers
40267,Andrea Williams,23,8,24999,1,5,5,5,15,555,Champions
40270,Roger Brown,137,7,16565,0,3,5,4,12,354,Loyal Customers
40272,James Torres,53,6,19028,0,5,4,4,13,544,Champions
40278,Tanya Burke,19,6,12650,0,5,4,3,12,543,Loyal Customers
40281,Alicia Knight,44,6,20858,0,5,4,5,14,545,Champions
40283,Alex Ruiz,9,4,15032,1,5,3,4,12,534,Potential Loyalists
40290,Sean Flores,329,7,19893,0,2,5,5,12,255,At Risk
40300,Jonathan Wright,82,8,28844,1,4,5,5,14,455,Champions
40301,Eric Nixon,360,9,22833,0,2,5,5,12,255,At Risk
40303,Alexander Smith,49,9,23508,1,5,5,5,15,555,Champions
40307,Andrea Sampson,40,7,15629,1,5,5,4,14,554,Champions
40310,Ethan Simpson,215,7,28178,0,3,5,5,13,355,Loyal Customers
40311,John Kelley,35,6,18784,1,5,4,4,13,544,Champions
40313,Eric Doyle,48,7,18135,0,5,5,4,14,554,Champions
40318,Debra Daniels,47,6,13334,1,5,4,3,12,543,Loyal Customers
40324,Jeffrey Cortez,24,5,15914,0,5,3,4,12,534,Potential Loyalists
40327,Megan Schneider,161,7,18756,0,3,5,4,12,354,Loyal Customers
40331,Dennis Howell,82,8,21011,0,4,5,5,14,455,Champions
40340,Jacob Knapp,65,11,38107,0,4,5,5,14,455,Champions
40344,April Hess,21,10,19398,1,5,5,5,15,555,Champions
40345,Kimberly Kelley,305,8,21543,0,2,5,5,12,255,At Risk
40347,Kenneth Blake,156,8,25532,0,3,5,5,13,355,Loyal Customers
40352,Kenneth Miles,57,7,19776,0,5,5,5,15,555,Champions
40354,Eric Brown,423,7,22324,0,2,5,5,12,255,At Risk
40359,Wendy Davidson,65,10,24255,0,4,5,5,14,455,Champions
40360,Cynthia Smith MD,145,8,20393,0,3,5,5,13,355,Loyal Customers
40363,Craig Turner,277,8,32976,0,2,5,5,12,255,At Risk
40367,Ryan Grant,180,8,23256,1,3,5,5,13,355,Loyal Customers
40371,Steven Johnson,15,5,15195,0,5,3,4,12,534,Potential Loyalists
40373,Jerry Payne,197,7,21372,0,3,5,5,13,355,Loyal Customers
40379,Christopher Carter,27,6,16706,0,5,4,4,13,544,Champions
40385,Aaron Clark,103,10,30468,0,4,5,5,14,455,Champions
40386,Samantha Ward,160,7,20690,0,3,5,5,13,355,Loyal Customers
40387,Keith Silva,21,5,19290,0,5,3,5,13,535,Potential Loyalists
40395,Robert Howard,129,6,16287,0,4,4,4,12,444,Champions
40399,Amber Duncan,229,10,33043,0,3,5,5,13,355,Loyal Customers
40405,Michelle Hawkins,2,7,18068,0,5,5,4,14,554,Champions
40407,Jeanne Garrison,63,6,18965,0,4,4,4,12,444,Champions
40408,Crystal Price,184,9,20316,1,3,5,5,13,355,Loyal Customers
40409,Jason Perez,19,7,25357,0,5,5,5,15,555,Champions
40411,Matthew Williams,24,5,16648,0,5,3,4,12,534,Potential Loyalists
40415,Jeffrey Hernandez,12,7,18124,0,5,5,4,14,554,Champions
40417,Ronald Webb,195,6,20904,0,3,4,5,12,345,Loyal Customers
40421,Michael Hernandez,30,7,21711,0,5,5,5,15,555,Champions
40422,Mary Roberts,38,5,17993,1,5,3,4,12,534,Potential Loyalists
40427,Craig Sanders,52,5,15716,0,5,3,4,12,534,Potential Loyalists
40430,Paul Price,91,6,17333,0,4,4,4,12,444,Champions
40433,Sheila Richards,12,10,27814,0,5,5,5,15,555,Champions
40437,Michele Shepard,10,8,23314,0,5,5,5,15,555,Champions
40444,David Charles,71,7,21838,0,4,5,5,14,455,Champions
40449,Jonathan Jackson,215,7,18191,0,3,5,4,12,354,Loyal Customers
40452,James Ayers,15,12,31539,0,5,5,5,15,555,Champions
40453,Anne Lyons,215,7,20473,1,3,5,5,13,355,Loyal Customers
40457,Cameron Bradley,7,6,20634,1,5,4,5,14,545,Champions
40461,Thomas Holmes,13,7,22925,0,5,5,5,15,555,Champions
40464,Natasha Carr,68,9,17905,0,4,5,4,13,454,Champions
40465,Rebecca Solomon,102,8,20040,0,4,5,5,14,455,Champions
40466,Lori Martinez,9,7,14967,0,5,5,4,14,554,Champions
40483,Sheila Snyder,3,4,15133,0,5,3,4,12,534,Potential Loyalists
40484,Heather Morrison,173,8,20266,0,3,5,5,13,355,Loyal Customers
40485,Dana Murphy,87,8,16472,0,4,5,4,13,454,Champions
40489,Roger Hernandez,11,5,16460,0,5,3,4,12,534,Potential Loyalists
40494,Roberto Ortega,66,7,14860,0,4,5,4,13,454,Champions
40495,Leslie Kent,187,8,17443,0,3,5,4,12,354,Loyal Customers
40497,Susan Gutierrez,149,7,18966,0,3,5,4,12,354,Loyal Customers
40500,Jeffrey Shaffer,176,6,20013,0,3,4,5,12,345,Loyal Customers
40502,Arthur Hernandez,234,7,18599,0,3,5,4,12,354,Loyal Customers
40503,Charles Smith,228,10,33018,0,3,5,5,13,355,Loyal Customers
40505,Tanya Diaz,19,8,16705,0,5,5,4,14,554,Champions
40506,Gerald Good,125,7,26963,0,4,5,5,14,455,Champions
40516,William Rodriguez,45,6,17498,0,5,4,4,13,544,Champions
40519,Jamie Stewart III,70,8,23849,0,4,5,5,14,455,Champions
40520,Annette James,25,6,18207,0,5,4,4,13,544,Champions
40526,Ruben Fields,225,8,20814,0,3,5,5,13,355,Loyal Customers
40530,Mark Mcgrath,2,8,14309,0,5,5,3,13,553,Loyal Customers
40531,Kristen Leon,178,14,37630,0,3,5,5,13,355,Loyal Customers
40533,Valerie Taylor,60,7,25280,0,4,5,5,14,455,Champions
40537,Michael Vargas,199,7,23559,0,3,5,5,13,355,Loyal Customers
40540,Brian Christian,320,10,27655,0,2,5,5,12,255,At Risk
40541,Brian Stewart,258,9,28623,0,2,5,5,12,255,At Risk
40549,April Murphy,158,8,15352,0,3,5,4,12,354,Loyal Customers
40551,James Lopez,306,7,23915,0,2,5,5,12,255,At Risk
40563,Nathan Mahoney,16,8,31185,0,5,5,5,15,555,Champions
40566,Ashley Rodriguez,166,10,32023,0,3,5,5,13,355,Loyal Customers
40568,Samantha Mason,6,5,18261,0,5,3,4,12,534,Potential Loyalists
40569,Christine Barnett,143,9,24531,0,3,5,5,13,355,Loyal Customers
40570,Toni Hogan,236,7,15496,0,3,5,4,12,354,Loyal Customers
40573,Hannah Mack,24,8,22429,1,5,5,5,15,555,Champions
40575,Jonathan Mcintyre,88,7,24973,0,4,5,5,14,455,Champions
40578,Chad Russell,65,10,27811,0,4,5,5,14,455,Champions
40580,Kevin Clark,192,8,20012,0,3,5,5,13,355,Loyal Customers
40585,Kevin Brown,132,9,14245,1,4,5,3,12,453,Loyal Customers
40587,Pamela Stanley,84,7,17479,0,4,5,4,13,454,Champions
40591,Timothy Jenkins,24,8,29458,0,5,5,5,15,555,Champions
40596,Gwendolyn Obrien,114,8,26258,0,4,5,5,14,455,Champions
40600,Bethany Meyers,226,7,22499,0,3,5,5,13,355,Loyal Customers
40601,Jill Thompson,18,6,19911,0,5,4,5,14,545,Champions
40602,Daniel Brandt DDS,35,11,29914,0,5,5,5,15,555,Champions
40608,Jared Walker,123,7,24161,0,4,5,5,14,455,Champions
40609,Lisa Russell,35,6,15593,1,5,4,4,13,544,Champions
40610,Yvette Walsh,102,6,21706,0,4,4,5,13,445,Champions
40611,Carly Fields,143,7,21275,0,3,5,5,13,355,Loyal Customers
40613,Anthony Clark,45,11,23615,0,5,5,5,15,555,Champions
40617,Bryan Beck,30,9,28808,0,5,5,5,15,555,Champions
40618,Brenda Tucker,13,5,17346,0,5,3,4,12,534,Potential Loyalists
40626,Barbara Gonzalez,69,12,33360,1,4,5,5,14,455,Champions
40627,Heather Mcmillan,8,8,26729,0,5,5,5,15,555,Champions
40631,Kelly Gonzalez,0,13,30176,0,5,5,5,15,555,Champions
40638,Greg Peterson,86,7,16900,0,4,5,4,13,454,Champions
40642,David Peterson,84,6,21560,0,4,4,5,13,445,Champions
40648,Jorge Fowler,82,9,23019,1,4,5,5,14,455,Champions
40650,Teresa Hoffman DDS,30,7,19217,1,5,5,4,14,554,Champions
40651,Matthew Dean,134,10,29195,0,4,5,5,14,455,Champions
40661,Jimmy Mcdaniel,127,8,25855,1,4,5,5,14,455,Champions
40664,Matthew Richards,58,6,16902,0,5,4,4,13,544,Champions
40667,Amy George,332,9,26962,0,2,5,5,12,255,At Risk
40679,Gina Johnson,68,8,24626,0,4,5,5,14,455,Champions
40681,Colleen Carter,115,8,24872,0,4,5,5,14,455,Champions
40692,Erin Andrews,42,6,17633,0,5,4,4,13,544,Champions
40698,Stephen Kelley,397,10,22853,0,2,5,5,12,255,At Risk
40699,Ronald Kelley,2,5,19072,0,5,3,4,12,534,Potential Loyalists
40704,Mary Underwood,177,7,16411,0,3,5,4,12,354,Loyal Customers
40710,Christine Simon,306,8,24523,1,2,5,5,12,255,At Risk
40711,Michael Johnson,162,6,23514,0,3,4,5,12,345,Loyal Customers
40712,Angel Bailey,119,6,14988,0,4,4,4,12,444,Champions
40714,William Sparks,81,10,29410,0,4,5,5,14,455,Champions
40716,Perry Watts,12,7,13804,0,5,5,3,13,553,Loyal Customers
40719,Paul Huff,155,8,27757,1,3,5,5,13,355,Loyal Customers
40727,Joshua Mccullough,33,8,20811,0,5,5,5,15,555,Champions
40732,Dominique Clark,384,8,24150,0,2,5,5,12,255,At Risk
40735,Gabrielle White,59,10,31903,1,5,5,5,15,555,Champions
40738,Ann Lee,75,7,25135,0,4,5,5,14,455,Champions
40740,Annette Russell,65,6,17475,0,4,4,4,12,444,Champions
40743,Lauren Roy MD,39,6,19067,0,5,4,4,13,544,Champions
40745,Theresa Downs,3,9,16154,1,5,5,4,14,554,Champions
40748,Robert Bond,119,6,17240,1,4,4,4,12,444,Champions
40752,Veronica Walker,46,9,31870,0,5,5,5,15,555,Champions
40757,Elizabeth Edwards,292,8,26447,0,2,5,5,12,255,At Risk
40758,Vincent Deleon,40,7,17775,0,5,5,4,14,554,Champions
40763,Gregory Nixon,103,6,21442,0,4,4,5,13,445,Champions
40764,Carolyn Bailey,32,9,21496,0,5,5,5,15,555,Champions
40765,Diana Rogers,99,8,21257,0,4,5,5,14,455,Champions
40768,Crystal Riley,102,6,21039,0,4,4,5,13,445,Champions
40775,Amy Williams,175,7,22552,0,3,5,5,13,355,Loyal Customers
40777,Briana Knight,156,8,19625,0,3,5,5,13,355,Loyal Customers
40783,Nathaniel Harrison,121,9,24204,0,4,5,5,14,455,Champions
40786,Amber Griffith,53,8,25891,1,5,5,5,15,555,Champions
40790,Jeffrey Jacobs,80,9,26580,0,4,5,5,14,455,Champions
40797,Dana Jenkins,77,10,31991,0,4,5,5,14,455,Champions
40798,Ryan Knight,85,7,17407,0,4,5,4,13,454,Champions
40804,Katelyn Winters,144,8,20150,0,3,5,5,13,355,Loyal Customers
40806,Chad Willis,65,7,15770,0,4,5,4,13,454,Champions
40807,Carlos Martin,14,12,31715,0,5,5,5,15,555,Champions
40810,Cynthia Watkins,40,8,20527,0,5,5,5,15,555,Champions
40814,Kyle Miller,197,8,20330,0,3,5,5,13,355,Loyal Customers
40815,Mark Moody,302,8,23794,1,2,5,5,12,255,At Risk
40819,Brian Beck,212,9,31628,0,3,5,5,13,355,Loyal Customers
40827,Angela Rowland,20,10,30925,0,5,5,5,15,555,Champions
40830,Sarah Clark,15,13,37465,0,5,5,5,15,555,Champions
40848,Dawn Turner,169,7,21835,0,3,5,5,13,355,Loyal Customers
40849,Patrick Haas,55,6,17943,0,5,4,4,13,544,Champions
40852,Brian Jacobson,4,5,17049,0,5,3,4,12,534,Potential Loyalists
40853,Michael Boyd,32,7,18478,0,5,5,4,14,554,Champions
40862,Michael Jackson,57,8,14807,1,5,5,4,14,554,Champions
40863,Scott Palmer,312,9,22868,1,2,5,5,12,255,At Risk
40867,Kristina Baker,48,10,36362,0,5,5,5,15,555,Champions
40869,Billy Ali,82,9,19668,0,4,5,5,14,455,Champions
40876,Justin Bautista,33,7,16281,1,5,5,4,14,554,Champions
40880,Drew Turner PhD,68,7,16794,0,4,5,4,13,454,Champions
40884,Mark Sharp,75,8,11359,1,4,5,3,12,453,Loyal Customers
40889,Robert Tran,18,7,15539,0,5,5,4,14,554,Champions
40890,Todd Schmitt,41,5,20609,0,5,3,5,13,535,Potential Loyalists
40891,Kathryn Young,95,10,24863,0,4,5,5,14,455,Champions
40896,Kelli Johnson,195,7,26686,1,3,5,5,13,355,Loyal Customers
40898,Brandon Perkins,33,5,15106,0,5,3,4,12,534,Potential Loyalists
40906,Shawn Gomez,110,7,22848,0,4,5,5,14,455,Champions
40910,Holly Garcia MD,131,8,15894,1,4,5,4,13,454,Champions
40912,Courtney Walters,16,7,19908,0,5,5,5,15,555,Champions
40915,Hannah Spencer,127,9,23553,0,4,5,5,14,455,Champions
40916,Amy Reyes,54,5,17617,0,5,3,4,12,534,Potential Loyalists
40918,Mary Lee,155,9,18749,1,3,5,4,12,354,Loyal Customers
40919,Evan Martinez,143,9,25633,1,3,5,5,13,355,Loyal Customers
40924,Richard Kelly,177,11,23158,1,3,5,5,13,355,Loyal Customers
40928,Lisa Dillon,113,7,17919,1,4,5,4,13,454,Champions
40929,Michael Webb,144,9,23410,0,3,5,5,13,355,Loyal Customers
40931,Paula Oliver,15,7,23752,1,5,5,5,15,555,Champions
40937,Jenna May,58,8,19113,0,5,5,4,14,554,Champions
40941,Alexandra White,287,8,20053,0,2,5,5,12,255,At Risk
40942,Jennifer Smith,109,9,28535,1,4,5,5,14,455,Champions
40945,Melissa Flores,117,7,22705,0,4,5,5,14,455,Champions
40948,Morgan Perry,17,7,23355,0,5,5,5,15,555,Champions
40952,Gary Baker,71,8,16488,0,4,5,4,13,454,Champions
40960,Renee Wright,35,10,27732,0,5,5,5,15,555,Champions
40961,Anita Newton,281,9,20850,0,2,5,5,12,255,At Risk
40966,Sherri Riley,172,9,30485,0,3,5,5,13,355,Loyal Customers
40967,Terry Harris,26,7,21128,0,5,5,5,15,555,Champions
40984,Victoria Buck,38,5,15126,0,5,3,4,12,534,Potential Loyalists
40985,Kathy Nelson,347,13,28063,1,2,5,5,12,255,At Risk
41001,Michelle Nelson,79,7,16327,0,4,5,4,13,454,Champions
41002,Michelle Stephenson,12,8,20363,0,5,5,5,15,555,Champions
41003,Kenneth Villarreal,102,8,19482,1,4,5,5,14,455,Champions
41005,Sarah Figueroa,85,7,19640,0,4,5,5,14,455,Champions
41008,Tony Williams,41,5,18162,0,5,3,4,12,534,Potential Loyalists
41009,Tracy Miller,171,7,20996,0,3,5,5,13,355,Loyal Customers
41012,Leonard Gross,38,7,15424,0,5,5,4,14,554,Champions
41016,Erika Crosby,23,6,19449,0,5,4,5,14,545,Champions
41019,Marisa Kelly,8,6,15880,1,5,4,4,13,544,Champions
41022,Dan Dickson,77,10,18456,0,4,5,4,13,454,Champions
41024,Aaron Dudley,8,6,19411,1,5,4,5,14,545,Champions
41032,Mary White,140,10,33380,0,3,5,5,13,355,Loyal Customers
41034,Bobby Smith,97,10,24238,0,4,5,5,14,455,Champions
41035,Jeffrey Mcdaniel,18,7,15652,0,5,5,4,14,554,Champions
41037,Zachary Haynes,29,6,23775,0,5,4,5,14,545,Champions
41038,Tina Goodman,35,7,17203,1,5,5,4,14,554,Champions
41042,Richard Garza,325,9,24382,0,2,5,5,12,255,At Risk
41046,Rachel Rodgers,63,7,24638,0,4,5,5,14,455,Champions
41047,Candace Nguyen,43,7,22934,0,5,5,5,15,555,Champions
41053,Carolyn Roman,10,6,20214,0,5,4,5,14,545,Champions
41058,Gail Cook,211,8,14900,0,3,5,4,12,354,Loyal Customers
41063,David Le,149,10,30847,0,3,5,5,13,355,Loyal Customers
41065,Dr. Catherine Jensen,4,7,21083,1,5,5,5,15,555,Champions
41066,Robert Rogers,252,7,25496,1,2,5,5,12,255,At Risk
41070,Amy Norman,2,5,16103,0,5,3,4,12,534,Potential Loyalists
41073,Martin Ochoa,95,8,32329,0,4,5,5,14,455,Champions
41079,Taylor Shepard,50,8,22968,1,5,5,5,15,555,Champions
41082,Daniel Wheeler,207,7,19620,0,3,5,5,13,355,Loyal Customers
41084,Victoria Stewart,21,10,22620,1,5,5,5,15,555,Champions
41085,Ralph Mclean,29,5,16756,0,5,3,4,12,534,Potential Loyalists
41086,Daniel Martin,238,8,22837,1,3,5,5,13,355,Loyal Customers
41088,Sean Cunningham,5,9,19863,0,5,5,5,15,555,Champions
41092,Sarah Mccarthy,43,7,17079,0,5,5,4,14,554,Champions
41095,Michael Smith,150,8,24332,1,3,5,5,13,355,Loyal Customers
41097,Joseph Mooney,136,9,22502,1,4,5,5,14,455,Champions
41098,Christina Sullivan,403,8,30034,1,2,5,5,12,255,At Risk
41103,Ann Dickerson,95,6,20271,0,4,4,5,13,445,Champions
41108,Jeffrey Murray,286,9,22240,0,2,5,5,12,255,At Risk
41109,Bonnie Mills,109,6,17189,0,4,4,4,12,444,Champions
41112,Lisa Lynch,109,7,19246,0,4,5,4,13,454,Champions
41118,Renee Davis,20,9,22119,0,5,5,5,15,555,Champions
41119,Mitchell Robinson,108,10,23370,1,4,5,5,14,455,Champions
41121,Larry Evans,115,9,21721,0,4,5,5,14,455,Champions
41125,Thomas Sandoval,88,10,32065,0,4,5,5,14,455,Champions
41132,Ashley Swanson,418,7,23823,1,2,5,5,12,255,At Risk
41133,Chelsey Smith,12,7,17506,0,5,5,4,14,554,Champions
41138,Randall Meza,2,9,22668,0,5,5,5,15,555,Champions
41140,Joshua Smith,42,6,15961,0,5,4,4,13,544,Champions
41148,April Long,19,8,20856,0,5,5,5,15,555,Champions
41152,Andrew Smith,391,9,24838,0,2,5,5,12,255,At Risk
41153,Valerie Gutierrez,80,7,19518,0,4,5,5,14,455,Champions
41154,Donald Simmons,280,9,22440,0,2,5,5,12,255,At Risk
41156,Melvin Ramos,256,7,21411,0,2,5,5,12,255,At Risk
41165,Tyler Young,23,8,25755,0,5,5,5,15,555,Champions
41172,Patricia Wright,35,7,12871,0,5,5,3,13,553,Loyal Customers
41173,Michael Smith,290,7,19659,0,2,5,5,12,255,At Risk
41175,Jacqueline Newton,106,8,21705,1,4,5,5,14,455,Champions
41180,Andrew Graham,109,8,19735,0,4,5,5,14,455,Champions
41181,Carla Powell,72,7,16696,0,4,5,4,13,454,Champions
41185,Steven Anderson,89,6,17776,0,4,4,4,12,444,Champions
41187,Austin Hamilton,35,7,18979,0,5,5,4,14,554,Champions
41189,Marcia Oliver,86,6,15841,0,4,4,4,12,444,Champions
41190,Joseph Phillips,24,8,21603,1,5,5,5,15,555,Champions
41194,David Coleman,15,9,21304,0,5,5,5,15,555,Champions
41196,Juan Gonzalez,46,5,17163,1,5,3,4,12,534,Potential Loyalists
41197,Melissa Chung,32,4,15160,0,5,3,4,12,534,Potential Loyalists
41198,Jeremiah Brown,114,7,21992,0,4,5,5,14,455,Champions
41201,Jose King,66,7,26323,0,4,5,5,14,455,Champions
41202,Karen Frazier,11,7,15343,0,5,5,4,14,554,Champions
41208,Sean Jenkins,80,9,25445,0,4,5,5,14,455,Champions
41209,Joseph Hall,13,8,18874,0,5,5,4,14,554,Champions
41210,Nicole Allen,47,7,13825,0,5,5,3,13,553,Loyal Customers
41212,Joshua Green,62,7,19571,0,4,5,5,14,455,Champions
41215,Robert Martin,205,8,16804,1,3,5,4,12,354,Loyal Customers
41216,Rachel Arias,174,7,17577,0,3,5,4,12,354,Loyal Customers
41220,Kevin Gregory,206,9,29335,0,3,5,5,13,355,Loyal Customers
41222,Matthew Carlson,7,10,27160,0,5,5,5,15,555,Champions
41223,Tyler Velazquez,88,10,28016,0,4,5,5,14,455,Champions
41226,John Hoffman,110,6,21984,0,4,4,5,13,445,Champions
41231,George Anderson,75,6,19051,0,4,4,4,12,444,Champions
41232,Samantha Harmon,56,9,21072,0,5,5,5,15,555,Champions
41233,Aaron Wilson,27,7,25786,1,5,5,5,15,555,Champions
41239,Anthony Mccoy,0,9,24306,0,5,5,5,15,555,Champions
41244,Dawn Hill,206,7,22189,0,3,5,5,13,355,Loyal Customers
41246,Laura Burns,135,8,24111,0,4,5,5,14,455,Champions
41247,Michael Keller,15,6,17137,0,5,4,4,13,544,Champions
41248,Melissa Dawson,5,7,19183,0,5,5,4,14,554,Champions
41251,Jason Hernandez,23,8,23766,0,5,5,5,15,555,Champions
41260,Angela Hogan,14,7,20073,0,5,5,5,15,555,Champions
41261,Leslie Cook,80,5,19397,0,4,3,5,12,435,Potential Loyalists
41262,Cheryl Johnson,368,7,22027,0,2,5,5,12,255,At Risk
41268,Shane Rich,23,5,16237,1,5,3,4,12,534,Potential Loyalists
41270,Richard Gray,65,11,26368,0,4,5,5,14,455,Champions
41277,Jason Smith,270,7,20596,0,2,5,5,12,255,At Risk
41280,William Gray,285,7,20586,0,2,5,5,12,255,At Risk
41284,Kayla Willis,211,7,20673,1,3,5,5,13,355,Loyal Customers
41285,Renee Jacobs,300,8,26800,0,2,5,5,12,255,At Risk
41287,Douglas Reese,161,10,31019,0,3,5,5,13,355,Loyal Customers
41289,Shelly Welch,61,6,19091,0,4,4,4,12,444,Champions
41290,Keith Diaz,4,11,29830,1,5,5,5,15,555,Champions
41294,Lynn Scott,18,4,15240,0,5,3,4,12,534,Potential Loyalists
41296,Todd Burgess,108,7,15953,0,4,5,4,13,454,Champions
41300,Tammy Reilly,41,7,20923,1,5,5,5,15,555,Champions
41304,Anna Bryant,11,9,26655,0,5,5,5,15,555,Champions
41305,Michelle Hayes,16,8,24614,0,5,5,5,15,555,Champions
41308,Donald Bennett,56,5,17359,1,5,3,4,12,534,Potential Loyalists
41309,Steven Sherman,59,7,14312,1,5,5,3,13,553,Loyal Customers
41317,Annette Taylor,219,8,26292,0,3,5,5,13,355,Loyal Customers
41332,Carrie Odom,67,7,13012,0,4,5,3,12,453,Loyal Customers
41338,Toni Jarvis,7,7,14520,0,5,5,3,13,553,Loyal Customers
41343,James Kelley,179,7,21856,0,3,5,5,13,355,Loyal Customers
41344,Jose Hunt MD,238,6,20785,1,3,4,5,12,345,Loyal Customers
41345,Leonard Francis,30,10,31032,0,5,5,5,15,555,Champions
41354,Ryan Thomas,0,6,15198,1,5,4,4,13,544,Champions
41357,David Williams,18,8,21891,0,5,5,5,15,555,Champions
41359,Michael Hayes,166,7,20294,0,3,5,5,13,355,Loyal Customers
41361,Paula Mejia,207,10,20955,0,3,5,5,13,355,Loyal Customers
41362,Alexis Wright,118,8,22014,0,4,5,5,14,455,Champions
41364,Terry Hansen,108,9,34383,0,4,5,5,14,455,Champions
41365,Melissa Hooper,194,8,20927,1,3,5,5,13,355,Loyal Customers
41373,Robert Walker,57,8,20299,0,5,5,5,15,555,Champions
41379,Rachel Huang,139,9,32163,0,3,5,5,13,355,Loyal Customers
41380,Eric Watts,39,8,13569,0,5,5,3,13,553,Loyal Customers
41384,Alison Koch,71,8,16467,0,4,5,4,13,454,Champions
41385,Thomas Jones,28,7,17789,0,5,5,4,14,554,Champions
41387,Kayla Mathews,63,6,16949,1,4,4,4,12,444,Champions
41394,Benjamin Salazar,58,6,13193,0,5,4,3,12,543,Loyal Customers
41396,Judy Clark,193,8,21411,0,3,5,5,13,355,Loyal Customers
41398,Lisa Miller,36,5,16527,1,5,3,4,12,534,Potential Loyalists
41400,Karen Barker,114,7,18620,0,4,5,4,13,454,Champions
41402,Peter Smith,54,8,23204,0,5,5,5,15,555,Champions
41408,Joseph Bond,58,9,25386,0,5,5,5,15,555,Champions
41409,Raymond Fuller,115,6,17050,0,4,4,4,12,444,Champions
41410,Ashley Wilkinson,146,9,20700,0,3,5,5,13,355,Loyal Customers
41413,Sherry Williams DVM,32,6,20327,0,5,4,5,14,545,Champions
41416,Ronald Matthews,51,6,21236,0,5,4,5,14,545,Champions
41417,Tracy Adams,19,7,23478,0,5,5,5,15,555,Champions
41423,Stephanie Grant,112,9,24648,0,4,5,5,14,455,Champions
41429,Angela Brown,112,7,16767,0,4,5,4,13,454,Champions
41431,Samuel Holder,53,9,28942,0,5,5,5,15,555,Champions
41433,Emily York,225,11,26190,0,3,5,5,13,355,Loyal Customers
41436,John Hernandez MD,163,8,26360,0,3,5,5,13,355,Loyal Customers
41437,Lauren Brooks,22,7,19490,0,5,5,5,15,555,Champions
41438,George Johnson,335,8,24010,0,2,5,5,12,255,At Risk
41439,Jamie Andrews,121,7,16133,0,4,5,4,13,454,Champions
41440,Angela Obrien,101,8,23968,0,4,5,5,14,455,Champions
41443,Benjamin Martinez,10,7,25072,0,5,5,5,15,555,Champions
41450,Rodney Rodriguez,83,8,17590,1,4,5,4,13,454,Champions
41453,Wayne Khan,54,8,26697,1,5,5,5,15,555,Champions
41456,Adam Smith,60,8,25070,0,4,5,5,14,455,Champions
41458,Jennifer Cruz,65,9,28707,0,4,5,5,14,455,Champions
41461,Brittney Wood,14,6,13071,0,5,4,3,12,543,Loyal Customers
41462,Debra Maynard,58,8,21083,0,5,5,5,15,555,Champions
41467,Jessica Smith,88,8,21874,0,4,5,5,14,455,Champions
41469,Dr. Michael Mercer IV,50,5,16648,0,5,3,4,12,534,Potential Loyalists
41472,Erin Pace,205,7,19124,0,3,5,4,12,354,Loyal Customers
41474,Tammy Chan,34,8,19288,0,5,5,5,15,555,Champions
41481,Sarah Garcia,256,7,24656,0,2,5,5,12,255,At Risk
41486,Dylan Stewart,4,6,14320,0,5,4,3,12,543,Loyal Customers
41490,Hunter Garner,62,9,19648,0,4,5,5,14,455,Champions
41497,Brian Sanders,78,7,14628,1,4,5,3,12,453,Loyal Customers
41498,Kelly Taylor,282,7,20137,1,2,5,5,12,255,At Risk
41504,John Kelly,85,10,26056,0,4,5,5,14,455,Champions
41510,Richard Lee,76,9,22484,0,4,5,5,14,455,Champions
41511,Jeffrey Koch,182,8,23582,0,3,5,5,13,355,Loyal Customers
41515,Matthew Davis,174,8,26270,0,3,5,5,13,355,Loyal Customers
41516,Mrs. Carla Adams,12,9,27171,0,5,5,5,15,555,Champions
41517,Marcus Vaughan,23,8,19986,0,5,5,5,15,555,Champions
41523,Jennifer Humphrey,8,10,28486,1,5,5,5,15,555,Champions
41526,Timothy Mccullough,44,8,18462,0,5,5,4,14,554,Champions
41542,Carl Allen,157,8,19373,0,3,5,5,13,355,Loyal Customers
41544,Albert Ortiz,187,8,26776,0,3,5,5,13,355,Loyal Customers
41546,Brian Anderson,214,6,21331,1,3,4,5,12,345,Loyal Customers
41554,Vincent Manning PhD,136,6,15505,0,4,4,4,12,444,Champions
41555,Timothy Walsh,86,10,27580,1,4,5,5,14,455,Champions
41556,Keith Miller,20,8,18234,0,5,5,4,14,554,Champions
41557,Carlos Bentley,10,6,14756,0,5,4,3,12,543,Loyal Customers
41561,Ryan Alvarado,38,7,23136,0,5,5,5,15,555,Champions
41565,Paul Roy,21,11,30294,1,5,5,5,15,555,Champions
41568,David Lucero,88,8,29251,0,4,5,5,14,455,Champions
41571,Angela Williams,122,8,27577,1,4,5,5,14,455,Champions
41574,William Conrad,68,7,21338,0,4,5,5,14,455,Champions
41578,Paul Jackson,110,6,17120,0,4,4,4,12,444,Champions
41579,Rachel Johnson,5,7,21189,0,5,5,5,15,555,Champions
41586,Kimberly Ramos,38,5,15494,0,5,3,4,12,534,Potential Loyalists
41591,Brooke Rowe,65,8,18145,0,4,5,4,13,454,Champions
41595,Jack Martin,202,6,21652,0,3,4,5,12,345,Loyal Customers
41601,Karen Harvey,258,7,21428,0,2,5,5,12,255,At Risk
41604,Joshua Fuller,1,8,24015,0,5,5,5,15,555,Champions
41614,Isabella Rodriguez,150,6,22247,0,3,4,5,12,345,Loyal Customers
41616,Kim Wallace,6,6,17023,1,5,4,4,13,544,Champions
41618,Nancy Houston,43,5,16209,1,5,3,4,12,534,Potential Loyalists
41632,Jennifer Stevens,61,8,22915,0,4,5,5,14,455,Champions
41634,Eric Mooney MD,88,6,20703,0,4,4,5,13,445,Champions
41636,Vickie Greene,6,5,17021,0,5,3,4,12,534,Potential Loyalists
41637,Patricia Cameron,50,6,11614,1,5,4,3,12,543,Loyal Customers
41638,Kyle Petersen,423,7,22834,0,2,5,5,12,255,At Risk
41644,Robert Campbell,186,9,30551,0,3,5,5,13,355,Loyal Customers
41646,Andrew Wilson,39,10,21959,0,5,5,5,15,555,Champions
41652,Patrick Nelson,6,5,15961,0,5,3,4,12,534,Potential Loyalists
41654,Curtis Mejia,287,8,26717,0,2,5,5,12,255,At Risk
41657,Allison Clark,9,9,22226,0,5,5,5,15,555,Champions
41663,Abigail Porter,113,7,16171,0,4,5,4,13,454,Champions
41669,David Ruiz,64,6,16036,1,4,4,4,12,444,Champions
41672,Rodney Washington,105,6,18504,1,4,4,4,12,444,Champions
41673,Timothy Vargas,14,8,14079,0,5,5,3,13,553,Loyal Customers
41676,Kristina Mccoy,308,8,23215,0,2,5,5,12,255,At Risk
41677,Clifford Munoz,228,6,20420,1,3,4,5,12,345,Loyal Customers
41679,Jennifer Cowan,331,10,31156,1,2,5,5,12,255,At Risk
41684,Tony Rodriguez,8,6,13727,0,5,4,3,12,543,Loyal Customers
41685,Sandra Williams,14,8,25629,1,5,5,5,15,555,Champions
41695,Mary Zhang,65,10,25535,0,4,5,5,14,455,Champions
41696,Gregory Sandoval,166,9,26313,0,3,5,5,13,355,Loyal Customers
41697,Timothy Robertson,102,6,20218,0,4,4,5,13,445,Champions
41703,Stephanie Floyd,155,11,25397,0,3,5,5,13,355,Loyal Customers
41713,Xavier Smith,62,8,19779,0,4,5,5,14,455,Champions
41716,Melinda Russell,51,7,20785,0,5,5,5,15,555,Champions
41722,Jennifer Walker,193,6,24800,0,3,4,5,12,345,Loyal Customers
41725,Courtney Green,21,5,15783,0,5,3,4,12,534,Potential Loyalists
41728,Jamie Johnson,0,7,19298,1,5,5,5,15,555,Champions
41730,Tiffany Braun,156,6,20985,0,3,4,5,12,345,Loyal Customers
41732,Jeremy Medina,62,9,32928,0,4,5,5,14,455,Champions
41735,Kenneth Willis,155,7,17246,0,3,5,4,12,354,Loyal Customers
41746,Andrew Robertson,73,6,20619,0,4,4,5,13,445,Champions
41748,Renee Johnson,159,10,25944,0,3,5,5,13,355,Loyal Customers
41749,Michelle Schmidt,4,8,17738,0,5,5,4,14,554,Champions
41760,Mrs. Catherine Hernandez,142,7,17082,0,3,5,4,12,354,Loyal Customers
41777,John Mccarthy,78,8,23290,0,4,5,5,14,455,Champions
41778,Ebony Wood,6,8,20917,0,5,5,5,15,555,Champions
41779,Bradley Haynes,66,7,15856,0,4,5,4,13,454,Champions
41780,Dr. Sharon Walker,3,7,15833,0,5,5,4,14,554,Champions
41782,Charles Hawkins,220,7,17435,0,3,5,4,12,354,Loyal Customers
41783,Franklin Fields,93,6,15687,0,4,4,4,12,444,Champions
41787,Pamela Russell,80,5,21971,0,4,3,5,12,435,Potential Loyalists
41789,Duane Gill,40,6,21470,1,5,4,5,14,545,Champions
41796,Brenda Hardy,3,8,16558,0,5,5,4,14,554,Champions
41800,Julie Curtis,37,8,18267,0,5,5,4,14,554,Champions
41803,Christina Garcia,42,6,17828,0,5,4,4,13,544,Champions
41804,Sean Clark,182,10,24219,0,3,5,5,13,355,Loyal Customers
41806,Matthew Craig,67,6,15187,0,4,4,4,12,444,Champions
41810,Aaron Jones,121,9,19954,0,4,5,5,14,455,Champions
41812,Tonya Romero,10,7,24571,0,5,5,5,15,555,Champions
41816,Gabriel Riley,65,7,16277,0,4,5,4,13,454,Champions
41821,Brian Cook,257,10,25474,0,2,5,5,12,255,At Risk
41824,Judy Walter,161,6,24030,0,3,4,5,12,345,Loyal Customers
41825,Katherine Hensley,67,6,16693,0,4,4,4,12,444,Champions
41830,Jason Cole,119,7,13846,0,4,5,3,12,453,Loyal Customers
41835,Larry Jensen,26,8,26640,1,5,5,5,15,555,Champions
41837,Ms. Lindsay Hogan,150,7,17946,0,3,5,4,12,354,Loyal Customers
41844,Barbara Rodgers,59,7,18336,0,5,5,4,14,554,Champions
41851,Michael Nguyen,160,8,23168,0,3,5,5,13,355,Loyal Customers
41855,Ronnie Lang,142,9,24325,0,3,5,5,13,355,Loyal Customers
41856,Daniel Fernandez,147,7,19080,0,3,5,4,12,354,Loyal Customers
41857,Linda Shaw,59,5,17785,0,5,3,4,12,534,Potential Loyalists
41863,Jose Russell,83,11,39878,0,4,5,5,14,455,Champions
41871,Michael Martinez,208,8,22425,0,3,5,5,13,355,Loyal Customers
41872,Jessica Sheppard,287,8,23880,0,2,5,5,12,255,At Risk
41878,Blake Williams,49,7,17658,0,5,5,4,14,554,Champions
41882,Seth Leon,160,8,27329,0,3,5,5,13,355,Loyal Customers
41886,James Brown,0,6,18776,0,5,4,4,13,544,Champions
41891,Steven Bryant,40,8,24431,1,5,5,5,15,555,Champions
41893,Michael King,116,6,15885,0,4,4,4,12,444,Champions
41897,Amanda Snyder,43,6,12816,0,5,4,3,12,543,Loyal Customers
41900,Penny Levine,87,7,18583,0,4,5,4,13,454,Champions
41909,Bethany Adams,58,6,18736,1,5,4,4,13,544,Champions
41911,Patricia Carroll,3,13,34907,0,5,5,5,15,555,Champions
41913,Amber Paul,31,6,18150,0,5,4,4,13,544,Champions
41915,Heidi Mills,55,6,13130,0,5,4,3,12,543,Loyal Customers
41918,Dawn White,72,10,22641,0,4,5,5,14,455,Champions
41922,Adam Douglas DDS,163,7,17386,0,3,5,4,12,354,Loyal Customers
41923,Michelle Mendez,48,5,14859,1,5,3,4,12,534,Potential Loyalists
41926,Shirley Rodriguez,13,6,14982,0,5,4,4,13,544,Champions
41929,Michelle Carney,48,6,22513,0,5,4,5,14,545,Champions
41931,Christina Hall,82,7,16670,0,4,5,4,13,454,Champions
41932,William Russell,51,8,11623,1,5,5,3,13,553,Loyal Customers
41934,Luke Moon,305,7,22357,0,2,5,5,12,255,At Risk
41944,Tracy Stewart,3,8,17017,1,5,5,4,14,554,Champions
41947,Michael Davis,48,6,18330,0,5,4,4,13,544,Champions
41951,Frank Herrera,49,10,24381,0,5,5,5,15,555,Champions
41958,Jaime Dixon,271,8,23006,0,2,5,5,12,255,At Risk
41961,Joshua Estrada,50,9,19908,0,5,5,5,15,555,Champions
41964,Arthur Stewart PhD,143,10,27640,0,3,5,5,13,355,Loyal Customers
41969,Jennifer Jackson,19,7,16436,0,5,5,4,14,554,Champions
41976,Denise Wright,171,11,23066,0,3,5,5,13,355,Loyal Customers
41981,Virginia Boyd,44,7,15431,1,5,5,4,14,554,Champions
41982,Jonathan Decker,30,6,18049,0,5,4,4,13,544,Champions
41983,Charlotte Dodson,131,6,17504,0,4,4,4,12,444,Champions
41986,Stephanie Saunders,157,7,22153,0,3,5,5,13,355,Loyal Customers
41993,Robert Bailey,100,10,23616,0,4,5,5,14,455,Champions
41996,Thomas Ward,37,7,19106,0,5,5,4,14,554,Champions
41997,Catherine Goodwin,1,4,16049,1,5,3,4,12,534,Potential Loyalists
42004,Richard Serrano,52,6,12840,0,5,4,3,12,543,Loyal Customers
42008,Dr. Jesse Black,16,7,13416,0,5,5,3,13,553,Loyal Customers
42016,Anthony Schroeder,95,7,14821,0,4,5,4,13,454,Champions
42028,John Brown MD,24,7,21566,0,5,5,5,15,555,Champions
42035,Christopher Moreno,176,10,39916,0,3,5,5,13,355,Loyal Customers
42036,Charlotte Foster,231,6,19316,0,3,4,5,12,345,Loyal Customers
42042,James Jackson,105,6,17187,0,4,4,4,12,444,Champions
42044,Jeffrey Robinson,154,7,23191,0,3,5,5,13,355,Loyal Customers
42046,Sheila Stark,273,7,25901,0,2,5,5,12,255,At Risk
42051,Donald Clark,199,7,20388,0,3,5,5,13,355,Loyal Customers
42053,Melanie Shaw,378,7,25713,0,2,5,5,12,255,At Risk
42055,Anthony Barrett,81,6,16799,0,4,4,4,12,444,Champions
42056,Michelle Davis,171,6,20995,1,3,4,5,12,345,Loyal Customers
42057,Diane Peterson DDS,81,8,21176,0,4,5,5,14,455,Champions
42058,Henry Hahn,30,6,12523,0,5,4,3,12,543,Loyal Customers
42059,Laura Williams,122,6,16873,0,4,4,4,12,444,Champions
42061,Kenneth Carr,14,6,17551,0,5,4,4,13,544,Champions
42062,Kevin Contreras,54,7,23682,0,5,5,5,15,555,Champions
42064,Kimberly Andrews,161,8,21672,0,3,5,5,13,355,Loyal Customers
42065,William Campbell II,1,7,18118,0,5,5,4,14,554,Champions
42066,Jasmine Mcgrath,10,10,30060,0,5,5,5,15,555,Champions
42070,Kenneth Griffin,48,8,26028,0,5,5,5,15,555,Champions
42075,Michael Glenn,221,9,21860,0,3,5,5,13,355,Loyal Customers
42079,Isabella Miller,33,5,16072,0,5,3,4,12,534,Potential Loyalists
42081,Sherry Gray,68,8,23445,0,4,5,5,14,455,Champions
42082,Leslie Hickman,318,8,22323,0,2,5,5,12,255,At Risk
42084,Derek Smith,78,8,20406,0,4,5,5,14,455,Champions
42090,Jonathan Heath,92,6,16527,0,4,4,4,12,444,Champions
42095,Heather Chase,188,9,19559,0,3,5,5,13,355,Loyal Customers
42096,Christopher Dougherty,91,8,22015,0,4,5,5,14,455,Champions
42097,Raymond Barron,95,8,25071,0,4,5,5,14,455,Champions
42101,Amanda Daniels,94,7,21083,0,4,5,5,14,455,Champions
42102,Brianna Medina,110,7,20173,0,4,5,5,14,455,Champions
42106,Todd Jackson,13,7,21609,0,5,5,5,15,555,Champions
42109,Robert Roman,6,7,17878,0,5,5,4,14,554,Champions
42110,Lori Garza,25,6,13801,0,5,4,3,12,543,Loyal Customers
42114,Sean Roberts,52,7,16054,1,5,5,4,14,554,Champions
42119,Cody Brown,51,6,16818,0,5,4,4,13,544,Champions
42120,Bridget Mcbride,5,7,24442,0,5,5,5,15,555,Champions
42127,Andrea Jarvis,77,8,19547,0,4,5,5,14,455,Champions
42131,Austin Hughes,15,6,18080,1,5,4,4,13,544,Champions
42132,Michael Welch,72,9,25517,0,4,5,5,14,455,Champions
42137,Robert Bates,57,6,15847,1,5,4,4,13,544,Champions
42148,Melissa Huff,125,8,29757,0,4,5,5,14,455,Champions
42149,Robert Sanford,8,6,18910,1,5,4,4,13,544,Champions
42151,Kenneth Benson,19,9,24915,0,5,5,5,15,555,Champions
42156,Candice Adkins,73,7,19151,0,4,5,4,13,454,Champions
42157,Christina Wilson,56,13,39011,0,5,5,5,15,555,Champions
42160,Gregory Martin,187,7,21593,0,3,5,5,13,355,Loyal Customers
42161,John Davis,268,13,35469,0,2,5,5,12,255,At Risk
42162,Marcus Simpson,187,7,17678,0,3,5,4,12,354,Loyal Customers
42166,Justin Lopez,58,9,24227,0,5,5,5,15,555,Champions
42167,Tracy Green DVM,153,9,21068,0,3,5,5,13,355,Loyal Customers
42171,Darrell Gonzales,65,5,19791,0,4,3,5,12,435,Potential Loyalists
42172,Jessica Carroll,41,6,20471,0,5,4,5,14,545,Champions
42173,April Davis,180,7,18581,0,3,5,4,12,354,Loyal Customers
42176,Steven Brown,65,7,23731,0,4,5,5,14,455,Champions
42177,Lisa Cobb,204,8,21786,0,3,5,5,13,355,Loyal Customers
42179,Jennifer Stephens,180,13,36654,1,3,5,5,13,355,Loyal Customers
42185,Timothy Gill,89,9,20520,0,4,5,5,14,455,Champions
42186,Sylvia Reed,184,8,25314,0,3,5,5,13,355,Loyal Customers
42189,Dawn Mcknight,30,6,18558,0,5,4,4,13,544,Champions
42190,Chase Bentley,2,8,18742,0,5,5,4,14,554,Champions
42191,Robert Hunter,48,9,19648,0,5,5,5,15,555,Champions
42192,Stacey Mejia,65,7,17480,0,4,5,4,13,454,Champions
42195,Stephanie Harris,90,6,18457,0,4,4,4,12,444,Champions
42196,Samuel Barnes,69,11,35129,0,4,5,5,14,455,Champions
42199,Patrick Medina,109,5,24179,0,4,3,5,12,435,Potential Loyalists
42200,Sheri Reyes,98,6,22850,0,4,4,5,13,445,Champions
42201,Jeremy Snow,10,7,19157,0,5,5,4,14,554,Champions
42203,Amanda Klein,374,9,19742,1,2,5,5,12,255,At Risk
42204,Emily Richardson,138,7,22735,0,3,5,5,13,355,Loyal Customers
42209,Deanna Medina,88,6,19792,1,4,4,5,13,445,Champions
42212,Michelle Long,101,7,21261,0,4,5,5,14,455,Champions
42213,William Zuniga,78,8,21551,0,4,5,5,14,455,Champions
42215,Danielle Ramirez,97,7,14133,1,4,5,3,12,453,Loyal Customers
42223,Barbara Molina,20,7,19206,0,5,5,4,14,554,Champions
42225,Joanne Kemp,203,7,21340,0,3,5,5,13,355,Loyal Customers
42227,William Martinez,35,6,11519,0,5,4,3,12,543,Loyal Customers
42231,Robert Miller,245,9,23427,1,2,5,5,12,255,At Risk
42236,Jose Robbins,50,7,21131,0,5,5,5,15,555,Champions
42240,Heather Olson,1,6,18458,0,5,4,4,13,544,Champions
42241,Nathaniel Flores,281,7,19609,0,2,5,5,12,255,At Risk
42242,Steven Proctor,18,10,24937,1,5,5,5,15,555,Champions
42244,Patrick Turner,192,7,17225,1,3,5,4,12,354,Loyal Customers
42247,William Jones,115,7,18700,1,4,5,4,13,454,Champions
42250,Michelle Keller,142,9,28063,1,3,5,5,13,355,Loyal Customers
42256,Mark Mejia,169,8,22565,0,3,5,5,13,355,Loyal Customers
42260,Susan Myers,174,7,17244,1,3,5,4,12,354,Loyal Customers
42262,Victoria Bishop,123,8,22288,0,4,5,5,14,455,Champions
42264,Timothy Compton,131,7,20926,0,4,5,5,14,455,Champions
42272,Samantha Harrington,10,11,20734,0,5,5,5,15,555,Champions
42277,Christopher Fry,98,7,18784,1,4,5,4,13,454,Champions
42278,David Monroe,40,6,20000,0,5,4,5,14,545,Champions
42281,Christopher Martinez,19,6,12032,0,5,4,3,12,543,Loyal Customers
42291,James White,174,10,20714,1,3,5,5,13,355,Loyal Customers
42292,Anthony Barnes,203,6,21679,0,3,4,5,12,345,Loyal Customers
42293,Gabrielle Branch,67,7,15367,0,4,5,4,13,454,Champions
42294,Mr. Ryan Pearson,54,9,29683,0,5,5,5,15,555,Champions
42296,Kathryn Mendez,191,7,20187,0,3,5,5,13,355,Loyal Customers
42297,Bryce Moses,86,12,37272,0,4,5,5,14,455,Champions
42298,Brandon Roman,285,7,22191,0,2,5,5,12,255,At Risk
42299,Brittany Pearson,94,8,25946,0,4,5,5,14,455,Champions
42302,Jennifer Manning,98,8,20158,0,4,5,5,14,455,Champions
42309,Annette Brown,6,9,22577,0,5,5,5,15,555,Champions
42327,Dalton Brooks,173,8,18367,0,3,5,4,12,354,Loyal Customers
42328,Keith Fleming,14,6,21442,0,5,4,5,14,545,Champions
42334,Michelle Mcdonald,25,10,23409,0,5,5,5,15,555,Champions
42341,Daniel Harris,258,7,21027,0,2,5,5,12,255,At Risk
42345,Jill Hall,27,7,14743,1,5,5,3,13,553,Loyal Customers
42348,Joseph Rogers,43,7,20630,1,5,5,5,15,555,Champions
42353,Jared Kaufman,66,10,29201,0,4,5,5,14,455,Champions
42361,Matthew Vazquez,270,9,22139,1,2,5,5,12,255,At Risk
42363,Brian Frazier,154,7,21293,0,3,5,5,13,355,Loyal Customers
42369,Susan Greene,83,7,17115,0,4,5,4,13,454,Champions
42373,Christopher Hicks,138,7,20368,0,3,5,5,13,355,Loyal Customers
42375,Travis Hendrix,37,6,11466,0,5,4,3,12,543,Loyal Customers
42376,Nicole Ryan,77,6,14919,0,4,4,4,12,444,Champions
42384,Alicia Cook,205,7,25520,0,3,5,5,13,355,Loyal Customers
42385,John Davis,193,7,20150,0,3,5,5,13,355,Loyal Customers
42386,Valerie Cooper,39,7,24193,0,5,5,5,15,555,Champions
42395,John Mcintyre,256,7,21180,1,2,5,5,12,255,At Risk
42396,Bonnie Rosales,32,7,22934,0,5,5,5,15,555,Champions
42403,Jason Mcconnell,25,7,16966,0,5,5,4,14,554,Champions
42404,Andres Ray,5,8,26557,1,5,5,5,15,555,Champions
42407,Daniel Pacheco,108,8,19888,0,4,5,5,14,455,Champions
42409,Lisa Newton,93,6,21014,0,4,4,5,13,445,Champions
42411,Donna Scott,227,7,20594,0,3,5,5,13,355,Loyal Customers
42416,Jack Sanford,342,8,28332,0,2,5,5,12,255,At Risk
42418,Sean Novak,22,9,24003,1,5,5,5,15,555,Champions
42419,Melissa Anderson,38,6,16687,0,5,4,4,13,544,Champions
42420,Louis Schultz,154,8,19306,0,3,5,5,13,355,Loyal Customers
42423,Carol Carson,69,7,21351,1,4,5,5,14,455,Champions
42426,Michael Reed,3,10,25015,0,5,5,5,15,555,Champions
42437,Danielle Doyle,18,8,25748,0,5,5,5,15,555,Champions
42439,Michael Sosa,26,7,25510,0,5,5,5,15,555,Champions
42440,Chad Stanton,106,7,16244,0,4,5,4,13,454,Champions
42441,Erika Rojas,24,7,17361,0,5,5,4,14,554,Champions
42448,Darlene Alvarez,163,11,33684,0,3,5,5,13,355,Loyal Customers
42449,Cory Cruz,155,7,18403,0,3,5,4,12,354,Loyal Customers
42452,Vincent Lewis,104,6,15088,0,4,4,4,12,444,Champions
42455,Raymond Davis,42,5,18306,0,5,3,4,12,534,Potential Loyalists
42456,Lindsay Rodriguez,45,7,20681,0,5,5,5,15,555,Champions
42459,Lawrence Jackson,225,9,27788,0,3,5,5,13,355,Loyal Customers
42465,Joshua Fox,121,11,26885,0,4,5,5,14,455,Champions
42468,Teresa Gomez,32,7,22152,0,5,5,5,15,555,Champions
42473,Michelle Alvarado,196,8,17955,0,3,5,4,12,354,Loyal Customers
42474,Katherine Miller,68,7,21612,1,4,5,5,14,455,Champions
42475,Calvin Flores,60,9,19284,1,4,5,5,14,455,Champions
42486,Julie Fischer,162,7,21957,0,3,5,5,13,355,Loyal Customers
42487,David Watson PhD,58,7,23068,0,5,5,5,15,555,Champions
42489,Richard Avila,65,7,20968,1,4,5,5,14,455,Champions
42490,Emily Thomas,121,6,15331,0,4,4,4,12,444,Champions
42491,Micheal Maynard,42,10,37834,1,5,5,5,15,555,Champions
42496,Robert Gross,42,6,13946,1,5,4,3,12,543,Loyal Customers
42498,Jessica Colon,67,7,13667,0,4,5,3,12,453,Loyal Customers
42502,Victoria Hernandez,74,8,22344,0,4,5,5,14,455,Champions
42503,Joseph King,104,7,22183,0,4,5,5,14,455,Champions
42506,John Griffith,37,11,37481,0,5,5,5,15,555,Champions
42509,Helen Miller,119,8,21171,0,4,5,5,14,455,Champions
42515,Amber Hays,164,7,17494,0,3,5,4,12,354,Loyal Customers
42517,Ryan Hays,26,8,25563,0,5,5,5,15,555,Champions
42521,Laurie Peterson,27,6,15057,0,5,4,4,13,544,Champions
42524,Brandon Miranda,16,6,16863,0,5,4,4,13,544,Champions
42529,Shane Poole,59,6,19957,1,5,4,5,14,545,Champions
42531,Robin Davis,41,6,19306,0,5,4,5,14,545,Champions
42542,Neil Fuentes,38,6,11461,0,5,4,3,12,543,Loyal Customers
42544,Amber Bowen,163,7,22734,0,3,5,5,13,355,Loyal Customers
42545,Christopher Swanson,37,8,24052,1,5,5,5,15,555,Champions
42547,Kevin Crosby,39,7,17408,0,5,5,4,14,554,Champions
42548,Mr. Joseph Brown,285,8,21557,0,2,5,5,12,255,At Risk
42550,Rhonda Petersen,79,8,18534,0,4,5,4,13,454,Champions
42551,Diana Clarke,69,7,21780,1,4,5,5,14,455,Champions
42552,Jordan Smith,41,6,14192,0,5,4,3,12,543,Loyal Customers
42564,Patrick Holmes,16,6,18064,0,5,4,4,13,544,Champions
42567,Alexander Wilson,150,9,31041,0,3,5,5,13,355,Loyal Customers
42569,Kyle Blake,77,10,27637,0,4,5,5,14,455,Champions
42572,Larry Fuentes,73,11,25084,0,4,5,5,14,455,Champions
42576,Mr. Joseph Martinez,62,8,14153,0,4,5,3,12,453,Loyal Customers
42579,Dylan Roach,12,7,18699,1,5,5,4,14,554,Champions
42580,Michael Harrington,48,10,32271,0,5,5,5,15,555,Champions
42581,Lisa Johnson,38,7,17377,0,5,5,4,14,554,Champions
42582,Rachel Campbell,188,7,22782,0,3,5,5,13,355,Loyal Customers
42590,Anthony Franklin,23,6,18718,0,5,4,4,13,544,Champions
42595,Eddie Benson,84,7,23754,0,4,5,5,14,455,Champions
42599,Barbara Knight,15,9,19575,0,5,5,5,15,555,Champions
42600,Jennifer Gonzales,113,7,14491,0,4,5,3,12,453,Loyal Customers
42602,Madeline Young,134,7,23592,0,4,5,5,14,455,Champions
42605,Michele Lynch,2,9,20349,0,5,5,5,15,555,Champions
42609,Cathy Sosa,14,7,27291,0,5,5,5,15,555,Champions
42610,Tamara Palmer,39,9,23576,0,5,5,5,15,555,Champions
42612,Sharon West,282,8,30717,0,2,5,5,12,255,At Risk
42613,Steven Garcia,91,5,20968,1,4,3,5,12,435,Potential Loyalists
42615,Michelle Hawkins,9,5,16162,0,5,3,4,12,534,Potential Loyalists
42618,David Johnson,104,6,16195,1,4,4,4,12,444,Champions
42619,William Hernandez,25,6,12673,1,5,4,3,12,543,Loyal Customers
42621,Alicia Salazar,49,7,21153,0,5,5,5,15,555,Champions
42629,Karen Joseph,19,5,16513,1,5,3,4,12,534,Potential Loyalists
42630,John Lewis,99,7,16663,0,4,5,4,13,454,Champions
42632,Bailey Davis,40,5,15086,0,5,3,4,12,534,Potential Loyalists
42634,Sonya Gordon,367,10,26725,0,2,5,5,12,255,At Risk
42635,Ronald Frederick,57,8,20540,0,5,5,5,15,555,Champions
42636,Laura Nixon,306,11,33249,0,2,5,5,12,255,At Risk
42639,Nathan Mays,48,6,17799,0,5,4,4,13,544,Champions
42641,Stephanie Collins,53,6,12917,0,5,4,3,12,543,Loyal Customers
42642,Kimberly Ball,52,6,12143,0,5,4,3,12,543,Loyal Customers
42645,Kelly Peterson,37,5,15761,0,5,3,4,12,534,Potential Loyalists
42660,William Collins,325,9,27975,0,2,5,5,12,255,At Risk
42662,Erin Harvey,9,11,33099,0,5,5,5,15,555,Champions
42667,Julie Irwin,92,8,25156,0,4,5,5,14,455,Champions
42669,Denise Rush,170,8,19922,0,3,5,5,13,355,Loyal Customers
42676,Jessica Herring MD,231,6,19440,0,3,4,5,12,345,Loyal Customers
42679,Melissa James,125,7,21876,0,4,5,5,14,455,Champions
42686,Robert Burgess,74,7,23325,1,4,5,5,14,455,Champions
42688,Zachary Bond,249,9,26125,0,2,5,5,12,255,At Risk
42690,Gregory Garcia,30,7,22011,0,5,5,5,15,555,Champions
42693,Sally Forbes,27,6,19200,0,5,4,4,13,544,Champions
42694,Robert Huerta,187,8,18935,0,3,5,4,12,354,Loyal Customers
42699,Douglas Gibson,165,7,21487,0,3,5,5,13,355,Loyal Customers
42703,Jeffrey Robles,181,8,20623,1,3,5,5,13,355,Loyal Customers
42705,James Patterson,32,9,22607,0,5,5,5,15,555,Champions
42710,Linda Nelson,65,7,16812,0,4,5,4,13,454,Champions
42716,Brian Griffin,146,11,35885,0,3,5,5,13,355,Loyal Customers
42717,Ruben Phillips,78,8,16111,0,4,5,4,13,454,Champions
42718,Philip Davis,56,7,17417,0,5,5,4,14,554,Champions
42719,Jessica Stout,326,8,22570,0,2,5,5,12,255,At Risk
42727,Peter English,87,8,29256,1,4,5,5,14,455,Champions
42730,Sarah Garcia,347,7,23879,0,2,5,5,12,255,At Risk
42738,Sandra West,142,7,17268,0,3,5,4,12,354,Loyal Customers
42747,Jonathon Williams,62,5,19421,0,4,3,5,12,435,Potential Loyalists
42749,Michael Flynn,169,7,24223,0,3,5,5,13,355,Loyal Customers
42750,Jane Tanner,113,7,19654,1,4,5,5,14,455,Champions
42756,David Barnes,20,6,19736,1,5,4,5,14,545,Champions
42761,Gregory Gutierrez,0,5,15022,0,5,3,4,12,534,Potential Loyalists
42762,Spencer Chapman Jr.,199,7,15255,0,3,5,4,12,354,Loyal Customers
42763,Anne Smith,125,7,21475,0,4,5,5,14,455,Champions
42765,Cheryl Peterson,71,9,24539,1,4,5,5,14,455,Champions
42767,Michael Reyes,304,8,19482,0,2,5,5,12,255,At Risk
42770,Brooke Harris,49,7,19682,0,5,5,5,15,555,Champions
42774,Jonathan Yu,109,9,23251,0,4,5,5,14,455,Champions
42782,Angela Holland,132,6,21727,0,4,4,5,13,445,Champions
42785,Rachel Ryan,42,7,21855,0,5,5,5,15,555,Champions
42787,Danielle Cohen,82,6,20833,0,4,4,5,13,445,Champions
42793,Gary Taylor,218,7,18553,1,3,5,4,12,354,Loyal Customers
42796,Jennifer Morgan,3,10,40028,0,5,5,5,15,555,Champions
42803,Randy Moreno,59,10,34807,0,5,5,5,15,555,Champions
42806,Keith Rodriguez,107,9,16184,0,4,5,4,13,454,Champions
42816,Kelly Fleming,114,8,23404,0,4,5,5,14,455,Champions
42826,Matthew Bush,225,7,18466,1,3,5,4,12,354,Loyal Customers
42827,Jennifer Wright,112,7,19144,0,4,5,4,13,454,Champions
42840,Kristen Howell,171,9,30833,0,3,5,5,13,355,Loyal Customers
42846,Katelyn Yu,42,11,29929,0,5,5,5,15,555,Champions
42847,Mary Johnson,152,7,27631,0,3,5,5,13,355,Loyal Customers
42849,Charles Thomas,66,7,25913,1,4,5,5,14,455,Champions
42855,Keith Mccall,2,6,19361,0,5,4,5,14,545,Champions
42859,William Wilson,23,9,22147,0,5,5,5,15,555,Champions
42861,Amber Cook,74,6,19561,0,4,4,5,13,445,Champions
42862,Isabella Haas,180,9,20029,0,3,5,5,13,355,Loyal Customers
42868,Jeffrey Davis,45,7,13270,0,5,5,3,13,553,Loyal Customers
42870,Mandy Gilbert,120,7,14191,0,4,5,3,12,453,Loyal Customers
42875,Carl Miller,138,7,19440,0,3,5,5,13,355,Loyal Customers
42881,Tony Powell,302,8,34249,0,2,5,5,12,255,At Risk
42891,Melissa Fleming,17,8,22147,0,5,5,5,15,555,Champions
42893,Marie Brown,129,8,21536,1,4,5,5,14,455,Champions
42894,Ms. Amy Hayes MD,34,7,20022,0,5,5,5,15,555,Champions
42896,Mark Graves,269,9,27388,0,2,5,5,12,255,At Risk
42898,Justin Williams,85,7,19064,0,4,5,4,13,454,Champions
42901,Debra Gates,86,6,20553,0,4,4,5,13,445,Champions
42904,Andrew Jackson,23,7,11981,0,5,5,3,13,553,Loyal Customers
42905,Brian Sandoval,25,7,22600,0,5,5,5,15,555,Champions
42908,Julia Smith,53,9,21138,0,5,5,5,15,555,Champions
42909,Adam Anderson,286,8,26617,0,2,5,5,12,255,At Risk
42911,Daniel Mcdonald,171,10,26649,0,3,5,5,13,355,Loyal Customers
42920,Michael George,80,8,26398,0,4,5,5,14,455,Champions
42921,Diane Harris,103,6,17804,1,4,4,4,12,444,Champions
42926,Christopher Stone,15,7,13462,0,5,5,3,13,553,Loyal Customers
42931,Michael Reynolds,120,8,18821,0,4,5,4,13,454,Champions
42933,Laura Blair,46,10,23880,0,5,5,5,15,555,Champions
42935,Andrea Campos,146,7,15656,0,3,5,4,12,354,Loyal Customers
42947,Robin Wiley,48,6,19046,0,5,4,4,13,544,Champions
42951,Gary Huber,343,11,29260,0,2,5,5,12,255,At Risk
42952,Jennifer Smith,48,6,14681,0,5,4,3,12,543,Loyal Customers
42956,Lisa Russell,140,9,25414,0,3,5,5,13,355,Loyal Customers
42957,Lori Howell,335,9,19969,0,2,5,5,12,255,At Risk
42959,James Rodriguez,134,6,19560,0,4,4,5,13,445,Champions
42966,Tonya Bennett,26,9,22500,1,5,5,5,15,555,Champions
42969,Jennifer Adams,300,8,24634,0,2,5,5,12,255,At Risk
42975,Julia Elliott,93,8,27444,0,4,5,5,14,455,Champions
42976,Lauren Larson,84,12,33307,0,4,5,5,14,455,Champions
42978,Erik Turner,60,6,15113,0,4,4,4,12,444,Champions
42988,Donald Thomas,269,10,26749,0,2,5,5,12,255,At Risk
42989,Scott Clayton,61,7,15418,1,4,5,4,13,454,Champions
42991,Richard Carter,337,7,23244,0,2,5,5,12,255,At Risk
42994,Jerry Mckenzie,98,6,22765,1,4,4,5,13,445,Champions
43001,Susan Jackson,24,6,15892,0,5,4,4,13,544,Champions
43002,Frank Evans,78,7,27352,0,4,5,5,14,455,Champions
43012,Mark Clark,293,9,27237,0,2,5,5,12,255,At Risk
43014,Amy Moore,23,5,20888,0,5,3,5,13,535,Potential Loyalists
43018,Taylor Tapia,2,9,25632,1,5,5,5,15,555,Champions
43024,Teresa Reed,327,8,26964,0,2,5,5,12,255,At Risk
43025,Shawn Smith,50,8,23633,0,5,5,5,15,555,Champions
43027,Jeffrey Duncan,42,6,16654,0,5,4,4,13,544,Champions
43047,Jared Sampson,171,8,23152,0,3,5,5,13,355,Loyal Customers
43049,James Ryan,92,6,15068,0,4,4,4,12,444,Champions
43055,Kristin Duran,132,9,22173,0,4,5,5,14,455,Champions
43058,Patrick Wall,68,9,24046,0,4,5,5,14,455,Champions
43060,Monica Barber,55,7,16038,1,5,5,4,14,554,Champions
43064,Thomas Miller MD,19,7,19531,0,5,5,5,15,555,Champions
43065,Jade Martinez,39,8,26624,0,5,5,5,15,555,Champions
43075,Jeffery Newton,166,7,15555,0,3,5,4,12,354,Loyal Customers
43076,Steve Garza,134,7,19085,0,4,5,4,13,454,Champions
43077,Kelly Hobbs,149,7,21019,0,3,5,5,13,355,Loyal Customers
43078,Krista Herrera,84,9,27928,0,4,5,5,14,455,Champions
43083,Erica Walker,29,10,30620,0,5,5,5,15,555,Champions
43086,Penny Herman,80,8,24835,0,4,5,5,14,455,Champions
43098,Jeffrey Lee,36,7,18558,0,5,5,4,14,554,Champions
43103,Marie Fleming,103,9,32580,0,4,5,5,14,455,Champions
43104,Diana Hendrix,129,9,24632,0,4,5,5,14,455,Champions
43105,Stacey Jones,0,7,19731,0,5,5,5,15,555,Champions
43107,Karen Ryan,128,7,18080,0,4,5,4,13,454,Champions
43110,Julie Collier,70,7,17926,0,4,5,4,13,454,Champions
43111,Sharon Diaz,11,5,14854,0,5,3,4,12,534,Potential Loyalists
43121,Charles Cherry,9,9,32143,0,5,5,5,15,555,Champions
43125,Lauren Nelson,135,6,16931,0,4,4,4,12,444,Champions
43127,Penny Hubbard,122,8,23240,1,4,5,5,14,455,Champions
43129,Richard Patterson,308,8,28391,0,2,5,5,12,255,At Risk
43131,Daniel Turner,64,9,23011,0,4,5,5,14,455,Champions
43132,Shannon Santos,7,6,13382,0,5,4,3,12,543,Loyal Customers
43133,Jonathon Clark,354,8,20218,0,2,5,5,12,255,At Risk
43134,Casey Ferguson DVM,327,7,21246,0,2,5,5,12,255,At Risk
43138,Tiffany Gregory,10,7,21369,0,5,5,5,15,555,Champions
43149,Michael Morris,8,10,31386,0,5,5,5,15,555,Champions
43155,Donald Mullins,47,6,16705,1,5,4,4,13,544,Champions
43162,Angie Hanson,24,7,17890,0,5,5,4,14,554,Champions
43163,Lisa Smith,106,6,20331,0,4,4,5,13,445,Champions
43165,David Wright,16,9,25535,0,5,5,5,15,555,Champions
43167,Robert Preston,24,5,16634,0,5,3,4,12,534,Potential Loyalists
43170,Dale Hancock,28,4,17213,1,5,3,4,12,534,Potential Loyalists
43176,David Hill,134,8,23636,0,4,5,5,14,455,Champions
43178,Ashley Daniels,122,8,22414,0,4,5,5,14,455,Champions
43190,Nicole Tyler,3,7,19982,0,5,5,5,15,555,Champions
43197,Mark Stevens,126,6,20296,0,4,4,5,13,445,Champions
43199,Julie Wiggins,163,9,29594,1,3,5,5,13,355,Loyal Customers
43201,Michele Suarez,286,7,20246,0,2,5,5,12,255,At Risk
43202,Eric Hill,153,8,18284,0,3,5,4,12,354,Loyal Customers
43205,Daniel Banks,147,9,25081,0,3,5,5,13,355,Loyal Customers
43207,Mrs. Jo Armstrong PhD,8,7,21756,0,5,5,5,15,555,Champions
43212,Edward Reynolds,44,8,19841,0,5,5,5,15,555,Champions
43213,Shane Pennington,79,7,23286,0,4,5,5,14,455,Champions
43214,Matthew Walsh,90,8,21855,0,4,5,5,14,455,Champions
43215,Matthew Hall,11,7,17242,0,5,5,4,14,554,Champions
43219,Ashley Myers,104,6,17993,0,4,4,4,12,444,Champions
43223,Tanya Bishop,191,8,23310,1,3,5,5,13,355,Loyal Customers
43230,George Weaver,67,8,25326,0,4,5,5,14,455,Champions
43233,Scott Romero,4,7,19850,1,5,5,5,15,555,Champions
43234,Lori Chang,189,9,34000,0,3,5,5,13,355,Loyal Customers
43235,Alexis Jones,144,7,22994,1,3,5,5,13,355,Loyal Customers
43236,Nathan Peterson,13,9,26781,0,5,5,5,15,555,Champions
43237,Vickie Roth,101,7,13666,0,4,5,3,12,453,Loyal Customers
43238,Brenda Mccormick,219,7,21220,0,3,5,5,13,355,Loyal Customers
43242,Kyle Dunn,66,7,20896,0,4,5,5,14,455,Champions
43243,Michael Brown,47,6,13090,1,5,4,3,12,543,Loyal Customers
43245,Brianna Cunningham,75,6,18537,0,4,4,4,12,444,Champions
43248,Patricia Thomas,6,7,18161,1,5,5,4,14,554,Champions
43254,Maria Ortiz,29,6,20916,0,5,4,5,14,545,Champions
43255,Patricia Rhodes,28,10,24974,0,5,5,5,15,555,Champions
43258,Elizabeth Roach,1,9,28614,0,5,5,5,15,555,Champions
43272,Robin Dawson,184,7,20869,0,3,5,5,13,355,Loyal Customers
43275,Jennifer Fisher,45,7,15884,0,5,5,4,14,554,Champions
43279,Jessica Freeman,22,9,27327,0,5,5,5,15,555,Champions
43284,Robert Hoffman,223,7,22159,0,3,5,5,13,355,Loyal Customers
43287,Cynthia Mosley MD,113,8,26952,0,4,5,5,14,455,Champions
43290,Victoria Horton,55,7,17979,0,5,5,4,14,554,Champions
43291,Taylor Taylor,14,6,13588,0,5,4,3,12,543,Loyal Customers
43298,Mackenzie Carter,93,8,16097,0,4,5,4,13,454,Champions
43305,Taylor Fernandez,195,8,18133,0,3,5,4,12,354,Loyal Customers
43306,Shannon Harris,186,7,21948,0,3,5,5,13,355,Loyal Customers
43307,Ashley Randall,90,6,15759,0,4,4,4,12,444,Champions
43308,Jordan Vargas DDS,116,6,18810,1,4,4,4,12,444,Champions
43314,Brenda Mills,44,10,37181,0,5,5,5,15,555,Champions
43315,Elizabeth Gibson,27,7,22698,1,5,5,5,15,555,Champions
43316,David Knight,70,9,25405,1,4,5,5,14,455,Champions
43317,John Woods,182,7,15429,0,3,5,4,12,354,Loyal Customers
43328,Denise Gray,127,9,25033,0,4,5,5,14,455,Champions
43333,Billy Hahn,69,9,30493,0,4,5,5,14,455,Champions
43337,Tammy Nguyen,170,9,18789,0,3,5,4,12,354,Loyal Customers
43342,Andrew Mcpherson,342,9,24269,1,2,5,5,12,255,At Risk
43343,Cynthia Gonzales,10,10,24405,0,5,5,5,15,555,Champions
43344,Juan Smith,311,12,36083,0,2,5,5,12,255,At Risk
43347,Daniel Jones,37,6,15041,0,5,4,4,13,544,Champions
43351,Albert Alexander,392,9,23021,0,2,5,5,12,255,At Risk
43354,Robin Hutchinson,413,7,24597,1,2,5,5,12,255,At Risk
43356,Wayne Freeman,226,9,30189,0,3,5,5,13,355,Loyal Customers
43362,Barbara Grant,47,8,31082,1,5,5,5,15,555,Champions
43370,Robert Wilson,75,6,19245,1,4,4,4,12,444,Champions
43376,Dennis Newton MD,18,6,17692,0,5,4,4,13,544,Champions
43377,Brian Robinson,83,10,24749,0,4,5,5,14,455,Champions
43378,Jared Baker,137,7,18558,0,3,5,4,12,354,Loyal Customers
43382,Mr. Christopher Green,24,6,12431,0,5,4,3,12,543,Loyal Customers
43385,Michael Ford,93,8,22971,1,4,5,5,14,455,Champions
43388,Cory Zuniga,69,8,20274,0,4,5,5,14,455,Champions
43392,Margaret Schmidt,184,7,15676,0,3,5,4,12,354,Loyal Customers
43393,Lisa Thompson,1,8,17145,0,5,5,4,14,554,Champions
43397,Jacqueline Lamb,13,8,16515,0,5,5,4,14,554,Champions
43402,Karen Martin,68,6,15257,0,4,4,4,12,444,Champions
43404,Erik Clark,276,7,24830,0,2,5,5,12,255,At Risk
43406,Mckenzie Jones,76,7,15246,0,4,5,4,13,454,Champions
43411,Alexander Davenport,1,6,15375,0,5,4,4,13,544,Champions
43413,David Carlson,116,5,19681,0,4,3,5,12,435,Potential Loyalists
43423,Jillian Berry,31,6,18671,0,5,4,4,13,544,Champions
43424,Cheryl Baxter,101,9,19452,1,4,5,5,14,455,Champions
43427,Amber Johnson,97,7,21263,1,4,5,5,14,455,Champions
43436,James Rogers,378,10,25479,0,2,5,5,12,255,At Risk
43438,Justin Jones,30,9,28710,0,5,5,5,15,555,Champions
43448,Briana Underwood,21,6,15743,0,5,4,4,13,544,Champions
43451,Terri Matthews,93,7,24454,0,4,5,5,14,455,Champions
43452,Emily Johnson,110,8,22056,0,4,5,5,14,455,Champions
43454,Tammy White,183,6,19677,1,3,4,5,12,345,Loyal Customers
43458,Eileen Spencer,97,6,15585,0,4,4,4,12,444,Champions
43463,Anthony Rollins,131,7,14022,1,4,5,3,12,453,Loyal Customers
43466,Ruth Brown,27,6,11728,1,5,4,3,12,543,Loyal Customers
43468,Christopher Brennan,119,8,22598,0,4,5,5,14,455,Champions
43473,Cameron Taylor,198,11,35004,0,3,5,5,13,355,Loyal Customers
43480,Logan Johnson,123,6,19612,0,4,4,5,13,445,Champions
43481,Dustin Johnson,43,6,13661,0,5,4,3,12,543,Loyal Customers
43484,Dr. Kathy Shah,23,12,32186,1,5,5,5,15,555,Champions
43490,Kimberly Mullins,29,6,20463,0,5,4,5,14,545,Champions
43491,Gregory Coleman,7,6,17236,0,5,4,4,13,544,Champions
43493,Denise Williams,9,9,27382,0,5,5,5,15,555,Champions
43500,Anthony Cook,122,10,27259,0,4,5,5,14,455,Champions
43503,Victoria Wilson,59,7,19603,0,5,5,5,15,555,Champions
43508,Cynthia Holmes,12,6,18676,0,5,4,4,13,544,Champions
43510,Darrell Wade,28,8,23980,0,5,5,5,15,555,Champions
43512,Ray Martin,26,7,14342,0,5,5,3,13,553,Loyal Customers
43515,Lisa Pitts,328,9,29256,0,2,5,5,12,255,At Risk
43517,Beverly Ramsey,11,9,25485,0,5,5,5,15,555,Champions
43519,Rhonda Carlson,16,7,18993,0,5,5,4,14,554,Champions
43526,Holly Jackson,13,6,21048,0,5,4,5,14,545,Champions
43533,Marvin Lucas,6,10,32077,0,5,5,5,15,555,Champions
43535,Linda Simmons,19,5,20585,0,5,3,5,13,535,Potential Loyalists
43540,Linda Munoz,147,8,24427,0,3,5,5,13,355,Loyal Customers
43541,Nicholas King,29,6,14117,1,5,4,3,12,543,Loyal Customers
43542,Terri Garcia,23,6,16827,0,5,4,4,13,544,Champions
43545,Joshua Perry,75,9,23729,1,4,5,5,14,455,Champions
43547,Vincent Johnson,202,6,20456,0,3,4,5,12,345,Loyal Customers
43551,Kyle Contreras,169,7,16981,0,3,5,4,12,354,Loyal Customers
43559,John Nicholson,74,6,15429,0,4,4,4,12,444,Champions
43562,Dr. Todd Nelson DDS,24,6,17039,1,5,4,4,13,544,Champions
43564,Joseph Meza,10,5,15355,0,5,3,4,12,534,Potential Loyalists
43569,Andrea Tucker,120,8,18979,0,4,5,4,13,454,Champions
43575,Stephanie Franco,83,7,22231,0,4,5,5,14,455,Champions
43579,Shelly Petersen,116,7,19543,0,4,5,5,14,455,Champions
43580,Rebecca Harvey,132,8,24875,0,4,5,5,14,455,Champions
43581,Charles Thompson,8,5,16018,0,5,3,4,12,534,Potential Loyalists
43585,Ricardo Meyer,94,6,17600,0,4,4,4,12,444,Champions
43588,Robert Hayes,30,7,24770,0,5,5,5,15,555,Champions
43590,Jenna Silva,95,6,17571,0,4,4,4,12,444,Champions
43592,Tonya Hall,16,9,24949,1,5,5,5,15,555,Champions
43596,Melissa Hart,55,7,20243,0,5,5,5,15,555,Champions
43603,Jake Barrett,131,7,17527,0,4,5,4,13,454,Champions
43607,Christian Burnett,69,6,15175,0,4,4,4,12,444,Champions
43609,Maxwell Martinez,30,8,24096,1,5,5,5,15,555,Champions
43614,Laura Webb,12,8,25737,0,5,5,5,15,555,Champions
43624,Angela Hansen,21,7,21496,0,5,5,5,15,555,Champions
43625,Tanya Webster,71,7,19972,1,4,5,5,14,455,Champions
43629,Mr. Daniel Hanna,14,10,26001,1,5,5,5,15,555,Champions
43632,Louis Singleton,7,8,22576,0,5,5,5,15,555,Champions
43635,Anthony Robinson,38,7,15956,0,5,5,4,14,554,Champions
43636,Mitchell Johnston,132,9,26380,0,4,5,5,14,455,Champions
43641,Todd Wilkerson,139,11,32514,0,3,5,5,13,355,Loyal Customers
43652,Dennis Pugh,137,7,23976,0,3,5,5,13,355,Loyal Customers
43655,Christopher Vasquez,116,8,23897,0,4,5,5,14,455,Champions
43665,Brian Blankenship,86,8,17353,0,4,5,4,13,454,Champions
43680,David Black,110,11,24408,0,4,5,5,14,455,Champions
43684,Jennifer Sutton,245,9,25146,1,2,5,5,12,255,At Risk
43689,Stephanie Torres,107,7,28043,0,4,5,5,14,455,Champions
43690,Sandra Foster,164,6,19576,0,3,4,5,12,345,Loyal Customers
43694,Casey Lawrence,140,6,20498,0,3,4,5,12,345,Loyal Customers
43695,Bradley Richardson,9,12,25793,0,5,5,5,15,555,Champions
43696,Andrew Burns,217,7,16773,1,3,5,4,12,354,Loyal Customers
43698,Ashley Peters,108,9,29404,0,4,5,5,14,455,Champions
43706,Peter Merritt,81,8,13911,1,4,5,3,12,453,Loyal Customers
43707,Jessica Davis,145,7,19462,0,3,5,5,13,355,Loyal Customers
43712,Joseph Long,322,7,19610,0,2,5,5,12,255,At Risk
43715,Kenneth Jones,35,5,18269,0,5,3,4,12,534,Potential Loyalists
43717,Kirk Rogers,49,9,20518,0,5,5,5,15,555,Champions
43718,Sonya Peck,113,8,21670,1,4,5,5,14,455,Champions
43723,Mrs. Taylor Mcgrath MD,257,10,28633,0,2,5,5,12,255,At Risk
43729,Michelle Henderson,109,6,15053,0,4,4,4,12,444,Champions
43730,Hailey Nicholson MD,5,5,14810,0,5,3,4,12,534,Potential Loyalists
43735,Xavier Ramirez,63,6,20252,0,4,4,5,13,445,Champions
43739,Carla Smith,35,7,22123,0,5,5,5,15,555,Champions
43744,Steven Johnson,54,9,30946,0,5,5,5,15,555,Champions
43746,Tony Norris,141,7,20524,0,3,5,5,13,355,Loyal Customers
43751,Andrew Harrington,70,6,16229,0,4,4,4,12,444,Champions
43754,Alexandria Hickman,37,8,28783,1,5,5,5,15,555,Champions
43756,Betty Willis,18,8,19939,0,5,5,5,15,555,Champions
43757,Christina Gonzalez,4,9,27635,0,5,5,5,15,555,Champions
43762,Eric Robinson,179,6,24170,0,3,4,5,12,345,Loyal Customers
43766,Hannah Merritt,12,6,18626,0,5,4,4,13,544,Champions
43777,Mr. Erik Salazar III,21,5,17223,0,5,3,4,12,534,Potential Loyalists
43782,Bryan Williams,108,10,26029,0,4,5,5,14,455,Champions
43789,Ray Nelson,3,7,21649,0,5,5,5,15,555,Champions
43795,Alyssa Reed,191,6,19649,1,3,4,5,12,345,Loyal Customers
43796,Jesse Quinn,168,8,19362,0,3,5,5,13,355,Loyal Customers
43797,Anita Garcia,93,8,19859,0,4,5,5,14,455,Champions
43802,James Vega,26,7,19420,0,5,5,5,15,555,Champions
43803,James Hernandez,24,5,16879,0,5,3,4,12,534,Potential Loyalists
43813,Clifford Fletcher,44,6,13234,0,5,4,3,12,543,Loyal Customers
43819,Rodney Coleman,21,7,19462,0,5,5,5,15,555,Champions
43821,Mark Duncan,46,6,16785,0,5,4,4,13,544,Champions
43824,Douglas Molina,204,9,36316,0,3,5,5,13,355,Loyal Customers
43826,Lindsay Sullivan,6,10,20056,0,5,5,5,15,555,Champions
43829,Evan Hebert,144,8,18071,0,3,5,4,12,354,Loyal Customers
43831,Kim Atkinson,63,5,19636,0,4,3,5,12,435,Potential Loyalists
43836,Andrea Mcdonald,16,5,16113,0,5,3,4,12,534,Potential Loyalists
43839,Darren White,327,8,27825,1,2,5,5,12,255,At Risk
43841,Justin Thompson,169,7,24341,0,3,5,5,13,355,Loyal Customers
43844,Allen Brown,10,6,13233,0,5,4,3,12,543,Loyal Customers
43845,Kristen Weaver,243,10,29082,0,2,5,5,12,255,At Risk
43848,Natasha Hansen MD,69,7,20257,0,4,5,5,14,455,Champions
43849,Sarah Bolton,35,7,24507,0,5,5,5,15,555,Champions
43850,Jessica Garcia,21,8,11824,0,5,5,3,13,553,Loyal Customers
43851,Heather Wood,69,9,20418,1,4,5,5,14,455,Champions
43854,Jonathan Ramirez,56,8,24623,0,5,5,5,15,555,Champions
43855,Elizabeth Chambers,252,8,24006,1,2,5,5,12,255,At Risk
43858,Lori Adkins,67,8,12417,0,4,5,3,12,453,Loyal Customers
43859,Lindsey Hansen,103,7,14714,1,4,5,3,12,453,Loyal Customers
43866,Glenn Cobb,127,5,19307,0,4,3,5,12,435,Potential Loyalists
43870,Kimberly Daugherty,58,10,29855,1,5,5,5,15,555,Champions
43871,William Taylor,5,8,24122,0,5,5,5,15,555,Champions
43873,Joseph Murray,387,10,30750,1,2,5,5,12,255,At Risk
43877,Margaret Hopkins,1,7,15527,0,5,5,4,14,554,Champions
43879,Heather Goodman,108,7,17402,0,4,5,4,13,454,Champions
43884,Jamie Pham,180,7,19675,0,3,5,5,13,355,Loyal Customers
43889,Katie Wright,160,9,27272,0,3,5,5,13,355,Loyal Customers
43894,Sharon Baxter,312,10,26521,0,2,5,5,12,255,At Risk
43896,Alexandria Mendoza,325,7,19650,0,2,5,5,12,255,At Risk
43899,Olivia Vazquez,249,8,25743,0,2,5,5,12,255,At Risk
43907,Joseph Blake,128,8,21477,0,4,5,5,14,455,Champions
43910,John Anderson,15,6,19537,1,5,4,5,14,545,Champions
43912,Samantha Norris,173,7,15270,0,3,5,4,12,354,Loyal Customers
43914,James Pearson,8,7,18057,0,5,5,4,14,554,Champions
43916,Richard Lane,133,6,17763,1,4,4,4,12,444,Champions
43917,Sean Aguilar,58,10,26461,0,5,5,5,15,555,Champions
43920,Andrew Williams,46,8,20962,0,5,5,5,15,555,Champions
43925,Scott Johnson,410,8,29562,0,2,5,5,12,255,At Risk
43926,Dr. Brittany Brooks,197,8,23234,0,3,5,5,13,355,Loyal Customers
43927,Emma Holden,143,6,19794,1,3,4,5,12,345,Loyal Customers
43930,Patricia Pittman MD,74,6,16650,0,4,4,4,12,444,Champions
43932,Carl Scott,45,6,16569,0,5,4,4,13,544,Champions
43934,Jason Clark,200,9,25890,1,3,5,5,13,355,Loyal Customers
43935,Gabrielle Moore,162,12,34854,1,3,5,5,13,355,Loyal Customers
43936,Francisco Rogers,207,8,17617,0,3,5,4,12,354,Loyal Customers
43944,Deborah Proctor,150,8,22944,0,3,5,5,13,355,Loyal Customers
43952,Ryan Fox,61,7,19951,1,4,5,5,14,455,Champions
43954,Kim Hoover,383,7,19400,0,2,5,5,12,255,At Risk
43955,Margaret Cain,78,6,18225,1,4,4,4,12,444,Champions
43964,Zachary Hawkins,44,8,18863,1,5,5,4,14,554,Champions
43967,Tammy Stephens,127,6,23397,0,4,4,5,13,445,Champions
43968,Scott Silva,8,5,17407,1,5,3,4,12,534,Potential Loyalists
43969,Timothy Frye,338,8,24451,0,2,5,5,12,255,At Risk
43970,Christopher Harris,109,6,16491,0,4,4,4,12,444,Champions
43971,Steven Taylor,87,6,16213,0,4,4,4,12,444,Champions
43979,Jennifer Floyd,20,8,22434,1,5,5,5,15,555,Champions
43983,Amanda Hill,36,8,27885,0,5,5,5,15,555,Champions
43987,Derrick Campbell,11,9,30164,0,5,5,5,15,555,Champions
43988,Christine Ramos,13,13,34800,0,5,5,5,15,555,Champions
43989,Jacqueline Robinson,269,7,19523,0,2,5,5,12,255,At Risk
43993,Susan Smith,229,7,31227,0,3,5,5,13,355,Loyal Customers
43995,Elizabeth Henson,22,10,32302,0,5,5,5,15,555,Champions
43999,Eric Jones,7,8,17277,0,5,5,4,14,554,Champions
44007,Brandon Shepherd,6,6,17326,0,5,4,4,13,544,Champions
44008,Todd Friedman,54,6,19008,0,5,4,4,13,544,Champions
44009,Lisa Garcia,132,9,18793,0,4,5,4,13,454,Champions
44013,Lisa Banks,32,7,18793,0,5,5,4,14,554,Champions
44016,Steven Riley,89,6,19278,0,4,4,5,13,445,Champions
44017,Bobby Rios,14,9,22874,0,5,5,5,15,555,Champions
44018,Emily Le,112,7,18371,1,4,5,4,13,454,Champions
44021,Stephanie Dunn,89,7,18487,0,4,5,4,13,454,Champions
44027,Harold Willis,65,7,19343,0,4,5,5,14,455,Champions
44030,Christopher Barrett,97,8,25321,0,4,5,5,14,455,Champions
44033,Ross Knight,58,6,20438,0,5,4,5,14,545,Champions
44034,Mike Sandoval,148,6,19487,1,3,4,5,12,345,Loyal Customers
44036,Robin Moore,13,5,18042,0,5,3,4,12,534,Potential Loyalists
44038,Stanley Roberts,88,8,16692,0,4,5,4,13,454,Champions
44041,Christopher Wagner,31,6,20146,0,5,4,5,14,545,Champions
44044,Kathryn Mccann,35,7,26761,0,5,5,5,15,555,Champions
44049,Jordan Page,65,14,39431,0,4,5,5,14,455,Champions
44054,Shannon Rodriguez,302,7,20670,0,2,5,5,12,255,At Risk
44056,Bianca Moore,27,7,14639,0,5,5,3,13,553,Loyal Customers
44057,Amy Diaz,42,7,12717,0,5,5,3,13,553,Loyal Customers
44060,Ernest Duke,25,6,12366,0,5,4,3,12,543,Loyal Customers
44063,Allison West,125,6,21005,0,4,4,5,13,445,Champions
44065,Olivia Keller,24,7,19728,0,5,5,5,15,555,Champions
44066,Brandy Richards,285,9,26222,0,2,5,5,12,255,At Risk
44069,Tiffany Aguilar,38,8,22985,0,5,5,5,15,555,Champions
44075,Amy Morris,123,7,20564,1,4,5,5,14,455,Champions
44084,Anne Pope,156,8,23553,0,3,5,5,13,355,Loyal Customers
44091,Breanna Smith,5,7,26659,1,5,5,5,15,555,Champions
44092,Edward Miller,161,9,20149,1,3,5,5,13,355,Loyal Customers
44095,Cindy Burns,137,8,22385,0,3,5,5,13,355,Loyal Customers
44096,Gilbert Martinez,26,7,16687,0,5,5,4,14,554,Champions
44101,Amanda Smith,16,8,16883,0,5,5,4,14,554,Champions
44106,Marc Jones,28,7,21837,0,5,5,5,15,555,Champions
44107,Timothy Bowman,33,6,20345,0,5,4,5,14,545,Champions
44113,Robin Wilkinson,94,6,15143,0,4,4,4,12,444,Champions
44115,Adam Carter,34,8,26255,0,5,5,5,15,555,Champions
44118,Barry Brown,52,6,14412,0,5,4,3,12,543,Loyal Customers
44119,Timothy Villanueva,309,7,21464,1,2,5,5,12,255,At Risk
44120,Richard Manning,39,10,35114,0,5,5,5,15,555,Champions
44126,James Brown,72,7,18652,0,4,5,4,13,454,Champions
44142,Stephanie Mendoza,113,8,18201,0,4,5,4,13,454,Champions
44144,Kyle Palmer,126,6,18441,0,4,4,4,12,444,Champions
44148,Michael Orozco,9,7,15800,1,5,5,4,14,554,Champions
44150,Robert Harris,154,7,18844,1,3,5,4,12,354,Loyal Customers
44151,Roger Lynn,88,8,24646,1,4,5,5,14,455,Champions
44155,Seth Smith,18,6,18606,0,5,4,4,13,544,Champions
44161,Catherine Roberts,61,6,17103,1,4,4,4,12,444,Champions
44165,Megan Powers,25,5,15897,0,5,3,4,12,534,Potential Loyalists
44172,Frederick Farmer,246,7,20382,0,2,5,5,12,255,At Risk
44175,Jesus Harris,139,7,18764,1,3,5,4,12,354,Loyal Customers
44176,Vanessa Velasquez,12,8,14502,0,5,5,3,13,553,Loyal Customers
44177,Fred Santiago,35,6,14622,0,5,4,3,12,543,Loyal Customers
44179,Alex Robinson,66,6,22641,1,4,4,5,13,445,Champions
44184,Lindsey Ramirez,130,9,18770,1,4,5,4,13,454,Champions
44188,Holly Garcia,52,6,11698,0,5,4,3,12,543,Loyal Customers
44191,John Franklin,28,6,12457,0,5,4,3,12,543,Loyal Customers
44199,Sarah Boone,20,6,23968,0,5,4,5,14,545,Champions
44200,Jason Clark,67,8,17319,0,4,5,4,13,454,Champions
44201,Pamela Romero,42,8,29309,1,5,5,5,15,555,Champions
44208,Susan Gonzalez,44,6,22600,0,5,4,5,14,545,Champions
44219,Dominique Fischer,26,10,30990,0,5,5,5,15,555,Champions
44224,Brandon Ramsey,49,5,16830,0,5,3,4,12,534,Potential Loyalists
44225,William Duncan,390,7,20143,1,2,5,5,12,255,At Risk
44231,Jeffrey Nguyen,76,9,23941,0,4,5,5,14,455,Champions
44233,Terry Jones,22,10,24134,0,5,5,5,15,555,Champions
44235,Diane Martin,16,6,17145,1,5,4,4,13,544,Champions
44236,Mary Reynolds,194,8,23964,1,3,5,5,13,355,Loyal Customers
44245,Desiree Jackson,104,7,26713,0,4,5,5,14,455,Champions
44247,Wendy Hernandez,194,7,22265,0,3,5,5,13,355,Loyal Customers
44248,Kevin Brown,56,9,20051,0,5,5,5,15,555,Champions
44249,Ashley Miller,12,8,21505,0,5,5,5,15,555,Champions
44250,Jessica Yates,378,8,21460,0,2,5,5,12,255,At Risk
44252,James Hale,3,10,22273,0,5,5,5,15,555,Champions
44254,Cassandra Savage,51,7,23272,0,5,5,5,15,555,Champions
44256,Mike Stewart,58,10,20184,0,5,5,5,15,555,Champions
44258,Crystal Duncan,129,6,21941,0,4,4,5,13,445,Champions
44263,Amber Miller,216,7,22216,0,3,5,5,13,355,Loyal Customers
44267,Melanie Martin,50,7,18619,0,5,5,4,14,554,Champions
44277,Robert Williams,325,9,28883,0,2,5,5,12,255,At Risk
44278,Robert Blair,23,5,15162,1,5,3,4,12,534,Potential Loyalists
44279,Brett Costa,126,8,23580,1,4,5,5,14,455,Champions
44282,Ashley Bryant,82,8,19307,1,4,5,5,14,455,Champions
44283,Jennifer Graham,154,9,31187,0,3,5,5,13,355,Loyal Customers
44291,Nancy Thomas,56,7,15411,0,5,5,4,14,554,Champions
44295,Jared Nelson,47,10,24521,0,5,5,5,15,555,Champions
44299,Tina Ray,57,9,28256,0,5,5,5,15,555,Champions
44301,Karen Gonzalez,238,8,24606,0,3,5,5,13,355,Loyal Customers
44303,Victoria Lin,247,8,23886,0,2,5,5,12,255,At Risk
44306,Jeffery Lloyd,217,7,19930,0,3,5,5,13,355,Loyal Customers
44313,Mrs. Maria Reese,209,8,20318,0,3,5,5,13,355,Loyal Customers
44314,Anthony Morris,136,8,21737,0,4,5,5,14,455,Champions
44315,Theresa Horn,247,8,22407,0,2,5,5,12,255,At Risk
44316,Courtney Johnson,279,8,20346,1,2,5,5,12,255,At Risk
44318,Jeanette Harris,57,9,27143,0,5,5,5,15,555,Champions
44320,Richard Houston,84,6,23418,0,4,4,5,13,445,Champions
44322,Dustin Armstrong,5,8,16768,0,5,5,4,14,554,Champions
44325,Kathy Wong,78,7,24248,1,4,5,5,14,455,Champions
44337,Linda Rios,57,11,41562,0,5,5,5,15,555,Champions
44346,Christopher Brewer,285,10,22675,0,2,5,5,12,255,At Risk
44353,Tanya Lloyd,210,6,25367,0,3,4,5,12,345,Loyal Customers
44357,Katherine Mcgee,97,7,14866,0,4,5,4,13,454,Champions
44362,Dr. Jennifer Villarreal DDS,46,8,19009,0,5,5,4,14,554,Champions
44363,Edward Conrad,169,8,16997,0,3,5,4,12,354,Loyal Customers
44364,Karen Ramos,37,7,14477,0,5,5,3,13,553,Loyal Customers
44368,Christopher Taylor,5,10,21290,0,5,5,5,15,555,Champions
44378,Karen Li,64,8,19466,0,4,5,5,14,455,Champions
44379,Jennifer Price,71,9,24918,0,4,5,5,14,455,Champions
44381,Matthew Walker,195,7,20853,0,3,5,5,13,355,Loyal Customers
44383,Catherine Sanchez,205,7,21542,0,3,5,5,13,355,Loyal Customers
44386,Samantha Boyd,46,6,13321,0,5,4,3,12,543,Loyal Customers
44387,Christopher Jones,52,5,15515,0,5,3,4,12,534,Potential Loyalists
44390,Jackie Martinez,20,7,15142,0,5,5,4,14,554,Champions
44394,Patricia Haley,26,5,15133,0,5,3,4,12,534,Potential Loyalists
44395,Rachel Rodriguez,197,8,25775,0,3,5,5,13,355,Loyal Customers
44399,Kevin Perez,54,7,23470,0,5,5,5,15,555,Champions
44404,Chad Moreno,122,6,19560,0,4,4,5,13,445,Champions
44407,Arthur Hawkins,161,12,36820,0,3,5,5,13,355,Loyal Customers
44411,Tammy Hayes,22,14,38939,0,5,5,5,15,555,Champions
44419,Jack Davis,228,11,34865,0,3,5,5,13,355,Loyal Customers
44427,Sean Davis,226,6,19584,0,3,4,5,12,345,Loyal Customers
44429,Cory Sweeney,49,12,34731,0,5,5,5,15,555,Champions
44432,Kimberly Trujillo,0,6,17730,1,5,4,4,13,544,Champions
44435,Joshua Deleon,114,6,19240,0,4,4,4,12,444,Champions
44438,Angela Flores,59,5,16670,0,5,3,4,12,534,Potential Loyalists
44441,Jamie Hawkins,236,7,18540,0,3,5,4,12,354,Loyal Customers
44449,Teresa Walters,104,8,25514,0,4,5,5,14,455,Champions
44450,Isaiah Romero,54,5,17560,1,5,3,4,12,534,Potential Loyalists
44452,Meredith Mitchell,17,6,12022,0,5,4,3,12,543,Loyal Customers
44455,Nathan Moreno,245,9,21661,0,2,5,5,12,255,At Risk
44458,Nicole Hansen,122,9,23186,0,4,5,5,14,455,Champions
44460,Brittany Melendez,326,8,24186,0,2,5,5,12,255,At Risk
44462,Jerry Howard,75,11,31471,0,4,5,5,14,455,Champions
44464,William Griffith,36,6,15982,0,5,4,4,13,544,Champions
44468,Patrick Faulkner,58,4,16700,0,5,3,4,12,534,Potential Loyalists
44470,Kelly Rubio,403,8,25344,0,2,5,5,12,255,At Risk
44473,Cody Cummings,416,7,24151,0,2,5,5,12,255,At Risk
44477,Katherine Thompson,182,7,22370,0,3,5,5,13,355,Loyal Customers
44483,Stacy Jackson,77,8,22672,0,4,5,5,14,455,Champions
44490,Albert Harrison,41,8,21149,0,5,5,5,15,555,Champions
44496,Sarah Davis,44,8,22453,0,5,5,5,15,555,Champions
44498,Steven Murray,261,7,19800,0,2,5,5,12,255,At Risk
44506,William Clarke,291,9,20716,1,2,5,5,12,255,At Risk
44507,Andrew Robinson,92,7,22333,0,4,5,5,14,455,Champions
44512,Sonya Smith,354,7,21846,0,2,5,5,12,255,At Risk
44513,Gregory Holmes,41,7,13456,0,5,5,3,13,553,Loyal Customers
44517,Jessica Jackson,16,7,19269,0,5,5,4,14,554,Champions
44518,Brianna Reid,177,6,22254,0,3,4,5,12,345,Loyal Customers
44528,Anthony Alexander,266,10,20114,0,2,5,5,12,255,At Risk
44537,Courtney Carrillo,132,9,19326,0,4,5,5,14,455,Champions
44538,Tyler Kelly,127,9,18479,0,4,5,4,13,454,Champions
44541,Bruce Castillo,85,8,22085,0,4,5,5,14,455,Champions
44544,Edward Ferguson,31,9,27529,0,5,5,5,15,555,Champions
44551,John Lopez,75,7,23637,0,4,5,5,14,455,Champions
44552,Matthew Simpson,179,8,22354,0,3,5,5,13,355,Loyal Customers
44553,Jacob Williams,41,5,18491,0,5,3,4,12,534,Potential Loyalists
44563,Samantha Wong,83,6,15836,0,4,4,4,12,444,Champions
44567,Angela Colon,131,9,22857,0,4,5,5,14,455,Champions
44572,Elizabeth Flores,34,8,19245,0,5,5,4,14,554,Champions
44573,Elizabeth Kaiser MD,178,7,21345,1,3,5,5,13,355,Loyal Customers
44575,Madison Ramirez,33,6,14074,0,5,4,3,12,543,Loyal Customers
44576,John Kelly,71,6,18021,0,4,4,4,12,444,Champions
44578,Samantha Gallegos,45,8,21368,0,5,5,5,15,555,Champions
44581,Michael Welch,355,9,22970,0,2,5,5,12,255,At Risk
44583,Todd Black,136,8,24231,0,4,5,5,14,455,Champions
44585,Carla Reynolds,128,9,26550,0,4,5,5,14,455,Champions
44586,Samantha Thomas,324,9,19489,0,2,5,5,12,255,At Risk
44591,Nancy Vaughn,50,6,13814,0,5,4,3,12,543,Loyal Customers
44592,Marvin Anderson,31,5,17877,0,5,3,4,12,534,Potential Loyalists
44593,Jesse Hunt,334,8,19620,0,2,5,5,12,255,At Risk
44596,Laura Nixon,150,6,22335,0,3,4,5,12,345,Loyal Customers
44600,Alyssa Suarez,9,8,19048,0,5,5,4,14,554,Champions
44610,Jennifer Cruz,130,6,18647,0,4,4,4,12,444,Champions
44612,Mrs. Kayla Henderson,31,6,17448,0,5,4,4,13,544,Champions
44613,Nicholas Santos,249,7,22925,0,2,5,5,12,255,At Risk
44614,Jesse Ellis,176,6,20134,0,3,4,5,12,345,Loyal Customers
44619,Laura Peterson,3,9,26612,0,5,5,5,15,555,Champions
44620,Thomas Johnson,41,7,15174,0,5,5,4,14,554,Champions
44622,Elizabeth Davis,31,8,26373,0,5,5,5,15,555,Champions
44623,Jack Whitaker,93,9,25554,1,4,5,5,14,455,Champions
44627,Calvin Hughes,209,8,18071,0,3,5,4,12,354,Loyal Customers
44632,Hannah Murray,214,10,27615,0,3,5,5,13,355,Loyal Customers
44635,Stephanie Duncan,26,7,16026,1,5,5,4,14,554,Champions
44637,Patrick Smith,35,7,22520,0,5,5,5,15,555,Champions
44642,Heather Lewis,1,10,22546,0,5,5,5,15,555,Champions
44643,Timothy Delgado,74,7,18854,1,4,5,4,13,454,Champions
44644,Julie Mason,57,5,15277,1,5,3,4,12,534,Potential Loyalists
44655,Christy Dougherty,32,6,11453,1,5,4,3,12,543,Loyal Customers
44659,Jay Smith,89,7,19294,0,4,5,5,14,455,Champions
44660,Taylor Douglas,29,7,11507,0,5,5,3,13,553,Loyal Customers
44661,Linda Ramos,331,7,24974,0,2,5,5,12,255,At Risk
44662,Heather Young,228,8,22377,0,3,5,5,13,355,Loyal Customers
44669,Lisa Rodriguez,108,7,20428,0,4,5,5,14,455,Champions
44676,Cindy Gardner,287,10,31670,0,2,5,5,12,255,At Risk
44679,Joshua Wood,121,6,17611,0,4,4,4,12,444,Champions
44681,Kristin Hobbs,196,8,20634,1,3,5,5,13,355,Loyal Customers
44684,Kristina Wright,115,7,16587,1,4,5,4,13,454,Champions
44689,Renee Pacheco,190,7,17933,1,3,5,4,12,354,Loyal Customers
44690,Jeffery Woods,24,5,18596,0,5,3,4,12,534,Potential Loyalists
44692,Courtney Morris,89,6,16953,0,4,4,4,12,444,Champions
44694,Emily Rodriguez,36,9,18852,0,5,5,4,14,554,Champions
44701,Eric Atkins,26,6,13481,0,5,4,3,12,543,Loyal Customers
44707,Jeffrey Holland,71,6,14928,1,4,4,4,12,444,Champions
44714,Dana Hunt,91,8,14179,0,4,5,3,12,453,Loyal Customers
44716,Harold Mcknight,29,6,21454,0,5,4,5,14,545,Champions
44722,Kelly Smith,133,10,26615,0,4,5,5,14,455,Champions
44724,Dawn Steele,149,7,20095,0,3,5,5,13,355,Loyal Customers
44732,Daniel James,48,6,13835,0,5,4,3,12,543,Loyal Customers
44733,Brandon Peterson,16,6,14627,0,5,4,3,12,543,Loyal Customers
44738,Breanna Miller,52,9,13971,0,5,5,3,13,553,Loyal Customers
44748,Jacob Mendoza,15,6,20731,0,5,4,5,14,545,Champions
44752,Sarah Campos,6,8,25347,0,5,5,5,15,555,Champions
44755,Kenneth Simon,26,8,21719,0,5,5,5,15,555,Champions
44756,John Herrera,103,11,31926,1,4,5,5,14,455,Champions
44758,Jacob Ward,89,7,19226,0,4,5,4,13,454,Champions
44767,Brandon Rose,117,8,30138,0,4,5,5,14,455,Champions
44774,Richard Martinez,191,7,26011,0,3,5,5,13,355,Loyal Customers
44783,Cindy Brooks,105,9,24213,0,4,5,5,14,455,Champions
44785,William Ali,112,7,18701,0,4,5,4,13,454,Champions
44786,Dawn Smith,13,7,18441,0,5,5,4,14,554,Champions
44787,Timothy Henry,48,6,14004,0,5,4,3,12,543,Loyal Customers
44792,John Olsen,55,6,17767,0,5,4,4,13,544,Champions
44794,Taylor Gaines,30,9,30327,0,5,5,5,15,555,Champions
44795,Brittany Johnson,310,8,21129,0,2,5,5,12,255,At Risk
44797,Sabrina Hunt,182,8,30299,0,3,5,5,13,355,Loyal Customers
44807,Christopher Vargas,38,6,17348,0,5,4,4,13,544,Champions
44808,Karen Hardy,8,6,14856,0,5,4,4,13,544,Champions
44812,Mary Graves,29,7,25819,0,5,5,5,15,555,Champions
44824,Miguel Morgan,174,7,18726,0,3,5,4,12,354,Loyal Customers
44829,Jennifer Jenkins,171,7,23029,0,3,5,5,13,355,Loyal Customers
44834,Daniel Green,36,8,20745,0,5,5,5,15,555,Champions
44843,Kevin Clark,91,7,12779,0,4,5,3,12,453,Loyal Customers
44845,Danielle Vega,151,10,31818,0,3,5,5,13,355,Loyal Customers
44851,Nathan Walker,58,6,17076,1,5,4,4,13,544,Champions
44853,Gregory Miller,228,8,24980,1,3,5,5,13,355,Loyal Customers
44854,Carolyn Johnson,260,8,25357,0,2,5,5,12,255,At Risk
44864,Alyssa Smith,115,7,23937,0,4,5,5,14,455,Champions
44867,John Vance,94,8,25058,0,4,5,5,14,455,Champions
44869,Angela Herring,14,10,25985,0,5,5,5,15,555,Champions
44871,Tracy Bray,29,5,15740,0,5,3,4,12,534,Potential Loyalists
44876,Michael Benson,46,5,15454,0,5,3,4,12,534,Potential Loyalists
44877,Shannon Hardy,38,6,16437,0,5,4,4,13,544,Champions
44882,Brian Smith,172,7,20316,0,3,5,5,13,355,Loyal Customers
44883,Cheryl Gomez,158,9,28791,0,3,5,5,13,355,Loyal Customers
44895,Christopher Jones,76,10,34893,0,4,5,5,14,455,Champions
44897,Austin Lewis,293,10,31880,0,2,5,5,12,255,At Risk
44898,Taylor Roman,61,12,29921,0,4,5,5,14,455,Champions
44901,Daniel Brady,14,6,15988,0,5,4,4,13,544,Champions
44902,Cheryl Ray,124,6,23986,1,4,4,5,13,445,Champions
44904,Tammy Carter,164,9,17137,0,3,5,4,12,354,Loyal Customers
44908,Nancy Huang,72,13,33402,0,4,5,5,14,455,Champions
44911,Bonnie Barber,109,6,20235,0,4,4,5,13,445,Champions
44912,Michelle Lopez,15,7,18715,1,5,5,4,14,554,Champions
44913,Carlos Dalton,3,9,22791,0,5,5,5,15,555,Champions
44922,Cynthia Santos,102,9,26586,0,4,5,5,14,455,Champions
44924,Gary Anderson,131,7,20697,0,4,5,5,14,455,Champions
44925,Rhonda Wilson,207,9,24822,0,3,5,5,13,355,Loyal Customers
44930,James Kim,5,8,26969,0,5,5,5,15,555,Champions
44931,Larry Booth,59,9,21889,1,5,5,5,15,555,Champions
44932,Sheryl Davis,47,7,15897,0,5,5,4,14,554,Champions
44935,Lawrence Anderson,14,8,24294,0,5,5,5,15,555,Champions
44938,Teresa Morse,31,6,15931,0,5,4,4,13,544,Champions
44939,Lauren Smith,41,8,28392,0,5,5,5,15,555,Champions
44944,Alex Mooney,135,7,12684,0,4,5,3,12,453,Loyal Customers
44946,Angela Bishop DVM,19,8,22029,0,5,5,5,15,555,Champions
44951,Ryan Chapman,135,7,16418,0,4,5,4,13,454,Champions
44954,Mary Smith,95,8,20437,0,4,5,5,14,455,Champions
44958,William Green,53,4,16853,0,5,3,4,12,534,Potential Loyalists
44961,Kyle Warren,6,8,25800,1,5,5,5,15,555,Champions
44963,Brittany Roberson,229,7,15263,0,3,5,4,12,354,Loyal Customers
44964,Logan Gomez,2,9,22191,0,5,5,5,15,555,Champions
44966,James Gardner,123,7,22494,0,4,5,5,14,455,Champions
44968,Gina Weeks,192,7,25373,0,3,5,5,13,355,Loyal Customers
44969,Jesse Coleman,19,8,25591,0,5,5,5,15,555,Champions
44970,Hunter Frank,299,7,24871,0,2,5,5,12,255,At Risk
44971,Vickie Lawson,84,6,15616,0,4,4,4,12,444,Champions
44975,Thomas Taylor,46,5,17299,0,5,3,4,12,534,Potential Loyalists
44981,Jeffrey Salazar,34,6,16507,0,5,4,4,13,544,Champions
44982,Danielle Brown,134,8,22366,0,4,5,5,14,455,Champions
44985,Lauren Martin,103,7,22776,1,4,5,5,14,455,Champions
44986,Paul Henry,91,8,24612,0,4,5,5,14,455,Champions
44992,Teresa Lynch,7,7,18256,1,5,5,4,14,554,Champions
45002,Brian Burnett,105,6,19183,0,4,4,4,12,444,Champions
45003,Renee Cross,63,8,21026,0,4,5,5,14,455,Champions
45006,Michael Jones,85,7,16768,0,4,5,4,13,454,Champions
45007,Nicole Holden,119,7,17923,0,4,5,4,13,454,Champions
45012,Michael Floyd,162,7,21860,1,3,5,5,13,355,Loyal Customers
45014,Leah Gonzales,175,7,25967,0,3,5,5,13,355,Loyal Customers
45026,Dave Heath,46,6,20247,0,5,4,5,14,545,Champions
45030,Yolanda Norris,261,7,20144,0,2,5,5,12,255,At Risk
45031,Jeffery Ford,195,7,19770,0,3,5,5,13,355,Loyal Customers
45035,Robert Miller,185,9,25259,0,3,5,5,13,355,Loyal Customers
45036,Michelle Snyder,34,8,18061,0,5,5,4,14,554,Champions
45047,Megan Smith,16,6,15822,0,5,4,4,13,544,Champions
45055,Jason Sanchez,121,7,17092,0,4,5,4,13,454,Champions
45056,Shawna Beard,76,7,20714,0,4,5,5,14,455,Champions
45062,Brittney Burke,197,6,19612,1,3,4,5,12,345,Loyal Customers
45067,Kyle Robles,55,7,20090,0,5,5,5,15,555,Champions
45071,Logan Acosta,20,5,16004,0,5,3,4,12,534,Potential Loyalists
45082,Randy Blankenship,21,5,16850,0,5,3,4,12,534,Potential Loyalists
45083,Natalie Patton,31,6,12739,1,5,4,3,12,543,Loyal Customers
45090,Lisa Mata,241,8,29252,1,3,5,5,13,355,Loyal Customers
45091,Brittany Ford,142,7,26966,0,3,5,5,13,355,Loyal Customers
45095,Scott Michael,135,8,23000,0,4,5,5,14,455,Champions
45113,Jeffrey Moreno,25,9,23329,0,5,5,5,15,555,Champions
45116,Lori Valenzuela,42,12,37572,0,5,5,5,15,555,Champions
45125,Kenneth Wheeler,33,6,21306,1,5,4,5,14,545,Champions
45128,Rebecca Palmer,46,9,24327,0,5,5,5,15,555,Champions
45131,Jonathan Elliott,27,7,12817,1,5,5,3,13,553,Loyal Customers
45138,Courtney Myers,25,5,15105,0,5,3,4,12,534,Potential Loyalists
45142,Natalie Morrison,100,10,30522,0,4,5,5,14,455,Champions
45146,William Brown,5,6,23130,0,5,4,5,14,545,Champions
45147,Daniel Ross MD,1,10,26712,0,5,5,5,15,555,Champions
45155,David Henderson,44,9,27533,1,5,5,5,15,555,Champions
45158,Sabrina Mcneil,338,7,21658,0,2,5,5,12,255,At Risk
45160,Ryan Mccormick,96,9,19780,0,4,5,5,14,455,Champions
45161,Kevin Garcia,27,6,18828,0,5,4,4,13,544,Champions
45162,Emily Bradley,12,9,20757,0,5,5,5,15,555,Champions
45168,Cynthia King,37,9,22515,1,5,5,5,15,555,Champions
45171,Angela Moreno,3,11,28972,1,5,5,5,15,555,Champions
45173,Christopher Gray,67,8,28944,0,4,5,5,14,455,Champions
45180,Eric Fleming,54,6,22254,0,5,4,5,14,545,Champions
45183,Patrick Mitchell,177,8,20593,0,3,5,5,13,355,Loyal Customers
45190,Jennifer Brock,25,7,17489,1,5,5,4,14,554,Champions
45191,Roy Riggs,75,8,21316,0,4,5,5,14,455,Champions
45198,Brian Singh,91,7,11850,0,4,5,3,12,453,Loyal Customers
45203,Scott Morris,2,8,13419,0,5,5,3,13,553,Loyal Customers
45205,Brian Thompson,33,6,16668,0,5,4,4,13,544,Champions
45206,Shelley Long,93,7,20668,0,4,5,5,14,455,Champions
45207,Susan Bradford,67,10,28102,0,4,5,5,14,455,Champions
45209,Carolyn Simmons,77,7,25500,1,4,5,5,14,455,Champions
45215,Thomas Cooper,125,8,19825,0,4,5,5,14,455,Champions
45240,Jennifer Jones,184,9,30598,0,3,5,5,13,355,Loyal Customers
45243,Gina Robinson,27,6,19935,0,5,4,5,14,545,Champions
45249,Patricia Moore,50,4,15947,1,5,3,4,12,534,Potential Loyalists
45251,Elizabeth Gregory,58,5,14960,0,5,3,4,12,534,Potential Loyalists
45252,Steven Holt,39,7,15091,0,5,5,4,14,554,Champions
45261,Brittany Sutton,39,6,14074,0,5,4,3,12,543,Loyal Customers
45262,Ashley Meyer,79,7,16349,0,4,5,4,13,454,Champions
45264,Chase Stevens,306,9,28666,0,2,5,5,12,255,At Risk
45270,Michael Love,34,7,12339,0,5,5,3,13,553,Loyal Customers
45273,Katherine Davis,74,7,23467,0,4,5,5,14,455,Champions
45279,Kathryn Wilkinson,95,8,16825,0,4,5,4,13,454,Champions
45280,Jeffrey Ford,211,7,15928,0,3,5,4,12,354,Loyal Customers
45284,Paul Leonard,94,8,17047,1,4,5,4,13,454,Champions
45288,Sarah Ferguson,31,8,18894,0,5,5,4,14,554,Champions
45289,Douglas Stone,56,9,26038,0,5,5,5,15,555,Champions
45293,Ashley Sims,49,7,14918,1,5,5,4,14,554,Champions
45296,Lisa Smith,151,8,17769,1,3,5,4,12,354,Loyal Customers
45299,Edward Carr,32,10,23074,0,5,5,5,15,555,Champions
45300,Regina Best DDS,129,7,19577,1,4,5,5,14,455,Champions
45301,Jennifer Riley,424,8,27624,0,2,5,5,12,255,At Risk
45302,Madison Hebert,3,10,26390,0,5,5,5,15,555,Champions
45303,Kelly Pena,175,7,20808,0,3,5,5,13,355,Loyal Customers
45308,Anita Martin,190,8,20416,1,3,5,5,13,355,Loyal Customers
45309,Douglas Beard,95,7,23239,0,4,5,5,14,455,Champions
45312,Austin Day,40,9,29082,0,5,5,5,15,555,Champions
45315,Matthew Shields,17,8,16146,0,5,5,4,14,554,Champions
45318,Emily Chen,281,7,23902,1,2,5,5,12,255,At Risk
45321,Adam Garcia,13,5,15849,0,5,3,4,12,534,Potential Loyalists
45325,Michael Peters,11,7,19507,0,5,5,5,15,555,Champions
45330,Pamela Hamilton,26,7,12530,0,5,5,3,13,553,Loyal Customers
45331,Steven Melton,12,6,20913,0,5,4,5,14,545,Champions
45332,James Brennan,27,7,17966,0,5,5,4,14,554,Champions
45334,Michael Rogers,42,8,23676,0,5,5,5,15,555,Champions
45335,Jamie Cole,8,6,16350,0,5,4,4,13,544,Champions
45336,Heather Fuller,71,6,19113,0,4,4,4,12,444,Champions
45338,Bill Sanchez,237,7,15929,0,3,5,4,12,354,Loyal Customers
45341,Lori Harvey,103,7,14125,1,4,5,3,12,453,Loyal Customers
45344,Stephanie Martinez,140,6,22441,0,3,4,5,12,345,Loyal Customers
45347,Sheri Gates,66,7,23844,0,4,5,5,14,455,Champions
45348,Chase Chan,124,7,24008,0,4,5,5,14,455,Champions
45349,Nathan Brown,77,9,18927,1,4,5,4,13,454,Champions
45353,Jessica Scott,134,6,19573,0,4,4,5,13,445,Champions
45355,Cynthia Mcguire,139,7,15762,0,3,5,4,12,354,Loyal Customers
45356,Caitlin Williams,302,7,20893,1,2,5,5,12,255,At Risk
45358,Cheryl Gillespie,177,7,20921,0,3,5,5,13,355,Loyal Customers
45359,Jodi Schmidt,258,8,25813,0,2,5,5,12,255,At Risk
45361,Steven Quinn,39,6,20560,0,5,4,5,14,545,Champions
45362,Joshua Patel,69,8,20108,1,4,5,5,14,455,Champions
45363,Dana Thompson,99,10,25640,0,4,5,5,14,455,Champions
45366,Julie Blanchard,9,5,17691,0,5,3,4,12,534,Potential Loyalists
45370,Marc Gonzales,6,6,22114,0,5,4,5,14,545,Champions
45376,Valerie Hunter,50,5,18317,0,5,3,4,12,534,Potential Loyalists
45377,Jeremy Howard,50,9,19498,0,5,5,5,15,555,Champions
45381,Justin Young,45,9,25680,0,5,5,5,15,555,Champions
45382,Courtney French,7,9,31012,1,5,5,5,15,555,Champions
45384,Desiree Henderson,93,7,17912,0,4,5,4,13,454,Champions
45388,Dennis Thompson,8,8,16729,0,5,5,4,14,554,Champions
45391,Michelle Johnson,187,6,22605,0,3,4,5,12,345,Loyal Customers
45392,Leslie Gonzalez,313,7,23613,0,2,5,5,12,255,At Risk
45394,Kerry Molina,228,7,27027,0,3,5,5,13,355,Loyal Customers
45395,Christina Pittman,139,9,23908,1,3,5,5,13,355,Loyal Customers
45403,Tasha Hoffman,154,7,20362,1,3,5,5,13,355,Loyal Customers
45406,Michael Norton,20,7,24214,0,5,5,5,15,555,Champions
45416,Richard Davis,15,7,22200,0,5,5,5,15,555,Champions
45418,James Garcia,97,7,14711,0,4,5,3,12,453,Loyal Customers
45420,Damon Johnson,10,6,16419,0,5,4,4,13,544,Champions
45423,Sarah Ochoa,62,7,13201,0,4,5,3,12,453,Loyal Customers
45424,Mark Scott,134,7,21850,0,4,5,5,14,455,Champions
45427,Erica Reid,13,4,14822,1,5,3,4,12,534,Potential Loyalists
45428,Courtney Taylor,248,11,23158,0,2,5,5,12,255,At Risk
45433,Mark Nash,13,6,18189,0,5,4,4,13,544,Champions
45436,George Price,101,6,21535,1,4,4,5,13,445,Champions
45443,Nicholas Palmer,22,8,18098,0,5,5,4,14,554,Champions
45446,Travis Smith,25,8,22068,0,5,5,5,15,555,Champions
45449,Heidi Berry,144,7,17358,0,3,5,4,12,354,Loyal Customers
45451,Angela Nunez,231,7,22958,0,3,5,5,13,355,Loyal Customers
45452,Jamie Martinez,15,10,30749,1,5,5,5,15,555,Champions
45456,Billy Kerr,7,5,15426,0,5,3,4,12,534,Potential Loyalists
45458,David Kennedy,18,9,25053,1,5,5,5,15,555,Champions
45459,Jose Lawson,24,6,14054,0,5,4,3,12,543,Loyal Customers
45465,Kimberly Johnson,34,5,16114,0,5,3,4,12,534,Potential Loyalists
45468,Briana Gonzales,102,8,24539,0,4,5,5,14,455,Champions
45474,Greg Perez,126,7,17794,0,4,5,4,13,454,Champions
45475,Jeff Kelley,41,6,16734,0,5,4,4,13,544,Champions
45484,Kathy Alexander,215,7,15416,0,3,5,4,12,354,Loyal Customers
45485,Benjamin Haas,19,7,18003,0,5,5,4,14,554,Champions
45488,Derek Brown,129,7,19218,1,4,5,4,13,454,Champions
45490,Michelle Hammond,44,5,16283,0,5,3,4,12,534,Potential Loyalists
45495,Paul Arnold,98,8,25663,0,4,5,5,14,455,Champions
45497,Christopher Washington,11,10,25996,0,5,5,5,15,555,Champions
45498,Teresa Williams,73,6,19384,0,4,4,5,13,445,Champions
45500,Kevin Fox,50,6,19393,0,5,4,5,14,545,Champions
45501,Anthony Cuevas,58,6,15213,0,5,4,4,13,544,Champions
45504,Alexander Buckley,54,4,15858,1,5,3,4,12,534,Potential Loyalists
45507,James Larsen,205,7,15986,0,3,5,4,12,354,Loyal Customers
45516,George Barron,180,7,18939,0,3,5,4,12,354,Loyal Customers
45517,Caroline Peck,94,10,29742,0,4,5,5,14,455,Champions
45524,Amanda Smith,9,8,19146,0,5,5,4,14,554,Champions
45529,James Hammond,15,7,16990,0,5,5,4,14,554,Champions
45532,Lisa Skinner,218,10,23047,1,3,5,5,13,355,Loyal Customers
45545,Kenneth Henderson,87,6,18768,0,4,4,4,12,444,Champions
45552,Lindsay Compton,93,5,20036,0,4,3,5,12,435,Potential Loyalists
45553,Troy Rowland,67,9,29308,0,4,5,5,14,455,Champions
45554,Rachel Foster,129,9,27654,0,4,5,5,14,455,Champions
45556,Caleb Campbell,106,8,25586,0,4,5,5,14,455,Champions
45557,Monica Hancock,23,6,18654,1,5,4,4,13,544,Champions
45558,Riley Cole,84,7,17232,0,4,5,4,13,454,Champions
45559,Sonia Jones,194,7,26852,0,3,5,5,13,355,Loyal Customers
45560,Wayne Finley,128,6,15064,0,4,4,4,12,444,Champions
45561,David Jones,49,6,13769,0,5,4,3,12,543,Loyal Customers
45562,Dalton Fernandez,132,13,27689,0,4,5,5,14,455,Champions
45568,Elizabeth Avila,345,8,23252,0,2,5,5,12,255,At Risk
45576,Lori Russell,171,7,22601,1,3,5,5,13,355,Loyal Customers
45582,Deborah Ferguson,173,7,21669,0,3,5,5,13,355,Loyal Customers
45589,Nicole Love,46,10,23506,0,5,5,5,15,555,Champions
45591,Alexander Wheeler,11,10,31446,0,5,5,5,15,555,Champions
45599,Nicholas Mckenzie,142,8,28237,0,3,5,5,13,355,Loyal Customers
45602,Steve Galloway MD,0,7,18427,1,5,5,4,14,554,Champions
45607,Kevin Baker,137,6,22111,0,3,4,5,12,345,Loyal Customers
45616,Aaron Ramos,78,8,23870,0,4,5,5,14,455,Champions
45622,Angela Sherman,48,7,20055,0,5,5,5,15,555,Champions
45629,Anthony Wright,156,9,19684,0,3,5,5,13,355,Loyal Customers
45631,Lori Wallace,234,8,22883,1,3,5,5,13,355,Loyal Customers
45633,Jeffery Lee,40,9,30369,0,5,5,5,15,555,Champions
45639,Valerie Jones,54,9,18222,0,5,5,4,14,554,Champions
45642,Nicole Day,32,6,12612,0,5,4,3,12,543,Loyal Customers
45656,Lori Clay,381,9,28651,0,2,5,5,12,255,At Risk
45657,Brad Harris,411,7,22644,0,2,5,5,12,255,At Risk
45660,Melissa Miller,36,7,26229,0,5,5,5,15,555,Champions
45663,Kristy Owens,126,8,30561,0,4,5,5,14,455,Champions
45680,Christine Walsh,211,7,15273,0,3,5,4,12,354,Loyal Customers
45682,Brandy Townsend,0,7,20164,0,5,5,5,15,555,Champions
45686,Alexander Pratt,149,9,18612,0,3,5,4,12,354,Loyal Customers
45697,Kristin Tucker,32,6,11418,0,5,4,3,12,543,Loyal Customers
45700,Amanda Prince,12,5,16902,0,5,3,4,12,534,Potential Loyalists
45706,Deanna Page,93,6,17881,0,4,4,4,12,444,Champions
45709,Glenda Singh,156,8,21068,0,3,5,5,13,355,Loyal Customers
45714,Elizabeth Thompson,26,7,16653,0,5,5,4,14,554,Champions
45717,Lisa James,405,7,29822,0,2,5,5,12,255,At Risk
45720,Henry Montgomery,7,8,16353,1,5,5,4,14,554,Champions
45724,James Murphy,78,7,22511,0,4,5,5,14,455,Champions
45726,Jenna Conner,118,6,17552,1,4,4,4,12,444,Champions
45728,Zachary Hopkins,11,7,18598,0,5,5,4,14,554,Champions
45738,Tanya Sweeney,18,10,24939,0,5,5,5,15,555,Champions
45739,Diana Jenkins,395,10,31661,0,2,5,5,12,255,At Risk
45740,Meghan Johnson,53,5,15766,0,5,3,4,12,534,Potential Loyalists
45742,Anthony Thompson,69,6,26291,0,4,4,5,13,445,Champions
45743,Dawn Martin,207,7,28142,0,3,5,5,13,355,Loyal Customers
45744,Julie Howell,19,5,15697,0,5,3,4,12,534,Potential Loyalists
45748,Tammy Jones,24,5,15888,0,5,3,4,12,534,Potential Loyalists
45749,Gregory Gallegos,73,7,23931,1,4,5,5,14,455,Champions
45751,Kristina Blake,80,7,24727,1,4,5,5,14,455,Champions
45755,Taylor King,30,7,14525,1,5,5,3,13,553,Loyal Customers
45757,Teresa Martin,357,8,21879,0,2,5,5,12,255,At Risk
45765,Jose Gomez,169,8,17512,0,3,5,4,12,354,Loyal Customers
45767,Karen Davis,241,6,20143,0,3,4,5,12,345,Loyal Customers
45769,Amanda James,10,6,14038,0,5,4,3,12,543,Loyal Customers
45770,Bradley Yates,178,10,24279,0,3,5,5,13,355,Loyal Customers
45778,Shannon Taylor,37,6,13064,0,5,4,3,12,543,Loyal Customers
45779,Abigail Whitehead,40,7,15029,0,5,5,4,14,554,Champions
45781,Bridget Cummings,23,8,14991,0,5,5,4,14,554,Champions
45785,Heather Contreras,52,8,13777,0,5,5,3,13,553,Loyal Customers
45786,Jessica Mccarty,57,7,25453,0,5,5,5,15,555,Champions
45787,Vanessa Edwards,233,8,18933,1,3,5,4,12,354,Loyal Customers
45791,Michele Ryan,211,7,26642,1,3,5,5,13,355,Loyal Customers
45792,Adam Dickson,327,8,23569,0,2,5,5,12,255,At Risk
45803,Frances Alvarez,3,7,21887,0,5,5,5,15,555,Champions
45805,Sandra Taylor,47,6,15141,0,5,4,4,13,544,Champions
45808,Derrick Johnson,235,6,22929,0,3,4,5,12,345,Loyal Customers
45810,James Anderson,99,10,29639,0,4,5,5,14,455,Champions
45812,Benjamin Olson,5,4,15606,1,5,3,4,12,534,Potential Loyalists
45816,Karen Harding,27,6,20831,0,5,4,5,14,545,Champions
45820,Elizabeth Alvarado,140,7,14988,0,3,5,4,12,354,Loyal Customers
45823,Stephen Hernandez,1,8,28805,0,5,5,5,15,555,Champions
45825,Jennifer Nunez,11,8,15975,0,5,5,4,14,554,Champions
45828,Lisa Jones,64,5,19554,0,4,3,5,12,435,Potential Loyalists
45832,Marvin Mason,124,7,24015,0,4,5,5,14,455,Champions
45845,Sandra Thompson,52,6,13680,0,5,4,3,12,543,Loyal Customers
45860,Jose Valentine,32,6,12574,0,5,4,3,12,543,Loyal Customers
45862,Sean Adkins,46,10,23676,1,5,5,5,15,555,Champions
45866,Michelle Rivera,0,9,21774,0,5,5,5,15,555,Champions
45869,Melanie Dorsey,231,10,25883,0,3,5,5,13,355,Loyal Customers
45877,Bryan Cordova,7,5,15725,0,5,3,4,12,534,Potential Loyalists
45878,Yvette Bailey,0,7,12101,0,5,5,3,13,553,Loyal Customers
45881,Allen Charles,45,6,14169,0,5,4,3,12,543,Loyal Customers
45888,Rebecca Wilson,175,7,27851,0,3,5,5,13,355,Loyal Customers
45892,David Hobbs,17,7,18943,0,5,5,4,14,554,Champions
45895,Joshua Charles,104,7,14789,0,4,5,3,12,453,Loyal Customers
45896,Andrea Arnold,202,7,21919,0,3,5,5,13,355,Loyal Customers
45897,Rick Smith,38,7,13158,0,5,5,3,13,553,Loyal Customers
45900,Lynn Williams,140,13,33725,0,3,5,5,13,355,Loyal Customers
45905,Elizabeth Guerrero,90,7,22529,0,4,5,5,14,455,Champions
45906,Matthew Lewis,35,6,18519,0,5,4,4,13,544,Champions
45908,Rhonda Graham,25,5,20456,0,5,3,5,13,535,Potential Loyalists
45909,Angela Rogers,111,8,18267,0,4,5,4,13,454,Champions
45913,Stephanie Smith,40,11,39337,0,5,5,5,15,555,Champions
45914,Kendra Russell,103,6,20005,1,4,4,5,13,445,Champions
45918,Amber Hudson,54,8,24498,0,5,5,5,15,555,Champions
45922,Stephen Bond,19,6,20839,1,5,4,5,14,545,Champions
45925,David Wheeler,218,6,22172,0,3,4,5,12,345,Loyal Customers
45929,Colleen Hudson,83,6,22942,1,4,4,5,13,445,Champions
45932,Holly Rasmussen,180,7,16927,1,3,5,4,12,354,Loyal Customers
45933,Corey Barajas,223,7,22295,0,3,5,5,13,355,Loyal Customers
45939,Kelly Perry,25,5,14830,0,5,3,4,12,534,Potential Loyalists
45942,Scott Fuller,80,9,32524,0,4,5,5,14,455,Champions
45943,Robert Ward,87,6,17457,0,4,4,4,12,444,Champions
45944,James Ingram,71,11,37697,1,4,5,5,14,455,Champions
45950,Katrina Wolf,40,5,15049,1,5,3,4,12,534,Potential Loyalists
45952,Billy Peters,46,6,12505,0,5,4,3,12,543,Loyal Customers
45955,Jennifer Robles,59,6,15638,1,5,4,4,13,544,Champions
45957,Karen Mendoza,28,8,30493,0,5,5,5,15,555,Champions
45960,Douglas Peters,325,8,20771,0,2,5,5,12,255,At Risk
45964,Gregory Harris,29,7,15288,0,5,5,4,14,554,Champions
45965,Debra Pham,261,8,22706,0,2,5,5,12,255,At Risk
45971,Scott Anderson,2,8,17858,1,5,5,4,14,554,Champions
45972,Heidi Powell,124,10,30021,0,4,5,5,14,455,Champions
45973,Tonya Nunez MD,15,6,21128,0,5,4,5,14,545,Champions
45975,Timothy Ramsey,64,8,22500,0,4,5,5,14,455,Champions
45977,Thomas Brown,121,8,19479,0,4,5,5,14,455,Champions
45978,Raymond Booker,346,7,21760,0,2,5,5,12,255,At Risk
45979,Kelly Smith,340,14,37593,0,2,5,5,12,255,At Risk
45982,Laura Bennett,208,8,21880,0,3,5,5,13,355,Loyal Customers
45984,Sean Reed,194,7,17089,1,3,5,4,12,354,Loyal Customers
45985,Kristopher Chavez,65,8,30186,1,4,5,5,14,455,Champions
45990,Karen Holmes,67,7,24256,0,4,5,5,14,455,Champions
45993,Justin Rodriguez,75,8,20151,1,4,5,5,14,455,Champions
45994,Aaron Hancock,60,8,28276,0,4,5,5,14,455,Champions
45996,David King,370,9,21233,0,2,5,5,12,255,At Risk
45998,Jacob Campbell,108,7,17743,0,4,5,4,13,454,Champions
46005,Amy Johnson,212,9,25128,0,3,5,5,13,355,Loyal Customers
46010,John Nelson,167,7,19330,0,3,5,5,13,355,Loyal Customers
46013,Jeff Brooks,112,6,15042,0,4,4,4,12,444,Champions
46014,Jacob Thompson,117,7,25730,0,4,5,5,14,455,Champions
46016,Nicole Jackson,21,8,19273,0,5,5,4,14,554,Champions
46017,Elizabeth Barnes,40,6,17241,1,5,4,4,13,544,Champions
46019,Anna Griffin,78,8,26513,0,4,5,5,14,455,Champions
46024,Joseph Peters,130,7,17233,0,4,5,4,13,454,Champions
46025,Douglas Montgomery,24,9,23572,0,5,5,5,15,555,Champions
46032,Jennifer Schroeder,110,5,19835,1,4,3,5,12,435,Potential Loyalists
46040,Robert Torres,71,6,19326,1,4,4,5,13,445,Champions
46041,Stacy Villegas,1,8,23703,0,5,5,5,15,555,Champions
46042,Julie Boyd,68,6,17030,0,4,4,4,12,444,Champions
46044,Andrea Patel,21,7,11882,0,5,5,3,13,553,Loyal Customers
46046,Raymond Flynn,166,11,25951,0,3,5,5,13,355,Loyal Customers
46048,Dawn Grimes,65,7,23668,0,4,5,5,14,455,Champions
46049,Oscar Martinez,93,10,25506,1,4,5,5,14,455,Champions
46052,Robert Adams,15,7,15259,0,5,5,4,14,554,Champions
46053,Amanda Nichols,76,7,18971,0,4,5,4,13,454,Champions
46054,Earl Arellano,117,8,22673,0,4,5,5,14,455,Champions
46055,Sarah Sanders,147,11,30910,0,3,5,5,13,355,Loyal Customers
46064,Edgar Woods,398,9,22335,1,2,5,5,12,255,At Risk
46067,Robert Smith,82,7,16312,0,4,5,4,13,454,Champions
46068,Ronnie Fleming,68,9,25155,0,4,5,5,14,455,Champions
46071,Roberto Figueroa,8,5,15003,0,5,3,4,12,534,Potential Loyalists
46072,Robert Becker,44,7,16509,0,5,5,4,14,554,Champions
46076,Thomas Green,53,8,17316,0,5,5,4,14,554,Champions
46079,Kelly Lee,33,7,23086,0,5,5,5,15,555,Champions
46081,Stephanie Jackson,1,8,17632,0,5,5,4,14,554,Champions
46084,Tanya Johnson,276,8,26153,0,2,5,5,12,255,At Risk
46085,Tim Robinson,78,9,23413,0,4,5,5,14,455,Champions
46092,Kristin James,182,9,18812,0,3,5,4,12,354,Loyal Customers
46093,Yesenia Jennings,249,8,28610,0,2,5,5,12,255,At Risk
46097,Taylor Woodward,44,5,21160,1,5,3,5,13,535,Potential Loyalists
46098,James Cohen,89,7,12904,0,4,5,3,12,453,Loyal Customers
46100,Robert Ryan,8,6,19642,1,5,4,5,14,545,Champions
46101,Stephanie Duncan,39,8,23331,0,5,5,5,15,555,Champions
46104,Kathleen Hart,109,7,13986,0,4,5,3,12,453,Loyal Customers
46109,Michael Webster,11,9,25975,0,5,5,5,15,555,Champions
46111,Cynthia Davis,28,7,25284,0,5,5,5,15,555,Champions
46112,Marcus Haynes,367,8,22691,1,2,5,5,12,255,At Risk
46118,Micheal Robles,35,7,18035,0,5,5,4,14,554,Champions
46119,James Martin,92,6,21493,0,4,4,5,13,445,Champions
46122,Timothy Daniel,224,7,16956,0,3,5,4,12,354,Loyal Customers
46124,Thomas Boyd,6,8,21455,0,5,5,5,15,555,Champions
46125,Erin Crane,137,8,21168,0,3,5,5,13,355,Loyal Customers
46131,Jeffrey Dean,200,8,19592,1,3,5,5,13,355,Loyal Customers
46139,Laurie Schmitt,385,7,26927,0,2,5,5,12,255,At Risk
46145,Jason Williams,215,10,29904,1,3,5,5,13,355,Loyal Customers
46146,James Mitchell,57,7,18844,0,5,5,4,14,554,Champions
46147,Gabriel Smith,203,7,19597,0,3,5,5,13,355,Loyal Customers
46153,Tony Chen,41,7,16449,0,5,5,4,14,554,Champions
46155,Robert Cook,143,7,18928,0,3,5,4,12,354,Loyal Customers
46158,Brian Anderson,68,6,21121,1,4,4,5,13,445,Champions
46159,William Sanchez,155,8,21249,0,3,5,5,13,355,Loyal Customers
46162,Kathryn Johnson,32,8,19305,0,5,5,5,15,555,Champions
46164,James Mason,212,8,24490,0,3,5,5,13,355,Loyal Customers
46166,Jonathan Ray,90,8,28354,0,4,5,5,14,455,Champions
46172,Devin Gordon,119,6,17664,1,4,4,4,12,444,Champions
46173,Tara Ramirez,22,10,26048,1,5,5,5,15,555,Champions
46179,Mr. Ryan Hill,154,8,21782,0,3,5,5,13,355,Loyal Customers
46181,Travis Kelly,15,6,20629,0,5,4,5,14,545,Champions
46188,Dr. Jamie Williams,78,7,24492,0,4,5,5,14,455,Champions
46190,Julie Johns,2,4,17672,0,5,3,4,12,534,Potential Loyalists
46197,Bradley Moore,359,8,22509,0,2,5,5,12,255,At Risk
46198,Jill Martinez,133,6,18029,0,4,4,4,12,444,Champions
46201,Tyler Williams,64,6,21532,0,4,4,5,13,445,Champions
46203,Jessica Harper,47,7,19299,0,5,5,5,15,555,Champions
46204,Adrienne Poole,14,6,25743,0,5,4,5,14,545,Champions
46205,Michelle Sloan,77,10,22066,0,4,5,5,14,455,Champions
46207,Paige Coffey,76,6,16161,0,4,4,4,12,444,Champions
46210,Devin Wilson,31,6,16355,0,5,4,4,13,544,Champions
46221,Travis Andrews,102,12,31885,0,4,5,5,14,455,Champions
46229,Jacqueline Macias,18,7,21034,0,5,5,5,15,555,Champions
46230,Brittany Jones,91,6,17195,0,4,4,4,12,444,Champions
46233,David Thomas,86,8,16268,0,4,5,4,13,454,Champions
46235,Aaron Herman,63,8,21790,0,4,5,5,14,455,Champions
46236,Mary Vaughn,190,10,27934,0,3,5,5,13,355,Loyal Customers
46242,Jose Savage,139,7,18626,0,3,5,4,12,354,Loyal Customers
46245,Gabrielle King,124,5,17164,1,4,4,4,12,444,Champions
46249,Adam Smith,13,7,18765,0,5,5,4,14,554,Champions
46250,Jamie Gonzalez,42,12,27347,0,5,5,5,15,555,Champions
46254,Wendy Ellison,32,5,11769,0,5,4,3,12,543,Loyal Customers
46255,William Crawford,17,5,19795,0,5,4,5,14,545,Champions
46259,James Lee DDS,84,9,26402,0,4,5,5,14,455,Champions
46260,Carolyn Moore,2,8,22339,0,5,5,5,15,555,Champions
46264,Ronald Mata,0,7,14711,0,5,5,3,13,553,Loyal Customers
46270,Leonard Haynes,284,7,20554,0,2,5,5,12,255,At Risk
46272,Kelly Randall,115,7,21937,0,4,5,5,14,455,Champions
46274,Morgan Austin,32,6,20435,0,5,4,5,14,545,Champions
46278,Aimee Russell,168,9,23329,0,3,5,5,13,355,Loyal Customers
46279,Sara Nguyen,30,5,18354,0,5,4,4,13,544,Champions
46281,Edward Sherman,59,10,26876,0,5,5,5,15,555,Champions
46284,Daniel Allen,158,7,24713,0,3,5,5,13,355,Loyal Customers
46288,Leon Torres Jr.,16,7,22970,1,5,5,5,15,555,Champions
46290,Mr. Richard Lynch Jr.,424,7,21934,1,2,5,5,12,255,At Risk
46293,Cheryl Garcia,93,7,18871,1,4,5,4,13,454,Champions
46301,Ashley Vincent,65,9,34075,0,4,5,5,14,455,Champions
46303,Edwin Harris,211,7,21333,0,3,5,5,13,355,Loyal Customers
46305,Debbie Simpson,32,6,13238,0,5,4,3,12,543,Loyal Customers
46306,Kevin Chen,3,5,23146,0,5,4,5,14,545,Champions
46310,Julie Neal,144,8,18815,0,3,5,4,12,354,Loyal Customers
46311,Jason Morales,58,4,15725,0,5,3,4,12,534,Potential Loyalists
46314,David Miller,6,9,33725,0,5,5,5,15,555,Champions
46318,William Brown,1,6,13136,0,5,4,3,12,543,Loyal Customers
46322,Joseph Davis,106,6,19171,1,4,4,4,12,444,Champions
46326,Ronald Lyons,20,5,13927,0,5,4,3,12,543,Loyal Customers
46327,Mr. Patrick Hayes PhD,233,7,20126,0,3,5,5,13,355,Loyal Customers
46331,Paul Smith,141,11,30919,0,3,5,5,13,355,Loyal Customers
46333,Albert Johnson,13,6,23944,0,5,4,5,14,545,Champions
46339,Douglas Thompson,42,6,12880,0,5,4,3,12,543,Loyal Customers
46341,Christine Rodriguez,155,6,20375,0,3,4,5,12,345,Loyal Customers
46353,Brian Palmer,211,8,25737,0,3,5,5,13,355,Loyal Customers
46355,Jenny Jimenez,164,7,15200,1,3,5,4,12,354,Loyal Customers
46356,Cynthia Wolf,58,11,33655,1,5,5,5,15,555,Champions
46357,Kenneth Reyes,148,7,24995,1,3,5,5,13,355,Loyal Customers
46358,Charles Robinson,35,7,28457,0,5,5,5,15,555,Champions
46367,Edward Miller,36,6,15964,0,5,4,4,13,544,Champions
46369,Allison White,78,9,31890,0,4,5,5,14,455,Champions
46372,Tara Russo,32,8,20017,0,5,5,5,15,555,Champions
46383,Terri Williams,131,12,37239,0,4,5,5,14,455,Champions
46384,Brittany Brown,101,6,18043,0,4,4,4,12,444,Champions
46389,Ronald Hamilton,7,6,21715,0,5,4,5,14,545,Champions
46391,Elizabeth Russell,85,7,14100,0,4,5,3,12,453,Loyal Customers
46397,Whitney Craig MD,17,7,19501,0,5,5,5,15,555,Champions
46398,Sandra Graham,4,6,11386,0,5,4,3,12,543,Loyal Customers
46402,Eileen Saunders,2,5,14553,0,5,4,3,12,543,Loyal Customers
46407,Daniel Adams,58,5,13944,1,5,4,3,12,543,Loyal Customers
46408,Brendan Nguyen,41,7,15611,0,5,5,4,14,554,Champions
46409,Jacqueline Hanson,124,5,16544,0,4,4,4,12,444,Champions
46412,Stephanie Garcia,389,8,20758,0,2,5,5,12,255,At Risk
46414,Angela Harris,66,7,11623,0,4,5,3,12,453,Loyal Customers
46416,Marcus Chen,100,8,20043,0,4,5,5,14,455,Champions
46421,Earl Walker,366,7,19804,0,2,5,5,12,255,At Risk
46422,Edward Edwards,128,4,19377,0,4,3,5,12,435,Potential Loyalists
46423,Donald Fields,17,8,22649,0,5,5,5,15,555,Champions
46424,Veronica Hall,164,7,19873,0,3,5,5,13,355,Loyal Customers
46439,Michael Saunders,175,7,18375,0,3,5,4,12,354,Loyal Customers
46444,Dustin Murphy,0,6,18670,0,5,4,4,13,544,Champions
46445,Joshua Harris,181,7,19896,0,3,5,5,13,355,Loyal Customers
46448,Aaron Wolf,0,7,24302,0,5,5,5,15,555,Champions
46451,Michael Huerta,51,6,14441,0,5,4,3,12,543,Loyal Customers
46454,Bethany James,17,6,11557,0,5,4,3,12,543,Loyal Customers
46465,Michael Perez,41,6,11722,0,5,4,3,12,543,Loyal Customers
46471,Andrea Foster,218,8,23438,0,3,5,5,13,355,Loyal Customers
46480,Tammy Villarreal,31,5,12046,1,5,4,3,12,543,Loyal Customers
46482,Johnny Cortez DDS,185,10,26621,0,3,5,5,13,355,Loyal Customers
46483,Brian Maldonado,8,10,17999,0,5,5,4,14,554,Champions
46485,Gabriel Bartlett,417,8,23028,0,2,5,5,12,255,At Risk
46487,Judith Chapman,39,9,19780,0,5,5,5,15,555,Champions
46499,Christopher Roberson,233,7,15991,0,3,5,4,12,354,Loyal Customers
46510,Brittany Riddle,69,5,18113,1,4,4,4,12,444,Champions
46514,Danielle Estes,176,6,21101,1,3,4,5,12,345,Loyal Customers
46515,Hector Hamilton,233,8,28275,0,3,5,5,13,355,Loyal Customers
46517,John Mason,49,8,24212,0,5,5,5,15,555,Champions
46518,Kimberly Jefferson,203,6,21481,0,3,4,5,12,345,Loyal Customers
46522,Adam Marshall,230,7,21833,0,3,5,5,13,355,Loyal Customers
46525,Scott Thompson,138,6,19345,1,3,4,5,12,345,Loyal Customers
46526,Steven Wilson,16,6,24718,0,5,4,5,14,545,Champions
46528,Melissa Wallace,21,8,20790,0,5,5,5,15,555,Champions
46533,Stacy Hill,37,7,20999,0,5,5,5,15,555,Champions
46534,Chelsea Cain,6,5,18171,0,5,4,4,13,544,Champions
46536,Raymond Sutton,199,11,30470,1,3,5,5,13,355,Loyal Customers
46537,Paul Vargas,168,8,20541,0,3,5,5,13,355,Loyal Customers
46541,Bryan James,1,7,24643,0,5,5,5,15,555,Champions
46542,Rebecca Ryan,20,6,18834,1,5,4,4,13,544,Champions
46548,Mrs. Ashley Lloyd,128,6,18148,0,4,4,4,12,444,Champions
46549,Michelle Robertson,83,6,14957,0,4,4,4,12,444,Champions
46550,Mr. Jeremy Moore MD,166,8,22409,0,3,5,5,13,355,Loyal Customers
46552,Earl Douglas,7,9,24831,0,5,5,5,15,555,Champions
46557,Cindy Richardson,95,5,19024,0,4,4,4,12,444,Champions
46558,Lucas Walter,44,8,18483,0,5,5,4,14,554,Champions
46562,Robin Lopez,50,9,22435,0,5,5,5,15,555,Champions
46567,Brandon Ewing,184,6,20630,0,3,4,5,12,345,Loyal Customers
46568,Cheryl Petty,102,8,18912,1,4,5,4,13,454,Champions
46572,Matthew Hernandez,36,8,26920,0,5,5,5,15,555,Champions
46578,Thomas Bowen,225,7,16642,0,3,5,4,12,354,Loyal Customers
46580,Andre Brooks,194,6,19419,0,3,4,5,12,345,Loyal Customers
46584,Jeff Cummings,15,6,17378,1,5,4,4,13,544,Champions
46587,Yolanda Wilson,19,5,16917,0,5,4,4,13,544,Champions
46591,Timothy Harris,8,7,17936,0,5,5,4,14,554,Champions
46592,Theodore Park,98,5,17860,0,4,4,4,12,444,Champions
46593,Sherry Reyes,24,6,13794,0,5,4,3,12,543,Loyal Customers
46594,Katrina Wilson,58,9,22563,0,5,5,5,15,555,Champions
46595,Mr. Chris Ryan,150,7,20587,0,3,5,5,13,355,Loyal Customers
46606,Elizabeth Lawrence,35,9,24549,0,5,5,5,15,555,Champions
46607,Cody Hernandez,146,8,20149,0,3,5,5,13,355,Loyal Customers
46608,Kimberly Fleming,45,8,26047,0,5,5,5,15,555,Champions
46612,Natalie Davies,248,8,22635,0,2,5,5,12,255,At Risk
46616,Andrew Johnson,64,8,19751,0,4,5,5,14,455,Champions
46619,Todd West,88,6,20867,0,4,4,5,13,445,Champions
46620,Wesley Berry,130,5,18374,0,4,4,4,12,444,Champions
46622,Mark Cabrera,222,9,26465,0,3,5,5,13,355,Loyal Customers
46629,Sandra Taylor,1,10,28042,0,5,5,5,15,555,Champions
46630,Jordan Nguyen,3,9,24838,1,5,5,5,15,555,Champions
46632,Jamie Castillo,4,5,21276,1,5,4,5,14,545,Champions
46633,Robert Wagner,207,5,23822,1,3,4,5,12,345,Loyal Customers
46635,Kathryn Richard,9,5,12834,0,5,4,3,12,543,Loyal Customers
46638,William Mckinney,227,8,22717,0,3,5,5,13,355,Loyal Customers
46644,Allen Kim,34,6,14352,1,5,4,3,12,543,Loyal Customers
46645,Robert Graves,132,6,16962,1,4,4,4,12,444,Champions
46647,Shane Jacobs,9,4,15418,0,5,3,4,12,534,Potential Loyalists
46657,Robert Barnes,186,9,24058,1,3,5,5,13,355,Loyal Customers
46659,Debra Murphy,214,7,25398,1,3,5,5,13,355,Loyal Customers
46669,Rita Robinson,115,7,22861,1,4,5,5,14,455,Champions
46670,Jamie Short,25,5,13931,1,5,4,3,12,543,Loyal Customers
46678,Lisa Sanchez,52,4,16112,0,5,3,4,12,534,Potential Loyalists
46686,Kenneth Mckinney,37,8,17896,0,5,5,4,14,554,Champions
46688,Brittany Bass,104,8,19872,1,4,5,5,14,455,Champions
46689,Ryan Romero,51,7,15803,0,5,5,4,14,554,Champions
46690,Shaun Bates,61,7,29223,0,4,5,5,14,455,Champions
46694,Jean Sanders,41,6,14904,0,5,4,4,13,544,Champions
46696,Victoria Summers,75,8,25166,0,4,5,5,14,455,Champions
46700,Heather Powell,78,7,21560,0,4,5,5,14,455,Champions
46703,Heidi Hill,217,6,21171,0,3,4,5,12,345,Loyal Customers
46705,Donna Wright,110,6,16244,1,4,4,4,12,444,Champions
46706,Ricky Jennings,45,7,16189,0,5,5,4,14,554,Champions
46709,Melissa Bailey,72,7,20229,1,4,5,5,14,455,Champions
46712,Rhonda Carroll,104,7,17493,0,4,5,4,13,454,Champions
46717,Jennifer Barnett,69,7,19073,0,4,5,4,13,454,Champions
46720,Michelle Villa,30,8,23447,0,5,5,5,15,555,Champions
46721,Gabriel Golden,50,6,18074,0,5,4,4,13,544,Champions
46726,Keith Goodman,84,9,27057,0,4,5,5,14,455,Champions
46727,Russell Ramos,28,8,19264,1,5,5,4,14,554,Champions
46729,Mitchell Sims,43,9,30813,0,5,5,5,15,555,Champions
46730,Ann Jimenez,15,7,15539,1,5,5,4,14,554,Champions
46733,Lauren Campbell,33,7,16349,0,5,5,4,14,554,Champions
46734,Matthew Nelson,173,5,20354,0,3,4,5,12,345,Loyal Customers
46735,Justin Adams,28,5,14474,1,5,4,3,12,543,Loyal Customers
46737,Bryan Meza,25,10,34989,0,5,5,5,15,555,Champions
46739,Mckenzie Williams,135,7,17118,0,4,5,4,13,454,Champions
46742,Kevin Williams,31,7,21059,0,5,5,5,15,555,Champions
46746,Jeremy David,6,6,21283,0,5,4,5,14,545,Champions
46750,Mr. Daniel Williams,3,5,17535,0,5,4,4,13,544,Champions
46753,Michael Myers,36,8,24372,1,5,5,5,15,555,Champions
46754,John Anderson MD,144,8,21302,0,3,5,5,13,355,Loyal Customers
46757,Lydia Stafford,38,9,27259,0,5,5,5,15,555,Champions
46759,Shaun Lopez,58,7,15764,1,5,5,4,14,554,Champions
46760,Courtney Keith,4,8,23702,1,5,5,5,15,555,Champions
46761,Courtney Green,5,8,23281,0,5,5,5,15,555,Champions
46764,Tiffany Patel,210,6,21325,1,3,4,5,12,345,Loyal Customers
46771,John Nichols,125,8,22721,0,4,5,5,14,455,Champions
46774,April Parker DDS,117,8,21817,0,4,5,5,14,455,Champions
46782,April Mcdowell,63,7,19499,0,4,5,5,14,455,Champions
46786,Mrs. Alexis Baker,152,7,17614,0,3,5,4,12,354,Loyal Customers
46787,Angela Taylor,91,5,15024,0,4,4,4,12,444,Champions
46793,Mrs. Angelica Baker,63,7,27174,1,4,5,5,14,455,Champions
46794,Deanna Rivera,189,7,21584,0,3,5,5,13,355,Loyal Customers
46797,Willie Perez,23,5,16778,0,5,4,4,13,544,Champions
46810,Shane Vargas,62,6,15709,0,4,4,4,12,444,Champions
46821,Lindsay Hanson,300,10,33115,0,2,5,5,12,255,At Risk
46824,Kara Hicks MD,45,5,11566,1,5,4,3,12,543,Loyal Customers
46828,Rebekah Young DDS,214,7,20015,0,3,5,5,13,355,Loyal Customers
46829,James Matthews,318,7,23508,0,2,5,5,12,255,At Risk
46831,Sara Benitez,86,9,21135,0,4,5,5,14,455,Champions
46833,Brian Rodriguez,130,11,25541,0,4,5,5,14,455,Champions
46835,Bradley Estrada,26,6,15090,0,5,4,4,13,544,Champions
46836,Curtis Parker,186,8,18132,1,3,5,4,12,354,Loyal Customers
46838,Gregory Smith,312,8,25464,1,2,5,5,12,255,At Risk
46840,Natasha Hill,21,5,15560,0,5,4,4,13,544,Champions
46845,Eileen Watson,36,5,15584,0,5,4,4,13,544,Champions
46853,Stephanie Johnson,23,5,13104,0,5,4,3,12,543,Loyal Customers
46855,Tyler Foley,255,10,36804,0,2,5,5,12,255,At Risk
46857,Nicolas Mills,81,6,17099,1,4,4,4,12,444,Champions
46862,Louis Ryan,1,6,19840,0,5,4,5,14,545,Champions
46864,Christopher Torres,41,8,27117,0,5,5,5,15,555,Champions
46865,Kristy Hayes,81,6,15928,0,4,4,4,12,444,Champions
46869,William Malone,157,9,23532,0,3,5,5,13,355,Loyal Customers
46871,Rachel Leon,91,6,15958,0,4,4,4,12,444,Champions
46878,Thomas Gutierrez,61,8,24334,0,4,5,5,14,455,Champions
46886,Amy Evans,51,6,12279,0,5,4,3,12,543,Loyal Customers
46888,Mckenzie Crawford,170,7,19730,0,3,5,5,13,355,Loyal Customers
46891,Jason Morgan,87,6,14963,0,4,4,4,12,444,Champions
46895,Adam Burnett,52,6,18878,0,5,4,4,13,544,Champions
46899,Michael Taylor,101,8,27286,0,4,5,5,14,455,Champions
46901,Katherine Wilson,62,6,15649,0,4,4,4,12,444,Champions
46902,Vicki Tyler,126,6,19238,0,4,4,4,12,444,Champions
46904,George Gray,10,5,13135,0,5,4,3,12,543,Loyal Customers
46905,Jamie Vega,48,7,20948,0,5,5,5,15,555,Champions
46908,Joseph Kennedy,133,8,22396,0,4,5,5,14,455,Champions
46909,Jose Arellano,50,9,26109,0,5,5,5,15,555,Champions
46914,Amy Thomas,182,7,20295,1,3,5,5,13,355,Loyal Customers
46918,Alan Stevens,6,8,20026,0,5,5,5,15,555,Champions
46920,Stephanie Howell,41,7,15191,0,5,5,4,14,554,Champions
46926,Charles Smith,406,7,21052,0,2,5,5,12,255,At Risk
46929,Jacob Sanchez,182,10,27194,1,3,5,5,13,355,Loyal Customers
46931,Cody Rhodes,50,7,9042,0,5,5,2,12,552,Potential Loyalists
46934,Brittany Olson,81,7,13466,0,4,5,3,12,453,Loyal Customers
46936,Bryan Ross,100,6,16697,0,4,4,4,12,444,Champions
46938,Thomas Bailey,128,9,25015,0,4,5,5,14,455,Champions
46939,Nancy Williams,402,7,19778,0,2,5,5,12,255,At Risk
46944,Daniel Johnson,84,8,21090,0,4,5,5,14,455,Champions
46947,Daniel Hickman,99,6,20264,1,4,4,5,13,445,Champions
46949,Steve Doyle,15,7,14838,1,5,5,4,14,554,Champions
46951,Daniel Green,93,9,27368,0,4,5,5,14,455,Champions
46969,Melissa Burns,34,7,12221,0,5,5,3,13,553,Loyal Customers
46972,Anthony Macias,50,9,26252,0,5,5,5,15,555,Champions
46974,Brandon Bautista,22,7,16252,1,5,5,4,14,554,Champions
46976,Jose Solis,65,5,18194,0,4,4,4,12,444,Champions
46979,Cynthia Gomez,16,7,21844,0,5,5,5,15,555,Champions
46980,Wayne Graham,74,7,24350,0,4,5,5,14,455,Champions
46984,Christina Jackson,11,7,19194,0,5,5,4,14,554,Champions
46989,John Blair,58,5,15543,0,5,4,4,13,544,Champions
46993,Terry Rogers,83,7,23814,0,4,5,5,14,455,Champions
46996,Molly Hart,111,7,20687,1,4,5,5,14,455,Champions
46997,Willie Hurst,153,8,22513,1,3,5,5,13,355,Loyal Customers
46998,Charles Pennington,61,5,17301,0,4,4,4,12,444,Champions
46999,Christopher Romero,120,8,18541,0,4,5,4,13,454,Champions
47000,Paul Hernandez,48,7,21846,0,5,5,5,15,555,Champions
47002,Margaret Richards,241,7,19937,0,3,5,5,13,355,Loyal Customers
47004,Craig Barber,259,7,22731,0,2,5,5,12,255,At Risk
47005,Linda Rivers,56,6,15420,0,5,4,4,13,544,Champions
47010,Shawn Golden,117,11,23934,0,4,5,5,14,455,Champions
47011,Jonathan Ayers,176,8,24466,0,3,5,5,13,355,Loyal Customers
47012,Sherri Shaw,199,8,23022,0,3,5,5,13,355,Loyal Customers
47013,Brittany Mcmahon MD,113,7,19005,0,4,5,4,13,454,Champions
47016,Jesse Gray,98,7,17613,0,4,5,4,13,454,Champions
47017,Brian Mack,78,6,17712,0,4,4,4,12,444,Champions
47024,John Scott,56,7,18164,0,5,5,4,14,554,Champions
47027,Sarah Williams,77,6,16193,1,4,4,4,12,444,Champions
47030,William Morris,7,7,19903,0,5,5,5,15,555,Champions
47033,Michael Martin,227,7,24643,0,3,5,5,13,355,Loyal Customers
47036,Alexis Giles,171,7,24907,0,3,5,5,13,355,Loyal Customers
47039,Jon Hall,274,10,26728,1,2,5,5,12,255,At Risk
47041,Anne Robinson,171,8,26340,0,3,5,5,13,355,Loyal Customers
47042,Mario Ingram,168,8,15334,0,3,5,4,12,354,Loyal Customers
47043,Cassandra Boone,21,6,13259,0,5,4,3,12,543,Loyal Customers
47046,Thomas Hall,20,7,15698,0,5,5,4,14,554,Champions
47048,John James,87,10,21825,0,4,5,5,14,455,Champions
47049,Joe Stewart,43,8,23902,0,5,5,5,15,555,Champions
47051,Mr. David Rush,68,12,34634,0,4,5,5,14,455,Champions
47052,Paul Griffith,35,9,24229,0,5,5,5,15,555,Champions
47055,Cristina Mills,95,6,18666,0,4,4,4,12,444,Champions
47059,Rachel Figueroa,19,8,30873,0,5,5,5,15,555,Champions
47060,Jason Thomas,57,7,21922,0,5,5,5,15,555,Champions
47064,Hannah Wells,19,9,22472,0,5,5,5,15,555,Champions
47067,Johnny Sosa,85,9,21962,0,4,5,5,14,455,Champions
47072,John Cox,116,9,26583,1,4,5,5,14,455,Champions
47080,Tammy Cooley,11,6,14424,0,5,4,3,12,543,Loyal Customers
47084,Heather Taylor,65,7,21597,0,4,5,5,14,455,Champions
47086,Joshua Davis,293,10,29804,0,2,5,5,12,255,At Risk
47087,Debbie Lopez,104,17,45700,1,4,5,5,14,455,Champions
47093,Gary Navarro,28,8,20251,0,5,5,5,15,555,Champions
47096,Jared Reed,80,10,29501,0,4,5,5,14,455,Champions
47097,Gloria Young,8,6,18048,0,5,4,4,13,544,Champions
47103,Jennifer Martinez,197,7,23195,0,3,5,5,13,355,Loyal Customers
47105,Matthew Rios,175,7,19697,0,3,5,5,13,355,Loyal Customers
47107,Cory Reed,84,10,27437,0,4,5,5,14,455,Champions
47108,Joseph Gutierrez,64,7,23109,0,4,5,5,14,455,Champions
47112,Robert Carpenter,423,8,23804,0,2,5,5,12,255,At Risk
47118,Jason Howard,137,9,29579,1,3,5,5,13,355,Loyal Customers
47120,Paul Reynolds,223,7,23948,1,3,5,5,13,355,Loyal Customers
47130,Vanessa May,79,7,14371,0,4,5,3,12,453,Loyal Customers
47131,Michelle Navarro PhD,41,4,15056,0,5,3,4,12,534,Potential Loyalists
47132,Eric Clark,5,11,32881,1,5,5,5,15,555,Champions
47133,Sarah Mercado,10,4,15967,0,5,3,4,12,534,Potential Loyalists
47136,Samantha Lee,87,9,24374,0,4,5,5,14,455,Champions
47141,Mary Morris,112,7,22745,1,4,5,5,14,455,Champions
47143,Mary Thomas,158,8,26852,0,3,5,5,13,355,Loyal Customers
47144,James Little,30,6,17644,0,5,4,4,13,544,Champions
47146,Paul Garner,18,6,18250,0,5,4,4,13,544,Champions
47155,Mr. Donald Powell,112,7,19859,1,4,5,5,14,455,Champions
47158,Kristen Bowman,20,10,24096,0,5,5,5,15,555,Champions
47159,Kimberly Williams,12,10,20537,1,5,5,5,15,555,Champions
47160,Bryan Brown,21,8,25331,0,5,5,5,15,555,Champions
47166,Maria Molina,161,7,23120,0,3,5,5,13,355,Loyal Customers
47171,Heather Walker,45,9,17747,0,5,5,4,14,554,Champions
47178,Robert Wilson,2,6,12351,0,5,4,3,12,543,Loyal Customers
47184,Terry Nelson,63,5,18731,0,4,4,4,12,444,Champions
47185,Kaitlyn Hodge,138,9,22021,0,3,5,5,13,355,Loyal Customers
47190,Christopher Thompson,227,12,39361,0,3,5,5,13,355,Loyal Customers
47195,Keith Calhoun,60,7,21681,0,4,5,5,14,455,Champions
47196,Ruth Johnson,61,6,15468,0,4,4,4,12,444,Champions
47197,Daniel Smith,52,8,20088,0,5,5,5,15,555,Champions
47199,Natalie Perkins,124,7,18018,0,4,5,4,13,454,Champions
47200,Nicole Lopez,63,6,14985,0,4,4,4,12,444,Champions
47204,Rodney Miller,116,7,15496,0,4,5,4,13,454,Champions
47205,Patrick Salinas,1,7,16921,0,5,5,4,14,554,Champions
47208,Teresa Jacobson,90,12,34017,1,4,5,5,14,455,Champions
47209,Tracy Hamilton,11,6,13257,0,5,4,3,12,543,Loyal Customers
47223,Shannon Hatfield,20,7,16593,0,5,5,4,14,554,Champions
47227,Michelle Rollins,288,7,19551,0,2,5,5,12,255,At Risk
47230,Katrina Harvey,59,6,14440,0,5,4,3,12,543,Loyal Customers
47236,Linda Copeland,141,9,19809,0,3,5,5,13,355,Loyal Customers
47237,Richard Riley,166,8,20524,0,3,5,5,13,355,Loyal Customers
47239,Timothy Love,125,6,19721,0,4,4,5,13,445,Champions
47240,Kimberly Davila,65,7,16375,0,4,5,4,13,454,Champions
47241,Victor Robinson,94,6,17240,0,4,4,4,12,444,Champions
47243,Michael Simmons,82,10,37012,0,4,5,5,14,455,Champions
47245,Nancy Murphy,133,5,18886,0,4,4,4,12,444,Champions
47246,Christina Medina,204,9,22502,0,3,5,5,13,355,Loyal Customers
47258,Katrina Kennedy,111,6,18904,0,4,4,4,12,444,Champions
47260,Jonathan Gibson,218,9,26923,0,3,5,5,13,355,Loyal Customers
47261,Tony Warren,17,6,16876,1,5,4,4,13,544,Champions
47266,Stephanie Deleon,88,6,21051,0,4,4,5,13,445,Champions
47271,Gail Byrd,116,5,18176,0,4,4,4,12,444,Champions
47272,Laurie Austin,75,6,16488,0,4,4,4,12,444,Champions
47286,Richard Williams,152,7,19595,0,3,5,5,13,355,Loyal Customers
47287,Cheyenne Hernandez,216,7,27307,1,3,5,5,13,355,Loyal Customers
47299,Karla Johnson,19,8,21775,0,5,5,5,15,555,Champions
47300,Allison Mays,109,9,23798,0,4,5,5,14,455,Champions
47301,Brian Duarte,41,6,16098,0,5,4,4,13,544,Champions
47303,Elizabeth Lawrence,35,5,14083,0,5,4,3,12,543,Loyal Customers
47304,Katrina Perkins,7,9,20095,0,5,5,5,15,555,Champions
47306,Mike Parker,0,5,18703,0,5,4,4,13,544,Champions
47308,Caitlyn Wheeler,40,5,14857,0,5,4,4,13,544,Champions
47309,Kelly Terry,3,8,27642,0,5,5,5,15,555,Champions
47313,Terry Smith,51,8,15274,0,5,5,4,14,554,Champions
47319,Matthew Clark,247,11,26439,0,2,5,5,12,255,At Risk
47326,Heather Diaz,83,6,15063,0,4,4,4,12,444,Champions
47328,Kelli Morgan,17,8,27426,0,5,5,5,15,555,Champions
47329,Sarah Silva,325,7,25197,0,2,5,5,12,255,At Risk
47330,Rachel Jackson,65,7,20866,1,4,5,5,14,455,Champions
47339,John Sutton,5,6,16374,1,5,4,4,13,544,Champions
47341,Christina Foster,119,8,23079,0,4,5,5,14,455,Champions
47344,Daniel Chambers,302,9,20860,1,2,5,5,12,255,At Risk
47350,Keith Rodriguez,15,7,21171,0,5,5,5,15,555,Champions
47357,Matthew Morrison,71,6,16059,1,4,4,4,12,444,Champions
47366,Jose Jackson III,87,5,18299,0,4,4,4,12,444,Champions
47369,Gina Santiago,56,8,30904,0,5,5,5,15,555,Champions
47379,Ryan Hall,138,8,25823,0,3,5,5,13,355,Loyal Customers
47381,Melinda Gardner,40,7,15487,0,5,5,4,14,554,Champions
47387,Stacy Martinez,68,12,25640,1,4,5,5,14,455,Champions
47390,Brad Ramirez,233,9,33845,1,3,5,5,13,355,Loyal Customers
47393,Troy Randall,20,8,18154,1,5,5,4,14,554,Champions
47396,Jonathan Diaz,116,6,27920,0,4,4,5,13,445,Champions
47405,Maria Clements,86,8,21318,0,4,5,5,14,455,Champions
47410,Rachel Hartman,338,8,23675,0,2,5,5,12,255,At Risk
47412,Brandon Smith,90,7,13893,0,4,5,3,12,453,Loyal Customers
47413,Elizabeth Brown,33,8,15889,1,5,5,4,14,554,Champions
47416,William Charles,101,11,37205,0,4,5,5,14,455,Champions
47426,Scott Thompson,29,7,14058,0,5,5,3,13,553,Loyal Customers
47429,Christopher Massey,50,7,21814,1,5,5,5,15,555,Champions
47435,Brian Green,260,8,21359,0,2,5,5,12,255,At Risk
47437,Lori Tucker,7,7,27379,0,5,5,5,15,555,Champions
47438,Travis Lane,49,5,14720,0,5,4,3,12,543,Loyal Customers
47439,Jeffery Miller,71,9,31268,0,4,5,5,14,455,Champions
47442,Christopher Arnold,104,7,26047,0,4,5,5,14,455,Champions
47443,Elaine Schneider,0,5,13672,0,5,4,3,12,543,Loyal Customers
47446,Karen Chapman,15,11,32806,1,5,5,5,15,555,Champions
47447,Jacob Price,29,6,13967,0,5,4,3,12,543,Loyal Customers
47449,Diamond Kirk,241,8,24521,0,3,5,5,13,355,Loyal Customers
47451,Andrew Mendoza,316,7,24404,0,2,5,5,12,255,At Risk
47452,Brenda Smith,91,5,17806,0,4,4,4,12,444,Champions
47456,Alex Gay,192,8,21044,1,3,5,5,13,355,Loyal Customers
47457,Jacob Reyes,21,5,12351,1,5,4,3,12,543,Loyal Customers
47459,Steven Adams,139,10,19637,0,3,5,5,13,355,Loyal Customers
47460,Ronald George,105,11,28074,0,4,5,5,14,455,Champions
47461,George Hines,81,7,13296,0,4,5,3,12,453,Loyal Customers
47467,Hannah Knox,113,9,26731,0,4,5,5,14,455,Champions
47469,Patrick Smith,389,8,27708,1,2,5,5,12,255,At Risk
47470,Bethany Webster,60,8,25662,0,4,5,5,14,455,Champions
47471,Andrew Chan,5,11,22570,0,5,5,5,15,555,Champions
47472,Jessica Johnson,186,8,23813,1,3,5,5,13,355,Loyal Customers
47474,Billy Smith,210,7,17019,0,3,5,4,12,354,Loyal Customers
47475,Carla Brown,46,6,18016,0,5,4,4,13,544,Champions
47481,Joseph Davis,8,5,11665,0,5,4,3,12,543,Loyal Customers
47482,Joshua Clayton DDS,20,5,12272,1,5,4,3,12,543,Loyal Customers
47483,Lance Kelly,147,8,15632,1,3,5,4,12,354,Loyal Customers
47486,Andrea Blevins,7,9,22245,0,5,5,5,15,555,Champions
47491,Tim Tate,62,6,20840,0,4,4,5,13,445,Champions
47492,Mallory Wall,102,6,15295,0,4,4,4,12,444,Champions
47493,Stephanie Johnson,75,7,16463,1,4,5,4,13,454,Champions
47495,Nicole Green,40,5,14300,0,5,4,3,12,543,Loyal Customers
47496,Kylie Walls,41,9,25797,0,5,5,5,15,555,Champions
47500,Carlos Rodriguez,190,7,19908,0,3,5,5,13,355,Loyal Customers
47518,Kayla Ruiz,14,6,16282,0,5,4,4,13,544,Champions
47519,Victoria Owens,11,7,18979,0,5,5,4,14,554,Champions
47528,John Smith,146,8,16739,0,3,5,4,12,354,Loyal Customers
47533,Gina Kim,82,9,22670,1,4,5,5,14,455,Champions
47540,Kristina Williams,44,5,17837,0,5,4,4,13,544,Champions
47541,Carolyn Romero,99,8,19789,0,4,5,5,14,455,Champions
47543,Dawn Richard,95,5,15676,0,4,4,4,12,444,Champions
47544,Holly Fleming,66,7,19312,0,4,5,5,14,455,Champions
47547,Elizabeth Hartman,23,4,15183,0,5,3,4,12,534,Potential Loyalists
47549,Tammie Tate,10,6,14250,0,5,4,3,12,543,Loyal Customers
47550,Sabrina Ortiz,56,5,11480,0,5,4,3,12,543,Loyal Customers
47551,Timothy Harper,59,7,18563,0,5,5,4,14,554,Champions
47556,Melissa Watkins,94,5,18754,0,4,4,4,12,444,Champions
47559,Brittany Miller,61,8,23139,0,4,5,5,14,455,Champions
47561,Misty Bullock,328,10,25819,1,2,5,5,12,255,At Risk
47581,Devin Jones,8,9,21551,0,5,5,5,15,555,Champions
47584,Andrea Peterson,25,7,14470,0,5,5,3,13,553,Loyal Customers
47585,Brent Schmidt,36,7,21264,0,5,5,5,15,555,Champions
47586,Brandi Anderson,65,7,18274,0,4,5,4,13,454,Champions
47591,Matthew Riley,283,7,20675,0,2,5,5,12,255,At Risk
47592,Christopher Hoover,183,8,22161,1,3,5,5,13,355,Loyal Customers
47595,Mariah Boyer,84,8,18115,0,4,5,4,13,454,Champions
47598,Michael Harrison,19,8,17338,1,5,5,4,14,554,Champions
47599,Janet Wilcox,59,7,18751,0,5,5,4,14,554,Champions
47603,Sarah Johnson DVM,47,8,25599,0,5,5,5,15,555,Champions
47604,Brooke Hoffman,18,6,14784,1,5,4,3,12,543,Loyal Customers
47621,John Higgins,126,11,32751,0,4,5,5,14,455,Champions
47625,Heather Lopez,61,9,24227,0,4,5,5,14,455,Champions
47627,Amanda Bryant,240,9,21179,0,3,5,5,13,355,Loyal Customers
47629,Molly Munoz,14,7,22391,0,5,5,5,15,555,Champions
47631,Courtney Oliver,81,7,17987,0,4,5,4,13,454,Champions
47635,Melissa Reynolds,2,8,18677,0,5,5,4,14,554,Champions
47639,Brett Scott,145,8,21128,1,3,5,5,13,355,Loyal Customers
47640,Daniel Green,31,7,20840,1,5,5,5,15,555,Champions
47644,Joseph Barnes,2,6,18127,0,5,4,4,13,544,Champions
47646,Alicia Soto,36,9,26722,0,5,5,5,15,555,Champions
47652,Elizabeth Lee,191,9,25726,1,3,5,5,13,355,Loyal Customers
47659,Cameron Roberts,45,5,13585,1,5,4,3,12,543,Loyal Customers
47668,John Smith,33,8,26108,0,5,5,5,15,555,Champions
47670,Michael Rollins,173,7,21191,0,3,5,5,13,355,Loyal Customers
47672,Robin Stevens,49,5,11354,1,5,4,3,12,543,Loyal Customers
47676,Dustin Ferguson,86,9,23943,0,4,5,5,14,455,Champions
47680,Jonathan Richardson DDS,14,7,20634,1,5,5,5,15,555,Champions
47682,Haley Dennis,108,6,15621,1,4,4,4,12,444,Champions
47683,Theresa Russell,46,5,14707,0,5,4,3,12,543,Loyal Customers
47686,Dr. Mark Chung,49,6,18206,0,5,4,4,13,544,Champions
47688,Brian Edwards,105,5,14841,0,4,4,4,12,444,Champions
47693,Chad Graham,142,8,20525,1,3,5,5,13,355,Loyal Customers
47694,Lisa Jennings,232,7,15588,0,3,5,4,12,354,Loyal Customers
47695,Ian Young,113,6,17186,0,4,4,4,12,444,Champions
47697,Elizabeth Evans,45,7,15881,0,5,5,4,14,554,Champions
47698,Jacob Rice,114,6,18276,0,4,4,4,12,444,Champions
47703,Katherine Sanchez,31,7,17949,0,5,5,4,14,554,Champions
47704,Aaron Williams,12,9,26468,0,5,5,5,15,555,Champions
47706,Mark Reyes,9,7,24573,0,5,5,5,15,555,Champions
47707,John Lee,109,6,17270,1,4,4,4,12,444,Champions
47708,Brian Cunningham,21,6,12450,1,5,4,3,12,543,Loyal Customers
47714,Tony Holland,319,7,19786,0,2,5,5,12,255,At Risk
47717,Vincent Brown,109,7,25155,0,4,5,5,14,455,Champions
47722,Christopher Gentry,54,5,14484,0,5,4,3,12,543,Loyal Customers
47723,Theresa Dunn,116,7,21102,1,4,5,5,14,455,Champions
47724,Erica Washington,55,6,20624,0,5,4,5,14,545,Champions
47726,Christine Johnson,44,6,21414,0,5,4,5,14,545,Champions
47732,Rebecca Cooper,117,5,15936,1,4,4,4,12,444,Champions
47735,Rebecca Robinson,4,6,15322,0,5,4,4,13,544,Champions
47737,Angela Smith,103,8,23888,0,4,5,5,14,455,Champions
47744,Jared Schroeder,220,7,18903,0,3,5,4,12,354,Loyal Customers
47746,Cynthia Collins,177,10,25039,0,3,5,5,13,355,Loyal Customers
47747,Evan Gentry,0,7,16089,1,5,5,4,14,554,Champions
47750,Tiffany Austin,122,9,25041,0,4,5,5,14,455,Champions
47756,Kurt Parsons,30,6,14425,0,5,4,3,12,543,Loyal Customers
47757,Melissa Gilbert,61,6,20359,0,4,4,5,13,445,Champions
47759,Jonathon Bradley,40,6,22218,1,5,4,5,14,545,Champions
47760,Ricardo Barry,116,8,27893,1,4,5,5,14,455,Champions
47761,Anthony Roman,31,10,28976,0,5,5,5,15,555,Champions
47764,Mr. David Ramirez,94,7,18000,0,4,5,4,13,454,Champions
47768,Matthew Solis,64,11,31342,0,4,5,5,14,455,Champions
47772,John Mcfarland,0,7,16538,0,5,5,4,14,554,Champions
47773,Daniel Mann,245,10,31585,0,2,5,5,12,255,At Risk
47774,Sarah Avila,207,7,21331,1,3,5,5,13,355,Loyal Customers
47775,Stephen Olson,45,7,19587,0,5,5,5,15,555,Champions
47777,Sarah Turner,16,6,12973,1,5,4,3,12,543,Loyal Customers
47779,Michael Cook,97,6,15491,0,4,4,4,12,444,Champions
47784,Craig Johnson,57,7,21126,0,5,5,5,15,555,Champions
47785,Eddie Crawford,17,10,19041,0,5,5,4,14,554,Champions
47786,Joseph Gonzales,143,10,24490,0,3,5,5,13,355,Loyal Customers
47789,Angela Johnson,45,8,23793,1,5,5,5,15,555,Champions
47804,Jessica Bartlett,49,6,13066,0,5,4,3,12,543,Loyal Customers
47811,Elizabeth Myers,19,7,19214,0,5,5,4,14,554,Champions
47814,Tara Martinez,44,8,22632,0,5,5,5,15,555,Champions
47815,Beverly Warren,202,8,18762,1,3,5,4,12,354,Loyal Customers
47818,Shawn Hill,345,7,21843,0,2,5,5,12,255,At Risk
47819,Thomas Sullivan,49,6,12969,0,5,4,3,12,543,Loyal Customers
47823,Christopher Lopez,131,6,18736,0,4,4,4,12,444,Champions
47824,Christine Lowery,121,10,25418,0,4,5,5,14,455,Champions
47827,Dr. Victoria Reeves,110,6,18028,0,4,4,4,12,444,Champions
47828,Katelyn Hancock,295,7,30051,1,2,5,5,12,255,At Risk
47829,Nathan Joseph,166,7,17979,0,3,5,4,12,354,Loyal Customers
47834,Brian Weber,286,10,27901,0,2,5,5,12,255,At Risk
47836,Tina Armstrong,241,7,18725,0,3,5,4,12,354,Loyal Customers
47838,Erika Shelton,13,10,20857,0,5,5,5,15,555,Champions
47840,Shelly Smith,105,9,32362,0,4,5,5,14,455,Champions
47841,Mary Bowen,97,8,25700,0,4,5,5,14,455,Champions
47848,Christopher Flores,60,5,15694,0,4,4,4,12,444,Champions
47853,Kelly Williams,45,5,12375,1,5,4,3,12,543,Loyal Customers
47857,Logan Hamilton,339,7,24271,0,2,5,5,12,255,At Risk
47861,Heather Mitchell,57,11,29059,0,5,5,5,15,555,Champions
47862,Robert Young,19,10,30228,1,5,5,5,15,555,Champions
47863,Michelle Fernandez,38,7,21155,0,5,5,5,15,555,Champions
47867,Cory Holmes,52,11,23373,0,5,5,5,15,555,Champions
47869,Brandy Joyce,128,9,21469,0,4,5,5,14,455,Champions
47874,Nicole Thompson,51,6,16942,0,5,4,4,13,544,Champions
47894,Tyler Rodriguez,137,8,27978,0,3,5,5,13,355,Loyal Customers
47897,Jeffrey Gonzales,353,8,25952,0,2,5,5,12,255,At Risk
47900,Sally Glenn,136,6,18066,0,4,4,4,12,444,Champions
47903,James Jackson,86,7,15447,0,4,5,4,13,454,Champions
47905,Lydia Andrade,357,8,24006,1,2,5,5,12,255,At Risk
47907,Jeremy Bell DDS,135,7,23556,0,4,5,5,14,455,Champions
47908,Joseph Hall,312,9,25303,0,2,5,5,12,255,At Risk
47911,Brandi Howell,205,5,19991,0,3,4,5,12,345,Loyal Customers
47912,Julia Pearson,292,10,21696,0,2,5,5,12,255,At Risk
47916,Kimberly Parker,330,8,27884,0,2,5,5,12,255,At Risk
47919,Isaiah Peterson,38,7,18631,0,5,5,4,14,554,Champions
47920,Edward Johnson,73,7,24582,1,4,5,5,14,455,Champions
47922,Taylor Taylor,99,9,25176,0,4,5,5,14,455,Champions
47924,Christy Cameron,78,6,17492,1,4,4,4,12,444,Champions
47926,David Pratt,75,5,17073,1,4,4,4,12,444,Champions
47928,Tara Quinn,174,9,35462,0,3,5,5,13,355,Loyal Customers
47932,Dominique Brewer,58,7,21746,0,5,5,5,15,555,Champions
47935,Joseph Horn,19,6,18453,1,5,4,4,13,544,Champions
47939,Carolyn Banks,45,8,15639,0,5,5,4,14,554,Champions
47943,William Kelley,42,9,25734,0,5,5,5,15,555,Champions
47944,Kelly Chavez,23,5,15855,0,5,4,4,13,544,Champions
47945,Cesar Moss,75,6,16706,0,4,4,4,12,444,Champions
47947,Curtis Johnson,206,7,16072,0,3,5,4,12,354,Loyal Customers
47950,John Henderson,128,7,16059,0,4,5,4,13,454,Champions
47951,Michelle Miller,28,5,12394,0,5,4,3,12,543,Loyal Customers
47953,Steven Montgomery,111,5,18477,1,4,4,4,12,444,Champions
47955,Matthew Day,142,8,23217,1,3,5,5,13,355,Loyal Customers
47956,Vanessa Byrd,131,8,22292,0,4,5,5,14,455,Champions
47957,Billy Moreno,35,6,25505,0,5,4,5,14,545,Champions
47968,Robert Ruiz,95,5,17829,0,4,4,4,12,444,Champions
47971,Samantha Davis,55,5,12256,0,5,4,3,12,543,Loyal Customers
47976,James Bartlett,4,9,29995,0,5,5,5,15,555,Champions
47978,Traci Harris,18,5,11644,0,5,4,3,12,543,Loyal Customers
47979,Javier Gonzales,36,9,23647,0,5,5,5,15,555,Champions
47981,Brenda Gilmore,318,10,25498,0,2,5,5,12,255,At Risk
47984,Lisa Gomez,12,8,28684,0,5,5,5,15,555,Champions
47987,Christopher Hodges,341,7,20156,0,2,5,5,12,255,At Risk
47991,Brian Peterson DVM,5,8,20247,0,5,5,5,15,555,Champions
47992,Cindy Leonard,68,8,17757,0,4,5,4,13,454,Champions
47994,Susan Jones,175,7,23560,1,3,5,5,13,355,Loyal Customers
47999,Andrew Lee,33,5,23898,0,5,4,5,14,545,Champions
48000,Joseph Wilson,4,10,23031,0,5,5,5,15,555,Champions
48002,William Bishop,232,7,23171,1,3,5,5,13,355,Loyal Customers
48008,Jill Kelley,117,5,20171,0,4,4,5,13,445,Champions
48009,Susan Lin,75,5,16383,0,4,4,4,12,444,Champions
48013,Sara Schneider,157,8,23224,0,3,5,5,13,355,Loyal Customers
48016,Michael Brewer,47,5,15071,1,5,4,4,13,544,Champions
48017,Nicole Pennington,3,5,15927,0,5,4,4,13,544,Champions
48019,James Lopez,87,10,24502,0,4,5,5,14,455,Champions
48021,Cynthia Bowers,197,8,22010,0,3,5,5,13,355,Loyal Customers
48028,Ashley Fitzpatrick,135,7,14390,1,4,5,3,12,453,Loyal Customers
48033,Trevor West,117,7,18852,0,4,5,4,13,454,Champions
48034,Nathan Rubio,69,5,15883,1,4,4,4,12,444,Champions
48035,Zachary Stevens,89,7,19969,0,4,5,5,14,455,Champions
48038,Robert Ruiz,39,5,17135,0,5,4,4,13,544,Champions
48039,Jason Brown,390,9,25709,0,2,5,5,12,255,At Risk
48043,Matthew Hayes,166,8,28812,0,3,5,5,13,355,Loyal Customers
48048,Jeremy Guzman,48,6,15868,0,5,4,4,13,544,Champions
48049,Sarah Santana,91,5,16791,0,4,4,4,12,444,Champions
48050,Dr. Zoe Doyle,4,7,26428,0,5,5,5,15,555,Champions
48054,Samantha Watkins,64,7,18635,0,4,5,4,13,454,Champions
48057,Anna Estrada,177,7,15672,1,3,5,4,12,354,Loyal Customers
48058,Sarah Walls,26,7,23954,1,5,5,5,15,555,Champions
48059,Courtney Flores,73,7,11971,0,4,5,3,12,453,Loyal Customers
48064,Mathew Hayes,34,8,18112,0,5,5,4,14,554,Champions
48065,Cathy Miller,89,6,16689,1,4,4,4,12,444,Champions
48069,Wendy Anderson,134,11,28753,0,4,5,5,14,455,Champions
48077,Mark Hart,32,6,11780,0,5,4,3,12,543,Loyal Customers
48079,Melissa Alexander,165,12,28481,0,3,5,5,13,355,Loyal Customers
48082,Thomas Allen,243,8,22665,0,2,5,5,12,255,At Risk
48091,Rachel Hayes,307,7,19875,0,2,5,5,12,255,At Risk
48092,Jeffery Kaufman,121,7,19921,0,4,5,5,14,455,Champions
48097,Nathaniel Jones,31,6,18049,0,5,4,4,13,544,Champions
48098,Hannah Conner,46,6,13337,0,5,4,3,12,543,Loyal Customers
48100,Mark Perry,56,5,12592,0,5,4,3,12,543,Loyal Customers
48104,Alyssa Smith,72,6,18160,0,4,4,4,12,444,Champions
48107,Paul Cantu,232,7,15021,0,3,5,4,12,354,Loyal Customers
48114,Sharon Garcia,4,11,25348,0,5,5,5,15,555,Champions
48115,Christopher Buck,128,7,17079,0,4,5,4,13,454,Champions
48124,Tiffany Whitney,12,9,25153,0,5,5,5,15,555,Champions
48125,Victor Bright,38,7,23754,0,5,5,5,15,555,Champions
48127,Dr. Whitney Miller MD,265,7,24443,0,2,5,5,12,255,At Risk
48135,Kimberly Wong,33,5,13982,1,5,4,3,12,543,Loyal Customers
48139,Andrew Stevens,108,10,28644,0,4,5,5,14,455,Champions
48144,Destiny Cunningham,108,10,31711,0,4,5,5,14,455,Champions
48145,Denise Snow,70,8,25292,1,4,5,5,14,455,Champions
48146,Elizabeth Russell,92,10,24587,0,4,5,5,14,455,Champions
48147,Daniel Williamson,103,6,20596,0,4,4,5,13,445,Champions
48148,Sarah Morrison,421,7,26607,1,2,5,5,12,255,At Risk
48149,Emily Lewis,117,10,32729,0,4,5,5,14,455,Champions
48154,Brian Robertson,25,5,16481,0,5,4,4,13,544,Champions
48155,Lonnie Atkinson,8,5,17404,0,5,4,4,13,544,Champions
48163,Steven Conley,59,5,15295,0,5,4,4,13,544,Champions
48165,Aaron Lee,56,11,25049,0,5,5,5,15,555,Champions
48171,Brandy Cherry,6,6,13941,1,5,4,3,12,543,Loyal Customers
48172,Tricia Schmidt,196,8,23085,0,3,5,5,13,355,Loyal Customers
48173,Taylor Smith,7,5,16129,0,5,4,4,13,544,Champions
48174,Javier Ramos,129,7,22883,0,4,5,5,14,455,Champions
48177,Kimberly Miller,64,7,20083,0,4,5,5,14,455,Champions
48179,Jesse Alexander,1,11,31188,1,5,5,5,15,555,Champions
48181,Daniel Nguyen,355,7,25266,1,2,5,5,12,255,At Risk
48186,Patrick Moore,141,8,25265,0,3,5,5,13,355,Loyal Customers
48188,Dr. Vicki Martin,237,8,30962,0,3,5,5,13,355,Loyal Customers
48195,Vanessa Williams,103,6,16273,0,4,4,4,12,444,Champions
48198,Joshua Potts,50,6,12344,1,5,4,3,12,543,Loyal Customers
48201,Mark Gordon,127,7,16831,0,4,5,4,13,454,Champions
48202,Isabella White,26,9,27160,0,5,5,5,15,555,Champions
48204,Anthony Frederick,108,5,19247,0,4,4,4,12,444,Champions
48206,Ricky Vega,333,10,28238,1,2,5,5,12,255,At Risk
48218,Jonathan Moran,19,5,13090,0,5,4,3,12,543,Loyal Customers
48223,Brian Parsons,21,8,27133,0,5,5,5,15,555,Champions
48224,Marilyn Cruz,20,6,14018,0,5,4,3,12,543,Loyal Customers
48232,Miss Vickie Orr,47,7,27751,1,5,5,5,15,555,Champions
48233,Shelley Valdez,139,7,17973,0,3,5,4,12,354,Loyal Customers
48234,Claudia Rivas,16,6,11351,1,5,4,3,12,543,Loyal Customers
48235,Tonya Rodriguez,300,7,26444,1,2,5,5,12,255,At Risk
48238,Grace Frederick,17,5,14152,0,5,4,3,12,543,Loyal Customers
48241,Dominique Mercer,145,7,15402,0,3,5,4,12,354,Loyal Customers
48242,Holly Watson,40,8,23707,1,5,5,5,15,555,Champions
48243,Mr. Scott Smith,25,6,15842,1,5,4,4,13,544,Champions
48246,Michael Patterson,23,5,15328,0,5,4,4,13,544,Champions
48250,Brett Mccall,46,7,17532,1,5,5,4,14,554,Champions
48255,Kim Munoz,248,9,30771,0,2,5,5,12,255,At Risk
48259,Sandra Conway,11,11,22188,0,5,5,5,15,555,Champions
48261,Edward Diaz,80,6,15422,0,4,4,4,12,444,Champions
48262,Denise Ellis,15,5,14704,1,5,4,3,12,543,Loyal Customers
48263,Ricardo Wolf,42,9,21323,0,5,5,5,15,555,Champions
48266,Sara King,79,6,16205,0,4,4,4,12,444,Champions
48276,Michael Marsh,114,7,22369,0,4,5,5,14,455,Champions
48285,Wendy Lee,137,7,18488,0,3,5,4,12,354,Loyal Customers
48286,Paul Arias,205,6,19742,1,3,4,5,12,345,Loyal Customers
48287,Leslie Hensley,224,7,19876,0,3,5,5,13,355,Loyal Customers
48295,Kevin Coleman,149,8,21472,0,3,5,5,13,355,Loyal Customers
48298,Allen Austin,65,7,16608,0,4,5,4,13,454,Champions
48299,Angela Cunningham,4,6,17983,0,5,4,4,13,544,Champions
48301,William Harvey,287,7,22629,0,2,5,5,12,255,At Risk
48304,Jennifer Brooks,217,7,17737,0,3,5,4,12,354,Loyal Customers
48309,Patricia Atkinson,11,7,14082,0,5,5,3,13,553,Loyal Customers
48317,Marisa Acevedo,26,7,24654,0,5,5,5,15,555,Champions
48318,Shelby Gordon,53,5,13300,0,5,4,3,12,543,Loyal Customers
48320,Stephen Rivera,79,7,20849,0,4,5,5,14,455,Champions
48324,Chelsey Montes,23,6,20085,0,5,4,5,14,545,Champions
48327,Brian Daniels,106,7,22396,1,4,5,5,14,455,Champions
48331,Eric Thomas,209,7,17997,0,3,5,4,12,354,Loyal Customers
48335,Nancy Beasley,130,5,16864,0,4,4,4,12,444,Champions
48343,Mary Vaughan,1,9,29742,0,5,5,5,15,555,Champions
48349,Belinda Goodwin,6,8,22851,0,5,5,5,15,555,Champions
48351,Ronald Kaiser,96,9,26628,0,4,5,5,14,455,Champions
48358,Ricardo Brown,38,9,33292,0,5,5,5,15,555,Champions
48359,Rachel Fitzgerald,116,5,15343,0,4,4,4,12,444,Champions
48360,Ellen Beard,13,6,20018,1,5,4,5,14,545,Champions
48361,Jean Holland,13,12,40646,0,5,5,5,15,555,Champions
48373,Jessica Austin,57,5,19997,0,5,4,5,14,545,Champions
48376,Jason Hill,46,5,13826,0,5,4,3,12,543,Loyal Customers
48377,Joseph Powell,33,4,14809,0,5,3,4,12,534,Potential Loyalists
48378,Ronald Keith,44,5,17598,1,5,4,4,13,544,Champions
48390,Jimmy Parker,150,6,22024,0,3,4,5,12,345,Loyal Customers
48394,Colleen Black,95,7,18434,1,4,5,4,13,454,Champions
48398,Lori Henderson,90,7,19267,0,4,5,4,13,454,Champions
48399,Patricia Taylor,81,11,40528,0,4,5,5,14,455,Champions
48402,Mr. Steven Hernandez DVM,45,7,20311,1,5,5,5,15,555,Champions
48406,Bethany Jackson,18,6,23226,0,5,4,5,14,545,Champions
48411,Daniel Lynch,27,5,15715,1,5,4,4,13,544,Champions
48414,Brian Shaw,60,8,25176,0,4,5,5,14,455,Champions
48416,Jason Greene,230,7,27063,0,3,5,5,13,355,Loyal Customers
48419,Gregory Aguilar,3,5,12726,0,5,4,3,12,543,Loyal Customers
48422,Susan Brooks,98,7,23381,0,4,5,5,14,455,Champions
48423,Sarah Harris,95,9,20498,0,4,5,5,14,455,Champions
48428,Todd Mcdaniel,2,5,17056,0,5,4,4,13,544,Champions
48434,Jill Lopez,33,7,15130,0,5,5,4,14,554,Champions
48436,Katelyn Hansen,57,6,21451,0,5,4,5,14,545,Champions
48439,Lisa Allen,355,9,26010,0,2,5,5,12,255,At Risk
48440,Brittany Anderson,26,4,15136,0,5,3,4,12,534,Potential Loyalists
48446,Eric Brown,13,9,20312,0,5,5,5,15,555,Champions
48448,Christopher Carrillo,124,7,21756,0,4,5,5,14,455,Champions
48454,Ryan Mendoza,46,6,13603,0,5,4,3,12,543,Loyal Customers
48456,Jose Grant,87,8,15744,0,4,5,4,13,454,Champions
48458,Jaime Gonzalez,371,8,26756,0,2,5,5,12,255,At Risk
48460,Heather Small,233,7,15663,0,3,5,4,12,354,Loyal Customers
48463,Mr. Michael Austin,122,6,22613,0,4,4,5,13,445,Champions
48465,Laura Reyes,47,7,23075,1,5,5,5,15,555,Champions
48467,Jessica Palmer,44,6,16033,0,5,4,4,13,544,Champions
48468,Joseph Fox,164,8,19191,0,3,5,4,12,354,Loyal Customers
48469,Jacob Mcdowell,82,5,17355,0,4,4,4,12,444,Champions
48470,Roberto Reed,213,7,28385,0,3,5,5,13,355,Loyal Customers
48471,David Duran,308,14,40436,0,2,5,5,12,255,At Risk
48474,David Mills,89,6,16745,0,4,4,4,12,444,Champions
48481,Ashley Murray,146,8,18140,0,3,5,4,12,354,Loyal Customers
48486,Jessica Schroeder,113,7,25633,0,4,5,5,14,455,Champions
48487,Laura Nguyen,265,7,21134,1,2,5,5,12,255,At Risk
48489,Allison Mora,22,5,13228,0,5,4,3,12,543,Loyal Customers
48495,Rita Goodwin,108,9,22514,1,4,5,5,14,455,Champions
48502,Amber Johnson,87,6,17790,0,4,4,4,12,444,Champions
48505,Jamie Luna,20,6,22543,0,5,4,5,14,545,Champions
48507,Laura Taylor,60,7,16654,0,4,5,4,13,454,Champions
48509,Lisa Oliver,182,9,29439,0,3,5,5,13,355,Loyal Customers
48512,Doris Wilkins,104,6,15483,0,4,4,4,12,444,Champions
48518,Teresa Chapman,179,9,23309,1,3,5,5,13,355,Loyal Customers
48522,Joshua Collins,140,11,27781,0,3,5,5,13,355,Loyal Customers
48523,Jenna Brandt,11,8,18604,0,5,5,4,14,554,Champions
48524,Anthony Wilson,34,7,18904,0,5,5,4,14,554,Champions
48530,Erik Macias,270,8,20184,0,2,5,5,12,255,At Risk
48536,Sherry Wilson,222,7,19513,0,3,5,5,13,355,Loyal Customers
48539,Micheal Weaver,33,8,19095,0,5,5,4,14,554,Champions
48542,Joseph Brown,29,6,14891,0,5,4,4,13,544,Champions
48545,Jennifer Taylor,2,8,19840,1,5,5,5,15,555,Champions
48547,Michael Mccormick,36,5,12758,0,5,4,3,12,543,Loyal Customers
48551,Melanie Bailey,121,7,22191,0,4,5,5,14,455,Champions
48557,Vickie Hendrix,31,5,18026,1,5,4,4,13,544,Champions
48564,Jeffrey Allen,35,5,12149,0,5,4,3,12,543,Loyal Customers
48571,Pamela Turner,200,6,19859,0,3,4,5,12,345,Loyal Customers
48572,Amanda Holmes,187,8,23489,0,3,5,5,13,355,Loyal Customers
48573,Karen Cox,26,8,22984,0,5,5,5,15,555,Champions
48576,Mark Boyer MD,91,7,14560,0,4,5,3,12,453,Loyal Customers
48577,Nicholas Bush,10,5,16038,0,5,4,4,13,544,Champions
48580,Madison Weber,125,5,17712,0,4,4,4,12,444,Champions
48581,Cindy Mendoza,37,5,17692,0,5,4,4,13,544,Champions
48584,Adam Cole,78,7,18161,0,4,5,4,13,454,Champions
48585,Christina Griffin,41,7,20308,0,5,5,5,15,555,Champions
48588,Richard Juarez,114,10,27771,0,4,5,5,14,455,Champions
48590,Karen Brooks,63,7,22340,0,4,5,5,14,455,Champions
48594,Miss Stephanie Phillips,173,9,28137,0,3,5,5,13,355,Loyal Customers
48600,Amber Daugherty,104,8,26854,0,4,5,5,14,455,Champions
48604,Justin Cook,27,9,23130,0,5,5,5,15,555,Champions
48614,Jessica Vargas,183,7,14828,0,3,5,4,12,354,Loyal Customers
48620,Bruce Perez,78,5,19578,0,4,4,5,13,445,Champions
48622,Misty Woods,96,7,20251,1,4,5,5,14,455,Champions
48623,Alexis Rios,17,8,20969,0,5,5,5,15,555,Champions
48625,Heather Palmer,5,6,16906,0,5,4,4,13,544,Champions
48626,Richard White,29,5,14298,0,5,4,3,12,543,Loyal Customers
48628,Cameron Drake,18,13,29276,1,5,5,5,15,555,Champions
48631,John Norton,205,7,15101,0,3,5,4,12,354,Loyal Customers
48633,Brandon Cunningham,6,5,16944,1,5,4,4,13,544,Champions
48634,Kristopher Reed,10,5,13649,0,5,4,3,12,543,Loyal Customers
48635,Christopher Case,244,7,19513,0,2,5,5,12,255,At Risk
48637,Melody Richardson,103,6,16434,1,4,4,4,12,444,Champions
48641,Chloe Brown,203,7,21452,0,3,5,5,13,355,Loyal Customers
48643,Kimberly Wallace,30,5,12315,0,5,4,3,12,543,Loyal Customers
48644,Marcus Eaton,57,4,15548,0,5,3,4,12,534,Potential Loyalists
48647,Kevin Miller,108,5,18061,0,4,4,4,12,444,Champions
48659,Kathryn Walker,84,8,25466,1,4,5,5,14,455,Champions
48664,Devin Rodriguez,10,7,23317,0,5,5,5,15,555,Champions
48665,Michael Perez,361,8,21924,0,2,5,5,12,255,At Risk
48669,Elijah Schmidt,100,6,18690,0,4,4,4,12,444,Champions
48675,Steve Williams,13,6,14174,0,5,4,3,12,543,Loyal Customers
48677,Cory Morton,421,11,32431,0,2,5,5,12,255,At Risk
48683,Jessica Aguirre,43,6,16305,0,5,4,4,13,544,Champions
48685,Robert Miller,23,11,34860,1,5,5,5,15,555,Champions
48689,Jessica Jones,286,8,26713,0,2,5,5,12,255,At Risk
48690,Thomas Ferguson,139,7,23645,0,3,5,5,13,355,Loyal Customers
48695,Keith Morales,110,7,20949,0,4,5,5,14,455,Champions
48697,Laurie Page,9,8,20323,0,5,5,5,15,555,Champions
48698,Randy Tucker,23,5,12282,0,5,4,3,12,543,Loyal Customers
48699,David Yang,99,6,20543,0,4,4,5,13,445,Champions
48707,Jennifer Bryant,34,6,21061,0,5,4,5,14,545,Champions
48708,Victoria Stone,28,5,18867,0,5,4,4,13,544,Champions
48710,Benjamin Woods,335,7,22081,0,2,5,5,12,255,At Risk
48714,Amy Montoya,59,7,18971,0,4,5,4,13,454,Champions
48721,Gregory Henderson,143,9,19680,0,3,5,5,13,355,Loyal Customers
48722,Whitney Stewart,85,5,15396,0,4,4,4,12,444,Champions
48724,David Mclaughlin,92,7,13731,0,4,5,3,12,453,Loyal Customers
48726,Amanda Green,100,5,15506,1,4,4,4,12,444,Champions
48728,Christy Johnson,235,7,21626,0,3,5,5,13,355,Loyal Customers
48733,Cassidy Williams,119,8,29452,1,4,5,5,14,455,Champions
48736,Mary Melton,29,8,16813,0,5,5,4,14,554,Champions
48738,Jason Fisher,107,7,15355,0,4,5,4,13,454,Champions
48742,Timothy Martinez,86,7,21112,0,4,5,5,14,455,Champions
48743,Tanya Payne,98,8,21769,0,4,5,5,14,455,Champions
48748,David Barrera,14,10,27779,1,5,5,5,15,555,Champions
48749,Jamie Walters,44,6,19393,0,5,4,5,14,545,Champions
48754,Rhonda Nicholson,163,7,20533,0,3,5,5,13,355,Loyal Customers
48762,Amy Henderson,68,7,15552,1,4,5,4,13,454,Champions
48763,James Barrett,10,6,16002,0,5,4,4,13,544,Champions
48768,Maria Davis,26,5,17925,0,5,4,4,13,544,Champions
48771,Joseph Bailey,5,7,16272,0,5,5,4,14,554,Champions
48775,Katie Boyer,98,8,16300,0,4,5,4,13,454,Champions
48776,Amy Flores,82,6,16996,0,4,4,4,12,444,Champions
48781,Lee Singleton,123,11,27694,0,4,5,5,14,455,Champions
48785,Nicole Fernandez,175,8,24786,0,3,5,5,13,355,Loyal Customers
48786,Jennifer Gray,60,6,20098,1,4,4,5,13,445,Champions
48789,Sarah Orr,367,9,21911,0,2,5,5,12,255,At Risk
48794,Michael Bailey,94,7,23302,0,4,5,5,14,455,Champions
48800,Cathy Pearson,85,8,29648,0,4,5,5,14,455,Champions
48802,Brian Brooks,197,7,16596,0,3,5,4,12,354,Loyal Customers
48806,Mrs. Courtney Rowland MD,98,7,19641,0,4,5,5,14,455,Champions
48809,Dean Johnson,161,9,29904,0,3,5,5,13,355,Loyal Customers
48812,Maria Vaughn,86,7,17202,0,4,5,4,13,454,Champions
48814,Susan Walker,221,7,15413,1,3,5,4,12,354,Loyal Customers
48815,Robert Perez,2,7,11240,1,5,5,2,12,552,Potential Loyalists
48818,Megan Oneill,30,6,16577,0,5,4,4,13,544,Champions
48819,Sarah Snyder MD,59,7,18736,0,4,5,4,13,454,Champions
48820,Christopher Holmes,40,12,39884,0,5,5,5,15,555,Champions
48823,Sandra Gomez,55,5,12846,0,5,4,3,12,543,Loyal Customers
48824,Sara Miller,340,9,19722,1,2,5,5,12,255,At Risk
48825,Matthew Lopez,101,11,28963,0,4,5,5,14,455,Champions
48826,Mike Gutierrez,22,6,17509,0,5,4,4,13,544,Champions
48829,William Smith,0,7,20525,1,5,5,5,15,555,Champions
48837,David Johnson,7,8,19888,0,5,5,5,15,555,Champions
48846,William Baker,73,8,22220,1,4,5,5,14,455,Champions
48847,Robert Mcintosh,89,8,19009,0,4,5,4,13,454,Champions
48848,Jonathan Smith,211,8,21266,0,3,5,5,13,355,Loyal Customers
48849,Mary Lozano,25,7,23114,0,5,5,5,15,555,Champions
48855,Olivia Harper,212,7,19332,0,3,5,5,13,355,Loyal Customers
48863,Emily Jimenez,112,8,30690,1,4,5,5,14,455,Champions
48871,Kyle Freeman,165,7,22668,0,3,5,5,13,355,Loyal Customers
48872,Julie Clark,8,13,25852,0,5,5,5,15,555,Champions
48874,Richard Watkins,103,7,20823,0,4,5,5,14,455,Champions
48875,Linda Wallace,134,11,29432,0,4,5,5,14,455,Champions
48880,Larry Castillo,21,7,23050,0,5,5,5,15,555,Champions
48881,Julie Johnston,225,8,23019,0,3,5,5,13,355,Loyal Customers
48883,Anne Lee MD,89,8,19936,0,4,5,5,14,455,Champions
48886,Lindsey Ewing,226,8,18961,0,3,5,4,12,354,Loyal Customers
48887,Jessica Fitzgerald,96,6,22134,0,4,4,5,13,445,Champions
48888,Allison Kim,126,7,14925,0,4,5,4,13,454,Champions
48891,James Williams,246,8,25543,0,2,5,5,12,255,At Risk
48894,Colleen Davis,7,7,15752,0,5,5,4,14,554,Champions
48897,Jonathan Mills,99,8,24385,0,4,5,5,14,455,Champions
48904,Jennifer Obrien,25,5,12644,0,5,4,3,12,543,Loyal Customers
48908,Jacob Aguilar,133,8,15514,0,4,5,4,13,454,Champions
48909,Manuel Chambers,132,6,16444,1,4,4,4,12,444,Champions
48912,Richard Cook,86,7,21358,0,4,5,5,14,455,Champions
48913,Brian Underwood,104,9,24993,0,4,5,5,14,455,Champions
48915,Tonya Fowler,21,9,17367,0,5,5,4,14,554,Champions
48922,Annette Avila,27,7,21676,0,5,5,5,15,555,Champions
48928,Pamela Wood,32,7,14208,0,5,5,3,13,553,Loyal Customers
48929,Karen Johnson,165,7,16214,0,3,5,4,12,354,Loyal Customers
48930,Christopher Allison,6,6,22209,1,5,4,5,14,545,Champions
48931,Julie Dickerson,21,5,11367,0,5,4,3,12,543,Loyal Customers
48934,Lori Lopez,47,5,12946,1,5,4,3,12,543,Loyal Customers
48937,Michael Barr,129,7,16236,0,4,5,4,13,454,Champions
48939,Monica Walker,354,7,21343,0,2,5,5,12,255,At Risk
48940,Kimberly Moreno,70,9,17765,1,4,5,4,13,454,Champions
48945,Clarence Hendricks,195,8,20453,0,3,5,5,13,355,Loyal Customers
48946,Rodney Nguyen,33,5,14132,0,5,4,3,12,543,Loyal Customers
48950,Jeffery Jimenez,62,6,17609,0,4,4,4,12,444,Champions
48955,Michelle Fields,178,9,23848,0,3,5,5,13,355,Loyal Customers
48964,Raymond Ruiz,92,5,15150,1,4,4,4,12,444,Champions
48969,Pamela Hernandez,27,5,16053,0,5,4,4,13,544,Champions
48971,Danielle Owen,11,10,31160,0,5,5,5,15,555,Champions
48976,John Peterson,97,10,20259,1,4,5,5,14,455,Champions
48979,Ashley Grimes,9,5,14664,0,5,4,3,12,543,Loyal Customers
48981,Diana Fletcher,33,7,24142,0,5,5,5,15,555,Champions
48982,Jay Conley,0,5,18755,0,5,4,4,13,544,Champions
48986,Scott Russell,328,7,21039,0,2,5,5,12,255,At Risk
48990,Angela Mills,29,6,16774,0,5,4,4,13,544,Champions
48995,Tammy Banks,7,6,18108,0,5,4,4,13,544,Champions
48998,Megan Munoz,19,6,23542,1,5,4,5,14,545,Champions
49000,Lisa Cook,105,6,19998,0,4,4,5,13,445,Champions
49001,Scott Hayes,108,6,15222,0,4,4,4,12,444,Champions
49002,Brittany Powell,142,7,18342,0,3,5,4,12,354,Loyal Customers
49004,Kimberly Hamilton,80,10,36612,0,4,5,5,14,455,Champions
49005,Nicole Phillips,120,5,21725,1,4,4,5,13,445,Champions
49007,Patricia Smith,83,6,20487,0,4,4,5,13,445,Champions
49015,Elizabeth Wilson,56,6,19976,0,5,4,5,14,545,Champions
49016,Christopher Garcia,57,6,22698,0,5,4,5,14,545,Champions
49017,Dennis Murray,280,8,22489,1,2,5,5,12,255,At Risk
49020,Gregory Evans,193,7,18042,0,3,5,4,12,354,Loyal Customers
49022,Vickie Huffman DDS,14,5,17118,1,5,4,4,13,544,Champions
49026,Zachary Perry,62,8,19089,1,4,5,4,13,454,Champions
49027,Regina Rollins,0,5,21779,0,5,4,5,14,545,Champions
49028,Erin Barnett,86,10,27578,0,4,5,5,14,455,Champions
49029,Eric Fernandez,96,5,15178,0,4,4,4,12,444,Champions
49031,Shelby Manning,25,6,14584,1,5,4,3,12,543,Loyal Customers
49032,Gregory Blevins,255,9,27743,0,2,5,5,12,255,At Risk
49034,Benjamin Barr,58,7,27389,0,5,5,5,15,555,Champions
49038,Anthony Martinez,46,5,18770,0,5,4,4,13,544,Champions
49043,Nancy Moore,16,5,12158,1,5,4,3,12,543,Loyal Customers
49045,Cassidy Scott,71,8,21231,0,4,5,5,14,455,Champions
49048,Jessica Oconnell,126,7,18371,0,4,5,4,13,454,Champions
49051,Hailey Moreno,38,11,30956,0,5,5,5,15,555,Champions
49053,Crystal Hill,231,11,28361,1,3,5,5,13,355,Loyal Customers
49054,Kelly Simmons,112,8,24783,0,4,5,5,14,455,Champions
49063,Elizabeth Estrada,46,7,12953,1,5,5,3,13,553,Loyal Customers
49065,Robert Mcgrath,3,7,17761,1,5,5,4,14,554,Champions
49067,Jeffrey Lee,277,7,21812,0,2,5,5,12,255,At Risk
49068,Diane Hernandez,24,11,35874,0,5,5,5,15,555,Champions
49072,Jonathan Johnson,225,7,20988,0,3,5,5,13,355,Loyal Customers
49073,Anna Fowler,113,5,15081,0,4,4,4,12,444,Champions
49074,David Martinez,58,5,13415,0,5,4,3,12,543,Loyal Customers
49075,Michelle Hansen,29,10,33360,0,5,5,5,15,555,Champions
49078,Mary Matthews,16,10,33538,0,5,5,5,15,555,Champions
49079,Scott Smith,210,9,25371,0,3,5,5,13,355,Loyal Customers
49084,Miguel Salas,231,7,20316,1,3,5,5,13,355,Loyal Customers
49087,Matthew Cunningham,20,5,12517,0,5,4,3,12,543,Loyal Customers
49088,Katrina Rush,32,5,15061,0,5,4,4,13,544,Champions
49089,Jeff Bell,50,6,13242,0,5,4,3,12,543,Loyal Customers
49091,Christina Taylor,414,7,25458,0,2,5,5,12,255,At Risk
49092,Douglas Hurst,2,8,19903,0,5,5,5,15,555,Champions
49096,Michelle Gardner,92,7,17733,0,4,5,4,13,454,Champions
49097,Amber Russell,179,10,38254,0,3,5,5,13,355,Loyal Customers
49105,Jonathan Preston,318,7,22547,0,2,5,5,12,255,At Risk
49107,Amanda Horton,67,8,27365,0,4,5,5,14,455,Champions
49110,Pedro Luna,205,6,21843,0,3,4,5,12,345,Loyal Customers
49115,William Wood,170,5,22842,0,3,4,5,12,345,Loyal Customers
49120,Misty Rangel,205,7,19815,0,3,5,5,13,355,Loyal Customers
49123,Michael Warren,17,4,14863,0,5,3,4,12,534,Potential Loyalists
49125,Ashley Gallegos,111,7,28958,0,4,5,5,14,455,Champions
49128,Yvonne Smith,104,8,19963,0,4,5,5,14,455,Champions
49129,Hannah Wagner,116,7,28705,0,4,5,5,14,455,Champions
49130,Carlos Shaw,99,10,29898,1,4,5,5,14,455,Champions
49131,Molly Johnson,36,11,22989,0,5,5,5,15,555,Champions
49138,Matthew Petty,127,7,23352,0,4,5,5,14,455,Champions
49139,Joseph Adams,92,6,18206,0,4,4,4,12,444,Champions
49140,Yolanda Harris,98,6,18295,0,4,4,4,12,444,Champions
49148,Brenda Wood,184,8,23921,0,3,5,5,13,355,Loyal Customers
49149,Luke James,242,9,25830,0,3,5,5,13,355,Loyal Customers
49151,Philip Howell,19,5,15991,0,5,4,4,13,544,Champions
49154,Amanda Howard,23,6,20594,0,5,4,5,14,545,Champions
49157,Jason Delacruz,169,11,22627,0,3,5,5,13,355,Loyal Customers
49159,Connor Cooper,195,8,29530,1,3,5,5,13,355,Loyal Customers
49161,Benjamin Hall,209,10,27105,0,3,5,5,13,355,Loyal Customers
49166,Kimberly Fuller,34,5,14496,0,5,4,3,12,543,Loyal Customers
49167,Michael Bautista,6,7,19282,0,5,5,5,15,555,Champions
49174,Christina Berry,18,7,18498,0,5,5,4,14,554,Champions
49175,Logan Stephenson,115,7,16989,1,4,5,4,13,454,Champions
49176,Christine Conner,17,6,26683,0,5,4,5,14,545,Champions
49180,Barbara Williamson,128,5,15101,0,4,4,4,12,444,Champions
49185,Joshua Boyd,374,9,20746,0,2,5,5,12,255,At Risk
49188,Taylor Le,44,5,14982,0,5,4,4,13,544,Champions
49189,Thomas Lang,20,5,11705,0,5,4,3,12,543,Loyal Customers
49191,Steven Velazquez,73,6,16293,0,4,4,4,12,444,Champions
49192,Debra Larson,0,6,16535,0,5,4,4,13,544,Champions
49193,Aaron Huerta,78,6,17899,0,4,4,4,12,444,Champions
49200,Robert Sims,22,10,22597,1,5,5,5,15,555,Champions
49215,Scott Hicks Jr.,8,5,14712,0,5,4,3,12,543,Loyal Customers
49218,April Chambers,16,5,11702,0,5,4,3,12,543,Loyal Customers
49225,Thomas Watson,59,7,16153,0,4,5,4,13,454,Champions
49228,Nicholas Cox,85,5,15118,0,4,4,4,12,444,Champions
49235,Gabrielle Mitchell,17,6,17247,1,5,4,4,13,544,Champions
49239,Taylor Morse,96,11,21839,0,4,5,5,14,455,Champions
49243,Cassandra Smith MD,57,6,12414,0,5,4,3,12,543,Loyal Customers
49245,Rodney Hurst,144,7,18722,0,3,5,4,12,354,Loyal Customers
49247,Joe Fox,7,10,25605,0,5,5,5,15,555,Champions
49248,Kimberly Anderson,27,9,28762,1,5,5,5,15,555,Champions
49249,Seth Hernandez,89,7,19832,0,4,5,5,14,455,Champions
49253,David Wilson,158,8,28042,0,3,5,5,13,355,Loyal Customers
49257,Holly Barrett,83,8,23765,0,4,5,5,14,455,Champions
49261,Angela Frost,48,6,11401,0,5,4,3,12,543,Loyal Customers
49267,Krista Benton,87,8,26550,0,4,5,5,14,455,Champions
49273,Richard David,11,8,18995,0,5,5,4,14,554,Champions
49278,Lisa Johnson DVM,344,9,22738,0,2,5,5,12,255,At Risk
49281,Julia Choi,18,10,23214,0,5,5,5,15,555,Champions
49284,Jason Contreras,26,6,19135,1,5,4,4,13,544,Champions
49287,Stacie Villarreal,160,9,28201,0,3,5,5,13,355,Loyal Customers
49288,Lauren Williamson,14,9,30279,0,5,5,5,15,555,Champions
49289,Melinda Howard,31,5,11956,0,5,4,3,12,543,Loyal Customers
49291,Dustin Smith,98,10,24905,1,4,5,5,14,455,Champions
49292,Dr. Jorge Evans,18,6,19927,0,5,4,5,14,545,Champions
49293,Marilyn Hall,19,6,13169,0,5,4,3,12,543,Loyal Customers
49294,Andrew Camacho,81,10,22818,0,4,5,5,14,455,Champions
49295,Michael Buchanan,21,5,11821,0,5,4,3,12,543,Loyal Customers
49310,Brianna Flores,90,6,20659,0,4,4,5,13,445,Champions
49315,Steven Miller,57,7,19394,1,5,5,5,15,555,Champions
49318,Denise Black,133,5,14918,0,4,4,4,12,444,Champions
49322,Robert Murphy,18,7,21372,0,5,5,5,15,555,Champions
49328,Frances Ward,61,5,21182,0,4,4,5,13,445,Champions
49329,Cameron Smith,182,10,27542,0,3,5,5,13,355,Loyal Customers
49331,Thomas Keith,21,9,24025,0,5,5,5,15,555,Champions
49333,Dana Gordon MD,122,8,24139,0,4,5,5,14,455,Champions
49335,Patricia Medina,231,13,40210,1,3,5,5,13,355,Loyal Customers
49336,Jeremy Rivera,66,6,22827,0,4,4,5,13,445,Champions
49337,Debra White,57,8,17326,0,5,5,4,14,554,Champions
49343,Samuel Lopez,1,6,13694,0,5,4,3,12,543,Loyal Customers
49348,Robert Combs,0,9,25481,0,5,5,5,15,555,Champions
49350,John Sanchez,17,6,16299,0,5,4,4,13,544,Champions
49355,Maria Bryan,82,7,19914,0,4,5,5,14,455,Champions
49359,Tammy Beck,232,8,20211,0,3,5,5,13,355,Loyal Customers
49362,Christopher Lynch,70,7,20741,0,4,5,5,14,455,Champions
49372,Robert Morris,93,7,17858,0,4,5,4,13,454,Champions
49373,Jasmine Davis,25,5,12622,0,5,4,3,12,543,Loyal Customers
49375,Karen James,165,11,24679,0,3,5,5,13,355,Loyal Customers
49377,Alex Lewis,172,8,19641,0,3,5,5,13,355,Loyal Customers
49378,Diana Compton,205,10,24138,0,3,5,5,13,355,Loyal Customers
49379,Kevin Wilkerson DDS,228,7,15446,0,3,5,4,12,354,Loyal Customers
49381,Christina Yates,95,8,31506,1,4,5,5,14,455,Champions
49391,Lindsay Pham,53,5,18340,0,5,4,4,13,544,Champions
49392,Katelyn White,136,11,33182,1,4,5,5,14,455,Champions
49404,Marcus Harper,43,7,21501,0,5,5,5,15,555,Champions
49405,Jasmin Francis,82,8,23716,0,4,5,5,14,455,Champions
49409,Eric Wiggins,140,9,26711,0,3,5,5,13,355,Loyal Customers
49410,Vincent Price,15,6,14972,0,5,4,4,13,544,Champions
49419,Loretta Gross,92,8,23025,0,4,5,5,14,455,Champions
49421,Danny Russell,6,8,23246,0,5,5,5,15,555,Champions
49422,Christopher Smith,42,6,16762,1,5,4,4,13,544,Champions
49423,Brandon Lawson,11,8,23879,0,5,5,5,15,555,Champions
49425,Ronnie Dawson,1,5,12684,0,5,4,3,12,543,Loyal Customers
49430,Suzanne Moore,14,6,16562,0,5,4,4,13,544,Champions
49438,Katelyn Kennedy,86,5,20721,0,4,4,5,13,445,Champions
49442,Susan Rojas,17,10,25352,0,5,5,5,15,555,Champions
49443,Alexander Williams,234,9,17705,0,3,5,4,12,354,Loyal Customers
49444,Brian Anderson,62,7,24333,0,4,5,5,14,455,Champions
49446,Terry Owen,336,9,25104,0,2,5,5,12,255,At Risk
49448,Ryan Washington,187,9,27781,0,3,5,5,13,355,Loyal Customers
49450,Melinda Townsend,12,8,18619,0,5,5,4,14,554,Champions
49455,Joseph Diaz,139,9,26065,0,3,5,5,13,355,Loyal Customers
49461,Amanda Jordan,158,10,31045,0,3,5,5,13,355,Loyal Customers
49463,Carol Walker,71,5,16621,1,4,4,4,12,444,Champions
49464,Nicole Pace,62,5,16877,1,4,4,4,12,444,Champions
49466,Michelle Robinson,2,7,14502,1,5,5,3,13,553,Loyal Customers
49472,Nicholas Brown,61,8,23130,0,4,5,5,14,455,Champions
49474,Brandy Marshall,49,7,18148,0,5,5,4,14,554,Champions
49475,Charles Mora,57,6,13028,0,5,4,3,12,543,Loyal Customers
49477,Amanda Lane,406,9,24875,0,2,5,5,12,255,At Risk
49478,Michael Adkins,143,7,19031,0,3,5,4,12,354,Loyal Customers
49479,Tiffany Lucero,126,9,26996,0,4,5,5,14,455,Champions
49485,Samantha Green,5,9,29182,0,5,5,5,15,555,Champions
49487,Timothy James,42,5,16161,0,5,4,4,13,544,Champions
49489,Emily Daniel,4,5,13569,1,5,4,3,12,543,Loyal Customers
49493,Michael Martin,46,6,21092,0,5,4,5,14,545,Champions
49497,Patrick Church,12,4,17166,1,5,3,4,12,534,Potential Loyalists
49504,James Barnes,87,9,25291,1,4,5,5,14,455,Champions
49510,Karen Mckenzie,407,7,22166,0,2,5,5,12,255,At Risk
49512,Matthew Johnson,65,8,11985,1,4,5,3,12,453,Loyal Customers
49513,Christopher Robinson,64,7,15987,1,4,5,4,13,454,Champions
49515,Joshua Walker,179,5,19610,1,3,4,5,12,345,Loyal Customers
49516,Brian Cox,6,5,13597,0,5,4,3,12,543,Loyal Customers
49525,Shannon Lopez,110,7,16327,0,4,5,4,13,454,Champions
49526,Veronica Simon,322,9,24077,0,2,5,5,12,255,At Risk
49528,Ryan Hall,11,6,17645,1,5,4,4,13,544,Champions
49533,David Phillips,218,8,22483,0,3,5,5,13,355,Loyal Customers
49534,Lisa Johnson,234,6,21399,0,3,4,5,12,345,Loyal Customers
49537,Nathan Torres,360,11,37631,1,2,5,5,12,255,At Risk
49539,Felicia Hayes,8,11,30995,1,5,5,5,15,555,Champions
49548,Melissa Smith,132,6,20557,0,4,4,5,13,445,Champions
49551,Barry Ritter,5,7,16730,0,5,5,4,14,554,Champions
49552,Amy Griffin,56,5,16673,0,5,4,4,13,544,Champions
49561,Jamie Carey,74,8,21552,0,4,5,5,14,455,Champions
49567,Pamela Jones,170,7,22806,0,3,5,5,13,355,Loyal Customers
49569,Steve Watson,101,5,17109,0,4,4,4,12,444,Champions
49577,Jerry Stephens,175,7,20313,0,3,5,5,13,355,Loyal Customers
49579,Bryan Cook,169,8,21350,0,3,5,5,13,355,Loyal Customers
49586,Walter Tran,18,9,23919,1,5,5,5,15,555,Champions
49589,Olivia Gibson,265,9,24791,0,2,5,5,12,255,At Risk
49591,Brenda Henderson,135,7,20673,0,4,5,5,14,455,Champions
49593,Steve Patton,269,12,27087,1,2,5,5,12,255,At Risk
49596,Kayla Costa,107,7,18009,0,4,5,4,13,454,Champions
49597,Timothy Alvarez,226,8,27373,0,3,5,5,13,355,Loyal Customers
49609,Heather Fleming,85,6,21251,1,4,4,5,13,445,Champions
49610,Belinda Warren,304,7,19470,0,2,5,5,12,255,At Risk
49612,Kayla Hebert,175,7,18517,0,3,5,4,12,354,Loyal Customers
49614,Patrick Garcia,28,10,24322,0,5,5,5,15,555,Champions
49615,Jason Fernandez,60,9,26903,0,4,5,5,14,455,Champions
49616,Glenn Meyers,12,8,19582,0,5,5,5,15,555,Champions
49622,Scott Hernandez,35,12,35022,0,5,5,5,15,555,Champions
49623,John Williams,216,9,27585,0,3,5,5,13,355,Loyal Customers
49625,Dylan Hartman,207,8,20636,0,3,5,5,13,355,Loyal Customers
49626,Bryan Bradford,91,5,18712,0,4,4,4,12,444,Champions
49631,Elizabeth Riddle,21,6,14656,0,5,4,3,12,543,Loyal Customers
49638,Tammy Rodriguez,13,6,22415,0,5,4,5,14,545,Champions
49639,Jacqueline Hawkins,50,5,16068,0,5,4,4,13,544,Champions
49640,Dana Macias,80,6,21300,0,4,4,5,13,445,Champions
49644,Sarah Valenzuela,311,8,28104,0,2,5,5,12,255,At Risk
49654,Laura Cunningham,119,8,22297,0,4,5,5,14,455,Champions
49655,Joshua Rosales,20,7,24582,0,5,5,5,15,555,Champions
49657,Daisy Riddle,366,7,23997,0,2,5,5,12,255,At Risk
49658,Norman Cooper,80,6,15405,1,4,4,4,12,444,Champions
49659,Brian Martin,50,7,11207,0,5,5,2,12,552,Potential Loyalists
49662,Taylor Randall,34,5,13813,0,5,4,3,12,543,Loyal Customers
49663,Kevin Meza,127,7,19355,0,4,5,5,14,455,Champions
49671,Taylor Henry,70,9,32386,0,4,5,5,14,455,Champions
49672,Tammy Jarvis,73,8,21112,0,4,5,5,14,455,Champions
49678,Jennifer Cummings,70,8,18850,1,4,5,4,13,454,Champions
49682,Matthew Rogers,105,8,22690,0,4,5,5,14,455,Champions
49683,Laura Richards,4,7,21377,0,5,5,5,15,555,Champions
49685,Laurie Lee,26,5,14418,0,5,4,3,12,543,Loyal Customers
49687,Becky Palmer,46,5,13658,0,5,4,3,12,543,Loyal Customers
49696,Carl Hughes,109,5,20784,1,4,4,5,13,445,Champions
49705,Steven Clark,185,7,21020,0,3,5,5,13,355,Loyal Customers
49707,Sonia Long,104,10,29755,0,4,5,5,14,455,Champions
49708,Shannon Obrien,14,7,14860,0,5,5,4,14,554,Champions
49710,Maria Martin,26,6,13533,0,5,4,3,12,543,Loyal Customers
49711,Frank Barajas,18,6,20957,0,5,4,5,14,545,Champions
49715,Robin Gonzalez,27,5,14851,0,5,4,4,13,544,Champions
49717,Richard Thompson,33,8,19411,0,5,5,5,15,555,Champions
49719,Donald Mendoza,74,9,22659,0,4,5,5,14,455,Champions
49722,Anthony Martinez,29,9,25185,1,5,5,5,15,555,Champions
49726,Monica Martin,112,8,29150,0,4,5,5,14,455,Champions
49727,Paul Murray,233,7,27376,0,3,5,5,13,355,Loyal Customers
49730,Ethan Dunlap,106,7,20898,0,4,5,5,14,455,Champions
49738,Ariel Torres,29,6,19882,0,5,4,5,14,545,Champions
49741,Holly Robertson,59,5,15199,0,4,4,4,12,444,Champions
49743,Ann Diaz,157,8,25511,0,3,5,5,13,355,Loyal Customers
49747,Kelly Jordan,145,9,25306,1,3,5,5,13,355,Loyal Customers
49755,Carol Costa,28,9,24821,1,5,5,5,15,555,Champions
49758,Jill Campbell,193,8,19942,0,3,5,5,13,355,Loyal Customers
49760,David Sanchez,118,7,23459,0,4,5,5,14,455,Champions
49769,Anthony Lozano,16,5,14210,0,5,4,3,12,543,Loyal Customers
49770,Kevin Cain,390,7,21541,0,2,5,5,12,255,At Risk
49773,Brenda Martinez,139,9,29457,0,3,5,5,13,355,Loyal Customers
49776,Jose Anderson,32,6,14102,1,5,4,3,12,543,Loyal Customers
49777,David Bryant,318,7,28668,0,2,5,5,12,255,At Risk
49778,Thomas Henderson,27,8,23419,0,5,5,5,15,555,Champions
49782,Kevin Davis,370,7,19534,1,2,5,5,12,255,At Risk
49786,Mike Marshall,28,6,21530,1,5,4,5,14,545,Champions
49794,Christian Randall,120,11,33359,0,4,5,5,14,455,Champions
49796,Rebecca Costa,28,6,21887,0,5,4,5,14,545,Champions
49798,Joshua Harper,10,9,26547,0,5,5,5,15,555,Champions
49799,Morgan Christensen,316,7,20820,0,2,5,5,12,255,At Risk
49801,Alison Brown,25,7,15302,1,5,5,4,14,554,Champions
49806,Cindy Reynolds,139,7,19280,0,3,5,5,13,355,Loyal Customers
49808,Jeffrey Mack,85,7,15287,0,4,5,4,13,454,Champions
49809,Ashley Stephens,141,8,18737,1,3,5,4,12,354,Loyal Customers
49812,Gary Harris,271,7,20674,0,2,5,5,12,255,At Risk
49814,Anne Owens,30,7,14215,0,5,5,3,13,553,Loyal Customers
49816,Ann Cole,196,7,17745,0,3,5,4,12,354,Loyal Customers
49817,Emily Moore,224,7,22593,0,3,5,5,13,355,Loyal Customers
49819,Rick Gaines,34,7,11506,0,5,5,3,13,553,Loyal Customers
49820,Caleb Gomez,153,6,19981,0,3,4,5,12,345,Loyal Customers
49830,Johnathan Riley,112,7,23686,0,4,5,5,14,455,Champions
49831,Mary Gregory,100,8,21881,0,4,5,5,14,455,Champions
49841,Jessica Hernandez,25,5,14408,0,5,4,3,12,543,Loyal Customers
49843,Kristi Hicks,209,9,26139,0,3,5,5,13,355,Loyal Customers
49845,Julie Curtis,87,6,19400,0,4,4,5,13,445,Champions
49847,Debbie Johnson,9,5,19612,0,5,4,5,14,545,Champions
49848,Steve White,293,8,19352,0,2,5,5,12,255,At Risk
49849,James Novak,8,5,13502,0,5,4,3,12,543,Loyal Customers
49852,Edward Sanchez MD,34,12,25891,0,5,5,5,15,555,Champions
49858,Timothy Bernard,8,7,13986,0,5,5,3,13,553,Loyal Customers
49859,Anita Goodwin,8,8,34339,0,5,5,5,15,555,Champions
49862,Caleb Schultz,59,7,22277,0,4,5,5,14,455,Champions
49863,Christian Fuller,39,5,13231,0,5,4,3,12,543,Loyal Customers
49865,Adam King,62,10,25168,0,4,5,5,14,455,Champions
49874,Thomas Webb,48,10,25652,0,5,5,5,15,555,Champions
49876,Veronica Hawkins,118,9,24951,0,4,5,5,14,455,Champions
49878,John Harrington,24,7,24942,0,5,5,5,15,555,Champions
49881,Mr. John Ward,20,9,27842,0,5,5,5,15,555,Champions
49885,Danielle Williams,31,5,13040,0,5,4,3,12,543,Loyal Customers
49888,Kayla Ibarra,51,6,17239,0,5,4,4,13,544,Champions
49889,Whitney Miller,244,7,19326,0,2,5,5,12,255,At Risk
49891,Leah Wyatt,36,5,11603,0,5,4,3,12,543,Loyal Customers
49892,Katie Allen,327,7,23703,0,2,5,5,12,255,At Risk
49896,Andrew Johnson,44,5,12633,0,5,4,3,12,543,Loyal Customers
49902,Deborah Carter,33,7,21810,0,5,5,5,15,555,Champions
49903,Heather Carter,273,7,22746,0,2,5,5,12,255,At Risk
49905,Jeffrey Lewis,53,5,17587,0,5,4,4,13,544,Champions
49906,Tamara Mcbride,6,11,32235,1,5,5,5,15,555,Champions
49907,Kristina Harvey,68,5,17193,0,4,4,4,12,444,Champions
49908,James Smith,50,8,17740,0,5,5,4,14,554,Champions
49916,Ronnie Diaz,212,8,15502,0,3,5,4,12,354,Loyal Customers
49917,Nicole Jackson,263,7,22968,0,2,5,5,12,255,At Risk
49918,Roger Nguyen,64,8,26530,0,4,5,5,14,455,Champions
49921,Brian Beard,65,9,31036,0,4,5,5,14,455,Champions
49922,Monica Baker MD,43,6,12012,0,5,4,3,12,543,Loyal Customers
49924,Anthony Harding,33,5,12219,1,5,4,3,12,543,Loyal Customers
49926,William Walker,33,9,19022,0,5,5,4,14,554,Champions
49931,Rodney Lee,16,5,14426,1,5,4,3,12,543,Loyal Customers
49933,Terri Warren,93,5,17671,0,4,4,4,12,444,Champions
49934,Jessica Vaughan,62,9,27696,0,4,5,5,14,455,Champions
49936,Amber Turner,199,6,19625,0,3,4,5,12,345,Loyal Customers
49940,Steve Edwards,73,6,17606,0,4,4,4,12,444,Champions
49944,Darius Fox,44,6,18560,0,5,4,4,13,544,Champions
49946,Maria Williams,48,7,19073,0,5,5,4,14,554,Champions
49950,Beth Vaughan,135,6,16031,1,4,4,4,12,444,Champions
49962,Michelle Marsh,312,7,25177,0,2,5,5,12,255,At Risk
49963,Jessica Chase,82,5,19591,1,4,4,5,13,445,Champions
49967,John Anderson,195,8,15649,0,3,5,4,12,354,Loyal Customers
49968,Carolyn Jacobs,206,6,19709,0,3,4,5,12,345,Loyal Customers
49970,Christopher Chapman,25,7,22370,0,5,5,5,15,555,Champions
49973,Joseph Miller,79,7,24238,0,4,5,5,14,455,Champions
49974,James Taylor,128,7,21413,0,4,5,5,14,455,Champions
49975,Mary Miller,1,7,21765,0,5,5,5,15,555,Champions
49976,Brian Carter,100,6,15088,1,4,4,4,12,444,Champions
49978,Jill Herring,22,8,22322,0,5,5,5,15,555,Champions
49979,Michael Pierce,55,5,15406,0,5,4,4,13,544,Champions
49980,Virginia Smith,356,7,21535,0,2,5,5,12,255,At Risk
49987,Daniel Castro,25,9,23033,0,5,5,5,15,555,Champions
49990,Stephanie Lyons,160,10,32083,0,3,5,5,13,355,Loyal Customers
49992,Karen Stephens,407,8,25871,0,2,5,5,12,255,At Risk
49993,Katrina Parker,90,5,15703,0,4,4,4,12,444,Champions
49997,Jenny Weiss,49,8,22431,0,5,5,5,15,555,Champions
