customer_id,customer_name,recency,frequency,monetary,churn,R_Score,F_Score,M_Score,RFM_Score,RFM_Score_Code,Customer_Segment,Recency_Group,Frequency_Group,Monetary_Group
12,Christopher Clark,279,6,15378,0,2,4,4,10,244,At Risk,181-365 Days,6-10 Purchases,High
25,Jose Boone,304,6,17455,0,2,4,4,10,244,At Risk,181-365 Days,6-10 Purchases,High
29,Frank Smith,478,7,16694,0,1,4,4,9,144,At Risk,365+ Days,6-10 Purchases,High
54,Beth Garcia,252,5,17813,0,2,3,4,9,234,At Risk,181-365 Days,3-5 Purchases,High
61,William Strong,369,6,15414,0,2,4,4,10,244,At Risk,365+ Days,6-10 Purchases,High
68,Evan Fuller,423,8,24392,0,2,5,5,12,255,At Risk,365+ Days,6-10 Purchases,Very High
69,Christopher Bush,312,6,14878,0,2,4,4,10,244,At Risk,181-365 Days,6-10 Purchases,High
103,Jerry Snyder,486,6,15288,0,1,4,4,9,144,At Risk,365+ Days,6-10 Purchases,High
110,Cynthia Sanchez,256,6,20022,0,2,4,5,11,245,At Risk,181-365 Days,6-10 Purchases,Very High
111,Joseph Lynch,323,5,16366,0,2,3,4,9,234,At Risk,181-365 Days,3-5 Purchases,High
116,Alicia Davis,767,5,15076,0,1,3,4,8,134,At Risk,365+ Days,3-5 Purchases,High
117,Melissa Mitchell,620,4,15312,0,1,2,4,7,124,Need Attention,365+ Days,3-5 Purchases,High
132,Michael Avila,265,6,16192,0,2,4,4,10,244,At Risk,181-365 Days,6-10 Purchases,High
136,Randy Nguyen,545,8,23349,0,1,5,5,11,155,At Risk,365+ Days,6-10 Purchases,Very High
149,Taylor Massey,388,6,17933,0,2,4,4,10,244,At Risk,365+ Days,6-10 Purchases,High
180,Victoria Brown,338,5,17410,0,2,3,4,9,234,At Risk,181-365 Days,3-5 Purchases,High
186,Christopher Jackson,249,7,21730,0,2,4,5,11,245,At Risk,181-365 Days,6-10 Purchases,Very High
197,Samuel Hoffman,307,5,16963,0,2,3,4,9,234,At Risk,181-365 Days,3-5 Purchases,High
235,Lindsey Walker,858,5,16282,0,1,3,4,8,134,At Risk,365+ Days,3-5 Purchases,High
242,John Roberts,310,6,18077,0,2,4,4,10,244,At Risk,181-365 Days,6-10 Purchases,High
245,Ryan Bishop,321,5,16285,0,2,3,4,9,234,At Risk,181-365 Days,3-5 Purchases,High
252,Maria Kim,550,5,14838,0,1,3,4,8,134,At Risk,365+ Days,3-5 Purchases,High
257,Frank Morgan,248,8,22547,0,2,5,5,12,255,At Risk,181-365 Days,6-10 Purchases,Very High
272,Leonard Bailey,599,9,21945,0,1,5,5,11,155,At Risk,365+ Days,6-10 Purchases,Very High
302,Christopher Robinson,529,7,21151,0,1,4,5,10,145,At Risk,365+ Days,6-10 Purchases,Very High
307,Sophia Thompson,655,5,16633,0,1,3,4,8,134,At Risk,365+ Days,3-5 Purchases,High
318,Michael George,244,7,20124,0,2,4,5,11,245,At Risk,181-365 Days,6-10 Purchases,Very High
327,Brittany Joyce,430,5,15245,0,1,3,4,8,134,At Risk,365+ Days,3-5 Purchases,High
345,Ryan Rice,310,5,17538,0,2,3,4,9,234,At Risk,181-365 Days,3-5 Purchases,High
366,Bruce Pittman,424,6,15811,0,2,4,4,10,244,At Risk,365+ Days,6-10 Purchases,High
369,Christopher Greer,249,8,28653,0,2,5,5,12,255,At Risk,181-365 Days,6-10 Purchases,Very High
381,Catherine Parker,299,7,20855,0,2,4,5,11,245,At Risk,181-365 Days,6-10 Purchases,Very High
388,Jacob Williams,290,6,21151,0,2,4,5,11,245,At Risk,181-365 Days,6-10 Purchases,Very High
400,Edward Collins MD,261,12,33709,0,2,5,5,12,255,At Risk,181-365 Days,10+ Purchases,Very High
417,Jordan Phillips,256,6,18992,0,2,4,4,10,244,At Risk,181-365 Days,6-10 Purchases,High
437,Nicole Brown,570,7,22333,0,1,4,5,10,145,At Risk,365+ Days,6-10 Purchases,Very High
449,Jason Mitchell,378,5,18248,0,2,3,4,9,234,At Risk,365+ Days,3-5 Purchases,High
461,Kelly Reed,744,8,21087,0,1,5,5,11,155,At Risk,365+ Days,6-10 Purchases,Very High
469,Russell Gibson,303,6,16388,0,2,4,4,10,244,At Risk,181-365 Days,6-10 Purchases,High
486,Maria Stevens,357,5,17583,0,2,3,4,9,234,At Risk,181-365 Days,3-5 Purchases,High
487,Todd Rodriguez,334,7,19596,0,2,4,5,11,245,At Risk,181-365 Days,6-10 Purchases,Very High
494,Jennifer Valdez,245,6,20106,0,2,4,5,11,245,At Risk,181-365 Days,6-10 Purchases,Very High
495,Joshua Galvan,417,6,17425,0,2,4,4,10,244,At Risk,365+ Days,6-10 Purchases,High
499,Jeremiah Gray,308,5,18375,0,2,3,4,9,234,At Risk,181-365 Days,3-5 Purchases,High
500,Kathy Anderson,249,6,20407,0,2,4,5,11,245,At Risk,181-365 Days,6-10 Purchases,Very High
502,Karen Vincent,360,6,20871,0,2,4,5,11,245,At Risk,181-365 Days,6-10 Purchases,Very High
510,Brett Stokes,397,6,18307,0,2,4,4,10,244,At Risk,365+ Days,6-10 Purchases,High
528,Catherine Molina,380,7,19514,0,2,4,5,11,245,At Risk,365+ Days,6-10 Purchases,Very High
536,Kathryn Stevenson,757,8,17653,0,1,5,4,10,154,At Risk,365+ Days,6-10 Purchases,High
540,Kristopher Soto,517,5,14931,0,1,3,4,8,134,At Risk,365+ Days,3-5 Purchases,High
556,Roberto Combs,431,6,18814,0,1,4,4,9,144,At Risk,365+ Days,6-10 Purchases,High
557,Johnny Lyons,873,6,17038,0,1,4,4,9,144,At Risk,365+ Days,6-10 Purchases,High
559,Colleen Chavez,289,6,20041,0,2,4,5,11,245,At Risk,181-365 Days,6-10 Purchases,Very High
584,Julia Thomas,274,5,15366,0,2,3,4,9,234,At Risk,181-365 Days,3-5 Purchases,High
589,Gregory Marks,591,6,15198,0,1,4,4,9,144,At Risk,365+ Days,6-10 Purchases,High
595,Ashley Lee,303,6,17590,0,2,4,4,10,244,At Risk,181-365 Days,6-10 Purchases,High
608,Elizabeth Porter,413,8,25576,0,2,5,5,12,255,At Risk,365+ Days,6-10 Purchases,Very High
615,Danielle Johnson,287,5,16233,0,2,3,4,9,234,At Risk,181-365 Days,3-5 Purchases,High
623,Sierra Rodriguez,244,9,27963,0,2,5,5,12,255,At Risk,181-365 Days,6-10 Purchases,Very High
626,Cynthia Kline,595,5,20327,0,1,3,5,9,135,At Risk,365+ Days,3-5 Purchases,Very High
652,Rachael Lawrence,296,6,15031,0,2,4,4,10,244,At Risk,181-365 Days,6-10 Purchases,High
660,Rachel Brown,275,7,23905,0,2,4,5,11,245,At Risk,181-365 Days,6-10 Purchases,Very High
684,Stephen Wong,422,5,17075,0,2,3,4,9,234,At Risk,365+ Days,3-5 Purchases,High
689,Sarah Humphrey,395,8,29573,0,2,5,5,12,255,At Risk,365+ Days,6-10 Purchases,Very High
695,Oscar Nelson,447,6,17661,0,1,4,4,9,144,At Risk,365+ Days,6-10 Purchases,High
697,Jacob Knight,409,5,19100,0,2,3,4,9,234,At Risk,365+ Days,3-5 Purchases,High
703,Natalie Harris,262,6,18206,0,2,4,4,10,244,At Risk,181-365 Days,6-10 Purchases,High
721,John Allen,247,5,16957,0,2,3,4,9,234,At Risk,181-365 Days,3-5 Purchases,High
729,Charlotte Reilly,375,6,17141,0,2,4,4,10,244,At Risk,365+ Days,6-10 Purchases,High
735,Dr. Angela Baker MD,303,4,14963,0,2,2,4,8,224,Need Attention,181-365 Days,3-5 Purchases,High
739,Evelyn Klein,332,6,15713,0,2,4,4,10,244,At Risk,181-365 Days,6-10 Purchases,High
745,Mark Gonzales,295,8,18565,0,2,5,4,11,254,At Risk,181-365 Days,6-10 Purchases,High
752,Kristina Jennings,307,5,17176,0,2,3,4,9,234,At Risk,181-365 Days,3-5 Purchases,High
760,Mrs. Hannah Sullivan MD,252,10,23054,0,2,5,5,12,255,At Risk,181-365 Days,6-10 Purchases,Very High
762,Amanda Thompson,308,4,16496,0,2,2,4,8,224,Need Attention,181-365 Days,3-5 Purchases,High
805,Paul Murray,564,7,15837,0,1,4,4,9,144,At Risk,365+ Days,6-10 Purchases,High
807,Stanley Chavez,352,7,19597,0,2,4,5,11,245,At Risk,181-365 Days,6-10 Purchases,Very High
826,Jason Wood,286,9,25270,0,2,5,5,12,255,At Risk,181-365 Days,6-10 Purchases,Very High
836,Daniel Edwards,363,6,22206,0,2,4,5,11,245,At Risk,181-365 Days,6-10 Purchases,Very High
849,Elizabeth Young,335,6,17088,0,2,4,4,10,244,At Risk,181-365 Days,6-10 Purchases,High
859,Whitney Dean,484,6,19889,0,1,4,5,10,145,At Risk,365+ Days,6-10 Purchases,Very High
866,Amy Fisher,264,8,26278,0,2,5,5,12,255,At Risk,181-365 Days,6-10 Purchases,Very High
872,Carol Beck,446,4,15511,0,1,2,4,7,124,Need Attention,365+ Days,3-5 Purchases,High
877,Kimberly Klein,275,7,20002,0,2,4,5,11,245,At Risk,181-365 Days,6-10 Purchases,Very High
900,Jonathan Miller,375,8,28623,0,2,5,5,12,255,At Risk,365+ Days,6-10 Purchases,Very High
916,Grant Sampson,269,10,19557,0,2,5,5,12,255,At Risk,181-365 Days,6-10 Purchases,Very High
924,Kathy Hines,327,7,22853,0,2,4,5,11,245,At Risk,181-365 Days,6-10 Purchases,Very High
933,Pamela Huff,469,5,17579,0,1,3,4,8,134,At Risk,365+ Days,3-5 Purchases,High
954,Matthew Taylor,520,5,16304,0,1,3,4,8,134,At Risk,365+ Days,3-5 Purchases,High
959,Matthew King DDS,451,6,16385,0,1,4,4,9,144,At Risk,365+ Days,6-10 Purchases,High
970,Latoya Mclaughlin,284,6,16194,0,2,4,4,10,244,At Risk,181-365 Days,6-10 Purchases,High
1011,Lindsay Carter,709,6,19582,0,1,4,5,10,145,At Risk,365+ Days,6-10 Purchases,Very High
1020,Emily Mason,312,5,20042,0,2,3,5,10,235,At Risk,181-365 Days,3-5 Purchases,Very High
1028,Carmen Dyer,244,7,16592,0,2,4,4,10,244,At Risk,181-365 Days,6-10 Purchases,High
1033,Heather Charles,290,6,23261,0,2,4,5,11,245,At Risk,181-365 Days,6-10 Purchases,Very High
1036,Jesse Crawford,244,7,19350,0,2,4,5,11,245,At Risk,181-365 Days,6-10 Purchases,Very High
1045,Emma Evans,350,10,24840,0,2,5,5,12,255,At Risk,181-365 Days,6-10 Purchases,Very High
1046,Robert Johnson,455,9,28390,0,1,5,5,11,155,At Risk,365+ Days,6-10 Purchases,Very High
1058,Corey Harrison,286,7,20946,0,2,4,5,11,245,At Risk,181-365 Days,6-10 Purchases,Very High
1062,Justin Buckley,386,7,22645,0,2,4,5,11,245,At Risk,365+ Days,6-10 Purchases,Very High
1063,Lindsey Wong,320,6,15335,0,2,4,4,10,244,At Risk,181-365 Days,6-10 Purchases,High
1076,Elizabeth Riley,310,6,19801,0,2,4,5,11,245,At Risk,181-365 Days,6-10 Purchases,Very High
1094,Jesse Tran,525,5,16326,0,1,3,4,8,134,At Risk,365+ Days,3-5 Purchases,High
1101,Gerald Collins DDS,923,6,15131,0,1,4,4,9,144,At Risk,365+ Days,6-10 Purchases,High
1102,Shawn Sanchez,412,7,21035,0,2,4,5,11,245,At Risk,365+ Days,6-10 Purchases,Very High
1119,Kaitlyn Carter,294,6,19588,0,2,4,5,11,245,At Risk,181-365 Days,6-10 Purchases,Very High
1120,Phyllis Wood,253,9,25185,0,2,5,5,12,255,At Risk,181-365 Days,6-10 Purchases,Very High
1150,Melinda Franklin,302,6,17624,0,2,4,4,10,244,At Risk,181-365 Days,6-10 Purchases,High
1167,Scott Maynard,539,6,18460,0,1,4,4,9,144,At Risk,365+ Days,6-10 Purchases,High
1168,Jonathon Gonzalez,535,6,17610,0,1,4,4,9,144,At Risk,365+ Days,6-10 Purchases,High
1176,Oscar Lynn,311,4,16115,0,2,2,4,8,224,Need Attention,181-365 Days,3-5 Purchases,High
1192,Christina Nielsen,271,8,16489,0,2,5,4,11,254,At Risk,181-365 Days,6-10 Purchases,High
1198,Jamie Rush,298,4,15225,0,2,2,4,8,224,Need Attention,181-365 Days,3-5 Purchases,High
1199,Dr. Taylor Carr,299,5,17035,0,2,3,4,9,234,At Risk,181-365 Days,3-5 Purchases,High
1209,Paul Wallace,396,5,16228,0,2,3,4,9,234,At Risk,365+ Days,3-5 Purchases,High
1221,Rachel Blair,321,7,27289,0,2,4,5,11,245,At Risk,181-365 Days,6-10 Purchases,Very High
1223,Mark Olson,387,7,20726,0,2,4,5,11,245,At Risk,365+ Days,6-10 Purchases,Very High
1225,Ryan Mendez,264,6,15186,0,2,4,4,10,244,At Risk,181-365 Days,6-10 Purchases,High
1239,John Jacobs,524,7,18348,0,1,4,4,9,144,At Risk,365+ Days,6-10 Purchases,High
1242,Anna Foster,330,5,16088,0,2,3,4,9,234,At Risk,181-365 Days,3-5 Purchases,High
1251,Samantha Bowers,515,9,19768,0,1,5,5,11,155,At Risk,365+ Days,6-10 Purchases,Very High
1269,Kimberly Smith,670,6,18043,0,1,4,4,9,144,At Risk,365+ Days,6-10 Purchases,High
1287,Kelsey Martin,409,8,23369,0,2,5,5,12,255,At Risk,365+ Days,6-10 Purchases,Very High
1293,Michael Ferguson,326,10,19501,0,2,5,5,12,255,At Risk,181-365 Days,6-10 Purchases,Very High
1312,Raven Buckley,393,6,16322,0,2,4,4,10,244,At Risk,365+ Days,6-10 Purchases,High
1314,Kenneth Stuart,426,7,22843,0,2,4,5,11,245,At Risk,365+ Days,6-10 Purchases,Very High
1356,Terrence Gray,548,7,16964,0,1,4,4,9,144,At Risk,365+ Days,6-10 Purchases,High
1357,Mark Graham,376,7,25851,0,2,4,5,11,245,At Risk,365+ Days,6-10 Purchases,Very High
1366,Ronald Carter II,443,6,19703,0,1,4,5,10,145,At Risk,365+ Days,6-10 Purchases,Very High
1377,Christina Harris,330,5,14844,0,2,3,4,9,234,At Risk,181-365 Days,3-5 Purchases,High
1379,Robert Bennett,341,11,30394,0,2,5,5,12,255,At Risk,181-365 Days,10+ Purchases,Very High
1395,Amy Luna,401,6,15699,0,2,4,4,10,244,At Risk,365+ Days,6-10 Purchases,High
1396,Steven Evans,367,5,14954,0,2,3,4,9,234,At Risk,365+ Days,3-5 Purchases,High
1401,Robert Diaz,347,8,21474,0,2,5,5,12,255,At Risk,181-365 Days,6-10 Purchases,Very High
1418,Robert Lee,269,5,17684,0,2,3,4,9,234,At Risk,181-365 Days,3-5 Purchases,High
1448,Ashley Roberts,384,4,15240,0,2,2,4,8,224,Need Attention,365+ Days,3-5 Purchases,High
1468,Michael Williams,589,4,16179,0,1,2,4,7,124,Need Attention,365+ Days,3-5 Purchases,High
1482,Roger Thompson,312,6,15103,0,2,4,4,10,244,At Risk,181-365 Days,6-10 Purchases,High
1494,Melissa Koch,382,6,20636,0,2,4,5,11,245,At Risk,365+ Days,6-10 Purchases,Very High
1497,Kelly Mcgee,315,6,18242,0,2,4,4,10,244,At Risk,181-365 Days,6-10 Purchases,High
1501,Mike Reed,430,7,18328,0,1,4,4,9,144,At Risk,365+ Days,6-10 Purchases,High
1525,Sally Alvarado,518,4,16057,0,1,2,4,7,124,Need Attention,365+ Days,3-5 Purchases,High
1528,Jim Taylor,295,9,27527,0,2,5,5,12,255,At Risk,181-365 Days,6-10 Purchases,Very High
1533,Nicole Simmons,395,6,16852,0,2,4,4,10,244,At Risk,365+ Days,6-10 Purchases,High
1540,Frederick Odonnell,738,8,22410,0,1,5,5,11,155,At Risk,365+ Days,6-10 Purchases,Very High
1563,Jerry Krause,419,4,16213,0,2,2,4,8,224,Need Attention,365+ Days,3-5 Purchases,High
1581,Elizabeth Garcia,384,10,25920,0,2,5,5,12,255,At Risk,365+ Days,6-10 Purchases,Very High
1585,Jeff Espinoza,388,6,20023,0,2,4,5,11,245,At Risk,365+ Days,6-10 Purchases,Very High
1598,Joel Price,292,6,14824,0,2,4,4,10,244,At Risk,181-365 Days,6-10 Purchases,High
1600,Joshua Sanchez,307,7,15851,0,2,4,4,10,244,At Risk,181-365 Days,6-10 Purchases,High
1614,Sharon Sherman,1006,4,16030,0,1,2,4,7,124,Need Attention,365+ Days,3-5 Purchases,High
1615,Patrick Meza,618,5,20234,0,1,3,5,9,135,At Risk,365+ Days,3-5 Purchases,Very High
1622,Jennifer Lee,306,7,19697,0,2,4,5,11,245,At Risk,181-365 Days,6-10 Purchases,Very High
1641,David Martin,384,7,18558,0,2,4,4,10,244,At Risk,365+ Days,6-10 Purchases,High
1646,Michael Sandoval,308,7,18564,0,2,4,4,10,244,At Risk,181-365 Days,6-10 Purchases,High
1648,Steven Cook,718,5,16255,0,1,3,4,8,134,At Risk,365+ Days,3-5 Purchases,High
1649,Timothy Diaz,563,5,15000,0,1,3,4,8,134,At Risk,365+ Days,3-5 Purchases,High
1656,Stephanie Griffin,727,5,18233,0,1,3,4,8,134,At Risk,365+ Days,3-5 Purchases,High
1663,Kelsey Jones,458,5,17156,0,1,3,4,8,134,At Risk,365+ Days,3-5 Purchases,High
1703,Charles Mendez,455,7,21208,0,1,4,5,10,145,At Risk,365+ Days,6-10 Purchases,Very High
1713,Emily Olsen,396,6,22713,0,2,4,5,11,245,At Risk,365+ Days,6-10 Purchases,Very High
1722,Cody Hahn,316,7,22279,0,2,4,5,11,245,At Risk,181-365 Days,6-10 Purchases,Very High
1734,Kim Lee,385,5,17792,0,2,3,4,9,234,At Risk,365+ Days,3-5 Purchases,High
1737,Michelle Schneider,311,5,15557,0,2,3,4,9,234,At Risk,181-365 Days,3-5 Purchases,High
1740,John Murphy,504,10,30678,0,1,5,5,11,155,At Risk,365+ Days,6-10 Purchases,Very High
1753,Joseph Vargas,273,9,26597,0,2,5,5,12,255,At Risk,181-365 Days,6-10 Purchases,Very High
1760,Steven Pugh,423,4,14892,0,2,2,4,8,224,Need Attention,365+ Days,3-5 Purchases,High
1767,Tammy Wilson,489,5,15631,0,1,3,4,8,134,At Risk,365+ Days,3-5 Purchases,High
1783,James Cook,585,7,17376,0,1,4,4,9,144,At Risk,365+ Days,6-10 Purchases,High
1785,April Rosales,412,6,20450,0,2,4,5,11,245,At Risk,365+ Days,6-10 Purchases,Very High
1798,James Savage,321,8,22216,0,2,5,5,12,255,At Risk,181-365 Days,6-10 Purchases,Very High
1827,Adam Rivers,397,4,17521,0,2,2,4,8,224,Need Attention,365+ Days,3-5 Purchases,High
1831,Stephen Erickson,412,5,16552,0,2,3,4,9,234,At Risk,365+ Days,3-5 Purchases,High
1852,Sarah Salinas,248,6,16151,0,2,4,4,10,244,At Risk,181-365 Days,6-10 Purchases,High
1857,Erica Mcconnell,268,6,16830,0,2,4,4,10,244,At Risk,181-365 Days,6-10 Purchases,High
1877,Greg Perkins,300,6,15231,0,2,4,4,10,244,At Risk,181-365 Days,6-10 Purchases,High
1888,Rebecca Oneill,284,5,15252,0,2,3,4,9,234,At Risk,181-365 Days,3-5 Purchases,High
1909,Patricia Campbell,383,8,23771,0,2,5,5,12,255,At Risk,365+ Days,6-10 Purchases,Very High
1920,Christina Fitzgerald,324,6,22378,0,2,4,5,11,245,At Risk,181-365 Days,6-10 Purchases,Very High
1930,Andrea Crawford,316,6,16535,0,2,4,4,10,244,At Risk,181-365 Days,6-10 Purchases,High
1948,Eric Stanton,793,5,19487,0,1,3,5,9,135,At Risk,365+ Days,3-5 Purchases,Very High
1952,Steven Haynes,290,4,15162,0,2,2,4,8,224,Need Attention,181-365 Days,3-5 Purchases,High
1964,Kristin Nguyen,289,7,20601,0,2,4,5,11,245,At Risk,181-365 Days,6-10 Purchases,Very High
1967,Timothy Warner,434,6,20518,0,1,4,5,10,145,At Risk,365+ Days,6-10 Purchases,Very High
1980,Michael Gonzales,337,7,16233,0,2,4,4,10,244,At Risk,181-365 Days,6-10 Purchases,High
1984,Rachel Riley,296,7,18041,0,2,4,4,10,244,At Risk,181-365 Days,6-10 Purchases,High
1989,Joseph Mcbride,417,6,20466,0,2,4,5,11,245,At Risk,365+ Days,6-10 Purchases,Very High
1994,Thomas Li,286,5,20175,0,2,3,5,10,235,At Risk,181-365 Days,3-5 Purchases,Very High
1995,Samantha Jackson,259,6,15835,0,2,4,4,10,244,At Risk,181-365 Days,6-10 Purchases,High
2000,William Perez,306,6,15548,0,2,4,4,10,244,At Risk,181-365 Days,6-10 Purchases,High
2003,Julia Smith,284,7,23949,0,2,4,5,11,245,At Risk,181-365 Days,6-10 Purchases,Very High
2014,Matthew Long,553,6,16553,0,1,4,4,9,144,At Risk,365+ Days,6-10 Purchases,High
2025,Sergio Mason,248,6,15097,0,2,4,4,10,244,At Risk,181-365 Days,6-10 Purchases,High
2029,Steven Villarreal,273,5,17474,0,2,3,4,9,234,At Risk,181-365 Days,3-5 Purchases,High
2033,Daniel Jackson,380,4,17250,0,2,2,4,8,224,Need Attention,365+ Days,3-5 Purchases,High
2043,Brian Sullivan,293,6,16719,0,2,4,4,10,244,At Risk,181-365 Days,6-10 Purchases,High
2066,Michael Le,366,7,25097,0,2,4,5,11,245,At Risk,365+ Days,6-10 Purchases,Very High
2071,Aaron Sullivan,667,6,21604,0,1,4,5,10,145,At Risk,365+ Days,6-10 Purchases,Very High
2074,Kristy Soto,390,7,23437,0,2,4,5,11,245,At Risk,365+ Days,6-10 Purchases,Very High
2113,Jill Pham,246,5,19466,0,2,3,5,10,235,At Risk,181-365 Days,3-5 Purchases,Very High
2114,Michelle Oconnor,323,6,17244,0,2,4,4,10,244,At Risk,181-365 Days,6-10 Purchases,High
2115,Sandra Griffith,274,9,18638,0,2,5,4,11,254,At Risk,181-365 Days,6-10 Purchases,High
2126,Jason Dixon,320,6,15548,0,2,4,4,10,244,At Risk,181-365 Days,6-10 Purchases,High
2136,Mrs. Andrea Cooper PhD,642,8,28210,0,1,5,5,11,155,At Risk,365+ Days,6-10 Purchases,Very High
2155,Michael Thompson,368,7,24571,0,2,4,5,11,245,At Risk,365+ Days,6-10 Purchases,Very High
2160,Ebony Haynes,579,5,19677,0,1,3,5,9,135,At Risk,365+ Days,3-5 Purchases,Very High
2161,Caitlin Chan,290,7,17534,0,2,4,4,10,244,At Risk,181-365 Days,6-10 Purchases,High
2163,Paige Luna,519,5,14868,0,1,3,4,8,134,At Risk,365+ Days,3-5 Purchases,High
2203,Kenneth Nguyen,441,6,20906,0,1,4,5,10,145,At Risk,365+ Days,6-10 Purchases,Very High
2226,Darlene Miller,430,5,15701,0,1,3,4,8,134,At Risk,365+ Days,3-5 Purchases,High
2235,Matthew Williams,458,6,20597,0,1,4,5,10,145,At Risk,365+ Days,6-10 Purchases,Very High
2248,Michelle Jones,281,5,16261,0,2,3,4,9,234,At Risk,181-365 Days,3-5 Purchases,High
2268,Russell Campbell,311,7,21349,0,2,4,5,11,245,At Risk,181-365 Days,6-10 Purchases,Very High
2279,Michael Hart,531,7,20306,0,1,4,5,10,145,At Risk,365+ Days,6-10 Purchases,Very High
2291,Bradley Oconnell Jr.,315,5,14961,0,2,3,4,9,234,At Risk,181-365 Days,3-5 Purchases,High
2311,Jean Hart,268,5,17695,0,2,3,4,9,234,At Risk,181-365 Days,3-5 Purchases,High
2317,Scott Mcfarland,312,10,28744,0,2,5,5,12,255,At Risk,181-365 Days,6-10 Purchases,Very High
2320,Alexis Richardson,340,6,16826,0,2,4,4,10,244,At Risk,181-365 Days,6-10 Purchases,High
2325,Stephen Sutton,339,9,31436,0,2,5,5,12,255,At Risk,181-365 Days,6-10 Purchases,Very High
2341,Karen Collins,401,5,16649,0,2,3,4,9,234,At Risk,365+ Days,3-5 Purchases,High
2345,Wesley Whitaker,311,7,21871,0,2,4,5,11,245,At Risk,181-365 Days,6-10 Purchases,Very High
2356,Edward Wells,269,4,17300,0,2,2,4,8,224,Need Attention,181-365 Days,3-5 Purchases,High
2361,Jennifer Simmons,639,5,15916,0,1,3,4,8,134,At Risk,365+ Days,3-5 Purchases,High
2366,Steven Jones,403,5,16898,0,2,3,4,9,234,At Risk,365+ Days,3-5 Purchases,High
2389,Keith Williams,512,7,21218,0,1,4,5,10,145,At Risk,365+ Days,6-10 Purchases,Very High
2398,Colleen Rich,573,6,18864,0,1,4,4,9,144,At Risk,365+ Days,6-10 Purchases,High
2399,Mia Torres,466,6,22604,0,1,4,5,10,145,At Risk,365+ Days,6-10 Purchases,Very High
2403,Eric Weber,668,5,19289,0,1,3,5,9,135,At Risk,365+ Days,3-5 Purchases,Very High
2410,Gregory Valdez,291,6,15595,0,2,4,4,10,244,At Risk,181-365 Days,6-10 Purchases,High
2415,Patrick Murray,364,5,14923,0,2,3,4,9,234,At Risk,181-365 Days,3-5 Purchases,High
2424,Henry Holloway,252,6,22767,0,2,4,5,11,245,At Risk,181-365 Days,6-10 Purchases,Very High
2442,George Yates,390,6,19613,0,2,4,5,11,245,At Risk,365+ Days,6-10 Purchases,Very High
2461,Raymond Patterson,279,9,26838,0,2,5,5,12,255,At Risk,181-365 Days,6-10 Purchases,Very High
2462,Kristin Dean,425,6,21572,0,2,4,5,11,245,At Risk,365+ Days,6-10 Purchases,Very High
2465,Lisa Flynn,372,9,31100,0,2,5,5,12,255,At Risk,365+ Days,6-10 Purchases,Very High
2483,Brandi Campbell,372,8,22841,0,2,5,5,12,255,At Risk,365+ Days,6-10 Purchases,Very High
2485,Lori Davis,477,7,19776,0,1,4,5,10,145,At Risk,365+ Days,6-10 Purchases,Very High
2499,Amy Williams,344,5,18067,0,2,3,4,9,234,At Risk,181-365 Days,3-5 Purchases,High
2503,Ryan Jones,251,7,20100,0,2,4,5,11,245,At Risk,181-365 Days,6-10 Purchases,Very High
2528,Amanda Schwartz,378,7,18097,0,2,4,4,10,244,At Risk,365+ Days,6-10 Purchases,High
2529,Cory Lewis,252,10,27200,0,2,5,5,12,255,At Risk,181-365 Days,6-10 Purchases,Very High
2539,Nicole Wheeler,525,6,18006,0,1,4,4,9,144,At Risk,365+ Days,6-10 Purchases,High
2553,Beth Cooper,360,6,17245,0,2,4,4,10,244,At Risk,181-365 Days,6-10 Purchases,High
2572,Valerie Flores,451,6,16415,0,1,4,4,9,144,At Risk,365+ Days,6-10 Purchases,High
2579,Alexa Edwards,497,5,16625,0,1,3,4,8,134,At Risk,365+ Days,3-5 Purchases,High
2584,Logan Williams,260,6,17453,0,2,4,4,10,244,At Risk,181-365 Days,6-10 Purchases,High
2590,James Brown,280,6,21941,0,2,4,5,11,245,At Risk,181-365 Days,6-10 Purchases,Very High
2592,Joshua Weaver,523,5,18488,0,1,3,4,8,134,At Risk,365+ Days,3-5 Purchases,High
2613,Matthew Roberts,362,4,14875,0,2,2,4,8,224,Need Attention,181-365 Days,3-5 Purchases,High
2625,Joe Baker,557,6,16023,0,1,4,4,9,144,At Risk,365+ Days,6-10 Purchases,High
2642,Kelsey Le,338,6,18509,0,2,4,4,10,244,At Risk,181-365 Days,6-10 Purchases,High
2653,Charles Carter,432,7,17952,0,1,4,4,9,144,At Risk,365+ Days,6-10 Purchases,High
2655,Nicholas Smith,420,6,14873,0,2,4,4,10,244,At Risk,365+ Days,6-10 Purchases,High
2663,Jill Cook,380,7,22895,0,2,4,5,11,245,At Risk,365+ Days,6-10 Purchases,Very High
2705,Jeanette Thompson,335,6,21497,0,2,4,5,11,245,At Risk,181-365 Days,6-10 Purchases,Very High
2709,Omar Powell,316,10,33803,0,2,5,5,12,255,At Risk,181-365 Days,6-10 Purchases,Very High
2711,Jaclyn Carroll,561,9,24522,0,1,5,5,11,155,At Risk,365+ Days,6-10 Purchases,Very High
2733,Kimberly Collins,365,6,15239,0,2,4,4,10,244,At Risk,181-365 Days,6-10 Purchases,High
2739,Nicole Davis,331,7,24920,0,2,4,5,11,245,At Risk,181-365 Days,6-10 Purchases,Very High
2741,Elizabeth Hayes,427,9,27007,0,2,5,5,12,255,At Risk,365+ Days,6-10 Purchases,Very High
2745,Michael Garcia,403,6,15247,0,2,4,4,10,244,At Risk,365+ Days,6-10 Purchases,High
2790,Johnny George,293,9,20750,0,2,5,5,12,255,At Risk,181-365 Days,6-10 Purchases,Very High
2791,Mrs. Michelle Johnson MD,382,6,18291,0,2,4,4,10,244,At Risk,365+ Days,6-10 Purchases,High
2843,Elizabeth Lewis,253,6,16064,0,2,4,4,10,244,At Risk,181-365 Days,6-10 Purchases,High
2863,Debbie Smith,414,8,28002,0,2,5,5,12,255,At Risk,365+ Days,6-10 Purchases,Very High
2867,Carrie Friedman,261,7,16292,0,2,4,4,10,244,At Risk,181-365 Days,6-10 Purchases,High
2876,Michael Wong,373,9,19786,0,2,5,5,12,255,At Risk,365+ Days,6-10 Purchases,Very High
2889,Jason Gonzales,388,7,20154,0,2,4,5,11,245,At Risk,365+ Days,6-10 Purchases,Very High
2902,Omar Little,300,7,16487,0,2,4,4,10,244,At Risk,181-365 Days,6-10 Purchases,High
2914,Carmen Delgado,255,8,22383,0,2,5,5,12,255,At Risk,181-365 Days,6-10 Purchases,Very High
2919,Brian Ward,256,10,32027,0,2,5,5,12,255,At Risk,181-365 Days,6-10 Purchases,Very High
2923,Ariana Padilla,641,6,15241,0,1,4,4,9,144,At Risk,365+ Days,6-10 Purchases,High
2925,Susan Jackson,302,7,17474,0,2,4,4,10,244,At Risk,181-365 Days,6-10 Purchases,High
2937,Dawn Moreno,244,7,20970,0,2,4,5,11,245,At Risk,181-365 Days,6-10 Purchases,Very High
2939,Dorothy Young,699,4,15280,0,1,2,4,7,124,Need Attention,365+ Days,3-5 Purchases,High
2942,Paul Turner,392,9,29168,0,2,5,5,12,255,At Risk,365+ Days,6-10 Purchases,Very High
2948,Dr. Jonathan Mccall MD,334,7,17173,0,2,4,4,10,244,At Risk,181-365 Days,6-10 Purchases,High
2949,Robert Franco Jr.,488,6,17059,0,1,4,4,9,144,At Risk,365+ Days,6-10 Purchases,High
2992,John Hayes,293,7,18540,0,2,4,4,10,244,At Risk,181-365 Days,6-10 Purchases,High
3009,Julia Allen,566,8,21941,0,1,5,5,11,155,At Risk,365+ Days,6-10 Purchases,Very High
3026,Joseph Taylor,259,6,17485,0,2,4,4,10,244,At Risk,181-365 Days,6-10 Purchases,High
3031,Christine Diaz,260,7,22447,0,2,4,5,11,245,At Risk,181-365 Days,6-10 Purchases,Very High
3035,Donna Gonzalez,486,6,16817,0,1,4,4,9,144,At Risk,365+ Days,6-10 Purchases,High
3050,Michelle Wood,451,6,21152,0,1,4,5,10,145,At Risk,365+ Days,6-10 Purchases,Very High
3065,Danielle Hernandez,385,7,16744,0,2,4,4,10,244,At Risk,365+ Days,6-10 Purchases,High
3067,Jill Johnson,553,4,16019,0,1,2,4,7,124,Need Attention,365+ Days,3-5 Purchases,High
3068,Isabel Morris,292,7,15296,0,2,4,4,10,244,At Risk,181-365 Days,6-10 Purchases,High
3071,Nicholas Melton,663,4,15182,0,1,2,4,7,124,Need Attention,365+ Days,3-5 Purchases,High
3084,Willie Montoya,255,7,16431,0,2,4,4,10,244,At Risk,181-365 Days,6-10 Purchases,High
3102,Rachel Martinez,250,8,17285,0,2,5,4,11,254,At Risk,181-365 Days,6-10 Purchases,High
3108,Veronica Gonzales,576,6,19330,0,1,4,5,10,145,At Risk,365+ Days,6-10 Purchases,Very High
3120,Elizabeth Huang,399,5,15773,0,2,3,4,9,234,At Risk,365+ Days,3-5 Purchases,High
3124,Jose Anderson,413,6,21588,0,2,4,5,11,245,At Risk,365+ Days,6-10 Purchases,Very High
3164,Jeremy Jacobs,408,6,19351,0,2,4,5,11,245,At Risk,365+ Days,6-10 Purchases,Very High
3214,Calvin Allison,250,10,33284,0,2,5,5,12,255,At Risk,181-365 Days,6-10 Purchases,Very High
3226,Anna Wilkinson,376,7,16656,0,2,4,4,10,244,At Risk,365+ Days,6-10 Purchases,High
3232,Abigail Torres,385,5,16210,0,2,3,4,9,234,At Risk,365+ Days,3-5 Purchases,High
3236,Jack Richards,429,6,15248,0,1,4,4,9,144,At Risk,365+ Days,6-10 Purchases,High
3280,Jason Park,522,7,20994,0,1,4,5,10,145,At Risk,365+ Days,6-10 Purchases,Very High
3292,Adam Myers,291,7,22153,0,2,4,5,11,245,At Risk,181-365 Days,6-10 Purchases,Very High
3295,Brian Wu,662,6,17474,0,1,4,4,9,144,At Risk,365+ Days,6-10 Purchases,High
3298,Roger Hamilton,381,7,17687,0,2,4,4,10,244,At Risk,365+ Days,6-10 Purchases,High
3349,Dylan Benjamin,778,4,15445,0,1,2,4,7,124,Need Attention,365+ Days,3-5 Purchases,High
3351,William Richardson,265,6,17422,0,2,4,4,10,244,At Risk,181-365 Days,6-10 Purchases,High
3353,Deborah Clark,280,9,19599,0,2,5,5,12,255,At Risk,181-365 Days,6-10 Purchases,Very High
3371,Jacqueline Savage,366,5,17432,0,2,3,4,9,234,At Risk,365+ Days,3-5 Purchases,High
3376,Joyce Miller,402,5,22199,0,2,3,5,10,235,At Risk,365+ Days,3-5 Purchases,Very High
3385,Kristine White,335,6,17344,0,2,4,4,10,244,At Risk,181-365 Days,6-10 Purchases,High
3400,Sheri Webb,473,6,16913,0,1,4,4,9,144,At Risk,365+ Days,6-10 Purchases,High
3445,Julian Simmons,536,5,18910,0,1,3,4,8,134,At Risk,365+ Days,3-5 Purchases,High
3449,Kevin Matthews,281,6,15300,0,2,4,4,10,244,At Risk,181-365 Days,6-10 Purchases,High
3490,Kyle Long,321,6,17588,0,2,4,4,10,244,At Risk,181-365 Days,6-10 Purchases,High
3502,Olivia Burke,262,9,18366,0,2,5,4,11,254,At Risk,181-365 Days,6-10 Purchases,High
3504,Michelle Dunlap,269,6,14983,0,2,4,4,10,244,At Risk,181-365 Days,6-10 Purchases,High
3509,Jimmy Campos,350,8,22975,0,2,5,5,12,255,At Risk,181-365 Days,6-10 Purchases,Very High
3510,Christopher Burnett,381,6,23792,0,2,4,5,11,245,At Risk,365+ Days,6-10 Purchases,Very High
3519,Sheila Salinas,385,8,20839,0,2,5,5,12,255,At Risk,365+ Days,6-10 Purchases,Very High
3524,Kathleen Gardner,406,6,19467,0,2,4,5,11,245,At Risk,365+ Days,6-10 Purchases,Very High
3529,James Smith,353,7,26154,0,2,4,5,11,245,At Risk,181-365 Days,6-10 Purchases,Very High
3541,Andrew Carpenter,570,5,19201,0,1,3,4,8,134,At Risk,365+ Days,3-5 Purchases,High
3547,Michael Stanley,315,6,15883,0,2,4,4,10,244,At Risk,181-365 Days,6-10 Purchases,High
3548,Randy Duffy,409,6,16019,0,2,4,4,10,244,At Risk,365+ Days,6-10 Purchases,High
3549,Patricia Paul,344,7,15081,0,2,4,4,10,244,At Risk,181-365 Days,6-10 Purchases,High
3573,Amber Payne,303,4,15137,0,2,2,4,8,224,Need Attention,181-365 Days,3-5 Purchases,High
3580,Stephanie Graves,321,6,20256,0,2,4,5,11,245,At Risk,181-365 Days,6-10 Purchases,Very High
3602,Peter Dyer,279,8,22952,0,2,5,5,12,255,At Risk,181-365 Days,6-10 Purchases,Very High
3637,Jose Villanueva,570,4,15515,0,1,2,4,7,124,Need Attention,365+ Days,3-5 Purchases,High
3644,Maria Conner,260,8,27475,0,2,5,5,12,255,At Risk,181-365 Days,6-10 Purchases,Very High
3646,Jessica Robinson,613,5,17031,0,1,3,4,8,134,At Risk,365+ Days,3-5 Purchases,High
3656,Margaret Bond,373,5,19147,0,2,3,4,9,234,At Risk,365+ Days,3-5 Purchases,High
3680,Alex Weaver,449,7,15334,0,1,4,4,9,144,At Risk,365+ Days,6-10 Purchases,High
3684,Carol Sweeney,367,7,23558,0,2,4,5,11,245,At Risk,365+ Days,6-10 Purchases,Very High
3687,Lindsay Brown,395,7,19830,0,2,4,5,11,245,At Risk,365+ Days,6-10 Purchases,Very High
3693,Kenneth Le,295,8,24994,0,2,5,5,12,255,At Risk,181-365 Days,6-10 Purchases,Very High
3696,Keith Young,368,6,15678,0,2,4,4,10,244,At Risk,365+ Days,6-10 Purchases,High
3698,Ryan Johnson,314,8,17106,0,2,5,4,11,254,At Risk,181-365 Days,6-10 Purchases,High
3700,Mark Bates,348,8,22740,0,2,5,5,12,255,At Risk,181-365 Days,6-10 Purchases,Very High
3703,Ray Wells,541,9,23106,0,1,5,5,11,155,At Risk,365+ Days,6-10 Purchases,Very High
3705,Thomas Mitchell,275,10,25677,0,2,5,5,12,255,At Risk,181-365 Days,6-10 Purchases,Very High
3708,Mr. Brett Mosley,746,6,15007,0,1,4,4,9,144,At Risk,365+ Days,6-10 Purchases,High
3715,Mrs. Tonya Rodriguez,445,6,16346,0,1,4,4,9,144,At Risk,365+ Days,6-10 Purchases,High
3734,Joshua Long,607,5,19860,0,1,3,5,9,135,At Risk,365+ Days,3-5 Purchases,Very High
3743,Kevin Roberts,346,6,22939,0,2,4,5,11,245,At Risk,181-365 Days,6-10 Purchases,Very High
3760,Gabriel Owens,254,7,18438,0,2,4,4,10,244,At Risk,181-365 Days,6-10 Purchases,High
3761,Daniel Kelly,860,4,16300,0,1,2,4,7,124,Need Attention,365+ Days,3-5 Purchases,High
3778,John Mcneil,291,7,17751,0,2,4,4,10,244,At Risk,181-365 Days,6-10 Purchases,High
3801,Melissa Olson,361,9,22331,0,2,5,5,12,255,At Risk,181-365 Days,6-10 Purchases,Very High
3820,Ronald Chandler,314,8,27572,0,2,5,5,12,255,At Risk,181-365 Days,6-10 Purchases,Very High
3831,Melvin Phillips,534,7,20381,0,1,4,5,10,145,At Risk,365+ Days,6-10 Purchases,Very High
3848,William Roberts,285,6,19776,0,2,4,5,11,245,At Risk,181-365 Days,6-10 Purchases,Very High
3854,Karen Ramirez,322,7,17398,0,2,4,4,10,244,At Risk,181-365 Days,6-10 Purchases,High
3888,Adam Hill,293,8,28700,0,2,5,5,12,255,At Risk,181-365 Days,6-10 Purchases,Very High
3889,Robert Evans,354,6,16433,0,2,4,4,10,244,At Risk,181-365 Days,6-10 Purchases,High
3921,Kevin Barron,277,6,17323,0,2,4,4,10,244,At Risk,181-365 Days,6-10 Purchases,High
3924,Cynthia Hernandez,248,7,19226,0,2,4,4,10,244,At Risk,181-365 Days,6-10 Purchases,High
3934,Andrew Peterson,397,5,15685,0,2,3,4,9,234,At Risk,365+ Days,3-5 Purchases,High
3938,Cassandra Mcdonald,393,5,17144,0,2,3,4,9,234,At Risk,365+ Days,3-5 Purchases,High
3945,Toni Morrow,581,6,19992,0,1,4,5,10,145,At Risk,365+ Days,6-10 Purchases,Very High
3958,Bryan Blake,287,6,18970,0,2,4,4,10,244,At Risk,181-365 Days,6-10 Purchases,High
3959,Donald Marshall,275,8,25145,0,2,5,5,12,255,At Risk,181-365 Days,6-10 Purchases,Very High
3970,Carol Gibson,300,4,18305,0,2,2,4,8,224,Need Attention,181-365 Days,3-5 Purchases,High
3985,Evan Roach,602,6,17895,0,1,4,4,9,144,At Risk,365+ Days,6-10 Purchases,High
3989,Scott Collier,392,5,14812,0,2,3,4,9,234,At Risk,365+ Days,3-5 Purchases,High
4010,Danielle Floyd,327,6,15968,0,2,4,4,10,244,At Risk,181-365 Days,6-10 Purchases,High
4014,Amber Gregory,282,8,15536,0,2,5,4,11,254,At Risk,181-365 Days,6-10 Purchases,High
4017,Timothy Garrett,534,8,19780,0,1,5,5,11,155,At Risk,365+ Days,6-10 Purchases,Very High
4020,Jeffrey Mccann,252,7,18996,0,2,4,4,10,244,At Risk,181-365 Days,6-10 Purchases,High
4033,Desiree Reed,335,5,19131,0,2,3,4,9,234,At Risk,181-365 Days,3-5 Purchases,High
4036,Caitlyn Green,312,5,17918,0,2,3,4,9,234,At Risk,181-365 Days,3-5 Purchases,High
4041,Diane Gates,363,6,14830,0,2,4,4,10,244,At Risk,181-365 Days,6-10 Purchases,High
4046,Linda Fry,289,7,22215,0,2,4,5,11,245,At Risk,181-365 Days,6-10 Purchases,Very High
4052,April Adams,304,6,15218,0,2,4,4,10,244,At Risk,181-365 Days,6-10 Purchases,High
4086,Ashley Walter,772,5,18205,0,1,3,4,8,134,At Risk,365+ Days,3-5 Purchases,High
4100,Amanda Mclaughlin,320,6,16888,0,2,4,4,10,244,At Risk,181-365 Days,6-10 Purchases,High
4118,Samantha Miles,280,8,19090,0,2,5,4,11,254,At Risk,181-365 Days,6-10 Purchases,High
4121,Jeanne Morgan,367,9,26219,0,2,5,5,12,255,At Risk,365+ Days,6-10 Purchases,Very High
4135,Eric Watson,250,10,31943,0,2,5,5,12,255,At Risk,181-365 Days,6-10 Purchases,Very High
4138,Lawrence Clark,281,7,24160,0,2,4,5,11,245,At Risk,181-365 Days,6-10 Purchases,Very High
4170,Gabrielle Simmons,570,4,15408,0,1,2,4,7,124,Need Attention,365+ Days,3-5 Purchases,High
4194,Kathleen Wheeler,862,6,20606,0,1,4,5,10,145,At Risk,365+ Days,6-10 Purchases,Very High
4208,Donald Bryant,367,5,16048,0,2,3,4,9,234,At Risk,365+ Days,3-5 Purchases,High
4210,Richard Bennett,418,5,14886,0,2,3,4,9,234,At Risk,365+ Days,3-5 Purchases,High
4214,Emily Christian,517,6,16059,0,1,4,4,9,144,At Risk,365+ Days,6-10 Purchases,High
4222,Brandon Valentine,491,7,21522,0,1,4,5,10,145,At Risk,365+ Days,6-10 Purchases,Very High
4276,Jessica Massey,593,7,21349,0,1,4,5,10,145,At Risk,365+ Days,6-10 Purchases,Very High
4285,April Singh,323,6,15024,0,2,4,4,10,244,At Risk,181-365 Days,6-10 Purchases,High
4287,Melissa Lyons,487,6,18540,0,1,4,4,9,144,At Risk,365+ Days,6-10 Purchases,High
4314,Linda White,274,5,16438,0,2,3,4,9,234,At Risk,181-365 Days,3-5 Purchases,High
4348,Jason Snyder,421,9,25053,0,2,5,5,12,255,At Risk,365+ Days,6-10 Purchases,Very High
4352,Keith Olsen,330,5,16126,0,2,3,4,9,234,At Risk,181-365 Days,3-5 Purchases,High
4353,Jared Patel,348,6,17974,0,2,4,4,10,244,At Risk,181-365 Days,6-10 Purchases,High
4387,Amanda Mccarthy,341,7,22593,0,2,4,5,11,245,At Risk,181-365 Days,6-10 Purchases,Very High
4389,Joshua Lee,473,6,19532,0,1,4,5,10,145,At Risk,365+ Days,6-10 Purchases,Very High
4391,Hannah Woodward,289,9,21514,0,2,5,5,12,255,At Risk,181-365 Days,6-10 Purchases,Very High
4403,Robert Mcclain,418,6,15146,0,2,4,4,10,244,At Risk,365+ Days,6-10 Purchases,High
4412,Jessica Thomas,431,5,14823,0,1,3,4,8,134,At Risk,365+ Days,3-5 Purchases,High
4428,Heidi Davis,615,5,17999,0,1,3,4,8,134,At Risk,365+ Days,3-5 Purchases,High
4482,Joshua Guerrero,395,6,18470,0,2,4,4,10,244,At Risk,365+ Days,6-10 Purchases,High
4502,Mark Carter,679,6,16418,0,1,4,4,9,144,At Risk,365+ Days,6-10 Purchases,High
4514,Jessica Smith,286,7,21269,0,2,4,5,11,245,At Risk,181-365 Days,6-10 Purchases,Very High
4551,Charles Lee,291,9,23218,0,2,5,5,12,255,At Risk,181-365 Days,6-10 Purchases,Very High
4556,Jared Jennings,580,6,19869,0,1,4,5,10,145,At Risk,365+ Days,6-10 Purchases,Very High
4557,Tracie Graves,433,6,14817,0,1,4,4,9,144,At Risk,365+ Days,6-10 Purchases,High
4564,Tyler Smith,400,5,16041,0,2,3,4,9,234,At Risk,365+ Days,3-5 Purchases,High
4565,Mike Hoffman,483,6,20535,0,1,4,5,10,145,At Risk,365+ Days,6-10 Purchases,Very High
4572,Andrew Fernandez,262,6,15184,0,2,4,4,10,244,At Risk,181-365 Days,6-10 Purchases,High
4604,Shane Sawyer,345,10,22474,0,2,5,5,12,255,At Risk,181-365 Days,6-10 Purchases,Very High
4635,Leonard Osborn,329,9,15080,0,2,5,4,11,254,At Risk,181-365 Days,6-10 Purchases,High
4643,Taylor Nunez,1009,4,15389,0,1,2,4,7,124,Need Attention,365+ Days,3-5 Purchases,High
4646,Brenda Coleman,275,4,15396,0,2,2,4,8,224,Need Attention,181-365 Days,3-5 Purchases,High
4657,Clayton Carey,361,5,15100,0,2,3,4,9,234,At Risk,181-365 Days,3-5 Purchases,High
4671,Michael Brown,352,5,17476,0,2,3,4,9,234,At Risk,181-365 Days,3-5 Purchases,High
4675,Lindsay Rodriguez,340,7,22434,0,2,4,5,11,245,At Risk,181-365 Days,6-10 Purchases,Very High
4683,Andrew Hopkins,245,7,18479,0,2,4,4,10,244,At Risk,181-365 Days,6-10 Purchases,High
4687,Anthony Estrada,254,6,15156,0,2,4,4,10,244,At Risk,181-365 Days,6-10 Purchases,High
4699,Mrs. Ashlee Mills,329,7,15542,0,2,4,4,10,244,At Risk,181-365 Days,6-10 Purchases,High
4701,Catherine Smith,384,9,27467,0,2,5,5,12,255,At Risk,365+ Days,6-10 Purchases,Very High
4720,Melvin Dunlap,256,5,22173,0,2,3,5,10,235,At Risk,181-365 Days,3-5 Purchases,Very High
4729,Steven Miller,363,7,18323,0,2,4,4,10,244,At Risk,181-365 Days,6-10 Purchases,High
4730,Brandi Jones,326,5,15717,0,2,3,4,9,234,At Risk,181-365 Days,3-5 Purchases,High
4760,Joshua Saunders,316,7,22033,0,2,4,5,11,245,At Risk,181-365 Days,6-10 Purchases,Very High
4762,David Bender,375,7,18192,0,2,4,4,10,244,At Risk,365+ Days,6-10 Purchases,High
4771,Michelle Reed,332,4,17092,0,2,2,4,8,224,Need Attention,181-365 Days,3-5 Purchases,High
4784,Teresa Luna,337,6,14955,0,2,4,4,10,244,At Risk,181-365 Days,6-10 Purchases,High
4788,Stephanie Garcia,526,8,19341,0,1,5,5,11,155,At Risk,365+ Days,6-10 Purchases,Very High
4812,Adam Wilson,378,7,15564,0,2,4,4,10,244,At Risk,365+ Days,6-10 Purchases,High
4814,Hannah Perez,302,7,17768,0,2,4,4,10,244,At Risk,181-365 Days,6-10 Purchases,High
4828,Shawn Morales,287,7,17059,0,2,4,4,10,244,At Risk,181-365 Days,6-10 Purchases,High
4829,Joel Brown,264,6,19419,0,2,4,5,11,245,At Risk,181-365 Days,6-10 Purchases,Very High
4835,Mrs. Sara Shields,525,5,18565,0,1,3,4,8,134,At Risk,365+ Days,3-5 Purchases,High
4871,Stephanie Allen,411,8,24159,0,2,5,5,12,255,At Risk,365+ Days,6-10 Purchases,Very High
4880,Brent Norris,546,5,18405,0,1,3,4,8,134,At Risk,365+ Days,3-5 Purchases,High
4887,Willie Wyatt,321,6,21611,0,2,4,5,11,245,At Risk,181-365 Days,6-10 Purchases,Very High
4902,Michelle Townsend,469,5,15586,0,1,3,4,8,134,At Risk,365+ Days,3-5 Purchases,High
4911,Brandon Potts,507,5,21471,0,1,3,5,9,135,At Risk,365+ Days,3-5 Purchases,Very High
4920,Mrs. Leslie Wolfe,382,4,15127,0,2,2,4,8,224,Need Attention,365+ Days,3-5 Purchases,High
4927,Jessica Clark,364,6,15243,0,2,4,4,10,244,At Risk,181-365 Days,6-10 Purchases,High
4938,Lindsay Lopez,251,6,15208,0,2,4,4,10,244,At Risk,181-365 Days,6-10 Purchases,High
4952,Jeremy Johnson,698,5,19380,0,1,3,5,9,135,At Risk,365+ Days,3-5 Purchases,Very High
4966,Juan Williams,511,5,17742,0,1,3,4,8,134,At Risk,365+ Days,3-5 Purchases,High
4971,Billy Solis,249,7,23082,0,2,4,5,11,245,At Risk,181-365 Days,6-10 Purchases,Very High
4980,Carly Ramirez,317,6,20962,0,2,4,5,11,245,At Risk,181-365 Days,6-10 Purchases,Very High
4987,Jessica Schneider,281,8,24979,0,2,5,5,12,255,At Risk,181-365 Days,6-10 Purchases,Very High
5026,John Johnston,244,4,16384,0,2,2,4,8,224,Need Attention,181-365 Days,3-5 Purchases,High
5040,Michele Burton,696,5,15958,0,1,3,4,8,134,At Risk,365+ Days,3-5 Purchases,High
5042,Ian Banks,521,7,16837,0,1,4,4,9,144,At Risk,365+ Days,6-10 Purchases,High
5043,Richard Arroyo,402,5,15615,0,2,3,4,9,234,At Risk,365+ Days,3-5 Purchases,High
5051,Megan Moon,551,5,15881,0,1,3,4,8,134,At Risk,365+ Days,3-5 Purchases,High
5060,Amy Williams,314,6,15054,0,2,4,4,10,244,At Risk,181-365 Days,6-10 Purchases,High
5068,David Hernandez,260,5,17058,0,2,3,4,9,234,At Risk,181-365 Days,3-5 Purchases,High
5075,Kelly Harvey,255,5,16813,0,2,3,4,9,234,At Risk,181-365 Days,3-5 Purchases,High
5084,Linda Young,378,7,24090,0,2,4,5,11,245,At Risk,365+ Days,6-10 Purchases,Very High
5086,Mary Harris,333,6,19869,0,2,4,5,11,245,At Risk,181-365 Days,6-10 Purchases,Very High
5093,Aaron Smith,598,6,22717,0,1,4,5,10,145,At Risk,365+ Days,6-10 Purchases,Very High
5134,Heidi Lee,499,5,19278,0,1,3,5,9,135,At Risk,365+ Days,3-5 Purchases,Very High
5152,Karen Campbell,425,6,16028,0,2,4,4,10,244,At Risk,365+ Days,6-10 Purchases,High
5167,Robert Garrett,316,7,18490,0,2,4,4,10,244,At Risk,181-365 Days,6-10 Purchases,High
5173,Jeffrey Harvey,540,7,21460,0,1,4,5,10,145,At Risk,365+ Days,6-10 Purchases,Very High
5177,Mark Thomas,273,6,19686,0,2,4,5,11,245,At Risk,181-365 Days,6-10 Purchases,Very High
5181,Gary Bailey,606,5,18227,0,1,3,4,8,134,At Risk,365+ Days,3-5 Purchases,High
5201,Theresa Hardy,400,7,22785,0,2,4,5,11,245,At Risk,365+ Days,6-10 Purchases,Very High
5204,Andrew Evans,440,5,17045,0,1,3,4,8,134,At Risk,365+ Days,3-5 Purchases,High
5205,Danielle Allen,486,6,19277,0,1,4,5,10,145,At Risk,365+ Days,6-10 Purchases,Very High
5208,Corey Atkins,308,7,17097,0,2,4,4,10,244,At Risk,181-365 Days,6-10 Purchases,High
5210,Patricia Williams,384,8,24877,0,2,5,5,12,255,At Risk,365+ Days,6-10 Purchases,Very High
5214,William Andrade,275,5,19180,0,2,3,4,9,234,At Risk,181-365 Days,3-5 Purchases,High
5226,Cody Sanchez,306,6,17820,0,2,4,4,10,244,At Risk,181-365 Days,6-10 Purchases,High
5227,Jeremiah Berger,456,6,21001,0,1,4,5,10,145,At Risk,365+ Days,6-10 Purchases,Very High
5234,Diamond Summers,257,6,18529,0,2,4,4,10,244,At Risk,181-365 Days,6-10 Purchases,High
5236,Steven Brown,534,5,16257,0,1,3,4,8,134,At Risk,365+ Days,3-5 Purchases,High
5248,Nicholas Bradley,271,7,22834,0,2,4,5,11,245,At Risk,181-365 Days,6-10 Purchases,Very High
5250,Anna Koch,601,5,16355,0,1,3,4,8,134,At Risk,365+ Days,3-5 Purchases,High
5268,Nathan Carey,444,9,25430,0,1,5,5,11,155,At Risk,365+ Days,6-10 Purchases,Very High
5297,Courtney Sullivan,366,6,18476,0,2,4,4,10,244,At Risk,365+ Days,6-10 Purchases,High
5302,Patricia Jackson,297,7,19338,0,2,4,5,11,245,At Risk,181-365 Days,6-10 Purchases,Very High
5303,Mark Ward,337,4,18011,0,2,2,4,8,224,Need Attention,181-365 Days,3-5 Purchases,High
5308,Tina Juarez,430,5,15122,0,1,3,4,8,134,At Risk,365+ Days,3-5 Purchases,High
5318,Dawn Francis,287,5,14863,0,2,3,4,9,234,At Risk,181-365 Days,3-5 Purchases,High
5330,Ann Johnson,482,6,17775,0,1,4,4,9,144,At Risk,365+ Days,6-10 Purchases,High
5333,Michael Ross,751,4,15031,0,1,2,4,7,124,Need Attention,365+ Days,3-5 Purchases,High
5365,Diana Torres,562,11,22833,0,1,5,5,11,155,At Risk,365+ Days,10+ Purchases,Very High
5380,Scott Bradley,349,5,15374,0,2,3,4,9,234,At Risk,181-365 Days,3-5 Purchases,High
5389,Michael Hudson,589,7,20610,0,1,4,5,10,145,At Risk,365+ Days,6-10 Purchases,Very High
5471,Joe Robinson,322,5,16324,0,2,3,4,9,234,At Risk,181-365 Days,3-5 Purchases,High
5477,Cameron Morgan,271,5,16008,0,2,3,4,9,234,At Risk,181-365 Days,3-5 Purchases,High
5489,Leonard Sanchez,655,5,15284,0,1,3,4,8,134,At Risk,365+ Days,3-5 Purchases,High
5510,Richard Rose,323,6,17674,0,2,4,4,10,244,At Risk,181-365 Days,6-10 Purchases,High
5519,Elizabeth Padilla,414,6,20590,0,2,4,5,11,245,At Risk,365+ Days,6-10 Purchases,Very High
5523,Keith Lopez,331,5,15238,0,2,3,4,9,234,At Risk,181-365 Days,3-5 Purchases,High
5535,Francis Carr,562,6,21944,0,1,4,5,10,145,At Risk,365+ Days,6-10 Purchases,Very High
5548,William Copeland,247,4,15677,0,2,2,4,8,224,Need Attention,181-365 Days,3-5 Purchases,High
5568,Daniel Jacobs,297,6,16518,0,2,4,4,10,244,At Risk,181-365 Days,6-10 Purchases,High
5579,Matthew Tyler,697,5,16197,0,1,3,4,8,134,At Risk,365+ Days,3-5 Purchases,High
5582,Jeffrey Gray,478,7,24727,0,1,4,5,10,145,At Risk,365+ Days,6-10 Purchases,Very High
5596,Jordan Fields,466,8,27545,0,1,5,5,11,155,At Risk,365+ Days,6-10 Purchases,Very High
5602,Paul Reed,248,9,26858,0,2,5,5,12,255,At Risk,181-365 Days,6-10 Purchases,Very High
5625,Nathan Nixon,320,4,15251,0,2,2,4,8,224,Need Attention,181-365 Days,3-5 Purchases,High
5632,Mrs. Cheryl Smith,308,5,19394,0,2,3,5,10,235,At Risk,181-365 Days,3-5 Purchases,Very High
5633,Monica Bowman,557,5,19839,0,1,3,5,9,135,At Risk,365+ Days,3-5 Purchases,Very High
5640,Robert Oconnor,650,6,22343,0,1,4,5,10,145,At Risk,365+ Days,6-10 Purchases,Very High
5649,Diane Thomas,394,8,15233,0,2,5,4,11,254,At Risk,365+ Days,6-10 Purchases,High
5656,Deborah Arnold,550,6,19497,0,1,4,5,10,145,At Risk,365+ Days,6-10 Purchases,Very High
5680,Tyler Mahoney,387,5,16845,0,2,3,4,9,234,At Risk,365+ Days,3-5 Purchases,High
5697,Justin Walter,283,7,18245,0,2,4,4,10,244,At Risk,181-365 Days,6-10 Purchases,High
5708,Daniel Diaz,362,6,19047,0,2,4,4,10,244,At Risk,181-365 Days,6-10 Purchases,High
5714,John Brown,251,10,30217,0,2,5,5,12,255,At Risk,181-365 Days,6-10 Purchases,Very High
5723,Audrey Robertson DDS,259,7,19293,0,2,4,5,11,245,At Risk,181-365 Days,6-10 Purchases,Very High
5738,Brad Howe,535,6,18128,0,1,4,4,9,144,At Risk,365+ Days,6-10 Purchases,High
5743,Jonathan Cox,320,6,15574,0,2,4,4,10,244,At Risk,181-365 Days,6-10 Purchases,High
5746,Shelley Brock,302,5,17879,0,2,3,4,9,234,At Risk,181-365 Days,3-5 Purchases,High
5784,Charles Tran,337,7,15792,0,2,4,4,10,244,At Risk,181-365 Days,6-10 Purchases,High
5786,Ashlee Jenkins,293,6,22342,0,2,4,5,11,245,At Risk,181-365 Days,6-10 Purchases,Very High
5791,Gloria Rosales,472,5,17113,0,1,3,4,8,134,At Risk,365+ Days,3-5 Purchases,High
5800,Randall Maddox,251,7,21196,0,2,4,5,11,245,At Risk,181-365 Days,6-10 Purchases,Very High
5848,Michael Reynolds,260,6,15059,0,2,4,4,10,244,At Risk,181-365 Days,6-10 Purchases,High
5856,Kimberly Baker,584,7,24129,0,1,4,5,10,145,At Risk,365+ Days,6-10 Purchases,Very High
5883,Michael White,520,8,16589,0,1,5,4,10,154,At Risk,365+ Days,6-10 Purchases,High
5889,Tiffany Bowen,506,9,25733,0,1,5,5,11,155,At Risk,365+ Days,6-10 Purchases,Very High
5893,Ana Gardner,283,6,15357,0,2,4,4,10,244,At Risk,181-365 Days,6-10 Purchases,High
5947,Michael Martinez,624,7,15792,0,1,4,4,9,144,At Risk,365+ Days,6-10 Purchases,High
5948,Mr. John Logan MD,473,4,16047,0,1,2,4,7,124,Need Attention,365+ Days,3-5 Purchases,High
5958,Dylan Allen,671,6,18036,0,1,4,4,9,144,At Risk,365+ Days,6-10 Purchases,High
5985,Michelle Sheppard,292,8,28927,0,2,5,5,12,255,At Risk,181-365 Days,6-10 Purchases,Very High
5990,Jackson Chase,314,8,23022,0,2,5,5,12,255,At Risk,181-365 Days,6-10 Purchases,Very High
6023,Alexis Herrera,312,7,20952,0,2,4,5,11,245,At Risk,181-365 Days,6-10 Purchases,Very High
6039,Michael Nelson,277,5,16231,0,2,3,4,9,234,At Risk,181-365 Days,3-5 Purchases,High
6046,Leslie Roberts,627,5,18001,0,1,3,4,8,134,At Risk,365+ Days,3-5 Purchases,High
6047,Corey Smith,698,8,20770,0,1,5,5,11,155,At Risk,365+ Days,6-10 Purchases,Very High
6069,Kimberly Sanchez,399,6,19803,0,2,4,5,11,245,At Risk,365+ Days,6-10 Purchases,Very High
6078,Joseph Hanson,981,5,21389,0,1,3,5,9,135,At Risk,365+ Days,3-5 Purchases,Very High
6092,Julie Sutton,288,6,16282,0,2,4,4,10,244,At Risk,181-365 Days,6-10 Purchases,High
6119,Christina Oneill,449,5,16899,0,1,3,4,8,134,At Risk,365+ Days,3-5 Purchases,High
6120,Jasmine Rivera,391,7,18910,0,2,4,4,10,244,At Risk,365+ Days,6-10 Purchases,High
6152,Amy Gilbert,287,7,17797,0,2,4,4,10,244,At Risk,181-365 Days,6-10 Purchases,High
6175,Amanda Simmons,271,8,16751,0,2,5,4,11,254,At Risk,181-365 Days,6-10 Purchases,High
6178,Phillip White,467,4,15550,0,1,2,4,7,124,Need Attention,365+ Days,3-5 Purchases,High
6188,Chloe Arroyo,271,9,21898,0,2,5,5,12,255,At Risk,181-365 Days,6-10 Purchases,Very High
6192,Cheryl Turner,352,5,16825,0,2,3,4,9,234,At Risk,181-365 Days,3-5 Purchases,High
6199,Christopher Mccarthy,504,5,19218,0,1,3,4,8,134,At Risk,365+ Days,3-5 Purchases,High
6219,Nicholas Benjamin,254,5,15493,0,2,3,4,9,234,At Risk,181-365 Days,3-5 Purchases,High
6220,Dave Rhodes,373,7,19686,0,2,4,5,11,245,At Risk,365+ Days,6-10 Purchases,Very High
6230,Allen Hernandez,492,7,19171,0,1,4,4,9,144,At Risk,365+ Days,6-10 Purchases,High
6251,Larry Edwards,890,6,15435,0,1,4,4,9,144,At Risk,365+ Days,6-10 Purchases,High
6273,Stephanie Moore,328,6,16908,0,2,4,4,10,244,At Risk,181-365 Days,6-10 Purchases,High
6281,Thomas Wilson,567,5,19256,0,1,3,4,8,134,At Risk,365+ Days,3-5 Purchases,High
6300,Mrs. Felicia Lee,275,5,17035,0,2,3,4,9,234,At Risk,181-365 Days,3-5 Purchases,High
6308,Megan Pena,686,4,16917,0,1,2,4,7,124,Need Attention,365+ Days,3-5 Purchases,High
6327,Donald Johnson,300,5,19864,0,2,3,5,10,235,At Risk,181-365 Days,3-5 Purchases,Very High
6329,Benjamin Simon,254,6,18596,0,2,4,4,10,244,At Risk,181-365 Days,6-10 Purchases,High
6345,Kimberly Norman,403,6,19961,0,2,4,5,11,245,At Risk,365+ Days,6-10 Purchases,Very High
6350,Kimberly Harris,246,6,15122,0,2,4,4,10,244,At Risk,181-365 Days,6-10 Purchases,High
6365,Joan Baker,622,7,19721,0,1,4,5,10,145,At Risk,365+ Days,6-10 Purchases,Very High
6402,Jason Taylor,245,6,18597,0,2,4,4,10,244,At Risk,181-365 Days,6-10 Purchases,High
6416,Alexander West,369,5,16087,0,2,3,4,9,234,At Risk,365+ Days,3-5 Purchases,High
6421,Michael Smith,528,5,18571,0,1,3,4,8,134,At Risk,365+ Days,3-5 Purchases,High
6424,Carol Martin,461,5,21765,0,1,3,5,9,135,At Risk,365+ Days,3-5 Purchases,Very High
6455,Sharon Roberts,263,6,15976,0,2,4,4,10,244,At Risk,181-365 Days,6-10 Purchases,High
6458,Tina Berger,357,5,17946,0,2,3,4,9,234,At Risk,181-365 Days,3-5 Purchases,High
6482,Sara Santos,315,8,21534,0,2,5,5,12,255,At Risk,181-365 Days,6-10 Purchases,Very High
6518,Megan Vaughan,380,5,15079,0,2,3,4,9,234,At Risk,365+ Days,3-5 Purchases,High
6519,Paul Smith,300,5,15423,0,2,3,4,9,234,At Risk,181-365 Days,3-5 Purchases,High
6529,Alfred Rangel,304,8,22101,0,2,5,5,12,255,At Risk,181-365 Days,6-10 Purchases,Very High
6541,Jeffrey Richardson,700,5,16467,0,1,3,4,8,134,At Risk,365+ Days,3-5 Purchases,High
6551,Michelle Lopez,394,5,15490,0,2,3,4,9,234,At Risk,365+ Days,3-5 Purchases,High
6555,Tiffany Hendricks,252,8,24709,0,2,5,5,12,255,At Risk,181-365 Days,6-10 Purchases,Very High
6567,Amanda Mcfarland,336,6,17796,0,2,4,4,10,244,At Risk,181-365 Days,6-10 Purchases,High
6582,Megan Johnson,343,7,19553,0,2,4,5,11,245,At Risk,181-365 Days,6-10 Purchases,Very High
6602,Mitchell Khan DVM,456,5,22905,0,1,3,5,9,135,At Risk,365+ Days,3-5 Purchases,Very High
6615,Chad Gamble,297,6,25946,0,2,4,5,11,245,At Risk,181-365 Days,6-10 Purchases,Very High
6621,Emily Montgomery,252,6,14988,0,2,4,4,10,244,At Risk,181-365 Days,6-10 Purchases,High
6624,Jonathan Obrien,604,7,17947,0,1,4,4,9,144,At Risk,365+ Days,6-10 Purchases,High
6669,David King,353,8,20681,0,2,5,5,12,255,At Risk,181-365 Days,6-10 Purchases,Very High
6672,Alicia Mcdonald,295,6,15646,0,2,4,4,10,244,At Risk,181-365 Days,6-10 Purchases,High
6690,Pamela Stokes,455,5,16392,0,1,3,4,8,134,At Risk,365+ Days,3-5 Purchases,High
6698,Cassandra Hahn,560,5,18312,0,1,3,4,8,134,At Risk,365+ Days,3-5 Purchases,High
6710,Nicholas Guzman,597,5,18979,0,1,3,4,8,134,At Risk,365+ Days,3-5 Purchases,High
6711,Tiffany Thornton,277,7,18308,0,2,4,4,10,244,At Risk,181-365 Days,6-10 Purchases,High
6721,Ms. Kristina Harper,301,4,15421,0,2,2,4,8,224,Need Attention,181-365 Days,3-5 Purchases,High
6756,Diana Bautista,276,8,23430,0,2,5,5,12,255,At Risk,181-365 Days,6-10 Purchases,Very High
6769,Joshua Howe,249,9,19536,0,2,5,5,12,255,At Risk,181-365 Days,6-10 Purchases,Very High
6773,Roger Ross,528,8,25191,0,1,5,5,11,155,At Risk,365+ Days,6-10 Purchases,Very High
6774,Alejandra Richards,294,7,17143,0,2,4,4,10,244,At Risk,181-365 Days,6-10 Purchases,High
6789,Andrew Salazar,294,11,39574,0,2,5,5,12,255,At Risk,181-365 Days,10+ Purchases,Very High
6798,Andrea Mendoza,262,8,16502,0,2,5,4,11,254,At Risk,181-365 Days,6-10 Purchases,High
6800,Colleen Rodriguez,305,7,24467,0,2,4,5,11,245,At Risk,181-365 Days,6-10 Purchases,Very High
6808,Joanna Todd,593,8,27843,0,1,5,5,11,155,At Risk,365+ Days,6-10 Purchases,Very High
6812,Alexis Espinoza,262,6,18698,0,2,4,4,10,244,At Risk,181-365 Days,6-10 Purchases,High
6822,David Williams,250,8,25948,0,2,5,5,12,255,At Risk,181-365 Days,6-10 Purchases,Very High
6826,Jerry Griffin,499,5,17406,0,1,3,4,8,134,At Risk,365+ Days,3-5 Purchases,High
6831,Mark Stevenson,533,7,16759,0,1,4,4,9,144,At Risk,365+ Days,6-10 Purchases,High
6848,Mary Krueger,335,5,15295,0,2,3,4,9,234,At Risk,181-365 Days,3-5 Purchases,High
6856,Robert Hall,257,5,15573,0,2,3,4,9,234,At Risk,181-365 Days,3-5 Purchases,High
6860,Kathleen Diaz,544,6,20721,0,1,4,5,10,145,At Risk,365+ Days,6-10 Purchases,Very High
6862,Rebecca Williams DVM,265,7,15672,0,2,4,4,10,244,At Risk,181-365 Days,6-10 Purchases,High
6876,Teresa Ortiz DVM,359,12,25014,0,2,5,5,12,255,At Risk,181-365 Days,10+ Purchases,Very High
6882,Nicole Reed,400,9,24163,0,2,5,5,12,255,At Risk,365+ Days,6-10 Purchases,Very High
6889,Robert Nelson,366,6,18467,0,2,4,4,10,244,At Risk,365+ Days,6-10 Purchases,High
6898,Kimberly Foley,425,5,16134,0,2,3,4,9,234,At Risk,365+ Days,3-5 Purchases,High
6906,Daniel Trujillo,480,8,16433,0,1,5,4,10,154,At Risk,365+ Days,6-10 Purchases,High
6908,Michelle Glover,366,5,16054,0,2,3,4,9,234,At Risk,365+ Days,3-5 Purchases,High
6966,Robert Johnson,400,5,17124,0,2,3,4,9,234,At Risk,365+ Days,3-5 Purchases,High
6967,Timothy Reynolds,939,5,19840,0,1,3,5,9,135,At Risk,365+ Days,3-5 Purchases,Very High
6977,Mark Davis,664,7,18811,0,1,4,4,9,144,At Risk,365+ Days,6-10 Purchases,High
6983,Alexandra Stark,312,7,24717,0,2,4,5,11,245,At Risk,181-365 Days,6-10 Purchases,Very High
6987,Anthony Lewis,642,8,20923,0,1,5,5,11,155,At Risk,365+ Days,6-10 Purchases,Very High
7001,Dale Gonzales,424,10,32510,0,2,5,5,12,255,At Risk,365+ Days,6-10 Purchases,Very High
7015,Michael Cardenas,643,9,31761,0,1,5,5,11,155,At Risk,365+ Days,6-10 Purchases,Very High
7016,Gary Herrera,362,5,16522,0,2,3,4,9,234,At Risk,181-365 Days,3-5 Purchases,High
7025,Linda Green,294,6,17512,0,2,4,4,10,244,At Risk,181-365 Days,6-10 Purchases,High
7036,Robin Allen,345,6,19472,0,2,4,5,11,245,At Risk,181-365 Days,6-10 Purchases,Very High
7043,Tammy James,328,5,16081,0,2,3,4,9,234,At Risk,181-365 Days,3-5 Purchases,High
7044,Colton Riley,276,7,14842,0,2,4,4,10,244,At Risk,181-365 Days,6-10 Purchases,High
7052,Mark Johnston,272,6,19749,0,2,4,5,11,245,At Risk,181-365 Days,6-10 Purchases,Very High
7053,Nicholas Jimenez,320,10,16269,0,2,5,4,11,254,At Risk,181-365 Days,6-10 Purchases,High
7060,Melissa Stewart,491,6,15705,0,1,4,4,9,144,At Risk,365+ Days,6-10 Purchases,High
7062,Alisha Campbell,400,6,22004,0,2,4,5,11,245,At Risk,365+ Days,6-10 Purchases,Very High
7064,Shawn Smith,457,7,20732,0,1,4,5,10,145,At Risk,365+ Days,6-10 Purchases,Very High
7067,Peter Lewis,465,6,21061,0,1,4,5,10,145,At Risk,365+ Days,6-10 Purchases,Very High
7074,Connie Stuart,345,9,33519,0,2,5,5,12,255,At Risk,181-365 Days,6-10 Purchases,Very High
7108,Stephanie Logan,318,8,17521,0,2,5,4,11,254,At Risk,181-365 Days,6-10 Purchases,High
7112,Matthew Lee,304,7,18393,0,2,4,4,10,244,At Risk,181-365 Days,6-10 Purchases,High
7160,Christine Carrillo,414,6,16298,0,2,4,4,10,244,At Risk,365+ Days,6-10 Purchases,High
7163,Mr. Patrick Todd DDS,358,7,25629,0,2,4,5,11,245,At Risk,181-365 Days,6-10 Purchases,Very High
7174,Amy Warren,527,6,16622,0,1,4,4,9,144,At Risk,365+ Days,6-10 Purchases,High
7179,Daniel Smith,414,6,18056,0,2,4,4,10,244,At Risk,365+ Days,6-10 Purchases,High
7189,Beverly Green,346,7,17032,0,2,4,4,10,244,At Risk,181-365 Days,6-10 Purchases,High
7193,Kevin Dean,362,8,18306,0,2,5,4,11,254,At Risk,181-365 Days,6-10 Purchases,High
7200,Sean Brennan,343,5,18521,0,2,3,4,9,234,At Risk,181-365 Days,3-5 Purchases,High
7209,Ricky Wolf MD,288,9,21550,0,2,5,5,12,255,At Risk,181-365 Days,6-10 Purchases,Very High
7228,Robert Werner,468,7,15413,0,1,4,4,9,144,At Risk,365+ Days,6-10 Purchases,High
7294,Caitlin Dickerson,472,5,15561,0,1,3,4,8,134,At Risk,365+ Days,3-5 Purchases,High
7302,Brittany Melendez,348,7,21437,0,2,4,5,11,245,At Risk,181-365 Days,6-10 Purchases,Very High
7303,Travis Rivera,302,6,15374,0,2,4,4,10,244,At Risk,181-365 Days,6-10 Purchases,High
7306,Mary White,303,4,15175,0,2,2,4,8,224,Need Attention,181-365 Days,3-5 Purchases,High
7327,Robert Rodriguez,268,7,21448,0,2,4,5,11,245,At Risk,181-365 Days,6-10 Purchases,Very High
7329,James Henderson,577,5,16471,0,1,3,4,8,134,At Risk,365+ Days,3-5 Purchases,High
7348,Spencer Stewart,278,5,17707,0,2,3,4,9,234,At Risk,181-365 Days,3-5 Purchases,High
7364,Alyssa Hudson,367,6,18194,0,2,4,4,10,244,At Risk,365+ Days,6-10 Purchases,High
7365,Tina Miller,358,9,24406,0,2,5,5,12,255,At Risk,181-365 Days,6-10 Purchases,Very High
7386,Vanessa Wade,591,5,15938,0,1,3,4,8,134,At Risk,365+ Days,3-5 Purchases,High
7388,Pam Nguyen,277,8,21615,0,2,5,5,12,255,At Risk,181-365 Days,6-10 Purchases,Very High
7391,Heather Sanders,293,10,33411,0,2,5,5,12,255,At Risk,181-365 Days,6-10 Purchases,Very High
7402,Anthony Williamson,410,6,18419,0,2,4,4,10,244,At Risk,365+ Days,6-10 Purchases,High
7412,Marcia Hurley,403,7,21203,0,2,4,5,11,245,At Risk,365+ Days,6-10 Purchases,Very High
7415,Rodney James,261,9,19229,0,2,5,4,11,254,At Risk,181-365 Days,6-10 Purchases,High
7419,Rachel Jackson,264,9,21241,0,2,5,5,12,255,At Risk,181-365 Days,6-10 Purchases,Very High
7426,Beth Harper,523,4,15314,0,1,2,4,7,124,Need Attention,365+ Days,3-5 Purchases,High
7428,Susan Scott,244,6,18696,0,2,4,4,10,244,At Risk,181-365 Days,6-10 Purchases,High
7451,Richard Chandler,513,7,19422,0,1,4,5,10,145,At Risk,365+ Days,6-10 Purchases,Very High
7453,Kimberly Torres,276,5,17042,0,2,3,4,9,234,At Risk,181-365 Days,3-5 Purchases,High
7465,Alyssa Oliver,284,8,29051,0,2,5,5,12,255,At Risk,181-365 Days,6-10 Purchases,Very High
7472,John Humphrey,310,7,16132,0,2,4,4,10,244,At Risk,181-365 Days,6-10 Purchases,High
7520,Zachary Ortiz,399,5,18886,0,2,3,4,9,234,At Risk,365+ Days,3-5 Purchases,High
7526,Olivia Strickland,746,4,16243,0,1,2,4,7,124,Need Attention,365+ Days,3-5 Purchases,High
7536,Donald Ramirez,252,5,19514,0,2,3,5,10,235,At Risk,181-365 Days,3-5 Purchases,Very High
7539,Rickey Phillips,277,8,20752,0,2,5,5,12,255,At Risk,181-365 Days,6-10 Purchases,Very High
7565,Jonathan Burch,454,6,15997,0,1,4,4,9,144,At Risk,365+ Days,6-10 Purchases,High
7570,James Spencer,280,6,15024,0,2,4,4,10,244,At Risk,181-365 Days,6-10 Purchases,High
7574,Renee Noble,753,5,18037,0,1,3,4,8,134,At Risk,365+ Days,3-5 Purchases,High
7600,Denise Sandoval DDS,452,6,18261,0,1,4,4,9,144,At Risk,365+ Days,6-10 Purchases,High
7607,Shelly Green,246,7,22585,0,2,4,5,11,245,At Risk,181-365 Days,6-10 Purchases,Very High
7623,Philip Myers,328,5,17881,0,2,3,4,9,234,At Risk,181-365 Days,3-5 Purchases,High
7627,Rachael Salinas,443,6,18295,0,1,4,4,9,144,At Risk,365+ Days,6-10 Purchases,High
7630,Timothy Smith,510,9,23987,0,1,5,5,11,155,At Risk,365+ Days,6-10 Purchases,Very High
7631,Frederick Davis,309,7,20748,0,2,4,5,11,245,At Risk,181-365 Days,6-10 Purchases,Very High
7639,Jessica Lewis,436,6,16560,0,1,4,4,9,144,At Risk,365+ Days,6-10 Purchases,High
7645,Jennifer Ross,322,8,22239,0,2,5,5,12,255,At Risk,181-365 Days,6-10 Purchases,Very High
7650,James Green,270,7,21967,0,2,4,5,11,245,At Risk,181-365 Days,6-10 Purchases,Very High
7672,Marc Cook,398,4,16186,0,2,2,4,8,224,Need Attention,365+ Days,3-5 Purchases,High
7688,Dr. Timothy Lynn,330,9,21859,0,2,5,5,12,255,At Risk,181-365 Days,6-10 Purchases,Very High
7710,George King,250,6,23315,0,2,4,5,11,245,At Risk,181-365 Days,6-10 Purchases,Very High
7717,Cory Jones,266,7,16348,0,2,4,4,10,244,At Risk,181-365 Days,6-10 Purchases,High
7719,Tina Malone,244,7,15503,0,2,4,4,10,244,At Risk,181-365 Days,6-10 Purchases,High
7721,Brittany Anthony,371,8,24457,0,2,5,5,12,255,At Risk,365+ Days,6-10 Purchases,Very High
7732,Victor Smith,459,7,19233,0,1,4,4,9,144,At Risk,365+ Days,6-10 Purchases,High
7734,Jeremy Browning,442,5,17491,0,1,3,4,8,134,At Risk,365+ Days,3-5 Purchases,High
7737,Lisa Jones,360,6,17335,0,2,4,4,10,244,At Risk,181-365 Days,6-10 Purchases,High
7740,Nathan Williams,535,4,15374,0,1,2,4,7,124,Need Attention,365+ Days,3-5 Purchases,High
7746,Alexandra Ramirez,380,6,15649,0,2,4,4,10,244,At Risk,365+ Days,6-10 Purchases,High
7751,Catherine Griffin,490,7,25194,0,1,4,5,10,145,At Risk,365+ Days,6-10 Purchases,Very High
7766,Heidi Hawkins,450,8,19181,0,1,5,4,10,154,At Risk,365+ Days,6-10 Purchases,High
7796,Nancy Cobb,507,5,17982,0,1,3,4,8,134,At Risk,365+ Days,3-5 Purchases,High
7809,Jon Taylor,288,8,25512,0,2,5,5,12,255,At Risk,181-365 Days,6-10 Purchases,Very High
7830,Jesse Hurst,430,7,23490,0,1,4,5,10,145,At Risk,365+ Days,6-10 Purchases,Very High
7833,Michael Kirby,427,8,18615,0,2,5,4,11,254,At Risk,365+ Days,6-10 Purchases,High
7842,Adrian Soto,387,6,21839,0,2,4,5,11,245,At Risk,365+ Days,6-10 Purchases,Very High
7846,Sandra Ramirez,427,7,18547,0,2,4,4,10,244,At Risk,365+ Days,6-10 Purchases,High
7859,Mathew Kramer,305,8,23338,0,2,5,5,12,255,At Risk,181-365 Days,6-10 Purchases,Very High
7876,Richard Spears,279,7,21364,0,2,4,5,11,245,At Risk,181-365 Days,6-10 Purchases,Very High
7881,Jessica Mcguire,270,5,19032,0,2,3,4,9,234,At Risk,181-365 Days,3-5 Purchases,High
7900,Robert Oneal,500,6,18532,0,1,4,4,9,144,At Risk,365+ Days,6-10 Purchases,High
7901,Michelle Guerrero,463,8,23504,0,1,5,5,11,155,At Risk,365+ Days,6-10 Purchases,Very High
7904,Dr. Michael Castaneda MD,253,6,17714,0,2,4,4,10,244,At Risk,181-365 Days,6-10 Purchases,High
7918,Diana Webster,809,6,14871,0,1,4,4,9,144,At Risk,365+ Days,6-10 Purchases,High
7950,Terry Hernandez,321,6,19349,0,2,4,5,11,245,At Risk,181-365 Days,6-10 Purchases,Very High
7951,Kyle Velazquez,407,7,18658,0,2,4,4,10,244,At Risk,365+ Days,6-10 Purchases,High
7957,Mr. Joshua Reese,731,5,16678,0,1,3,4,8,134,At Risk,365+ Days,3-5 Purchases,High
7976,Kimberly Rubio,501,9,20198,0,1,5,5,11,155,At Risk,365+ Days,6-10 Purchases,Very High
8016,Matthew Andrews,353,5,17119,0,2,3,4,9,234,At Risk,181-365 Days,3-5 Purchases,High
8059,Crystal Foster,246,5,19213,0,2,3,4,9,234,At Risk,181-365 Days,3-5 Purchases,High
8066,Ashley Davis,419,5,15974,0,2,3,4,9,234,At Risk,365+ Days,3-5 Purchases,High
8095,Albert Hampton,402,7,17804,0,2,4,4,10,244,At Risk,365+ Days,6-10 Purchases,High
8099,Ronald Brown,859,6,16973,0,1,4,4,9,144,At Risk,365+ Days,6-10 Purchases,High
8103,Robert Baker,452,8,19406,0,1,5,5,11,155,At Risk,365+ Days,6-10 Purchases,Very High
8110,Corey Clayton,547,4,14883,0,1,2,4,7,124,Need Attention,365+ Days,3-5 Purchases,High
8115,Brendan Hernandez,496,6,16860,0,1,4,4,9,144,At Risk,365+ Days,6-10 Purchases,High
8116,Ryan Neal,593,7,16384,0,1,4,4,9,144,At Risk,365+ Days,6-10 Purchases,High
8130,Natasha Jones,778,4,15243,0,1,2,4,7,124,Need Attention,365+ Days,3-5 Purchases,High
8134,Andrew Duncan,350,6,21972,0,2,4,5,11,245,At Risk,181-365 Days,6-10 Purchases,Very High
8138,George Harris,473,5,17025,0,1,3,4,8,134,At Risk,365+ Days,3-5 Purchases,High
8145,Robert Ferguson,313,5,17148,0,2,3,4,9,234,At Risk,181-365 Days,3-5 Purchases,High
8161,Kimberly Barker,251,9,20620,0,2,5,5,12,255,At Risk,181-365 Days,6-10 Purchases,Very High
8162,Jeffrey Craig,533,6,25728,0,1,4,5,10,145,At Risk,365+ Days,6-10 Purchases,Very High
8166,David Harrison,319,6,19952,0,2,4,5,11,245,At Risk,181-365 Days,6-10 Purchases,Very High
8168,Catherine Sawyer,310,6,16562,0,2,4,4,10,244,At Risk,181-365 Days,6-10 Purchases,High
8171,Melinda Larsen,551,5,14918,0,1,3,4,8,134,At Risk,365+ Days,3-5 Purchases,High
8198,Thomas Miller,401,6,19608,0,2,4,5,11,245,At Risk,365+ Days,6-10 Purchases,Very High
8209,Matthew Roberts,874,4,15252,0,1,2,4,7,124,Need Attention,365+ Days,3-5 Purchases,High
8224,Crystal Lamb,756,5,15670,0,1,3,4,8,134,At Risk,365+ Days,3-5 Purchases,High
8225,Christine Hawkins,245,4,15694,0,2,2,4,8,224,Need Attention,181-365 Days,3-5 Purchases,High
8232,Ronald Wilson,357,8,22845,0,2,5,5,12,255,At Risk,181-365 Days,6-10 Purchases,Very High
8250,Tyler Case,275,9,27781,0,2,5,5,12,255,At Risk,181-365 Days,6-10 Purchases,Very High
8259,Renee Jones,279,7,24533,0,2,4,5,11,245,At Risk,181-365 Days,6-10 Purchases,Very High
8260,Scott Reynolds,308,8,16695,0,2,5,4,11,254,At Risk,181-365 Days,6-10 Purchases,High
8280,Diane Williams,423,4,15507,0,2,2,4,8,224,Need Attention,365+ Days,3-5 Purchases,High
8286,James Nielsen,628,4,15567,0,1,2,4,7,124,Need Attention,365+ Days,3-5 Purchases,High
8292,David Smith,632,4,15928,0,1,2,4,7,124,Need Attention,365+ Days,3-5 Purchases,High
8299,Samantha Gregory,642,4,16042,0,1,2,4,7,124,Need Attention,365+ Days,3-5 Purchases,High
8300,Matthew Williams,453,7,16215,0,1,4,4,9,144,At Risk,365+ Days,6-10 Purchases,High
8311,Jordan Clay,256,7,18989,0,2,4,4,10,244,At Risk,181-365 Days,6-10 Purchases,High
8324,Lance Ewing,650,7,15480,0,1,4,4,9,144,At Risk,365+ Days,6-10 Purchases,High
8329,Jack Lopez,472,6,23641,0,1,4,5,10,145,At Risk,365+ Days,6-10 Purchases,Very High
8342,Thomas Brown,355,6,20170,0,2,4,5,11,245,At Risk,181-365 Days,6-10 Purchases,Very High
8348,Carlos Hawkins,412,6,16936,0,2,4,4,10,244,At Risk,365+ Days,6-10 Purchases,High
8353,Christine Gonzales,305,6,19624,0,2,4,5,11,245,At Risk,181-365 Days,6-10 Purchases,Very High
8356,Andrew Hartman,448,4,15221,0,1,2,4,7,124,Need Attention,365+ Days,3-5 Purchases,High
8366,Jon Diaz,376,6,16920,0,2,4,4,10,244,At Risk,365+ Days,6-10 Purchases,High
8402,Mary Sanchez,437,7,17008,0,1,4,4,9,144,At Risk,365+ Days,6-10 Purchases,High
8417,Mary Robinson,253,5,16623,0,2,3,4,9,234,At Risk,181-365 Days,3-5 Purchases,High
8419,Rhonda Crawford,286,6,20152,0,2,4,5,11,245,At Risk,181-365 Days,6-10 Purchases,Very High
8420,Maurice Roberts,369,5,17175,0,2,3,4,9,234,At Risk,365+ Days,3-5 Purchases,High
8430,Kimberly Bailey,281,8,20697,0,2,5,5,12,255,At Risk,181-365 Days,6-10 Purchases,Very High
8434,Joshua Mack,331,6,17624,0,2,4,4,10,244,At Risk,181-365 Days,6-10 Purchases,High
8441,Zachary Burton,322,6,17569,0,2,4,4,10,244,At Risk,181-365 Days,6-10 Purchases,High
8445,Daniel Lopez,555,4,15793,0,1,2,4,7,124,Need Attention,365+ Days,3-5 Purchases,High
8452,Kathleen Fox,496,7,22994,0,1,4,5,10,145,At Risk,365+ Days,6-10 Purchases,Very High
8476,Jocelyn Ochoa,553,5,18363,0,1,3,4,8,134,At Risk,365+ Days,3-5 Purchases,High
8482,Jeremy Carr,260,6,19661,0,2,4,5,11,245,At Risk,181-365 Days,6-10 Purchases,Very High
8496,Emily Padilla,277,9,28425,0,2,5,5,12,255,At Risk,181-365 Days,6-10 Purchases,Very High
8498,Christine Hernandez,520,6,17468,0,1,4,4,9,144,At Risk,365+ Days,6-10 Purchases,High
8548,Peggy Hanson,408,8,20901,0,2,5,5,12,255,At Risk,365+ Days,6-10 Purchases,Very High
8558,Audrey Mcclure,475,6,24500,0,1,4,5,10,145,At Risk,365+ Days,6-10 Purchases,Very High
8563,Charles Kelly,362,4,15913,0,2,2,4,8,224,Need Attention,181-365 Days,3-5 Purchases,High
8564,Russell Scott Jr.,247,6,27436,0,2,4,5,11,245,At Risk,181-365 Days,6-10 Purchases,Very High
8570,John Wilson,463,5,16424,0,1,3,4,8,134,At Risk,365+ Days,3-5 Purchases,High
8573,Mr. Jordan Wood,754,6,17984,0,1,4,4,9,144,At Risk,365+ Days,6-10 Purchases,High
8588,Ashley Morgan,411,3,15539,0,2,1,4,7,214,Need Attention,365+ Days,3-5 Purchases,High
8590,Angela Coleman,432,6,16997,0,1,4,4,9,144,At Risk,365+ Days,6-10 Purchases,High
8601,Shane Summers,436,5,17477,0,1,3,4,8,134,At Risk,365+ Days,3-5 Purchases,High
8603,Jennifer Bullock,367,6,15647,0,2,4,4,10,244,At Risk,365+ Days,6-10 Purchases,High
8604,Brenda Hernandez,406,5,19333,0,2,3,5,10,235,At Risk,365+ Days,3-5 Purchases,Very High
8612,Kara Gonzalez,329,4,14906,0,2,2,4,8,224,Need Attention,181-365 Days,3-5 Purchases,High
8616,Mark Rice,591,6,19744,0,1,4,5,10,145,At Risk,365+ Days,6-10 Purchases,Very High
8641,Larry Long,308,6,15885,0,2,4,4,10,244,At Risk,181-365 Days,6-10 Purchases,High
8678,Julia Johnson,376,7,20444,0,2,4,5,11,245,At Risk,365+ Days,6-10 Purchases,Very High
8681,Rebecca Moore,574,5,16549,0,1,3,4,8,134,At Risk,365+ Days,3-5 Purchases,High
8684,Tracy Sanders,498,8,20371,0,1,5,5,11,155,At Risk,365+ Days,6-10 Purchases,Very High
8690,Paula Haley,398,4,18784,0,2,2,4,8,224,Need Attention,365+ Days,3-5 Purchases,High
8699,Samuel Shepherd,374,7,18348,0,2,4,4,10,244,At Risk,365+ Days,6-10 Purchases,High
8720,Shelby Dillon,451,6,16306,0,1,4,4,9,144,At Risk,365+ Days,6-10 Purchases,High
8740,Deborah Smith,429,9,24967,0,1,5,5,11,155,At Risk,365+ Days,6-10 Purchases,Very High
8750,Douglas Schultz,521,6,15869,0,1,4,4,9,144,At Risk,365+ Days,6-10 Purchases,High
8759,Bobby Wood,558,5,16028,0,1,3,4,8,134,At Risk,365+ Days,3-5 Purchases,High
8761,Briana Fernandez,646,10,33434,0,1,5,5,11,155,At Risk,365+ Days,6-10 Purchases,Very High
8768,Emily Phillips,981,4,17962,0,1,2,4,7,124,Need Attention,365+ Days,3-5 Purchases,High
8776,Mary Garcia,337,8,23070,0,2,5,5,12,255,At Risk,181-365 Days,6-10 Purchases,Very High
8778,Kenneth Black,459,6,15117,0,1,4,4,9,144,At Risk,365+ Days,6-10 Purchases,High
8779,Kenneth Cruz,391,5,17388,0,2,3,4,9,234,At Risk,365+ Days,3-5 Purchases,High
8789,Robert Elliott,301,5,18018,0,2,3,4,9,234,At Risk,181-365 Days,3-5 Purchases,High
8792,Cheryl Robertson,310,9,21761,0,2,5,5,12,255,At Risk,181-365 Days,6-10 Purchases,Very High
8793,Christian Clark,266,8,21533,0,2,5,5,12,255,At Risk,181-365 Days,6-10 Purchases,Very High
8808,Darren Carroll,456,6,18811,0,1,4,4,9,144,At Risk,365+ Days,6-10 Purchases,High
8809,Nicole Allen,269,7,20491,0,2,4,5,11,245,At Risk,181-365 Days,6-10 Purchases,Very High
8824,Reginald Ray,300,9,16037,0,2,5,4,11,254,At Risk,181-365 Days,6-10 Purchases,High
8829,Travis Jensen,390,6,23130,0,2,4,5,11,245,At Risk,365+ Days,6-10 Purchases,Very High
8843,Gerald Nixon,272,7,25814,0,2,4,5,11,245,At Risk,181-365 Days,6-10 Purchases,Very High
8844,Kari Garcia,381,5,18832,0,2,3,4,9,234,At Risk,365+ Days,3-5 Purchases,High
8848,Adam Palmer,284,5,15409,0,2,3,4,9,234,At Risk,181-365 Days,3-5 Purchases,High
8862,Taylor Arnold,299,8,20978,0,2,5,5,12,255,At Risk,181-365 Days,6-10 Purchases,Very High
8863,Christopher Brown,342,6,15044,0,2,4,4,10,244,At Risk,181-365 Days,6-10 Purchases,High
8877,Lindsey Miller,413,4,15033,0,2,2,4,8,224,Need Attention,365+ Days,3-5 Purchases,High
8892,Erin Russell,313,5,18469,0,2,3,4,9,234,At Risk,181-365 Days,3-5 Purchases,High
8928,Jenna Warren,441,6,16564,0,1,4,4,9,144,At Risk,365+ Days,6-10 Purchases,High
8937,James Rogers,261,7,19847,0,2,4,5,11,245,At Risk,181-365 Days,6-10 Purchases,Very High
8973,Ronald Weber,318,8,21412,0,2,5,5,12,255,At Risk,181-365 Days,6-10 Purchases,Very High
9005,Angela Banks,328,6,17818,0,2,4,4,10,244,At Risk,181-365 Days,6-10 Purchases,High
9020,Kristen Moore,362,6,15351,0,2,4,4,10,244,At Risk,181-365 Days,6-10 Purchases,High
9042,Daniel Jordan,644,5,17814,0,1,3,4,8,134,At Risk,365+ Days,3-5 Purchases,High
9053,Karen Brooks,297,5,18090,0,2,3,4,9,234,At Risk,181-365 Days,3-5 Purchases,High
9056,Stephanie Fischer,469,5,16982,0,1,3,4,8,134,At Risk,365+ Days,3-5 Purchases,High
9064,Sandra Landry,256,6,18365,0,2,4,4,10,244,At Risk,181-365 Days,6-10 Purchases,High
9088,Gerald Wilson,479,4,15832,0,1,2,4,7,124,Need Attention,365+ Days,3-5 Purchases,High
9113,Matthew Hamilton,254,9,27297,0,2,5,5,12,255,At Risk,181-365 Days,6-10 Purchases,Very High
9114,Danielle Contreras,312,6,15185,0,2,4,4,10,244,At Risk,181-365 Days,6-10 Purchases,High
9149,Christopher Gay,414,6,21641,0,2,4,5,11,245,At Risk,365+ Days,6-10 Purchases,Very High
9157,Nicole Thomas,368,6,15212,0,2,4,4,10,244,At Risk,365+ Days,6-10 Purchases,High
9165,Tyler Klein,318,10,27063,0,2,5,5,12,255,At Risk,181-365 Days,6-10 Purchases,Very High
9178,Dawn Jones,345,8,21707,0,2,5,5,12,255,At Risk,181-365 Days,6-10 Purchases,Very High
9193,Heidi Stokes,345,7,17527,0,2,4,4,10,244,At Risk,181-365 Days,6-10 Purchases,High
9196,Tina Smith,424,6,17244,0,2,4,4,10,244,At Risk,365+ Days,6-10 Purchases,High
9207,Chelsea Jackson,300,5,16101,0,2,3,4,9,234,At Risk,181-365 Days,3-5 Purchases,High
9212,Aaron Wilson,304,7,18517,0,2,4,4,10,244,At Risk,181-365 Days,6-10 Purchases,High
9214,Andre Porter,316,4,15277,0,2,2,4,8,224,Need Attention,181-365 Days,3-5 Purchases,High
9219,Madison Palmer,377,7,15507,0,2,4,4,10,244,At Risk,365+ Days,6-10 Purchases,High
9234,Savannah Ware,407,8,23442,0,2,5,5,12,255,At Risk,365+ Days,6-10 Purchases,Very High
9282,Ryan Hubbard,315,8,21021,0,2,5,5,12,255,At Risk,181-365 Days,6-10 Purchases,Very High
9297,Jeffrey Foster,273,7,25373,0,2,4,5,11,245,At Risk,181-365 Days,6-10 Purchases,Very High
9306,Katie Reeves,259,5,18259,0,2,3,4,9,234,At Risk,181-365 Days,3-5 Purchases,High
9312,Richard Snyder,300,7,20706,0,2,4,5,11,245,At Risk,181-365 Days,6-10 Purchases,Very High
9314,Jimmy Sanders MD,527,9,26099,0,1,5,5,11,155,At Risk,365+ Days,6-10 Purchases,Very High
9316,Joshua Johnson,336,7,21943,0,2,4,5,11,245,At Risk,181-365 Days,6-10 Purchases,Very High
9317,Kimberly Johnson,469,6,15288,0,1,4,4,9,144,At Risk,365+ Days,6-10 Purchases,High
9329,Alexander Brock,290,6,21852,0,2,4,5,11,245,At Risk,181-365 Days,6-10 Purchases,Very High
9339,James Howard,363,6,15591,0,2,4,4,10,244,At Risk,181-365 Days,6-10 Purchases,High
9351,Cassandra Koch,733,5,17204,0,1,3,4,8,134,At Risk,365+ Days,3-5 Purchases,High
9368,Angelica Farley MD,325,6,16376,0,2,4,4,10,244,At Risk,181-365 Days,6-10 Purchases,High
9375,Melissa Shepard,585,6,19257,0,1,4,4,9,144,At Risk,365+ Days,6-10 Purchases,High
9376,Lance Powell,248,6,17357,0,2,4,4,10,244,At Risk,181-365 Days,6-10 Purchases,High
9377,John Wilson,255,7,21585,0,2,4,5,11,245,At Risk,181-365 Days,6-10 Purchases,Very High
9416,David Peters,306,8,27733,0,2,5,5,12,255,At Risk,181-365 Days,6-10 Purchases,Very High
9428,Samantha Robinson,341,6,18913,0,2,4,4,10,244,At Risk,181-365 Days,6-10 Purchases,High
9429,Jennifer Hayes,305,8,20877,0,2,5,5,12,255,At Risk,181-365 Days,6-10 Purchases,Very High
9439,John Mullins,632,5,15661,0,1,3,4,8,134,At Risk,365+ Days,3-5 Purchases,High
9475,Lindsey Hudson,295,7,24784,0,2,4,5,11,245,At Risk,181-365 Days,6-10 Purchases,Very High
9492,Thomas Lewis,308,8,23652,0,2,5,5,12,255,At Risk,181-365 Days,6-10 Purchases,Very High
9502,Sandy Krause,407,6,16452,0,2,4,4,10,244,At Risk,365+ Days,6-10 Purchases,High
9507,Felicia Garcia,374,10,28090,0,2,5,5,12,255,At Risk,365+ Days,6-10 Purchases,Very High
9540,David Hicks,468,5,18772,0,1,3,4,8,134,At Risk,365+ Days,3-5 Purchases,High
9548,Margaret Hoffman,337,5,14916,0,2,3,4,9,234,At Risk,181-365 Days,3-5 Purchases,High
9554,Richard Moore,455,4,18895,0,1,2,4,7,124,Need Attention,365+ Days,3-5 Purchases,High
9574,Robert Mitchell,261,6,16287,0,2,4,4,10,244,At Risk,181-365 Days,6-10 Purchases,High
9581,Christopher Sullivan,247,6,19896,0,2,4,5,11,245,At Risk,181-365 Days,6-10 Purchases,Very High
9615,Robert Carpenter,264,8,21804,0,2,5,5,12,255,At Risk,181-365 Days,6-10 Purchases,Very High
9628,Danielle Garcia,288,5,18543,0,2,3,4,9,234,At Risk,181-365 Days,3-5 Purchases,High
9647,Linda Smith,734,7,17498,0,1,4,4,9,144,At Risk,365+ Days,6-10 Purchases,High
9662,Blake Perkins,260,7,23166,0,2,4,5,11,245,At Risk,181-365 Days,6-10 Purchases,Very High
9667,William Dillon,688,8,22483,0,1,5,5,11,155,At Risk,365+ Days,6-10 Purchases,Very High
9683,Carrie Wright,428,5,16530,0,1,3,4,8,134,At Risk,365+ Days,3-5 Purchases,High
9685,Jamie Lee,461,5,20533,0,1,3,5,9,135,At Risk,365+ Days,3-5 Purchases,Very High
9700,Jason Oneal,433,7,21927,0,1,4,5,10,145,At Risk,365+ Days,6-10 Purchases,Very High
9703,Nicole Jackson,1112,5,15244,0,1,3,4,8,134,At Risk,365+ Days,3-5 Purchases,High
9734,Richard Rose,431,6,21702,0,1,4,5,10,145,At Risk,365+ Days,6-10 Purchases,Very High
9750,Mrs. Mary Lane,321,5,16894,0,2,3,4,9,234,At Risk,181-365 Days,3-5 Purchases,High
9765,Christopher Rose,672,8,26659,0,1,5,5,11,155,At Risk,365+ Days,6-10 Purchases,Very High
9775,Alan Jensen,380,11,36166,0,2,5,5,12,255,At Risk,365+ Days,10+ Purchases,Very High
9778,Karen White,347,7,16034,0,2,4,4,10,244,At Risk,181-365 Days,6-10 Purchases,High
9794,Heidi Wilson,318,9,27084,0,2,5,5,12,255,At Risk,181-365 Days,6-10 Purchases,Very High
9811,Jennifer Martinez,324,7,21462,0,2,4,5,11,245,At Risk,181-365 Days,6-10 Purchases,Very High
9815,Jessica Tucker,546,6,20946,0,1,4,5,10,145,At Risk,365+ Days,6-10 Purchases,Very High
9837,Mark Bauer,439,8,18144,0,1,5,4,10,154,At Risk,365+ Days,6-10 Purchases,High
9854,Dr. Taylor Brady,298,6,15547,0,2,4,4,10,244,At Risk,181-365 Days,6-10 Purchases,High
9856,Richard Martin,277,4,18070,0,2,2,4,8,224,Need Attention,181-365 Days,3-5 Purchases,High
9868,Greg Castro,1066,6,18368,0,1,4,4,9,144,At Risk,365+ Days,6-10 Purchases,High
9882,Brad Brown,276,11,28506,0,2,5,5,12,255,At Risk,181-365 Days,10+ Purchases,Very High
9886,Laura Vaughn,344,6,17859,0,2,4,4,10,244,At Risk,181-365 Days,6-10 Purchases,High
9905,Kimberly Atkinson,347,8,22397,0,2,5,5,12,255,At Risk,181-365 Days,6-10 Purchases,Very High
9907,Brady Marshall,258,7,18597,0,2,4,4,10,244,At Risk,181-365 Days,6-10 Purchases,High
9927,Dr. Rebecca King,255,9,18169,0,2,5,4,11,254,At Risk,181-365 Days,6-10 Purchases,High
9929,Chelsea Brewer,302,8,17560,0,2,5,4,11,254,At Risk,181-365 Days,6-10 Purchases,High
9941,Edward Jones,455,8,24563,0,1,5,5,11,155,At Risk,365+ Days,6-10 Purchases,Very High
9966,Steven Baker,607,9,19175,0,1,5,4,10,154,At Risk,365+ Days,6-10 Purchases,High
9967,Joshua Martin,977,6,15606,0,1,4,4,9,144,At Risk,365+ Days,6-10 Purchases,High
9968,Ronald Pena,537,7,15142,0,1,4,4,9,144,At Risk,365+ Days,6-10 Purchases,High
9973,Taylor Clark,433,4,15094,0,1,2,4,7,124,Need Attention,365+ Days,3-5 Purchases,High
9976,Nancy Kelly,253,7,18117,0,2,4,4,10,244,At Risk,181-365 Days,6-10 Purchases,High
9984,Christine Jackson,362,5,16222,0,2,3,4,9,234,At Risk,181-365 Days,3-5 Purchases,High
9985,John Kidd,281,6,14927,0,2,4,4,10,244,At Risk,181-365 Days,6-10 Purchases,High
9998,James Lopez,269,7,17730,0,2,4,4,10,244,At Risk,181-365 Days,6-10 Purchases,High
10014,Christopher Freeman,288,4,17769,0,2,2,4,8,224,Need Attention,181-365 Days,3-5 Purchases,High
10022,Mrs. Jeanne Schmitt,546,5,15625,0,1,3,4,8,134,At Risk,365+ Days,3-5 Purchases,High
10026,Jonathan Young,822,5,19334,0,1,3,5,9,135,At Risk,365+ Days,3-5 Purchases,Very High
10031,Abigail Acosta,419,4,15170,0,2,2,4,8,224,Need Attention,365+ Days,3-5 Purchases,High
10039,Amy Wilkinson,278,9,21283,0,2,5,5,12,255,At Risk,181-365 Days,6-10 Purchases,Very High
10071,Kara Flores,326,5,17253,0,2,3,4,9,234,At Risk,181-365 Days,3-5 Purchases,High
10078,Michael Phillips,668,6,15395,0,1,4,4,9,144,At Risk,365+ Days,6-10 Purchases,High
10089,Jennifer White MD,365,9,24148,0,2,5,5,12,255,At Risk,181-365 Days,6-10 Purchases,Very High
10113,Chelsea Higgins,266,5,14807,0,2,3,4,9,234,At Risk,181-365 Days,3-5 Purchases,High
10122,Jessica Garcia,305,6,14977,0,2,4,4,10,244,At Risk,181-365 Days,6-10 Purchases,High
10134,Sandra Melendez,402,6,15593,0,2,4,4,10,244,At Risk,365+ Days,6-10 Purchases,High
10135,Zachary Kelly,291,6,18010,0,2,4,4,10,244,At Risk,181-365 Days,6-10 Purchases,High
10136,Susan Walker,536,8,22314,0,1,5,5,11,155,At Risk,365+ Days,6-10 Purchases,Very High
10160,Brooke Burns,298,6,19752,0,2,4,5,11,245,At Risk,181-365 Days,6-10 Purchases,Very High
10176,Reginald Abbott,394,8,20933,0,2,5,5,12,255,At Risk,365+ Days,6-10 Purchases,Very High
10186,Sarah Wilson,598,8,19778,0,1,5,5,11,155,At Risk,365+ Days,6-10 Purchases,Very High
10200,Joyce Lindsey,545,5,15955,0,1,3,4,8,134,At Risk,365+ Days,3-5 Purchases,High
10221,Michael Butler,369,5,15353,0,2,3,4,9,234,At Risk,365+ Days,3-5 Purchases,High
10227,Pamela Roberson,300,6,15846,0,2,4,4,10,244,At Risk,181-365 Days,6-10 Purchases,High
10243,Deborah Montes,435,5,22887,0,1,3,5,9,135,At Risk,365+ Days,3-5 Purchases,Very High
10264,Kristen Bell,254,10,21223,0,2,5,5,12,255,At Risk,181-365 Days,6-10 Purchases,Very High
10283,Lori Roberts,331,5,20510,0,2,3,5,10,235,At Risk,181-365 Days,3-5 Purchases,Very High
10286,Tiffany Shah,544,4,15252,0,1,2,4,7,124,Need Attention,365+ Days,3-5 Purchases,High
10288,Todd Lucas,270,5,19638,0,2,3,5,10,235,At Risk,181-365 Days,3-5 Purchases,Very High
10324,Jenny Miller,385,6,20269,0,2,4,5,11,245,At Risk,365+ Days,6-10 Purchases,Very High
10371,Michael Ramirez,303,6,20318,0,2,4,5,11,245,At Risk,181-365 Days,6-10 Purchases,Very High
10376,Kyle Rodriguez,400,6,17198,0,2,4,4,10,244,At Risk,365+ Days,6-10 Purchases,High
10382,Sue Garcia,353,5,16737,0,2,3,4,9,234,At Risk,181-365 Days,3-5 Purchases,High
10387,Cynthia Herrera,261,7,17584,0,2,4,4,10,244,At Risk,181-365 Days,6-10 Purchases,High
10390,Thomas Green,633,5,17447,0,1,3,4,8,134,At Risk,365+ Days,3-5 Purchases,High
10395,Nicholas Marshall,460,6,19918,0,1,4,5,10,145,At Risk,365+ Days,6-10 Purchases,Very High
10397,Dr. Erica Glass,465,5,16319,0,1,3,4,8,134,At Risk,365+ Days,3-5 Purchases,High
10407,Jesse Mueller,384,8,19570,0,2,5,5,12,255,At Risk,365+ Days,6-10 Purchases,Very High
10422,Natalie Wright MD,254,7,18954,0,2,4,4,10,244,At Risk,181-365 Days,6-10 Purchases,High
10435,Dawn Ross,246,7,15724,0,2,4,4,10,244,At Risk,181-365 Days,6-10 Purchases,High
10436,Brooke Everett,428,6,17354,0,1,4,4,9,144,At Risk,365+ Days,6-10 Purchases,High
10444,Jessica Stanley,625,5,15194,0,1,3,4,8,134,At Risk,365+ Days,3-5 Purchases,High
10453,Kim Meza,621,6,18001,0,1,4,4,9,144,At Risk,365+ Days,6-10 Purchases,High
10462,Tonya Ward,295,6,17511,0,2,4,4,10,244,At Risk,181-365 Days,6-10 Purchases,High
10467,Tonya Adams,450,5,15927,0,1,3,4,8,134,At Risk,365+ Days,3-5 Purchases,High
10472,Ashley Smith,567,5,18969,0,1,3,4,8,134,At Risk,365+ Days,3-5 Purchases,High
10473,Audrey Mata,274,5,20709,0,2,3,5,10,235,At Risk,181-365 Days,3-5 Purchases,Very High
10489,Andrew Johnson,521,8,22712,0,1,5,5,11,155,At Risk,365+ Days,6-10 Purchases,Very High
10497,Michele Cain,526,5,16671,0,1,3,4,8,134,At Risk,365+ Days,3-5 Purchases,High
10518,Maria Duncan,307,8,21551,0,2,5,5,12,255,At Risk,181-365 Days,6-10 Purchases,Very High
10524,Adrian Roberts,386,5,17511,0,2,3,4,9,234,At Risk,365+ Days,3-5 Purchases,High
10526,Tracey Murphy,253,10,27525,0,2,5,5,12,255,At Risk,181-365 Days,6-10 Purchases,Very High
10530,Jessica Valdez,269,6,16912,0,2,4,4,10,244,At Risk,181-365 Days,6-10 Purchases,High
10547,Shannon Larsen,403,5,14862,0,2,3,4,9,234,At Risk,365+ Days,3-5 Purchases,High
10559,Elijah Wilkerson,427,6,20501,0,2,4,5,11,245,At Risk,365+ Days,6-10 Purchases,Very High
10564,Kimberly Franklin,267,6,15243,0,2,4,4,10,244,At Risk,181-365 Days,6-10 Purchases,High
10569,Anna Bennett,448,5,20397,0,1,3,5,9,135,At Risk,365+ Days,3-5 Purchases,Very High
10587,Miguel Cummings,255,5,18480,0,2,3,4,9,234,At Risk,181-365 Days,3-5 Purchases,High
10607,Alexis Shah,393,8,19886,0,2,5,5,12,255,At Risk,365+ Days,6-10 Purchases,Very High
10614,Shirley Krueger,317,6,18356,0,2,4,4,10,244,At Risk,181-365 Days,6-10 Purchases,High
10627,Deborah Riddle,331,8,18544,0,2,5,4,11,254,At Risk,181-365 Days,6-10 Purchases,High
10629,Margaret Heath,323,9,27445,0,2,5,5,12,255,At Risk,181-365 Days,6-10 Purchases,Very High
10631,Amanda Martin,492,4,18078,0,1,2,4,7,124,Need Attention,365+ Days,3-5 Purchases,High
10642,Laura Watson,275,8,24179,0,2,5,5,12,255,At Risk,181-365 Days,6-10 Purchases,Very High
10646,James Salazar,287,8,22905,0,2,5,5,12,255,At Risk,181-365 Days,6-10 Purchases,Very High
10651,Charles Benitez,736,7,15588,0,1,4,4,9,144,At Risk,365+ Days,6-10 Purchases,High
10661,Patrick Brown,269,6,21386,0,2,4,5,11,245,At Risk,181-365 Days,6-10 Purchases,Very High
10671,Anthony Lopez,328,7,18894,0,2,4,4,10,244,At Risk,181-365 Days,6-10 Purchases,High
10672,Amy Brown,475,5,18336,0,1,3,4,8,134,At Risk,365+ Days,3-5 Purchases,High
10694,Jacob King,485,6,15426,0,1,4,4,9,144,At Risk,365+ Days,6-10 Purchases,High
10711,Jose Carr,789,5,15541,0,1,3,4,8,134,At Risk,365+ Days,3-5 Purchases,High
10741,Autumn Owens,256,7,22847,0,2,4,5,11,245,At Risk,181-365 Days,6-10 Purchases,Very High
10781,Shannon Harris,397,6,15117,0,2,4,4,10,244,At Risk,365+ Days,6-10 Purchases,High
10791,Robert Leach,417,6,17645,0,2,4,4,10,244,At Risk,365+ Days,6-10 Purchases,High
10799,Bradley Wyatt,592,5,19137,0,1,3,4,8,134,At Risk,365+ Days,3-5 Purchases,High
10805,Austin Lopez,328,4,17124,0,2,2,4,8,224,Need Attention,181-365 Days,3-5 Purchases,High
10806,Dakota Mcneil,384,5,16816,0,2,3,4,9,234,At Risk,365+ Days,3-5 Purchases,High
10830,Matthew Castro,301,8,23461,0,2,5,5,12,255,At Risk,181-365 Days,6-10 Purchases,Very High
10841,Kristin Kelly,291,7,20854,0,2,4,5,11,245,At Risk,181-365 Days,6-10 Purchases,Very High
10853,Deborah Wilson,251,6,16455,0,2,4,4,10,244,At Risk,181-365 Days,6-10 Purchases,High
10863,Carl Lewis,396,5,14834,0,2,3,4,9,234,At Risk,365+ Days,3-5 Purchases,High
10869,Wayne Johnson,274,8,22679,0,2,5,5,12,255,At Risk,181-365 Days,6-10 Purchases,Very High
10874,Lisa Curry,252,6,15294,0,2,4,4,10,244,At Risk,181-365 Days,6-10 Purchases,High
10883,Eugene Romero,322,9,21899,0,2,5,5,12,255,At Risk,181-365 Days,6-10 Purchases,Very High
10900,Emily Deleon,706,7,17994,0,1,4,4,9,144,At Risk,365+ Days,6-10 Purchases,High
10904,Colton Dominguez,333,5,15764,0,2,3,4,9,234,At Risk,181-365 Days,3-5 Purchases,High
10908,David Wilson,432,9,22138,0,1,5,5,11,155,At Risk,365+ Days,6-10 Purchases,Very High
10911,Monica Hill,321,6,17916,0,2,4,4,10,244,At Risk,181-365 Days,6-10 Purchases,High
10915,Jeffrey Nelson,526,8,20192,0,1,5,5,11,155,At Risk,365+ Days,6-10 Purchases,Very High
10940,Michael Blackburn,553,6,16854,0,1,4,4,9,144,At Risk,365+ Days,6-10 Purchases,High
10947,Peggy Craig,271,8,17210,0,2,5,4,11,254,At Risk,181-365 Days,6-10 Purchases,High
10972,Erica Hernandez,394,7,17657,0,2,4,4,10,244,At Risk,365+ Days,6-10 Purchases,High
10975,Cody Davis,286,10,21731,0,2,5,5,12,255,At Risk,181-365 Days,6-10 Purchases,Very High
10984,Wanda Perez,676,7,22046,0,1,4,5,10,145,At Risk,365+ Days,6-10 Purchases,Very High
10995,Tanya Campbell,280,7,17218,0,2,4,4,10,244,At Risk,181-365 Days,6-10 Purchases,High
10998,Pamela Campbell,685,6,16564,0,1,4,4,9,144,At Risk,365+ Days,6-10 Purchases,High
11000,Alisha Mccullough,340,5,16550,0,2,3,4,9,234,At Risk,181-365 Days,3-5 Purchases,High
11002,Ronald Flores,262,7,16647,0,2,4,4,10,244,At Risk,181-365 Days,6-10 Purchases,High
11017,Robert Riley,257,4,15568,0,2,2,4,8,224,Need Attention,181-365 Days,3-5 Purchases,High
11022,James Moss,511,4,15288,0,1,2,4,7,124,Need Attention,365+ Days,3-5 Purchases,High
11023,Michele Miller,262,8,17726,0,2,5,4,11,254,At Risk,181-365 Days,6-10 Purchases,High
11025,Brenda Willis,510,7,26104,0,1,4,5,10,145,At Risk,365+ Days,6-10 Purchases,Very High
11032,Corey Mathis,534,8,17432,0,1,5,4,10,154,At Risk,365+ Days,6-10 Purchases,High
11033,Samuel Murphy,279,5,17708,0,2,3,4,9,234,At Risk,181-365 Days,3-5 Purchases,High
11095,Gregory Mccormick,257,8,24333,0,2,5,5,12,255,At Risk,181-365 Days,6-10 Purchases,Very High
11099,Andrew Ellis,294,6,18151,0,2,4,4,10,244,At Risk,181-365 Days,6-10 Purchases,High
11106,Mitchell Burch,312,6,15088,0,2,4,4,10,244,At Risk,181-365 Days,6-10 Purchases,High
11131,Jason Wilson,255,8,20294,0,2,5,5,12,255,At Risk,181-365 Days,6-10 Purchases,Very High
11177,Shannon Harris,280,4,15653,0,2,2,4,8,224,Need Attention,181-365 Days,3-5 Purchases,High
11178,John Moore,404,5,18062,0,2,3,4,9,234,At Risk,365+ Days,3-5 Purchases,High
11199,Brittany Ruiz,281,10,20539,0,2,5,5,12,255,At Risk,181-365 Days,6-10 Purchases,Very High
11224,Mary Owens,622,5,17143,0,1,3,4,8,134,At Risk,365+ Days,3-5 Purchases,High
11225,Andrea Oliver,256,6,17405,0,2,4,4,10,244,At Risk,181-365 Days,6-10 Purchases,High
11229,Colleen Cox,344,5,15595,0,2,3,4,9,234,At Risk,181-365 Days,3-5 Purchases,High
11239,Colleen Adams,368,5,17533,0,2,3,4,9,234,At Risk,365+ Days,3-5 Purchases,High
11249,Christopher Smith,659,6,21426,0,1,4,5,10,145,At Risk,365+ Days,6-10 Purchases,Very High
11254,Alexis Hodges,385,11,37233,0,2,5,5,12,255,At Risk,365+ Days,10+ Purchases,Very High
11256,Michael Nielsen,345,7,20100,0,2,4,5,11,245,At Risk,181-365 Days,6-10 Purchases,Very High
11272,Gabrielle Horton,277,6,16165,0,2,4,4,10,244,At Risk,181-365 Days,6-10 Purchases,High
11283,Catherine Frank,281,8,20892,0,2,5,5,12,255,At Risk,181-365 Days,6-10 Purchases,Very High
11304,Lauren Little,549,6,20780,0,1,4,5,10,145,At Risk,365+ Days,6-10 Purchases,Very High
11309,Mary Benton,325,7,19255,0,2,4,4,10,244,At Risk,181-365 Days,6-10 Purchases,High
11312,Joshua Robinson,245,7,19044,0,2,4,4,10,244,At Risk,181-365 Days,6-10 Purchases,High
11313,Joseph Moore,346,7,19841,0,2,4,5,11,245,At Risk,181-365 Days,6-10 Purchases,Very High
11329,Diane Miller,458,8,16430,0,1,5,4,10,154,At Risk,365+ Days,6-10 Purchases,High
11351,Kelly Lynch,409,9,21225,0,2,5,5,12,255,At Risk,365+ Days,6-10 Purchases,Very High
11363,Andre Johnson,245,7,19260,0,2,4,4,10,244,At Risk,181-365 Days,6-10 Purchases,High
11372,Jermaine Myers,297,6,19941,0,2,4,5,11,245,At Risk,181-365 Days,6-10 Purchases,Very High
11388,Elizabeth Lester,286,11,26881,0,2,5,5,12,255,At Risk,181-365 Days,10+ Purchases,Very High
11390,Yolanda Becker,386,11,29146,0,2,5,5,12,255,At Risk,365+ Days,10+ Purchases,Very High
11409,Lauren Chavez,404,4,14832,0,2,2,4,8,224,Need Attention,365+ Days,3-5 Purchases,High
11410,Jose May,341,6,17673,0,2,4,4,10,244,At Risk,181-365 Days,6-10 Purchases,High
11414,William Fuller,514,6,16112,0,1,4,4,9,144,At Risk,365+ Days,6-10 Purchases,High
11416,Jessica Smith,271,8,16281,0,2,5,4,11,254,At Risk,181-365 Days,6-10 Purchases,High
11449,Alexis Morris,470,7,20442,0,1,4,5,10,145,At Risk,365+ Days,6-10 Purchases,Very High
11456,Tracy Casey,431,8,24644,0,1,5,5,11,155,At Risk,365+ Days,6-10 Purchases,Very High
11494,Cole Rubio,272,7,15537,0,2,4,4,10,244,At Risk,181-365 Days,6-10 Purchases,High
11495,Jillian Morrison,247,7,23259,0,2,4,5,11,245,At Risk,181-365 Days,6-10 Purchases,Very High
11496,Dominique Williams,264,8,24069,0,2,5,5,12,255,At Risk,181-365 Days,6-10 Purchases,Very High
11506,Edward Duncan,717,6,21169,0,1,4,5,10,145,At Risk,365+ Days,6-10 Purchases,Very High
11509,Michael Lindsey,387,7,28718,0,2,4,5,11,245,At Risk,365+ Days,6-10 Purchases,Very High
11516,Diamond Peterson,911,5,18586,0,1,3,4,8,134,At Risk,365+ Days,3-5 Purchases,High
11586,Kayla Maynard,411,7,22332,0,2,4,5,11,245,At Risk,365+ Days,6-10 Purchases,Very High
11619,Jamie Raymond,244,8,20859,0,2,5,5,12,255,At Risk,181-365 Days,6-10 Purchases,Very High
11641,Kathryn Hayes,357,7,24333,0,2,4,5,11,245,At Risk,181-365 Days,6-10 Purchases,Very High
11685,April Carter,311,4,14882,0,2,2,4,8,224,Need Attention,181-365 Days,3-5 Purchases,High
11701,Chad Williams Jr.,584,5,16214,0,1,3,4,8,134,At Risk,365+ Days,3-5 Purchases,High
11713,Teresa Fritz,299,5,17364,0,2,3,4,9,234,At Risk,181-365 Days,3-5 Purchases,High
11727,Madison Berry,244,7,17910,0,2,4,4,10,244,At Risk,181-365 Days,6-10 Purchases,High
11728,Michael Scott,344,8,26702,0,2,5,5,12,255,At Risk,181-365 Days,6-10 Purchases,Very High
11729,Laurie Donovan,425,6,19927,0,2,4,5,11,245,At Risk,365+ Days,6-10 Purchases,Very High
11738,Sarah Evans,339,5,19438,0,2,3,5,10,235,At Risk,181-365 Days,3-5 Purchases,Very High
11743,Sydney Foster,441,7,16641,0,1,4,4,9,144,At Risk,365+ Days,6-10 Purchases,High
11751,Jason Wolfe,739,7,18642,0,1,4,4,9,144,At Risk,365+ Days,6-10 Purchases,High
11758,Ronald Long,311,9,29362,0,2,5,5,12,255,At Risk,181-365 Days,6-10 Purchases,Very High
11766,Lucas Powell Jr.,303,9,27031,0,2,5,5,12,255,At Risk,181-365 Days,6-10 Purchases,Very High
11774,Sarah Mckinney,644,8,22408,0,1,5,5,11,155,At Risk,365+ Days,6-10 Purchases,Very High
11796,Elizabeth Mendez,502,6,17202,0,1,4,4,9,144,At Risk,365+ Days,6-10 Purchases,High
11799,Lisa Burnett,349,5,19152,0,2,3,4,9,234,At Risk,181-365 Days,3-5 Purchases,High
11802,Joseph Bauer,452,8,25629,0,1,5,5,11,155,At Risk,365+ Days,6-10 Purchases,Very High
11811,Marilyn Lopez,324,7,22776,0,2,4,5,11,245,At Risk,181-365 Days,6-10 Purchases,Very High
11865,Jeremy Heath,552,6,17780,0,1,4,4,9,144,At Risk,365+ Days,6-10 Purchases,High
11886,Troy Potter,245,8,20323,0,2,5,5,12,255,At Risk,181-365 Days,6-10 Purchases,Very High
11890,Monique Johnston,332,5,17056,0,2,3,4,9,234,At Risk,181-365 Days,3-5 Purchases,High
11893,Christopher Sharp,531,9,18962,0,1,5,4,10,154,At Risk,365+ Days,6-10 Purchases,High
11894,James Alvarado,403,8,22623,0,2,5,5,12,255,At Risk,365+ Days,6-10 Purchases,Very High
11895,David Chapman,453,8,20305,0,1,5,5,11,155,At Risk,365+ Days,6-10 Purchases,Very High
11911,Ronald Rivera,453,5,21139,0,1,3,5,9,135,At Risk,365+ Days,3-5 Purchases,Very High
11922,William Lee,250,9,20645,0,2,5,5,12,255,At Risk,181-365 Days,6-10 Purchases,Very High
11929,David Figueroa,329,7,18451,0,2,4,4,10,244,At Risk,181-365 Days,6-10 Purchases,High
11944,Ann Warren,328,7,21296,0,2,4,5,11,245,At Risk,181-365 Days,6-10 Purchases,Very High
11979,Sheila May,531,5,16055,0,1,3,4,8,134,At Risk,365+ Days,3-5 Purchases,High
11996,Jeffery Guerra,689,7,21814,0,1,4,5,10,145,At Risk,365+ Days,6-10 Purchases,Very High
12047,Robert Clark,353,7,17693,0,2,4,4,10,244,At Risk,181-365 Days,6-10 Purchases,High
12090,Kelly Mathis,269,12,34411,0,2,5,5,12,255,At Risk,181-365 Days,10+ Purchases,Very High
12096,Mitchell Moore,602,5,15707,0,1,3,4,8,134,At Risk,365+ Days,3-5 Purchases,High
12130,Emily Berry,419,6,15694,0,2,4,4,10,244,At Risk,365+ Days,6-10 Purchases,High
12132,Heidi Ryan MD,561,6,14851,0,1,4,4,9,144,At Risk,365+ Days,6-10 Purchases,High
12136,Kyle Mcgrath,281,7,23253,0,2,4,5,11,245,At Risk,181-365 Days,6-10 Purchases,Very High
12143,Patrick Solis,246,7,21773,0,2,4,5,11,245,At Risk,181-365 Days,6-10 Purchases,Very High
12162,Miguel Reese,557,7,18610,0,1,4,4,9,144,At Risk,365+ Days,6-10 Purchases,High
12175,Stephen Young,300,6,18700,0,2,4,4,10,244,At Risk,181-365 Days,6-10 Purchases,High
12179,Anthony Wood,422,8,23520,0,2,5,5,12,255,At Risk,365+ Days,6-10 Purchases,Very High
12181,Angela Klein,416,5,17871,0,2,3,4,9,234,At Risk,365+ Days,3-5 Purchases,High
12189,Travis Carpenter,417,7,19987,0,2,4,5,11,245,At Risk,365+ Days,6-10 Purchases,Very High
12191,Jessica Bailey,318,6,16187,0,2,4,4,10,244,At Risk,181-365 Days,6-10 Purchases,High
12207,Christopher Clark,496,9,29404,0,1,5,5,11,155,At Risk,365+ Days,6-10 Purchases,Very High
12232,Michael Nielsen,253,7,20732,0,2,4,5,11,245,At Risk,181-365 Days,6-10 Purchases,Very High
12234,Diane Butler,330,6,19465,0,2,4,5,11,245,At Risk,181-365 Days,6-10 Purchases,Very High
12238,Tyler Adams,294,7,16912,0,2,4,4,10,244,At Risk,181-365 Days,6-10 Purchases,High
12276,Benjamin Sanchez,268,6,15396,0,2,4,4,10,244,At Risk,181-365 Days,6-10 Purchases,High
12285,Thomas Gaines,618,5,15374,0,1,3,4,8,134,At Risk,365+ Days,3-5 Purchases,High
12298,Raymond Mays,375,9,22264,0,2,5,5,12,255,At Risk,365+ Days,6-10 Purchases,Very High
12299,Brandon Jordan,321,5,15009,0,2,3,4,9,234,At Risk,181-365 Days,3-5 Purchases,High
12306,Frank Anderson,289,5,18143,0,2,3,4,9,234,At Risk,181-365 Days,3-5 Purchases,High
12312,Jerry Fuller,302,6,19235,0,2,4,4,10,244,At Risk,181-365 Days,6-10 Purchases,High
12317,Kayla Lewis,328,6,19110,0,2,4,4,10,244,At Risk,181-365 Days,6-10 Purchases,High
12319,Michael Stewart,282,5,15220,0,2,3,4,9,234,At Risk,181-365 Days,3-5 Purchases,High
12323,George Jones,326,9,23596,0,2,5,5,12,255,At Risk,181-365 Days,6-10 Purchases,Very High
12326,Richard Reid,377,8,24648,0,2,5,5,12,255,At Risk,365+ Days,6-10 Purchases,Very High
12337,Alicia Barajas,271,8,28214,0,2,5,5,12,255,At Risk,181-365 Days,6-10 Purchases,Very High
12367,Kelly Hughes,352,12,29590,0,2,5,5,12,255,At Risk,181-365 Days,10+ Purchases,Very High
12374,Keith Thomas II,311,8,18228,0,2,5,4,11,254,At Risk,181-365 Days,6-10 Purchases,High
12375,Justin Davis,476,10,26538,0,1,5,5,11,155,At Risk,365+ Days,6-10 Purchases,Very High
12402,Daniel Kramer,877,4,15596,0,1,2,4,7,124,Need Attention,365+ Days,3-5 Purchases,High
12407,Joshua Alvarado,434,7,16820,0,1,4,4,9,144,At Risk,365+ Days,6-10 Purchases,High
12416,George Nelson,280,8,18503,0,2,5,4,11,254,At Risk,181-365 Days,6-10 Purchases,High
12417,Michelle Hernandez,672,5,14861,0,1,3,4,8,134,At Risk,365+ Days,3-5 Purchases,High
12428,Robert Meza MD,512,5,18563,0,1,3,4,8,134,At Risk,365+ Days,3-5 Purchases,High
12434,Gerald Salinas,369,6,18224,0,2,4,4,10,244,At Risk,365+ Days,6-10 Purchases,High
12459,Natalie Bean,269,5,16244,0,2,3,4,9,234,At Risk,181-365 Days,3-5 Purchases,High
12463,Todd Floyd,316,6,20600,0,2,4,5,11,245,At Risk,181-365 Days,6-10 Purchases,Very High
12465,Tammy Casey,398,5,15459,0,2,3,4,9,234,At Risk,365+ Days,3-5 Purchases,High
12467,Judy Miller,322,7,17771,0,2,4,4,10,244,At Risk,181-365 Days,6-10 Purchases,High
12469,Tina Brooks,452,5,15306,0,1,3,4,8,134,At Risk,365+ Days,3-5 Purchases,High
12471,Kenneth Myers,559,5,17237,0,1,3,4,8,134,At Risk,365+ Days,3-5 Purchases,High
12478,Amanda Pope,249,7,23231,0,2,4,5,11,245,At Risk,181-365 Days,6-10 Purchases,Very High
12486,Andrew Paul,319,6,19107,0,2,4,4,10,244,At Risk,181-365 Days,6-10 Purchases,High
12499,Tristan Schmidt,266,8,23618,0,2,5,5,12,255,At Risk,181-365 Days,6-10 Purchases,Very High
12510,Thomas White,685,7,21402,0,1,4,5,10,145,At Risk,365+ Days,6-10 Purchases,Very High
12518,Isabella Cortez,271,7,22314,0,2,4,5,11,245,At Risk,181-365 Days,6-10 Purchases,Very High
12519,John Williams,879,4,15487,0,1,2,4,7,124,Need Attention,365+ Days,3-5 Purchases,High
12543,Cheryl Anderson,363,6,15107,0,2,4,4,10,244,At Risk,181-365 Days,6-10 Purchases,High
12551,Tracie Sawyer,342,6,17789,0,2,4,4,10,244,At Risk,181-365 Days,6-10 Purchases,High
12561,Diane Clark,288,6,14845,0,2,4,4,10,244,At Risk,181-365 Days,6-10 Purchases,High
12605,Patricia Walker,500,7,22418,0,1,4,5,10,145,At Risk,365+ Days,6-10 Purchases,Very High
12627,David Joseph,705,5,17729,0,1,3,4,8,134,At Risk,365+ Days,3-5 Purchases,High
12650,Pamela Kaiser,466,5,16935,0,1,3,4,8,134,At Risk,365+ Days,3-5 Purchases,High
12677,Jonathan Sims,359,6,19116,0,2,4,4,10,244,At Risk,181-365 Days,6-10 Purchases,High
12683,Dr. Stephen Weiss,253,6,17700,0,2,4,4,10,244,At Risk,181-365 Days,6-10 Purchases,High
12687,Robert Doyle,302,5,14973,0,2,3,4,9,234,At Risk,181-365 Days,3-5 Purchases,High
12696,Julia Hernandez,392,6,16875,0,2,4,4,10,244,At Risk,365+ Days,6-10 Purchases,High
12721,Karla Greene,520,5,16713,0,1,3,4,8,134,At Risk,365+ Days,3-5 Purchases,High
12736,Andrew Snyder,522,6,16142,0,1,4,4,9,144,At Risk,365+ Days,6-10 Purchases,High
12738,Gabriela Walker,293,8,21544,0,2,5,5,12,255,At Risk,181-365 Days,6-10 Purchases,Very High
12748,Todd Walls,261,5,16371,0,2,3,4,9,234,At Risk,181-365 Days,3-5 Purchases,High
12749,James Blevins,340,6,16319,0,2,4,4,10,244,At Risk,181-365 Days,6-10 Purchases,High
12750,Michael Pratt,498,6,17238,0,1,4,4,9,144,At Risk,365+ Days,6-10 Purchases,High
12751,Patricia Cardenas,481,7,16894,0,1,4,4,9,144,At Risk,365+ Days,6-10 Purchases,High
12775,Joshua Mcgrath,370,6,15724,0,2,4,4,10,244,At Risk,365+ Days,6-10 Purchases,High
12785,Sara Williams,306,10,32514,0,2,5,5,12,255,At Risk,181-365 Days,6-10 Purchases,Very High
12804,Thomas Ramirez,319,5,17602,0,2,3,4,9,234,At Risk,181-365 Days,3-5 Purchases,High
12827,Heidi Evans,590,6,15977,0,1,4,4,9,144,At Risk,365+ Days,6-10 Purchases,High
12828,Joanne Esparza,762,6,16198,0,1,4,4,9,144,At Risk,365+ Days,6-10 Purchases,High
12866,Eric Lewis,299,8,21655,0,2,5,5,12,255,At Risk,181-365 Days,6-10 Purchases,Very High
12869,Diane Nichols,698,4,14929,0,1,2,4,7,124,Need Attention,365+ Days,3-5 Purchases,High
12870,Barbara Sutton,436,5,16776,0,1,3,4,8,134,At Risk,365+ Days,3-5 Purchases,High
12874,Zachary Jackson,557,6,17262,0,1,4,4,9,144,At Risk,365+ Days,6-10 Purchases,High
12911,Larry Miller,815,6,16502,0,1,4,4,9,144,At Risk,365+ Days,6-10 Purchases,High
12963,Bryan Sanford,510,7,18991,0,1,4,4,9,144,At Risk,365+ Days,6-10 Purchases,High
12968,April Martinez,646,7,23681,0,1,4,5,10,145,At Risk,365+ Days,6-10 Purchases,Very High
13007,Marissa Wolfe,333,7,21104,0,2,4,5,11,245,At Risk,181-365 Days,6-10 Purchases,Very High
13022,Shannon White,385,7,15221,0,2,4,4,10,244,At Risk,365+ Days,6-10 Purchases,High
13031,Michael Mccoy,448,6,20720,0,1,4,5,10,145,At Risk,365+ Days,6-10 Purchases,Very High
13054,Jared Ramirez Jr.,402,5,14906,0,2,3,4,9,234,At Risk,365+ Days,3-5 Purchases,High
13055,Robert Rogers,638,8,19304,0,1,5,5,11,155,At Risk,365+ Days,6-10 Purchases,Very High
13076,Mark Clark,495,5,17401,0,1,3,4,8,134,At Risk,365+ Days,3-5 Purchases,High
13092,Amanda Franco,458,6,17794,0,1,4,4,9,144,At Risk,365+ Days,6-10 Purchases,High
13095,Wayne Miller,300,6,15180,0,2,4,4,10,244,At Risk,181-365 Days,6-10 Purchases,High
13100,Ashley Roberts,337,7,16638,0,2,4,4,10,244,At Risk,181-365 Days,6-10 Purchases,High
13101,Matthew Daniels,564,6,24068,0,1,4,5,10,145,At Risk,365+ Days,6-10 Purchases,Very High
13106,Joseph Marquez,247,7,25948,0,2,4,5,11,245,At Risk,181-365 Days,6-10 Purchases,Very High
13117,Claudia Bailey,451,6,20746,0,1,4,5,10,145,At Risk,365+ Days,6-10 Purchases,Very High
13160,Andrew Johnson,396,5,16491,0,2,3,4,9,234,At Risk,365+ Days,3-5 Purchases,High
13164,Anne Harrell,444,5,15716,0,1,3,4,8,134,At Risk,365+ Days,3-5 Purchases,High
13175,Kimberly Reed PhD,244,6,16878,0,2,4,4,10,244,At Risk,181-365 Days,6-10 Purchases,High
13176,Beth Park,323,7,16772,0,2,4,4,10,244,At Risk,181-365 Days,6-10 Purchases,High
13177,Justin Chandler,387,8,23351,0,2,5,5,12,255,At Risk,365+ Days,6-10 Purchases,Very High
13178,Jessica Olson,346,8,21232,0,2,5,5,12,255,At Risk,181-365 Days,6-10 Purchases,Very High
13223,Kevin Downs,245,6,17805,0,2,4,4,10,244,At Risk,181-365 Days,6-10 Purchases,High
13233,Ryan Jackson,545,5,16340,0,1,3,4,8,134,At Risk,365+ Days,3-5 Purchases,High
13236,Kara Johnson,613,4,15823,0,1,2,4,7,124,Need Attention,365+ Days,3-5 Purchases,High
13271,Jessica Cunningham DDS,292,7,20082,0,2,4,5,11,245,At Risk,181-365 Days,6-10 Purchases,Very High
13282,Kimberly Olson,360,7,23267,0,2,4,5,11,245,At Risk,181-365 Days,6-10 Purchases,Very High
13318,Raymond Serrano,289,7,18635,0,2,4,4,10,244,At Risk,181-365 Days,6-10 Purchases,High
13375,Jennifer French,472,8,16615,0,1,5,4,10,154,At Risk,365+ Days,6-10 Purchases,High
13382,Elizabeth Fernandez,273,4,16555,0,2,2,4,8,224,Need Attention,181-365 Days,3-5 Purchases,High
13393,Michael Hunt,250,7,21495,0,2,4,5,11,245,At Risk,181-365 Days,6-10 Purchases,Very High
13394,Joshua Taylor,449,5,15550,0,1,3,4,8,134,At Risk,365+ Days,3-5 Purchases,High
13441,Debbie Watson,311,7,19033,0,2,4,4,10,244,At Risk,181-365 Days,6-10 Purchases,High
13448,Michele Cox DDS,663,8,19557,0,1,5,5,11,155,At Risk,365+ Days,6-10 Purchases,Very High
13459,Michelle Booker,334,5,17375,0,2,3,4,9,234,At Risk,181-365 Days,3-5 Purchases,High
13466,Matthew Brown,553,7,20286,0,1,4,5,10,145,At Risk,365+ Days,6-10 Purchases,Very High
13482,Jessica Callahan,272,4,15347,0,2,2,4,8,224,Need Attention,181-365 Days,3-5 Purchases,High
13505,Isabella Roberts,306,8,24157,0,2,5,5,12,255,At Risk,181-365 Days,6-10 Purchases,Very High
13506,Amanda Hayes,363,7,14832,0,2,4,4,10,244,At Risk,181-365 Days,6-10 Purchases,High
13518,Erica Turner,507,9,20653,0,1,5,5,11,155,At Risk,365+ Days,6-10 Purchases,Very High
13535,Jasmine Giles,296,8,20374,0,2,5,5,12,255,At Risk,181-365 Days,6-10 Purchases,Very High
13548,Christopher Jones,718,7,15957,0,1,4,4,9,144,At Risk,365+ Days,6-10 Purchases,High
13567,Kelly Molina,325,6,20651,0,2,4,5,11,245,At Risk,181-365 Days,6-10 Purchases,Very High
13594,Pamela Watson,497,7,24726,0,1,4,5,10,145,At Risk,365+ Days,6-10 Purchases,Very High
13619,Brian Allen DDS,245,5,19133,0,2,3,4,9,234,At Risk,181-365 Days,3-5 Purchases,High
13653,Nicole Smith,304,9,16112,0,2,5,4,11,254,At Risk,181-365 Days,6-10 Purchases,High
13669,Angela Barnes,477,5,16706,0,1,3,4,8,134,At Risk,365+ Days,3-5 Purchases,High
13706,Anne Mathis,346,4,17365,0,2,2,4,8,224,Need Attention,181-365 Days,3-5 Purchases,High
13721,Mr. Kevin Anderson,300,5,18652,0,2,3,4,9,234,At Risk,181-365 Days,3-5 Purchases,High
13726,Anthony Golden,388,5,18303,0,2,3,4,9,234,At Risk,365+ Days,3-5 Purchases,High
13731,Erin Brooks,280,4,16477,0,2,2,4,8,224,Need Attention,181-365 Days,3-5 Purchases,High
13752,William Lindsey,442,9,20145,0,1,5,5,11,155,At Risk,365+ Days,6-10 Purchases,Very High
13762,Kevin Webb,667,4,15326,0,1,2,4,7,124,Need Attention,365+ Days,3-5 Purchases,High
13779,Ms. Debra Mendez,558,7,19633,0,1,4,5,10,145,At Risk,365+ Days,6-10 Purchases,Very High
13795,Michael Johnson DVM,687,4,15378,0,1,2,4,7,124,Need Attention,365+ Days,3-5 Purchases,High
13797,Susan Evans,612,6,18096,0,1,4,4,9,144,At Risk,365+ Days,6-10 Purchases,High
13806,Alice Rose MD,452,5,17321,0,1,3,4,8,134,At Risk,365+ Days,3-5 Purchases,High
13839,David Williams,389,4,15175,0,2,2,4,8,224,Need Attention,365+ Days,3-5 Purchases,High
13840,Annette Walls,292,8,23243,0,2,5,5,12,255,At Risk,181-365 Days,6-10 Purchases,Very High
13862,Amanda Neal,392,9,30822,0,2,5,5,12,255,At Risk,365+ Days,6-10 Purchases,Very High
13864,Scott Jennings,678,7,24996,0,1,4,5,10,145,At Risk,365+ Days,6-10 Purchases,Very High
13874,Marcus Greene,367,8,25068,0,2,5,5,12,255,At Risk,365+ Days,6-10 Purchases,Very High
13879,Margaret Perkins,393,7,16703,0,2,4,4,10,244,At Risk,365+ Days,6-10 Purchases,High
13893,Jodi Gonzalez,637,6,20752,0,1,4,5,10,145,At Risk,365+ Days,6-10 Purchases,Very High
13896,Sean Morris,342,4,16490,0,2,2,4,8,224,Need Attention,181-365 Days,3-5 Purchases,High
13900,Daniel Ross,311,6,16384,0,2,4,4,10,244,At Risk,181-365 Days,6-10 Purchases,High
13902,Brenda Cruz,418,6,16526,0,2,4,4,10,244,At Risk,365+ Days,6-10 Purchases,High
13925,Jason Stevenson,341,6,17704,0,2,4,4,10,244,At Risk,181-365 Days,6-10 Purchases,High
13929,Paul Collins,411,8,15712,0,2,5,4,11,254,At Risk,365+ Days,6-10 Purchases,High
13942,Stephen Henry,634,5,15511,0,1,3,4,8,134,At Risk,365+ Days,3-5 Purchases,High
13945,Jacob Avery,647,6,15973,0,1,4,4,9,144,At Risk,365+ Days,6-10 Purchases,High
13947,Christian Duncan,291,7,21705,0,2,4,5,11,245,At Risk,181-365 Days,6-10 Purchases,Very High
13951,Todd Guzman,599,8,15133,0,1,5,4,10,154,At Risk,365+ Days,6-10 Purchases,High
13954,Jason Massey,291,8,20035,0,2,5,5,12,255,At Risk,181-365 Days,6-10 Purchases,Very High
13960,Justin Moore,247,7,20312,0,2,4,5,11,245,At Risk,181-365 Days,6-10 Purchases,Very High
13963,Michael Griffin,356,6,19110,0,2,4,4,10,244,At Risk,181-365 Days,6-10 Purchases,High
13966,Kenneth Woods,261,7,15949,0,2,4,4,10,244,At Risk,181-365 Days,6-10 Purchases,High
13993,Gregory Deleon,404,6,16440,0,2,4,4,10,244,At Risk,365+ Days,6-10 Purchases,High
13994,Nathan Tanner,263,6,19511,0,2,4,5,11,245,At Risk,181-365 Days,6-10 Purchases,Very High
14006,Christina Phelps,399,7,21027,0,2,4,5,11,245,At Risk,365+ Days,6-10 Purchases,Very High
14008,Richard Henderson,501,5,19976,0,1,3,5,9,135,At Risk,365+ Days,3-5 Purchases,Very High
14017,Jeffery Pena,272,6,17840,0,2,4,4,10,244,At Risk,181-365 Days,6-10 Purchases,High
14025,Ruth Castro,498,6,15284,0,1,4,4,9,144,At Risk,365+ Days,6-10 Purchases,High
14035,Nathan Gonzalez,266,6,18547,0,2,4,4,10,244,At Risk,181-365 Days,6-10 Purchases,High
14039,Joshua Osborne,428,5,16005,0,1,3,4,8,134,At Risk,365+ Days,3-5 Purchases,High
14044,Robert Collier,409,8,23453,0,2,5,5,12,255,At Risk,365+ Days,6-10 Purchases,Very High
14056,Kristin Green,273,6,22670,0,2,4,5,11,245,At Risk,181-365 Days,6-10 Purchases,Very High
14061,Richard George,493,8,18102,0,1,5,4,10,154,At Risk,365+ Days,6-10 Purchases,High
14097,Elizabeth Jarvis,334,5,17390,0,2,3,4,9,234,At Risk,181-365 Days,3-5 Purchases,High
14105,Heather Maldonado,514,5,17737,0,1,3,4,8,134,At Risk,365+ Days,3-5 Purchases,High
14109,Christine Mills,289,7,17116,0,2,4,4,10,244,At Risk,181-365 Days,6-10 Purchases,High
14111,Russell Owen,516,7,20095,0,1,4,5,10,145,At Risk,365+ Days,6-10 Purchases,Very High
14114,Jill Wolfe,274,8,29886,0,2,5,5,12,255,At Risk,181-365 Days,6-10 Purchases,Very High
14127,Shannon Kemp,302,5,15944,0,2,3,4,9,234,At Risk,181-365 Days,3-5 Purchases,High
14139,Peter Mayer,452,7,15704,0,1,4,4,9,144,At Risk,365+ Days,6-10 Purchases,High
14166,Brianna Contreras,281,6,20967,0,2,4,5,11,245,At Risk,181-365 Days,6-10 Purchases,Very High
14190,David Fitzpatrick,365,5,18193,0,2,3,4,9,234,At Risk,181-365 Days,3-5 Purchases,High
14216,Dr. William Ford,244,7,16485,0,2,4,4,10,244,At Risk,181-365 Days,6-10 Purchases,High
14221,Michael Rush,335,8,22597,0,2,5,5,12,255,At Risk,181-365 Days,6-10 Purchases,Very High
14231,Nicole Warren,415,8,18691,0,2,5,4,11,254,At Risk,365+ Days,6-10 Purchases,High
14235,Jessica Sharp,274,10,26541,0,2,5,5,12,255,At Risk,181-365 Days,6-10 Purchases,Very High
14244,Allison Short,376,5,17688,0,2,3,4,9,234,At Risk,365+ Days,3-5 Purchases,High
14252,James Peterson,339,7,18741,0,2,4,4,10,244,At Risk,181-365 Days,6-10 Purchases,High
14273,James Cox,254,7,17804,0,2,4,4,10,244,At Risk,181-365 Days,6-10 Purchases,High
14278,Robert Johnson,309,9,23697,0,2,5,5,12,255,At Risk,181-365 Days,6-10 Purchases,Very High
14282,Yolanda Aguilar,434,7,22226,0,1,4,5,10,145,At Risk,365+ Days,6-10 Purchases,Very High
14332,Linda Williams,406,10,25690,0,2,5,5,12,255,At Risk,365+ Days,6-10 Purchases,Very High
14346,Tiffany Freeman,333,7,15719,0,2,4,4,10,244,At Risk,181-365 Days,6-10 Purchases,High
14365,Kristen Thompson,262,6,17138,0,2,4,4,10,244,At Risk,181-365 Days,6-10 Purchases,High
14404,Hannah Young,266,5,16408,0,2,3,4,9,234,At Risk,181-365 Days,3-5 Purchases,High
14408,Mrs. Leslie Ortiz DDS,418,8,15897,0,2,5,4,11,254,At Risk,365+ Days,6-10 Purchases,High
14435,Randy Wheeler,393,8,25160,0,2,5,5,12,255,At Risk,365+ Days,6-10 Purchases,Very High
14444,John Smith,726,6,15888,0,1,4,4,9,144,At Risk,365+ Days,6-10 Purchases,High
14449,Kathleen Lambert,409,5,18449,0,2,3,4,9,234,At Risk,365+ Days,3-5 Purchases,High
14453,Michael Mcdowell,245,5,15382,0,2,3,4,9,234,At Risk,181-365 Days,3-5 Purchases,High
14463,Christine Fields,256,7,21737,0,2,4,5,11,245,At Risk,181-365 Days,6-10 Purchases,Very High
14473,Anthony Martinez,266,4,15398,0,2,2,4,8,224,Need Attention,181-365 Days,3-5 Purchases,High
14474,Courtney Harper,312,5,18476,0,2,3,4,9,234,At Risk,181-365 Days,3-5 Purchases,High
14486,Carlos Anderson,520,6,17025,0,1,4,4,9,144,At Risk,365+ Days,6-10 Purchases,High
14490,Jimmy Miller DDS,292,5,17036,0,2,3,4,9,234,At Risk,181-365 Days,3-5 Purchases,High
14510,Tiffany Webster,616,4,17063,0,1,2,4,7,124,Need Attention,365+ Days,3-5 Purchases,High
14520,Hannah Gonzalez,244,8,22786,0,2,5,5,12,255,At Risk,181-365 Days,6-10 Purchases,Very High
14527,Margaret Jones,328,6,17060,0,2,4,4,10,244,At Risk,181-365 Days,6-10 Purchases,High
14538,Sean Pope,557,6,21744,0,1,4,5,10,145,At Risk,365+ Days,6-10 Purchases,Very High
14566,Melissa Alexander,401,6,18550,0,2,4,4,10,244,At Risk,365+ Days,6-10 Purchases,High
14592,Laura Long,315,7,18494,0,2,4,4,10,244,At Risk,181-365 Days,6-10 Purchases,High
14597,Michelle Garcia,525,4,15227,0,1,2,4,7,124,Need Attention,365+ Days,3-5 Purchases,High
14599,Richard Wright,311,7,19001,0,2,4,4,10,244,At Risk,181-365 Days,6-10 Purchases,High
14600,Kimberly Jenkins,275,7,25175,0,2,4,5,11,245,At Risk,181-365 Days,6-10 Purchases,Very High
14616,Cassandra Harris,535,5,15632,0,1,3,4,8,134,At Risk,365+ Days,3-5 Purchases,High
14631,Joseph Boyd,396,7,16345,0,2,4,4,10,244,At Risk,365+ Days,6-10 Purchases,High
14632,Jesse Delgado,534,6,15201,0,1,4,4,9,144,At Risk,365+ Days,6-10 Purchases,High
14633,Jill Hoffman,428,5,18857,0,1,3,4,8,134,At Risk,365+ Days,3-5 Purchases,High
14651,Lawrence Hood,436,7,23684,0,1,4,5,10,145,At Risk,365+ Days,6-10 Purchases,Very High
14660,Robert Wheeler,323,10,18704,0,2,5,4,11,254,At Risk,181-365 Days,6-10 Purchases,High
14675,Thomas Chavez,434,7,18200,0,1,4,4,9,144,At Risk,365+ Days,6-10 Purchases,High
14679,Ryan Young,309,9,15846,0,2,5,4,11,254,At Risk,181-365 Days,6-10 Purchases,High
14687,Anthony King,466,5,14970,0,1,3,4,8,134,At Risk,365+ Days,3-5 Purchases,High
14688,Cheryl Carroll,250,7,23827,0,2,4,5,11,245,At Risk,181-365 Days,6-10 Purchases,Very High
14702,Scott Spence,430,8,26309,0,1,5,5,11,155,At Risk,365+ Days,6-10 Purchases,Very High
14707,Michelle Peterson,782,4,15383,0,1,2,4,7,124,Need Attention,365+ Days,3-5 Purchases,High
14713,Martin Compton,353,9,20443,0,2,5,5,12,255,At Risk,181-365 Days,6-10 Purchases,Very High
14715,Ross Mills,406,5,17537,0,2,3,4,9,234,At Risk,365+ Days,3-5 Purchases,High
14718,Charles Romero,340,5,17359,0,2,3,4,9,234,At Risk,181-365 Days,3-5 Purchases,High
14734,David Saunders,413,7,22356,0,2,4,5,11,245,At Risk,365+ Days,6-10 Purchases,Very High
14739,Jeffrey Bell,360,9,20973,0,2,5,5,12,255,At Risk,181-365 Days,6-10 Purchases,Very High
14790,Rebecca Wallace,372,8,23363,0,2,5,5,12,255,At Risk,365+ Days,6-10 Purchases,Very High
14797,William West,252,5,15840,0,2,3,4,9,234,At Risk,181-365 Days,3-5 Purchases,High
14812,Jenna Thompson,434,6,16919,0,1,4,4,9,144,At Risk,365+ Days,6-10 Purchases,High
14814,George Rodriguez,390,6,19106,0,2,4,4,10,244,At Risk,365+ Days,6-10 Purchases,High
14819,Jonathan Nguyen,364,7,19777,0,2,4,5,11,245,At Risk,181-365 Days,6-10 Purchases,Very High
14841,Melinda Lopez,405,6,21868,0,2,4,5,11,245,At Risk,365+ Days,6-10 Purchases,Very High
14843,Courtney Fuller,257,5,19747,0,2,3,5,10,235,At Risk,181-365 Days,3-5 Purchases,Very High
14874,Justin Simpson,404,7,17910,0,2,4,4,10,244,At Risk,365+ Days,6-10 Purchases,High
14896,Amanda Ibarra,553,6,22218,0,1,4,5,10,145,At Risk,365+ Days,6-10 Purchases,Very High
14916,Jessica White,494,7,19828,0,1,4,5,10,145,At Risk,365+ Days,6-10 Purchases,Very High
14918,Erik Hudson,276,9,26549,0,2,5,5,12,255,At Risk,181-365 Days,6-10 Purchases,Very High
14922,Leslie Norris,260,5,15826,0,2,3,4,9,234,At Risk,181-365 Days,3-5 Purchases,High
14937,Mark Garcia,270,8,15419,0,2,5,4,11,254,At Risk,181-365 Days,6-10 Purchases,High
14962,Jordan Cruz,317,5,18451,0,2,3,4,9,234,At Risk,181-365 Days,3-5 Purchases,High
14968,Justin Knox,313,8,23623,0,2,5,5,12,255,At Risk,181-365 Days,6-10 Purchases,Very High
14980,Brandy Romero,394,6,15155,0,2,4,4,10,244,At Risk,365+ Days,6-10 Purchases,High
14996,Regina Jones,693,5,15719,0,1,3,4,8,134,At Risk,365+ Days,3-5 Purchases,High
14999,Gina Nelson,697,7,21494,0,1,4,5,10,145,At Risk,365+ Days,6-10 Purchases,Very High
15008,Todd Arroyo,299,7,18475,0,2,4,4,10,244,At Risk,181-365 Days,6-10 Purchases,High
15024,Sergio Clark,379,7,23358,0,2,4,5,11,245,At Risk,365+ Days,6-10 Purchases,Very High
15041,Gabrielle Petersen,360,4,14895,0,2,2,4,8,224,Need Attention,181-365 Days,3-5 Purchases,High
15048,Nancy Smith,256,6,15540,0,2,4,4,10,244,At Risk,181-365 Days,6-10 Purchases,High
15056,Nicholas Thompson,317,8,22818,0,2,5,5,12,255,At Risk,181-365 Days,6-10 Purchases,Very High
15058,Kimberly Collins,292,6,15055,0,2,4,4,10,244,At Risk,181-365 Days,6-10 Purchases,High
15062,Stephen Ingram,514,6,16544,0,1,4,4,9,144,At Risk,365+ Days,6-10 Purchases,High
15063,Cory Rodriguez,452,6,16761,0,1,4,4,9,144,At Risk,365+ Days,6-10 Purchases,High
15110,Christina Nguyen,244,6,23203,0,2,4,5,11,245,At Risk,181-365 Days,6-10 Purchases,Very High
15113,Albert Harris,426,6,16371,0,2,4,4,10,244,At Risk,365+ Days,6-10 Purchases,High
15125,Casey Ochoa,357,10,29516,0,2,5,5,12,255,At Risk,181-365 Days,6-10 Purchases,Very High
15146,Rebecca Miller,382,5,20437,0,2,3,5,10,235,At Risk,365+ Days,3-5 Purchases,Very High
15173,Kristi Williams,770,5,16279,0,1,3,4,8,134,At Risk,365+ Days,3-5 Purchases,High
15180,Juan Gay,435,5,16210,0,1,3,4,8,134,At Risk,365+ Days,3-5 Purchases,High
15181,John Bailey,816,5,18458,0,1,3,4,8,134,At Risk,365+ Days,3-5 Purchases,High
15212,Candice Boyd,388,9,22268,0,2,5,5,12,255,At Risk,365+ Days,6-10 Purchases,Very High
15218,Jennifer Burgess,334,8,23337,0,2,5,5,12,255,At Risk,181-365 Days,6-10 Purchases,Very High
15240,Tiffany Gomez,409,6,22805,0,2,4,5,11,245,At Risk,365+ Days,6-10 Purchases,Very High
15243,Dawn Franklin,257,6,18356,0,2,4,4,10,244,At Risk,181-365 Days,6-10 Purchases,High
15245,Louis Donaldson,252,6,21398,0,2,4,5,11,245,At Risk,181-365 Days,6-10 Purchases,Very High
15262,Jamie Miller,289,7,21925,0,2,4,5,11,245,At Risk,181-365 Days,6-10 Purchases,Very High
15272,Laura Jones,485,8,17169,0,1,5,4,10,154,At Risk,365+ Days,6-10 Purchases,High
15285,Laura Patton,596,6,18674,0,1,4,4,9,144,At Risk,365+ Days,6-10 Purchases,High
15309,Amy Camacho,430,6,24262,0,1,4,5,10,145,At Risk,365+ Days,6-10 Purchases,Very High
15320,Zachary Rollins,250,5,15007,0,2,3,4,9,234,At Risk,181-365 Days,3-5 Purchases,High
15327,John Patton,259,6,14937,0,2,4,4,10,244,At Risk,181-365 Days,6-10 Purchases,High
15338,Eric Cooper,445,4,15389,0,1,2,4,7,124,Need Attention,365+ Days,3-5 Purchases,High
15344,Ms. Jennifer Davis,290,9,21391,0,2,5,5,12,255,At Risk,181-365 Days,6-10 Purchases,Very High
15405,Bill Webb,915,5,15181,0,1,3,4,8,134,At Risk,365+ Days,3-5 Purchases,High
15417,Ashley Rodriguez,248,6,16134,0,2,4,4,10,244,At Risk,181-365 Days,6-10 Purchases,High
15423,Tony Jones,309,5,16188,0,2,3,4,9,234,At Risk,181-365 Days,3-5 Purchases,High
15425,Tony Calhoun,771,4,15348,0,1,2,4,7,124,Need Attention,365+ Days,3-5 Purchases,High
15441,Abigail Clayton,292,7,31002,0,2,4,5,11,245,At Risk,181-365 Days,6-10 Purchases,Very High
15446,Haley Baker,387,7,19632,0,2,4,5,11,245,At Risk,365+ Days,6-10 Purchases,Very High
15449,Jill Juarez,386,7,17786,0,2,4,4,10,244,At Risk,365+ Days,6-10 Purchases,High
15458,Erika Rodriguez,325,6,18214,0,2,4,4,10,244,At Risk,181-365 Days,6-10 Purchases,High
15470,Angela Davidson,277,5,16260,0,2,3,4,9,234,At Risk,181-365 Days,3-5 Purchases,High
15484,John Jimenez,288,7,21921,0,2,4,5,11,245,At Risk,181-365 Days,6-10 Purchases,Very High
15487,Kevin Davis,308,5,15619,0,2,3,4,9,234,At Risk,181-365 Days,3-5 Purchases,High
15493,Shannon Carter,287,7,20504,0,2,4,5,11,245,At Risk,181-365 Days,6-10 Purchases,Very High
15505,Gerald Rodgers,309,7,21078,0,2,4,5,11,245,At Risk,181-365 Days,6-10 Purchases,Very High
15509,Kathryn Salas,303,5,15123,0,2,3,4,9,234,At Risk,181-365 Days,3-5 Purchases,High
15513,Erin Williams,333,6,16048,0,2,4,4,10,244,At Risk,181-365 Days,6-10 Purchases,High
15518,Craig Ramos,627,6,18896,0,1,4,4,9,144,At Risk,365+ Days,6-10 Purchases,High
15524,Chelsea Ramirez,275,4,16241,0,2,2,4,8,224,Need Attention,181-365 Days,3-5 Purchases,High
15545,Shannon Griffith,286,6,16405,0,2,4,4,10,244,At Risk,181-365 Days,6-10 Purchases,High
15565,Jennifer Mckinney,553,6,16029,0,1,4,4,9,144,At Risk,365+ Days,6-10 Purchases,High
15567,Patrick Jones,405,7,18724,0,2,4,4,10,244,At Risk,365+ Days,6-10 Purchases,High
15571,Angela Hubbard,643,5,16350,0,1,3,4,8,134,At Risk,365+ Days,3-5 Purchases,High
15572,Jenny Higgins,275,5,15466,0,2,3,4,9,234,At Risk,181-365 Days,3-5 Purchases,High
15581,Mr. John Jimenez,325,5,19652,0,2,3,5,10,235,At Risk,181-365 Days,3-5 Purchases,Very High
15587,Roberto Anderson,286,7,27781,0,2,4,5,11,245,At Risk,181-365 Days,6-10 Purchases,Very High
15599,Lisa Hicks,315,5,15805,0,2,3,4,9,234,At Risk,181-365 Days,3-5 Purchases,High
15605,Daniel Jones,328,8,28135,0,2,5,5,12,255,At Risk,181-365 Days,6-10 Purchases,Very High
15624,Matthew Lewis,397,6,18122,0,2,4,4,10,244,At Risk,365+ Days,6-10 Purchases,High
15650,Mackenzie Gibson,333,8,22172,0,2,5,5,12,255,At Risk,181-365 Days,6-10 Purchases,Very High
15657,Anna Garrett,601,6,17522,0,1,4,4,9,144,At Risk,365+ Days,6-10 Purchases,High
15667,Gregory Stevenson,350,5,15915,0,2,3,4,9,234,At Risk,181-365 Days,3-5 Purchases,High
15674,Mallory Yang,340,10,24589,0,2,5,5,12,255,At Risk,181-365 Days,6-10 Purchases,Very High
15677,Hailey Cooke,542,5,18293,0,1,3,4,8,134,At Risk,365+ Days,3-5 Purchases,High
15697,Michael Bailey,530,5,15615,0,1,3,4,8,134,At Risk,365+ Days,3-5 Purchases,High
15704,Francisco Nunez,472,5,19680,0,1,3,5,9,135,At Risk,365+ Days,3-5 Purchases,Very High
15718,Andrew Medina,684,8,28391,0,1,5,5,11,155,At Risk,365+ Days,6-10 Purchases,Very High
15729,Jacob Malone,374,7,25344,0,2,4,5,11,245,At Risk,365+ Days,6-10 Purchases,Very High
15733,Shelly Grant,495,6,17977,0,1,4,4,9,144,At Risk,365+ Days,6-10 Purchases,High
15735,Melinda Patterson,284,7,20540,0,2,4,5,11,245,At Risk,181-365 Days,6-10 Purchases,Very High
15740,Martha Lynch,247,6,15054,0,2,4,4,10,244,At Risk,181-365 Days,6-10 Purchases,High
15742,Sarah Wilson,435,7,16329,0,1,4,4,9,144,At Risk,365+ Days,6-10 Purchases,High
15753,Jessica Todd,607,6,18686,0,1,4,4,9,144,At Risk,365+ Days,6-10 Purchases,High
15756,Danny Young,356,5,20937,0,2,3,5,10,235,At Risk,181-365 Days,3-5 Purchases,Very High
15777,Jose Cooper,374,7,17777,0,2,4,4,10,244,At Risk,365+ Days,6-10 Purchases,High
15807,Elizabeth Clark,282,6,22326,0,2,4,5,11,245,At Risk,181-365 Days,6-10 Purchases,Very High
15808,Donald Howard,374,7,16691,0,2,4,4,10,244,At Risk,365+ Days,6-10 Purchases,High
15816,Stephen Larson,436,6,18713,0,1,4,4,9,144,At Risk,365+ Days,6-10 Purchases,High
15819,Amanda Smith,311,8,18397,0,2,5,4,11,254,At Risk,181-365 Days,6-10 Purchases,High
15822,Sara Mitchell,495,6,21875,0,1,4,5,10,145,At Risk,365+ Days,6-10 Purchases,Very High
15837,Eric Wall,569,6,16078,0,1,4,4,9,144,At Risk,365+ Days,6-10 Purchases,High
15845,Michael Leon,245,9,34015,0,2,5,5,12,255,At Risk,181-365 Days,6-10 Purchases,Very High
15849,Raymond Wright,302,7,18417,0,2,4,4,10,244,At Risk,181-365 Days,6-10 Purchases,High
15854,Frank White,555,5,18488,0,1,3,4,8,134,At Risk,365+ Days,3-5 Purchases,High
15877,Laura Hubbard,329,5,15143,0,2,3,4,9,234,At Risk,181-365 Days,3-5 Purchases,High
15924,Adrian Anderson,289,8,15568,0,2,5,4,11,254,At Risk,181-365 Days,6-10 Purchases,High
15939,Joseph Craig,435,5,16710,0,1,3,4,8,134,At Risk,365+ Days,3-5 Purchases,High
15945,Charles Walker,262,8,20076,0,2,5,5,12,255,At Risk,181-365 Days,6-10 Purchases,Very High
15951,Travis Taylor,426,7,16450,0,2,4,4,10,244,At Risk,365+ Days,6-10 Purchases,High
15953,Steve Singh,356,6,17233,0,2,4,4,10,244,At Risk,181-365 Days,6-10 Purchases,High
15965,Michael Jones,520,5,17194,0,1,3,4,8,134,At Risk,365+ Days,3-5 Purchases,High
15966,Benjamin Simmons,362,5,15371,0,2,3,4,9,234,At Risk,181-365 Days,3-5 Purchases,High
15974,Randall Robles,295,7,18182,0,2,4,4,10,244,At Risk,181-365 Days,6-10 Purchases,High
15975,Mark Hill,275,5,19218,0,2,3,4,9,234,At Risk,181-365 Days,3-5 Purchases,High
15979,Angelica Webster,345,8,24174,0,2,5,5,12,255,At Risk,181-365 Days,6-10 Purchases,Very High
15989,Heather Campbell,495,5,18449,0,1,3,4,8,134,At Risk,365+ Days,3-5 Purchases,High
15998,Christopher Olson,351,9,23462,0,2,5,5,12,255,At Risk,181-365 Days,6-10 Purchases,Very High
16027,Matthew Rodriguez,325,7,20978,0,2,4,5,11,245,At Risk,181-365 Days,6-10 Purchases,Very High
16044,Charles Johnson,602,5,17647,0,1,3,4,8,134,At Risk,365+ Days,3-5 Purchases,High
16064,Deborah Sullivan,245,7,20231,0,2,4,5,11,245,At Risk,181-365 Days,6-10 Purchases,Very High
16074,Tracy Andrews,286,7,16166,0,2,4,4,10,244,At Risk,181-365 Days,6-10 Purchases,High
16085,Tina Terry,258,10,33454,0,2,5,5,12,255,At Risk,181-365 Days,6-10 Purchases,Very High
16093,Christopher Williams,325,4,15439,0,2,2,4,8,224,Need Attention,181-365 Days,3-5 Purchases,High
16102,Frank Smith,288,7,20759,0,2,4,5,11,245,At Risk,181-365 Days,6-10 Purchases,Very High
16133,Kevin Johnson,328,5,15519,0,2,3,4,9,234,At Risk,181-365 Days,3-5 Purchases,High
16161,Nathan Hernandez,502,6,23247,0,1,4,5,10,145,At Risk,365+ Days,6-10 Purchases,Very High
16164,Jonathan Cox,466,7,20042,0,1,4,5,10,145,At Risk,365+ Days,6-10 Purchases,Very High
16182,Gregory Hernandez,256,9,24024,0,2,5,5,12,255,At Risk,181-365 Days,6-10 Purchases,Very High
16185,Eric Harris,298,5,20323,0,2,3,5,10,235,At Risk,181-365 Days,3-5 Purchases,Very High
16214,Briana Richards,333,5,16887,0,2,3,4,9,234,At Risk,181-365 Days,3-5 Purchases,High
16223,Amy Benson,507,6,20153,0,1,4,5,10,145,At Risk,365+ Days,6-10 Purchases,Very High
16244,Victoria Guzman,308,8,21445,0,2,5,5,12,255,At Risk,181-365 Days,6-10 Purchases,Very High
16253,Philip Reyes,274,8,22056,0,2,5,5,12,255,At Risk,181-365 Days,6-10 Purchases,Very High
16279,Oscar Miller,251,6,17801,0,2,4,4,10,244,At Risk,181-365 Days,6-10 Purchases,High
16280,Nathan Smith,731,7,20217,0,1,4,5,10,145,At Risk,365+ Days,6-10 Purchases,Very High
16306,Carl Rodriguez,261,7,19300,0,2,4,5,11,245,At Risk,181-365 Days,6-10 Purchases,Very High
16343,Michael Atkins,388,8,26477,0,2,5,5,12,255,At Risk,365+ Days,6-10 Purchases,Very High
16351,Nancy Harvey,462,5,19589,0,1,3,5,9,135,At Risk,365+ Days,3-5 Purchases,Very High
16361,Katherine Wall,303,6,23456,0,2,4,5,11,245,At Risk,181-365 Days,6-10 Purchases,Very High
16363,Wayne Henderson,357,8,17878,0,2,5,4,11,254,At Risk,181-365 Days,6-10 Purchases,High
16364,David Oliver,660,5,15016,0,1,3,4,8,134,At Risk,365+ Days,3-5 Purchases,High
16396,Teresa Burton,313,6,20699,0,2,4,5,11,245,At Risk,181-365 Days,6-10 Purchases,Very High
16416,Dustin Gould,589,5,16383,0,1,3,4,8,134,At Risk,365+ Days,3-5 Purchases,High
16417,Julie Suarez,402,7,19686,0,2,4,5,11,245,At Risk,365+ Days,6-10 Purchases,Very High
16420,John Mcdaniel,317,7,23189,0,2,4,5,11,245,At Risk,181-365 Days,6-10 Purchases,Very High
16425,Todd Reid,338,8,16809,0,2,5,4,11,254,At Risk,181-365 Days,6-10 Purchases,High
16429,Sheri Carpenter,348,5,15487,0,2,3,4,9,234,At Risk,181-365 Days,3-5 Purchases,High
16435,David Morales,299,4,14932,0,2,2,4,8,224,Need Attention,181-365 Days,3-5 Purchases,High
16447,Michael Morgan,340,5,14947,0,2,3,4,9,234,At Risk,181-365 Days,3-5 Purchases,High
16451,Randy Carpenter,260,7,16343,0,2,4,4,10,244,At Risk,181-365 Days,6-10 Purchases,High
16453,Dwayne Dunn,334,5,18530,0,2,3,4,9,234,At Risk,181-365 Days,3-5 Purchases,High
16460,Kevin Hernandez,448,7,20031,0,1,4,5,10,145,At Risk,365+ Days,6-10 Purchases,Very High
16461,Johnny Taylor,362,4,15330,0,2,2,4,8,224,Need Attention,181-365 Days,3-5 Purchases,High
16468,Jennifer House,290,7,16233,0,2,4,4,10,244,At Risk,181-365 Days,6-10 Purchases,High
16484,Rachael Murphy,597,5,15913,0,1,3,4,8,134,At Risk,365+ Days,3-5 Purchases,High
16493,Timothy Beck,323,5,17465,0,2,3,4,9,234,At Risk,181-365 Days,3-5 Purchases,High
16502,Sherri Glenn,408,7,21826,0,2,4,5,11,245,At Risk,365+ Days,6-10 Purchases,Very High
16522,Anita Flynn,276,7,20234,0,2,4,5,11,245,At Risk,181-365 Days,6-10 Purchases,Very High
16526,Sandra White,388,5,14828,0,2,3,4,9,234,At Risk,365+ Days,3-5 Purchases,High
16541,Mark Burch,313,6,18091,0,2,4,4,10,244,At Risk,181-365 Days,6-10 Purchases,High
16546,Taylor Moore,517,7,21060,0,1,4,5,10,145,At Risk,365+ Days,6-10 Purchases,Very High
16547,Colleen Rhodes,451,7,17106,0,1,4,4,9,144,At Risk,365+ Days,6-10 Purchases,High
16554,Derek Harrington,471,5,18130,0,1,3,4,8,134,At Risk,365+ Days,3-5 Purchases,High
16560,Daniel Mendez,284,7,25825,0,2,4,5,11,245,At Risk,181-365 Days,6-10 Purchases,Very High
16563,Michael Richards,259,5,17019,0,2,3,4,9,234,At Risk,181-365 Days,3-5 Purchases,High
16565,Charlene White,692,6,20490,0,1,4,5,10,145,At Risk,365+ Days,6-10 Purchases,Very High
16570,Gregory Whitney,263,6,16295,0,2,4,4,10,244,At Risk,181-365 Days,6-10 Purchases,High
16591,Kathy Martin,263,4,16178,0,2,2,4,8,224,Need Attention,181-365 Days,3-5 Purchases,High
16645,Joshua Larson,364,5,19558,0,2,3,5,10,235,At Risk,181-365 Days,3-5 Purchases,Very High
16698,Chad Lynch,384,4,16587,0,2,2,4,8,224,Need Attention,365+ Days,3-5 Purchases,High
16715,Beth Franklin,259,5,16315,0,2,3,4,9,234,At Risk,181-365 Days,3-5 Purchases,High
16731,Albert Lee,417,9,25970,0,2,5,5,12,255,At Risk,365+ Days,6-10 Purchases,Very High
16732,Bailey Perez,297,6,17538,0,2,4,4,10,244,At Risk,181-365 Days,6-10 Purchases,High
16770,Cynthia Washington,434,6,18840,0,1,4,4,9,144,At Risk,365+ Days,6-10 Purchases,High
16786,Kyle Hernandez,336,7,23933,0,2,4,5,11,245,At Risk,181-365 Days,6-10 Purchases,Very High
16799,Kara Carter,459,7,18713,0,1,4,4,9,144,At Risk,365+ Days,6-10 Purchases,High
16826,David Rivas,873,4,17807,0,1,2,4,7,124,Need Attention,365+ Days,3-5 Purchases,High
16827,Brandon Myers,317,5,15770,0,2,3,4,9,234,At Risk,181-365 Days,3-5 Purchases,High
16834,Leonard Williamson,255,5,15807,0,2,3,4,9,234,At Risk,181-365 Days,3-5 Purchases,High
16837,Richard Haney,384,6,17029,0,2,4,4,10,244,At Risk,365+ Days,6-10 Purchases,High
16850,Mary Joyce,442,5,16179,0,1,3,4,8,134,At Risk,365+ Days,3-5 Purchases,High
16856,Jeremy Barrett,486,4,17899,0,1,2,4,7,124,Need Attention,365+ Days,3-5 Purchases,High
16860,David Porter,332,9,20368,0,2,5,5,12,255,At Risk,181-365 Days,6-10 Purchases,Very High
16871,Robert Dunlap,348,6,19952,0,2,4,5,11,245,At Risk,181-365 Days,6-10 Purchases,Very High
16877,Sean Bowman MD,535,5,15601,0,1,3,4,8,134,At Risk,365+ Days,3-5 Purchases,High
16888,Travis Fischer,279,6,16899,0,2,4,4,10,244,At Risk,181-365 Days,6-10 Purchases,High
16898,John Anderson,266,8,25156,0,2,5,5,12,255,At Risk,181-365 Days,6-10 Purchases,Very High
16910,Robert Cruz,324,5,15907,0,2,3,4,9,234,At Risk,181-365 Days,3-5 Purchases,High
16935,Joshua Aguirre,709,4,15784,0,1,2,4,7,124,Need Attention,365+ Days,3-5 Purchases,High
16949,Antonio Werner,490,5,17293,0,1,3,4,8,134,At Risk,365+ Days,3-5 Purchases,High
16988,Patricia Sanders,274,7,20587,0,2,4,5,11,245,At Risk,181-365 Days,6-10 Purchases,Very High
16997,Tara Campbell,464,6,24990,0,1,4,5,10,145,At Risk,365+ Days,6-10 Purchases,Very High
17002,Charles Ellis,502,4,18746,0,1,2,4,7,124,Need Attention,365+ Days,3-5 Purchases,High
17004,Vicki Cruz,460,6,17870,0,1,4,4,9,144,At Risk,365+ Days,6-10 Purchases,High
17006,Michelle Clark,356,6,20713,0,2,4,5,11,245,At Risk,181-365 Days,6-10 Purchases,Very High
17022,Amanda Nelson,508,7,18942,0,1,4,4,9,144,At Risk,365+ Days,6-10 Purchases,High
17025,Angela Smith,287,7,16833,0,2,4,4,10,244,At Risk,181-365 Days,6-10 Purchases,High
17028,Katie Johnson,396,6,19034,0,2,4,4,10,244,At Risk,365+ Days,6-10 Purchases,High
17038,James Haynes,346,6,20090,0,2,4,5,11,245,At Risk,181-365 Days,6-10 Purchases,Very High
17042,Jennifer Moreno,526,6,18545,0,1,4,4,9,144,At Risk,365+ Days,6-10 Purchases,High
17053,Sandra Brown,428,6,21075,0,1,4,5,10,145,At Risk,365+ Days,6-10 Purchases,Very High
17058,Kathy Smith,500,7,18848,0,1,4,4,9,144,At Risk,365+ Days,6-10 Purchases,High
17062,Amy Potts,258,6,15047,0,2,4,4,10,244,At Risk,181-365 Days,6-10 Purchases,High
17084,Samuel Barnes,458,5,18102,0,1,3,4,8,134,At Risk,365+ Days,3-5 Purchases,High
17154,Shawn Johnson,414,7,16350,0,2,4,4,10,244,At Risk,365+ Days,6-10 Purchases,High
17179,Evelyn Adams,490,7,15795,0,1,4,4,9,144,At Risk,365+ Days,6-10 Purchases,High
17200,Kathryn Lewis,497,5,19443,0,1,3,5,9,135,At Risk,365+ Days,3-5 Purchases,Very High
17205,Michael Taylor,259,5,21001,0,2,3,5,10,235,At Risk,181-365 Days,3-5 Purchases,Very High
17213,Jacob Boyd,306,7,19429,0,2,4,5,11,245,At Risk,181-365 Days,6-10 Purchases,Very High
17217,Alexis Garza,269,8,23201,0,2,5,5,12,255,At Risk,181-365 Days,6-10 Purchases,Very High
17232,Ann Roach,257,4,15077,0,2,2,4,8,224,Need Attention,181-365 Days,3-5 Purchases,High
17236,Kevin Ray,288,7,16755,0,2,4,4,10,244,At Risk,181-365 Days,6-10 Purchases,High
17262,Holly Ellis,272,5,17324,0,2,3,4,9,234,At Risk,181-365 Days,3-5 Purchases,High
17263,Janet Powers,661,8,23522,0,1,5,5,11,155,At Risk,365+ Days,6-10 Purchases,Very High
17278,Travis Jackson,249,7,17364,0,2,4,4,10,244,At Risk,181-365 Days,6-10 Purchases,High
17291,Courtney Carlson,253,8,23379,0,2,5,5,12,255,At Risk,181-365 Days,6-10 Purchases,Very High
17302,Robert Hodges,402,6,19241,0,2,4,4,10,244,At Risk,365+ Days,6-10 Purchases,High
17303,Kristin Armstrong,258,8,25423,0,2,5,5,12,255,At Risk,181-365 Days,6-10 Purchases,Very High
17304,Jennifer Freeman,369,6,16657,0,2,4,4,10,244,At Risk,365+ Days,6-10 Purchases,High
17313,Daniel Orozco,334,8,20532,0,2,5,5,12,255,At Risk,181-365 Days,6-10 Purchases,Very High
17333,Jennifer Payne,613,5,14852,0,1,3,4,8,134,At Risk,365+ Days,3-5 Purchases,High
17334,Mr. Daniel Taylor,380,6,16820,0,2,4,4,10,244,At Risk,365+ Days,6-10 Purchases,High
17339,Christina Green,849,4,16400,0,1,2,4,7,124,Need Attention,365+ Days,3-5 Purchases,High
17341,William Pratt,254,6,19658,0,2,4,5,11,245,At Risk,181-365 Days,6-10 Purchases,Very High
17342,Heather Cox,373,5,17700,0,2,3,4,9,234,At Risk,365+ Days,3-5 Purchases,High
17354,Alan Turner,325,9,24770,0,2,5,5,12,255,At Risk,181-365 Days,6-10 Purchases,Very High
17358,Destiny Rice,375,8,20179,0,2,5,5,12,255,At Risk,365+ Days,6-10 Purchases,Very High
17362,Austin Fry,246,7,19544,0,2,4,5,11,245,At Risk,181-365 Days,6-10 Purchases,Very High
17389,Deanna Hughes,279,6,17269,0,2,4,4,10,244,At Risk,181-365 Days,6-10 Purchases,High
17428,Rebecca Bowers,254,6,19747,0,2,4,5,11,245,At Risk,181-365 Days,6-10 Purchases,Very High
17448,Corey James,468,8,16674,0,1,5,4,10,154,At Risk,365+ Days,6-10 Purchases,High
17456,Lori Mccann,383,5,16587,0,2,3,4,9,234,At Risk,365+ Days,3-5 Purchases,High
17461,Mackenzie Soto,299,9,27869,0,2,5,5,12,255,At Risk,181-365 Days,6-10 Purchases,Very High
17466,James Hudson,370,8,20260,0,2,5,5,12,255,At Risk,365+ Days,6-10 Purchases,Very High
17471,Andrew Fox,331,7,17515,0,2,4,4,10,244,At Risk,181-365 Days,6-10 Purchases,High
17472,Daniel Bell,308,7,22781,0,2,4,5,11,245,At Risk,181-365 Days,6-10 Purchases,Very High
17474,Timothy Watson,244,5,15609,0,2,3,4,9,234,At Risk,181-365 Days,3-5 Purchases,High
17497,Jose Adams,657,5,17277,0,1,3,4,8,134,At Risk,365+ Days,3-5 Purchases,High
17503,Mark Davis,624,7,19336,0,1,4,5,10,145,At Risk,365+ Days,6-10 Purchases,Very High
17504,Andrea Kelly,425,5,15631,0,2,3,4,9,234,At Risk,365+ Days,3-5 Purchases,High
17508,Richard Baker,282,10,24170,0,2,5,5,12,255,At Risk,181-365 Days,6-10 Purchases,Very High
17509,Chloe Flores,503,6,19288,0,1,4,5,10,145,At Risk,365+ Days,6-10 Purchases,Very High
17514,Steven Sloan,305,6,18610,0,2,4,4,10,244,At Risk,181-365 Days,6-10 Purchases,High
17518,Courtney Rich,341,8,24492,0,2,5,5,12,255,At Risk,181-365 Days,6-10 Purchases,Very High
17542,Cody Vasquez,608,8,17558,0,1,5,4,10,154,At Risk,365+ Days,6-10 Purchases,High
17599,Amanda Gallegos,669,7,15487,0,1,4,4,9,144,At Risk,365+ Days,6-10 Purchases,High
17602,Theresa Thompson,300,9,28568,0,2,5,5,12,255,At Risk,181-365 Days,6-10 Purchases,Very High
17614,Mark Dunn,363,6,17081,0,2,4,4,10,244,At Risk,181-365 Days,6-10 Purchases,High
17626,Bruce Watson,245,8,23648,0,2,5,5,12,255,At Risk,181-365 Days,6-10 Purchases,Very High
17663,Ruth Bender,436,9,24058,0,1,5,5,11,155,At Risk,365+ Days,6-10 Purchases,Very High
17675,Brian Holden,264,7,21843,0,2,4,5,11,245,At Risk,181-365 Days,6-10 Purchases,Very High
17714,Karen Hughes,296,6,18093,0,2,4,4,10,244,At Risk,181-365 Days,6-10 Purchases,High
17721,David Contreras,263,7,19690,0,2,4,5,11,245,At Risk,181-365 Days,6-10 Purchases,Very High
17725,Megan Baxter,310,8,28521,0,2,5,5,12,255,At Risk,181-365 Days,6-10 Purchases,Very High
17727,David Contreras,526,6,24593,0,1,4,5,10,145,At Risk,365+ Days,6-10 Purchases,Very High
17731,Tamara Reed,438,6,20270,0,1,4,5,10,145,At Risk,365+ Days,6-10 Purchases,Very High
17758,Jessica Nguyen,378,8,28520,0,2,5,5,12,255,At Risk,365+ Days,6-10 Purchases,Very High
17781,Vanessa Jimenez,255,7,15165,0,2,4,4,10,244,At Risk,181-365 Days,6-10 Purchases,High
17786,Lauren Holmes,387,7,22778,0,2,4,5,11,245,At Risk,365+ Days,6-10 Purchases,Very High
17790,Michelle Brown,368,8,30074,0,2,5,5,12,255,At Risk,365+ Days,6-10 Purchases,Very High
17800,Jackson Jordan,289,7,20464,0,2,4,5,11,245,At Risk,181-365 Days,6-10 Purchases,Very High
17803,Diana Johnson,256,6,18997,0,2,4,4,10,244,At Risk,181-365 Days,6-10 Purchases,High
17826,Sandra Wiley,286,5,17225,0,2,3,4,9,234,At Risk,181-365 Days,3-5 Purchases,High
17827,Christopher Edwards,574,8,22689,0,1,5,5,11,155,At Risk,365+ Days,6-10 Purchases,Very High
17831,Amanda Hill,272,6,20098,0,2,4,5,11,245,At Risk,181-365 Days,6-10 Purchases,Very High
17834,Nathan Stone,325,5,18255,0,2,3,4,9,234,At Risk,181-365 Days,3-5 Purchases,High
17841,Mark Simon,280,8,26198,0,2,5,5,12,255,At Risk,181-365 Days,6-10 Purchases,Very High
17842,Rebecca Perkins,374,8,15227,0,2,5,4,11,254,At Risk,365+ Days,6-10 Purchases,High
17854,Amanda Thompson,289,6,18812,0,2,4,4,10,244,At Risk,181-365 Days,6-10 Purchases,High
17861,Cassandra Lopez,252,4,15260,0,2,2,4,8,224,Need Attention,181-365 Days,3-5 Purchases,High
17863,Audrey Johnson,597,6,17629,0,1,4,4,9,144,At Risk,365+ Days,6-10 Purchases,High
17874,Natalie Sanchez,289,7,15199,0,2,4,4,10,244,At Risk,181-365 Days,6-10 Purchases,High
17888,Evelyn Cooper,332,7,26211,0,2,4,5,11,245,At Risk,181-365 Days,6-10 Purchases,Very High
17891,Julia Anderson,351,9,28571,0,2,5,5,12,255,At Risk,181-365 Days,6-10 Purchases,Very High
17903,Dale Barnett,255,6,21179,0,2,4,5,11,245,At Risk,181-365 Days,6-10 Purchases,Very High
17918,Troy Flores Jr.,433,8,21592,0,1,5,5,11,155,At Risk,365+ Days,6-10 Purchases,Very High
17929,Sandra Murphy,292,7,22516,0,2,4,5,11,245,At Risk,181-365 Days,6-10 Purchases,Very High
17934,Mr. Steven Roberson,396,6,16851,0,2,4,4,10,244,At Risk,365+ Days,6-10 Purchases,High
17936,Casey Allen,324,10,24340,0,2,5,5,12,255,At Risk,181-365 Days,6-10 Purchases,Very High
17940,Joseph Li,535,6,19438,0,1,4,5,10,145,At Risk,365+ Days,6-10 Purchases,Very High
17941,Jacqueline Allen,257,5,17627,0,2,3,4,9,234,At Risk,181-365 Days,3-5 Purchases,High
17945,David Garcia,334,7,26970,0,2,4,5,11,245,At Risk,181-365 Days,6-10 Purchases,Very High
17955,Paul Lopez,302,5,15146,0,2,3,4,9,234,At Risk,181-365 Days,3-5 Purchases,High
17960,Andrew Larson,320,5,14947,0,2,3,4,9,234,At Risk,181-365 Days,3-5 Purchases,High
17970,Paul Sanchez,688,5,17523,0,1,3,4,8,134,At Risk,365+ Days,3-5 Purchases,High
17976,April Willis,305,7,19032,0,2,4,4,10,244,At Risk,181-365 Days,6-10 Purchases,High
17983,Michelle Smith,313,6,19020,0,2,4,4,10,244,At Risk,181-365 Days,6-10 Purchases,High
17984,Michael Robinson,489,5,16353,0,1,3,4,8,134,At Risk,365+ Days,3-5 Purchases,High
17993,Heather Williams,352,6,17823,0,2,4,4,10,244,At Risk,181-365 Days,6-10 Purchases,High
18017,Richard Hill,467,10,28584,0,1,5,5,11,155,At Risk,365+ Days,6-10 Purchases,Very High
18020,Maria Morris,694,6,25657,0,1,4,5,10,145,At Risk,365+ Days,6-10 Purchases,Very High
18025,Robin Lynch,321,5,17302,0,2,3,4,9,234,At Risk,181-365 Days,3-5 Purchases,High
18031,Ruben Harrison,405,6,16995,0,2,4,4,10,244,At Risk,365+ Days,6-10 Purchases,High
18040,Mark Hernandez,287,7,16780,0,2,4,4,10,244,At Risk,181-365 Days,6-10 Purchases,High
18070,Heather Scott,271,8,19784,0,2,5,5,12,255,At Risk,181-365 Days,6-10 Purchases,Very High
18072,Lisa Jefferson,252,6,15554,0,2,4,4,10,244,At Risk,181-365 Days,6-10 Purchases,High
18094,Lindsey Mathews,311,7,19449,0,2,4,5,11,245,At Risk,181-365 Days,6-10 Purchases,Very High
18110,Donald Daniels,428,5,19751,0,1,3,5,9,135,At Risk,365+ Days,3-5 Purchases,Very High
18114,Rebecca Robinson,838,7,20311,0,1,4,5,10,145,At Risk,365+ Days,6-10 Purchases,Very High
18135,Sara Anderson,365,7,18981,0,2,4,4,10,244,At Risk,181-365 Days,6-10 Purchases,High
18167,Carol Wells,269,7,17597,0,2,4,4,10,244,At Risk,181-365 Days,6-10 Purchases,High
18194,Christian Washington,293,8,18368,0,2,5,4,11,254,At Risk,181-365 Days,6-10 Purchases,High
18213,Kimberly Morgan,740,7,22613,0,1,4,5,10,145,At Risk,365+ Days,6-10 Purchases,Very High
18214,Christopher Lewis,293,6,18164,0,2,4,4,10,244,At Risk,181-365 Days,6-10 Purchases,High
18216,Kevin Sanford,384,11,31589,0,2,5,5,12,255,At Risk,365+ Days,10+ Purchases,Very High
18232,Eric Hess,427,8,15652,0,2,5,4,11,254,At Risk,365+ Days,6-10 Purchases,High
18238,Oscar Pratt,319,6,18878,0,2,4,4,10,244,At Risk,181-365 Days,6-10 Purchases,High
18263,Matthew Ruiz,252,8,25255,0,2,5,5,12,255,At Risk,181-365 Days,6-10 Purchases,Very High
18269,Darryl Allen,422,7,22851,0,2,4,5,11,245,At Risk,365+ Days,6-10 Purchases,Very High
18271,Tina Edwards,266,8,25924,0,2,5,5,12,255,At Risk,181-365 Days,6-10 Purchases,Very High
18281,John Olson,307,6,17917,0,2,4,4,10,244,At Risk,181-365 Days,6-10 Purchases,High
18289,Kayla James,576,5,16502,0,1,3,4,8,134,At Risk,365+ Days,3-5 Purchases,High
18311,Chris Carter,268,10,24418,0,2,5,5,12,255,At Risk,181-365 Days,6-10 Purchases,Very High
18350,Gregory Stokes,293,7,24902,0,2,4,5,11,245,At Risk,181-365 Days,6-10 Purchases,Very High
18352,Michael Fowler,401,7,15118,0,2,4,4,10,244,At Risk,365+ Days,6-10 Purchases,High
18364,Thomas Lopez,479,5,18933,0,1,3,4,8,134,At Risk,365+ Days,3-5 Purchases,High
18386,James Baker,557,5,16855,0,1,3,4,8,134,At Risk,365+ Days,3-5 Purchases,High
18387,Michael Davis,297,7,21620,0,2,4,5,11,245,At Risk,181-365 Days,6-10 Purchases,Very High
18390,Brittney Ryan,284,10,26087,0,2,5,5,12,255,At Risk,181-365 Days,6-10 Purchases,Very High
18399,Theodore Taylor,521,6,18127,0,1,4,4,9,144,At Risk,365+ Days,6-10 Purchases,High
18410,Michael Barrett,431,5,16818,0,1,3,4,8,134,At Risk,365+ Days,3-5 Purchases,High
18424,Rachel Vazquez,354,4,16964,0,2,2,4,8,224,Need Attention,181-365 Days,3-5 Purchases,High
18441,Ashley Ellis,328,6,20820,0,2,4,5,11,245,At Risk,181-365 Days,6-10 Purchases,Very High
18447,Mary Kim,362,4,17896,0,2,2,4,8,224,Need Attention,181-365 Days,3-5 Purchases,High
18452,Katie Allen,509,6,22559,0,1,4,5,10,145,At Risk,365+ Days,6-10 Purchases,Very High
18455,Mary Johnson,345,6,16736,0,2,4,4,10,244,At Risk,181-365 Days,6-10 Purchases,High
18465,Andrew Koch,669,5,18187,0,1,3,4,8,134,At Risk,365+ Days,3-5 Purchases,High
18478,Amanda Williams,323,5,19406,0,2,3,5,10,235,At Risk,181-365 Days,3-5 Purchases,Very High
18501,Kenneth Fuentes,284,7,19528,0,2,4,5,11,245,At Risk,181-365 Days,6-10 Purchases,Very High
18503,Bruce Dyer,462,8,20478,0,1,5,5,11,155,At Risk,365+ Days,6-10 Purchases,Very High
18504,Lauren Miller,282,6,21275,0,2,4,5,11,245,At Risk,181-365 Days,6-10 Purchases,Very High
18510,Timothy Simon,758,6,22771,0,1,4,5,10,145,At Risk,365+ Days,6-10 Purchases,Very High
18512,Kimberly Mitchell,637,8,17423,0,1,5,4,10,154,At Risk,365+ Days,6-10 Purchases,High
18543,Cynthia Wheeler,257,6,19262,0,2,4,4,10,244,At Risk,181-365 Days,6-10 Purchases,High
18556,Jerome Orozco,269,9,24982,0,2,5,5,12,255,At Risk,181-365 Days,6-10 Purchases,Very High
18570,Diane Phillips,558,6,15806,0,1,4,4,9,144,At Risk,365+ Days,6-10 Purchases,High
18606,Edward Taylor,336,6,15337,0,2,4,4,10,244,At Risk,181-365 Days,6-10 Purchases,High
18612,Madison Hamilton,524,4,18185,0,1,2,4,7,124,Need Attention,365+ Days,3-5 Purchases,High
18637,Jane Kirby,246,9,26612,0,2,5,5,12,255,At Risk,181-365 Days,6-10 Purchases,Very High
18646,Elizabeth Evans,343,7,18546,0,2,4,4,10,244,At Risk,181-365 Days,6-10 Purchases,High
18653,Jerome Allen,528,5,17757,0,1,3,4,8,134,At Risk,365+ Days,3-5 Purchases,High
18667,Eugene Howell,313,6,18976,0,2,4,4,10,244,At Risk,181-365 Days,6-10 Purchases,High
18726,Jonathan Davis,540,4,16299,0,1,2,4,7,124,Need Attention,365+ Days,3-5 Purchases,High
18736,Ryan Pacheco,396,7,18496,0,2,4,4,10,244,At Risk,365+ Days,6-10 Purchases,High
18764,Marvin Taylor,762,6,16106,0,1,4,4,9,144,At Risk,365+ Days,6-10 Purchases,High
18768,Gregory Clark II,325,6,16539,0,2,4,4,10,244,At Risk,181-365 Days,6-10 Purchases,High
18777,Michael Snyder,315,6,16525,0,2,4,4,10,244,At Risk,181-365 Days,6-10 Purchases,High
18778,Katherine Poole,288,9,24069,0,2,5,5,12,255,At Risk,181-365 Days,6-10 Purchases,Very High
18783,George Clayton,259,5,15375,0,2,3,4,9,234,At Risk,181-365 Days,3-5 Purchases,High
18813,Matthew Burton,281,6,17618,0,2,4,4,10,244,At Risk,181-365 Days,6-10 Purchases,High
18817,Kelly Kim,465,6,19694,0,1,4,5,10,145,At Risk,365+ Days,6-10 Purchases,Very High
18825,Emily Hogan,295,6,17250,0,2,4,4,10,244,At Risk,181-365 Days,6-10 Purchases,High
18828,Stephen Green,247,8,27618,0,2,5,5,12,255,At Risk,181-365 Days,6-10 Purchases,Very High
18839,Carol French,561,8,22552,0,1,5,5,11,155,At Risk,365+ Days,6-10 Purchases,Very High
18864,Fernando Patterson,354,6,19185,0,2,4,4,10,244,At Risk,181-365 Days,6-10 Purchases,High
18872,Gina Santiago,470,5,16544,0,1,3,4,8,134,At Risk,365+ Days,3-5 Purchases,High
18898,Randy Morales,621,5,23161,0,1,3,5,9,135,At Risk,365+ Days,3-5 Purchases,Very High
18908,Matthew Campbell,497,7,25105,0,1,4,5,10,145,At Risk,365+ Days,6-10 Purchases,Very High
18910,Amanda Anderson,290,6,17059,0,2,4,4,10,244,At Risk,181-365 Days,6-10 Purchases,High
18917,Michelle Watts,339,7,19372,0,2,4,5,11,245,At Risk,181-365 Days,6-10 Purchases,Very High
18925,Chris Burke,277,12,33316,0,2,5,5,12,255,At Risk,181-365 Days,10+ Purchases,Very High
18930,Christine Stone,358,5,18441,0,2,3,4,9,234,At Risk,181-365 Days,3-5 Purchases,High
18947,Vincent Williams,330,5,18966,0,2,3,4,9,234,At Risk,181-365 Days,3-5 Purchases,High
18956,Brandi Mccoy,510,6,19184,0,1,4,4,9,144,At Risk,365+ Days,6-10 Purchases,High
18961,Kimberly Mckee,836,5,18193,0,1,3,4,8,134,At Risk,365+ Days,3-5 Purchases,High
18974,Debra Mack,294,6,15619,0,2,4,4,10,244,At Risk,181-365 Days,6-10 Purchases,High
18977,Connie Lewis,369,9,30119,0,2,5,5,12,255,At Risk,365+ Days,6-10 Purchases,Very High
18999,Alexis Rose,284,8,20467,0,2,5,5,12,255,At Risk,181-365 Days,6-10 Purchases,Very High
19007,Heather Garrett,454,4,16237,0,1,2,4,7,124,Need Attention,365+ Days,3-5 Purchases,High
19008,Ronald Soto,282,9,16731,0,2,5,4,11,254,At Risk,181-365 Days,6-10 Purchases,High
19013,Lisa Brown,339,8,22472,0,2,5,5,12,255,At Risk,181-365 Days,6-10 Purchases,Very High
19050,Sean Kennedy,458,4,15173,0,1,2,4,7,124,Need Attention,365+ Days,3-5 Purchases,High
19063,Mario Saunders,369,5,18232,0,2,3,4,9,234,At Risk,365+ Days,3-5 Purchases,High
19074,Trevor Hickman,263,5,16419,0,2,3,4,9,234,At Risk,181-365 Days,3-5 Purchases,High
19077,George Terry,792,4,14902,0,1,2,4,7,124,Need Attention,365+ Days,3-5 Purchases,High
19103,Cindy Miller,396,7,25171,0,2,4,5,11,245,At Risk,365+ Days,6-10 Purchases,Very High
19116,Leah Mills,324,6,20250,0,2,4,5,11,245,At Risk,181-365 Days,6-10 Purchases,Very High
19118,Rhonda Good,598,6,14817,0,1,4,4,9,144,At Risk,365+ Days,6-10 Purchases,High
19125,Matthew Baker,269,6,17615,0,2,4,4,10,244,At Risk,181-365 Days,6-10 Purchases,High
19136,Randy Bailey,803,5,16743,0,1,3,4,8,134,At Risk,365+ Days,3-5 Purchases,High
19151,Garrett Rubio,266,8,21039,0,2,5,5,12,255,At Risk,181-365 Days,6-10 Purchases,Very High
19159,Brian Wallace,350,9,22466,0,2,5,5,12,255,At Risk,181-365 Days,6-10 Purchases,Very High
19165,Eric Thomas,250,7,15578,0,2,4,4,10,244,At Risk,181-365 Days,6-10 Purchases,High
19168,John Holmes,304,9,24553,0,2,5,5,12,255,At Risk,181-365 Days,6-10 Purchases,Very High
19171,Tiffany Stevens,819,7,17173,0,1,4,4,9,144,At Risk,365+ Days,6-10 Purchases,High
19175,Lisa Hernandez,376,7,19773,0,2,4,5,11,245,At Risk,365+ Days,6-10 Purchases,Very High
19191,John Harris,318,6,21870,0,2,4,5,11,245,At Risk,181-365 Days,6-10 Purchases,Very High
19193,Krystal Carter,269,6,16288,0,2,4,4,10,244,At Risk,181-365 Days,6-10 Purchases,High
19194,Robert Harvey,535,4,15410,0,1,2,4,7,124,Need Attention,365+ Days,3-5 Purchases,High
19233,Alexander Mendez,276,8,21674,0,2,5,5,12,255,At Risk,181-365 Days,6-10 Purchases,Very High
19242,Sierra Matthews,404,8,20087,0,2,5,5,12,255,At Risk,365+ Days,6-10 Purchases,Very High
19243,Jon Rivera,398,6,15821,0,2,4,4,10,244,At Risk,365+ Days,6-10 Purchases,High
19246,Robert White,358,7,18760,0,2,5,4,11,254,At Risk,181-365 Days,6-10 Purchases,High
19262,Daniel Walker,466,6,19672,0,1,4,5,10,145,At Risk,365+ Days,6-10 Purchases,Very High
19276,Brian Ward,415,7,23777,0,2,5,5,12,255,At Risk,365+ Days,6-10 Purchases,Very High
19283,Kevin Lara,274,6,16120,0,2,4,4,10,244,At Risk,181-365 Days,6-10 Purchases,High
19287,Steven Harris,340,5,14850,0,2,3,4,9,234,At Risk,181-365 Days,3-5 Purchases,High
19290,Tonya Ferrell,688,6,19565,0,1,4,5,10,145,At Risk,365+ Days,6-10 Purchases,Very High
19346,Devin Wolf,345,8,21418,0,2,5,5,12,255,At Risk,181-365 Days,6-10 Purchases,Very High
19348,Amy Medina,358,5,15606,0,2,3,4,9,234,At Risk,181-365 Days,3-5 Purchases,High
19356,Angie Fitzgerald,356,9,34420,0,2,5,5,12,255,At Risk,181-365 Days,6-10 Purchases,Very High
19363,Mark Brown,374,7,18265,0,2,5,4,11,254,At Risk,365+ Days,6-10 Purchases,High
19364,Ryan Hill DDS,547,4,16177,0,1,2,4,7,124,Need Attention,365+ Days,3-5 Purchases,High
19370,Heather Lester,288,5,20092,0,2,3,5,10,235,At Risk,181-365 Days,3-5 Purchases,Very High
19375,Eileen Bailey,423,6,18579,0,2,4,4,10,244,At Risk,365+ Days,6-10 Purchases,High
19388,John Evans,316,7,20799,0,2,5,5,12,255,At Risk,181-365 Days,6-10 Purchases,Very High
19398,Jennifer Miller,514,6,17331,0,1,4,4,9,144,At Risk,365+ Days,6-10 Purchases,High
19403,Shannon Robinson,323,10,29544,0,2,5,5,12,255,At Risk,181-365 Days,6-10 Purchases,Very High
19465,Mr. Christian Fernandez,597,6,19671,0,1,4,5,10,145,At Risk,365+ Days,6-10 Purchases,Very High
19471,Ian Moreno,521,8,25772,0,1,5,5,11,155,At Risk,365+ Days,6-10 Purchases,Very High
19488,Lisa Davis,368,9,27894,0,2,5,5,12,255,At Risk,365+ Days,6-10 Purchases,Very High
19517,Abigail Wall,595,5,20717,0,1,3,5,9,135,At Risk,365+ Days,3-5 Purchases,Very High
19530,Jennifer Hernandez,557,7,22252,0,1,5,5,11,155,At Risk,365+ Days,6-10 Purchases,Very High
19545,Nichole Reyes,870,5,18134,0,1,3,4,8,134,At Risk,365+ Days,3-5 Purchases,High
19623,Alexis Barnett,341,5,15642,0,2,3,4,9,234,At Risk,181-365 Days,3-5 Purchases,High
19631,Daniel Garrett,340,6,15330,0,2,4,4,10,244,At Risk,181-365 Days,6-10 Purchases,High
19637,Lorraine Price,501,8,16444,0,1,5,4,10,154,At Risk,365+ Days,6-10 Purchases,High
19653,Amanda Landry,248,5,16069,0,2,3,4,9,234,At Risk,181-365 Days,3-5 Purchases,High
19691,Samuel Bradley,261,9,27409,0,2,5,5,12,255,At Risk,181-365 Days,6-10 Purchases,Very High
19703,Michele King,323,7,23430,0,2,5,5,12,255,At Risk,181-365 Days,6-10 Purchases,Very High
19709,Timothy Huerta,474,6,19554,0,1,4,5,10,145,At Risk,365+ Days,6-10 Purchases,Very High
19712,Shawn Strong,301,8,28396,0,2,5,5,12,255,At Risk,181-365 Days,6-10 Purchases,Very High
19721,Adriana Thomas,255,7,21157,0,2,5,5,12,255,At Risk,181-365 Days,6-10 Purchases,Very High
19727,Mary Davis,259,8,24019,0,2,5,5,12,255,At Risk,181-365 Days,6-10 Purchases,Very High
19739,Gregory Davis,868,6,19860,0,1,4,5,10,145,At Risk,365+ Days,6-10 Purchases,Very High
19747,Scott York,604,6,17150,0,1,4,4,9,144,At Risk,365+ Days,6-10 Purchases,High
19750,Tiffany Rodriguez,283,9,20051,0,2,5,5,12,255,At Risk,181-365 Days,6-10 Purchases,Very High
19766,Holly Jackson,385,8,16654,0,2,5,4,11,254,At Risk,365+ Days,6-10 Purchases,High
19794,David Hoffman,686,4,15576,0,1,2,4,7,124,Need Attention,365+ Days,3-5 Purchases,High
19795,Maureen Richardson,413,6,15696,0,2,4,4,10,244,At Risk,365+ Days,6-10 Purchases,High
19796,George Santos,424,7,19673,0,2,5,5,12,255,At Risk,365+ Days,6-10 Purchases,Very High
19797,Barbara Palmer,542,5,15839,0,1,3,4,8,134,At Risk,365+ Days,3-5 Purchases,High
19807,Cindy Stein,646,6,21028,0,1,4,5,10,145,At Risk,365+ Days,6-10 Purchases,Very High
19814,Christina Flores,353,5,15403,0,2,3,4,9,234,At Risk,181-365 Days,3-5 Purchases,High
19860,Kelly Riggs,654,7,16060,0,1,5,4,10,154,At Risk,365+ Days,6-10 Purchases,High
19868,Erin King,258,4,18188,0,2,2,4,8,224,Need Attention,181-365 Days,3-5 Purchases,High
19894,Tina Christian,247,8,27769,0,2,5,5,12,255,At Risk,181-365 Days,6-10 Purchases,Very High
19899,Jessica Roberts,383,4,15131,0,2,2,4,8,224,Need Attention,365+ Days,3-5 Purchases,High
19903,Terri Cooper,310,7,17788,0,2,5,4,11,254,At Risk,181-365 Days,6-10 Purchases,High
19922,Randy Becker,406,7,22767,0,2,5,5,12,255,At Risk,365+ Days,6-10 Purchases,Very High
19927,Shannon Campbell,357,9,27260,0,2,5,5,12,255,At Risk,181-365 Days,6-10 Purchases,Very High
19976,Katrina Morgan,612,5,17186,0,1,3,4,8,134,At Risk,365+ Days,3-5 Purchases,High
19980,Rachel Strickland,332,6,23111,0,2,4,5,11,245,At Risk,181-365 Days,6-10 Purchases,Very High
19991,Mrs. Alexandra Walker,322,6,20888,0,2,4,5,11,245,At Risk,181-365 Days,6-10 Purchases,Very High
19993,Juan Chandler,357,8,29440,0,2,5,5,12,255,At Risk,181-365 Days,6-10 Purchases,Very High
20006,John Stanley,342,7,17653,0,2,5,4,11,254,At Risk,181-365 Days,6-10 Purchases,High
20009,Laura Lewis,446,6,17101,0,1,4,4,9,144,At Risk,365+ Days,6-10 Purchases,High
20012,Shelby Carter,423,9,22992,0,2,5,5,12,255,At Risk,365+ Days,6-10 Purchases,Very High
20028,Nicole Wells,358,6,17849,0,2,4,4,10,244,At Risk,181-365 Days,6-10 Purchases,High
20044,Beth Brown,352,8,20610,0,2,5,5,12,255,At Risk,181-365 Days,6-10 Purchases,Very High
20045,Rebecca Henry,263,5,15428,0,2,3,4,9,234,At Risk,181-365 Days,3-5 Purchases,High
20054,Brandon Hall,400,6,21616,0,2,4,5,11,245,At Risk,365+ Days,6-10 Purchases,Very High
20067,Gloria Ramos,253,6,19597,0,2,4,5,11,245,At Risk,181-365 Days,6-10 Purchases,Very High
20082,John Russell,247,6,18784,0,2,4,4,10,244,At Risk,181-365 Days,6-10 Purchases,High
20088,Kristopher Mcdowell,279,7,20970,0,2,5,5,12,255,At Risk,181-365 Days,6-10 Purchases,Very High
20096,Joshua Jacobs,422,6,18632,0,2,4,4,10,244,At Risk,365+ Days,6-10 Purchases,High
20121,Kenneth Martin,253,6,15104,0,2,4,4,10,244,At Risk,181-365 Days,6-10 Purchases,High
20134,David Myers,388,6,20725,0,2,4,5,11,245,At Risk,365+ Days,6-10 Purchases,Very High
20138,Kevin Carter,316,6,18908,0,2,4,4,10,244,At Risk,181-365 Days,6-10 Purchases,High
20149,Lisa Sanchez,491,6,15474,0,1,4,4,9,144,At Risk,365+ Days,6-10 Purchases,High
20174,Gloria White,305,9,18405,0,2,5,4,11,254,At Risk,181-365 Days,6-10 Purchases,High
20176,Mary Romero,525,7,16689,0,1,5,4,10,154,At Risk,365+ Days,6-10 Purchases,High
20181,Caroline Pham,655,5,19602,0,1,3,5,9,135,At Risk,365+ Days,3-5 Purchases,Very High
20182,Jamie Williams,482,8,20312,0,1,5,5,11,155,At Risk,365+ Days,6-10 Purchases,Very High
20184,David Graves,268,6,18266,0,2,4,4,10,244,At Risk,181-365 Days,6-10 Purchases,High
20188,Whitney Johnson,323,6,18563,0,2,4,4,10,244,At Risk,181-365 Days,6-10 Purchases,High
20212,Wendy Torres,275,7,18670,0,2,5,4,11,254,At Risk,181-365 Days,6-10 Purchases,High
20231,Derrick Jones,263,7,18526,0,2,5,4,11,254,At Risk,181-365 Days,6-10 Purchases,High
20244,Alec Brown,402,7,24362,0,2,5,5,12,255,At Risk,365+ Days,6-10 Purchases,Very High
20252,James Perez,386,4,18390,0,2,2,4,8,224,Need Attention,365+ Days,3-5 Purchases,High
20267,Harold Allen,250,7,20834,0,2,5,5,12,255,At Risk,181-365 Days,6-10 Purchases,Very High
20274,Terrence Anderson,391,5,18522,0,2,3,4,9,234,At Risk,365+ Days,3-5 Purchases,High
20282,Erik Rojas,259,7,19026,0,2,5,4,11,254,At Risk,181-365 Days,6-10 Purchases,High
20316,William Conley,279,7,20013,0,2,5,5,12,255,At Risk,181-365 Days,6-10 Purchases,Very High
20317,John Gardner,329,7,19043,0,2,5,4,11,254,At Risk,181-365 Days,6-10 Purchases,High
20320,Tanner Washington,262,11,34627,0,2,5,5,12,255,At Risk,181-365 Days,10+ Purchases,Very High
20333,Angela Anderson,425,8,25542,0,2,5,5,12,255,At Risk,365+ Days,6-10 Purchases,Very High
20339,Jesus Watts,421,6,16016,0,2,4,4,10,244,At Risk,365+ Days,6-10 Purchases,High
20340,Scott Silva,338,6,21054,0,2,4,5,11,245,At Risk,181-365 Days,6-10 Purchases,Very High
20341,Shawn Ruiz,260,6,20874,0,2,4,5,11,245,At Risk,181-365 Days,6-10 Purchases,Very High
20351,Amber Wilkinson,302,7,19530,0,2,5,5,12,255,At Risk,181-365 Days,6-10 Purchases,Very High
20367,Oscar Wiggins,471,7,24482,0,1,5,5,11,155,At Risk,365+ Days,6-10 Purchases,Very High
20371,Heather Howard,260,6,22857,0,2,4,5,11,245,At Risk,181-365 Days,6-10 Purchases,Very High
20372,Kristen Allen,452,5,16459,0,1,3,4,8,134,At Risk,365+ Days,3-5 Purchases,High
20391,Carol Jacobson,287,7,23364,0,2,5,5,12,255,At Risk,181-365 Days,6-10 Purchases,Very High
20401,Caleb Lewis,249,8,28852,0,2,5,5,12,255,At Risk,181-365 Days,6-10 Purchases,Very High
20446,Shannon Robinson,336,7,17826,0,2,5,4,11,254,At Risk,181-365 Days,6-10 Purchases,High
20468,Julie Gilbert,419,7,17604,0,2,5,4,11,254,At Risk,365+ Days,6-10 Purchases,High
20494,Holly Patrick,415,9,30915,0,2,5,5,12,255,At Risk,365+ Days,6-10 Purchases,Very High
20495,Samuel Obrien,293,4,15468,0,2,2,4,8,224,Need Attention,181-365 Days,3-5 Purchases,High
20502,Laura Copeland,325,5,15901,0,2,3,4,9,234,At Risk,181-365 Days,3-5 Purchases,High
20527,Timothy Hamilton,739,4,16793,0,1,2,4,7,124,Need Attention,365+ Days,3-5 Purchases,High
20529,Elizabeth Patel,321,6,18954,0,2,4,4,10,244,At Risk,181-365 Days,6-10 Purchases,High
20542,Alfred Mccarthy Jr.,461,7,19572,0,1,5,5,11,155,At Risk,365+ Days,6-10 Purchases,Very High
20548,Margaret Thomas,371,6,19391,0,2,4,5,11,245,At Risk,365+ Days,6-10 Purchases,Very High
20563,Patricia Mclean,409,6,18207,0,2,4,4,10,244,At Risk,365+ Days,6-10 Purchases,High
20564,Janet Davis,258,6,20145,0,2,4,5,11,245,At Risk,181-365 Days,6-10 Purchases,Very High
20583,Sara Miller,437,6,17282,0,1,4,4,9,144,At Risk,365+ Days,6-10 Purchases,High
20594,Vanessa Willis,355,8,25393,0,2,5,5,12,255,At Risk,181-365 Days,6-10 Purchases,Very High
20605,Alan Coleman,309,5,19859,0,2,3,5,10,235,At Risk,181-365 Days,3-5 Purchases,Very High
20611,Garrett Green,277,6,18944,0,2,4,4,10,244,At Risk,181-365 Days,6-10 Purchases,High
20615,David Clark,482,9,28160,0,1,5,5,11,155,At Risk,365+ Days,6-10 Purchases,Very High
20617,Jonathan Johnson,370,7,18313,0,2,5,4,11,254,At Risk,365+ Days,6-10 Purchases,High
20628,Oscar Mueller,502,4,15728,0,1,2,4,7,124,Need Attention,365+ Days,3-5 Purchases,High
20636,Sara Montgomery,447,5,21503,0,1,3,5,9,135,At Risk,365+ Days,3-5 Purchases,Very High
20642,John Walls,313,8,21786,0,2,5,5,12,255,At Risk,181-365 Days,6-10 Purchases,Very High
20645,Martha Mitchell,418,5,16508,0,2,3,4,9,234,At Risk,365+ Days,3-5 Purchases,High
20649,Erin Young,313,9,24823,0,2,5,5,12,255,At Risk,181-365 Days,6-10 Purchases,Very High
20653,Elizabeth Roach,259,10,29838,0,2,5,5,12,255,At Risk,181-365 Days,6-10 Purchases,Very High
20686,Nancy Chandler,457,6,24262,0,1,4,5,10,145,At Risk,365+ Days,6-10 Purchases,Very High
20688,Marcus Welch,313,7,22118,0,2,5,5,12,255,At Risk,181-365 Days,6-10 Purchases,Very High
20696,John Hill,369,12,27567,0,2,5,5,12,255,At Risk,365+ Days,10+ Purchases,Very High
20701,Destiny Bowman,478,7,20134,0,1,5,5,11,155,At Risk,365+ Days,6-10 Purchases,Very High
20712,Karina Moyer,452,5,14942,0,1,3,4,8,134,At Risk,365+ Days,3-5 Purchases,High
20720,Megan Davis,295,10,29333,0,2,5,5,12,255,At Risk,181-365 Days,6-10 Purchases,Very High
20733,Sherri Moore,419,8,26593,0,2,5,5,12,255,At Risk,365+ Days,6-10 Purchases,Very High
20735,Patricia Russell,295,7,16706,0,2,5,4,11,254,At Risk,181-365 Days,6-10 Purchases,High
20736,Cody West,448,10,32217,0,1,5,5,11,155,At Risk,365+ Days,6-10 Purchases,Very High
20738,David Young,474,5,15790,0,1,3,4,8,134,At Risk,365+ Days,3-5 Purchases,High
20751,Catherine Rodriguez,277,4,15299,0,2,2,4,8,224,Need Attention,181-365 Days,3-5 Purchases,High
20759,Angela Cole,464,8,25722,0,1,5,5,11,155,At Risk,365+ Days,6-10 Purchases,Very High
20783,Taylor Baker,345,8,22346,0,2,5,5,12,255,At Risk,181-365 Days,6-10 Purchases,Very High
20791,Ann Taylor,248,6,17155,0,2,4,4,10,244,At Risk,181-365 Days,6-10 Purchases,High
20808,Stacey Nelson,284,5,15978,0,2,3,4,9,234,At Risk,181-365 Days,3-5 Purchases,High
20819,Cristina Cooper,395,5,16001,0,2,3,4,9,234,At Risk,365+ Days,3-5 Purchases,High
20824,Jillian Fisher,311,8,18641,0,2,5,4,11,254,At Risk,181-365 Days,6-10 Purchases,High
20826,Jennifer Williams,422,5,15282,0,2,3,4,9,234,At Risk,365+ Days,3-5 Purchases,High
20834,Rebecca Townsend,269,7,15253,0,2,5,4,11,254,At Risk,181-365 Days,6-10 Purchases,High
20836,James Velazquez,292,8,16989,0,2,5,4,11,254,At Risk,181-365 Days,6-10 Purchases,High
20841,Edward Velasquez,335,7,15860,0,2,5,4,11,254,At Risk,181-365 Days,6-10 Purchases,High
20857,Daniel Chandler,346,5,16903,0,2,3,4,9,234,At Risk,181-365 Days,3-5 Purchases,High
20863,William Hunt,244,7,16974,0,2,5,4,11,254,At Risk,181-365 Days,6-10 Purchases,High
20867,Nathan Jimenez,306,7,22262,0,2,5,5,12,255,At Risk,181-365 Days,6-10 Purchases,Very High
20875,Duane Dixon,314,4,17073,0,2,2,4,8,224,Need Attention,181-365 Days,3-5 Purchases,High
20890,Justin Gomez,334,7,20390,0,2,5,5,12,255,At Risk,181-365 Days,6-10 Purchases,Very High
20892,Lindsey Ray,393,7,15020,0,2,5,4,11,254,At Risk,365+ Days,6-10 Purchases,High
20899,Shirley Drake,376,6,19734,0,2,4,5,11,245,At Risk,365+ Days,6-10 Purchases,Very High
20907,Matthew Rodriguez,331,8,17225,0,2,5,4,11,254,At Risk,181-365 Days,6-10 Purchases,High
20919,Joshua Mullins,498,5,15264,0,1,3,4,8,134,At Risk,365+ Days,3-5 Purchases,High
20921,Jessica Huynh,270,5,16127,0,2,3,4,9,234,At Risk,181-365 Days,3-5 Purchases,High
20924,Mckenzie Warren,604,7,20854,0,1,5,5,11,155,At Risk,365+ Days,6-10 Purchases,Very High
20943,Lawrence Ochoa,511,8,17837,0,1,5,4,10,154,At Risk,365+ Days,6-10 Purchases,High
20950,Edward Stark,546,6,15392,0,1,4,4,9,144,At Risk,365+ Days,6-10 Purchases,High
20988,Christina Pena,250,6,25693,0,2,4,5,11,245,At Risk,181-365 Days,6-10 Purchases,Very High
20991,Anita Fernandez,504,6,19531,0,1,4,5,10,145,At Risk,365+ Days,6-10 Purchases,Very High
21039,Jennifer Pennington,276,4,15521,0,2,2,4,8,224,Need Attention,181-365 Days,3-5 Purchases,High
21083,Michael Jones,334,8,23195,0,2,5,5,12,255,At Risk,181-365 Days,6-10 Purchases,Very High
21105,Nicole Levine,512,7,19785,0,1,5,5,11,155,At Risk,365+ Days,6-10 Purchases,Very High
21122,Christy Harmon,292,8,18490,0,2,5,4,11,254,At Risk,181-365 Days,6-10 Purchases,High
21136,Sharon Taylor,481,5,15692,0,1,3,4,8,134,At Risk,365+ Days,3-5 Purchases,High
21156,Joe Mckenzie,378,10,25106,0,2,5,5,12,255,At Risk,365+ Days,6-10 Purchases,Very High
21157,Betty Johnson,301,6,19965,0,2,4,5,11,245,At Risk,181-365 Days,6-10 Purchases,Very High
21162,Roger Fuller,253,7,14997,0,2,5,4,11,254,At Risk,181-365 Days,6-10 Purchases,High
21165,Jennifer Griffith,351,6,20663,0,2,4,5,11,245,At Risk,181-365 Days,6-10 Purchases,Very High
21172,Leonard Smith,413,6,15074,0,2,4,4,10,244,At Risk,365+ Days,6-10 Purchases,High
21175,Jason Clements,248,5,22451,0,2,3,5,10,235,At Risk,181-365 Days,3-5 Purchases,Very High
21182,Megan Williams,345,6,23275,0,2,4,5,11,245,At Risk,181-365 Days,6-10 Purchases,Very High
21186,Colleen White,264,7,24113,0,2,5,5,12,255,At Risk,181-365 Days,6-10 Purchases,Very High
21188,Holly Walsh,515,8,19807,0,1,5,5,11,155,At Risk,365+ Days,6-10 Purchases,Very High
21209,Emily Lee,278,6,16002,0,2,4,4,10,244,At Risk,181-365 Days,6-10 Purchases,High
21212,Kayla Allison,256,7,23616,0,2,5,5,12,255,At Risk,181-365 Days,6-10 Purchases,Very High
21214,Hannah Newman,284,9,27605,0,2,5,5,12,255,At Risk,181-365 Days,6-10 Purchases,Very High
21219,Nicholas Hampton,276,5,17113,0,2,3,4,9,234,At Risk,181-365 Days,3-5 Purchases,High
21221,Paul Ingram,467,6,15642,0,1,4,4,9,144,At Risk,365+ Days,6-10 Purchases,High
21274,Danielle Moreno,361,9,15535,0,2,5,4,11,254,At Risk,181-365 Days,6-10 Purchases,High
21293,Kevin Delgado,258,6,14821,0,2,4,4,10,244,At Risk,181-365 Days,6-10 Purchases,High
21307,Joseph Harper MD,335,5,18690,0,2,3,4,9,234,At Risk,181-365 Days,3-5 Purchases,High
21336,Jennifer Martinez,509,8,23239,0,1,5,5,11,155,At Risk,365+ Days,6-10 Purchases,Very High
21345,Pamela Wood,309,8,31912,0,2,5,5,12,255,At Risk,181-365 Days,6-10 Purchases,Very High
21346,Tonya Howard,266,5,15719,0,2,3,4,9,234,At Risk,181-365 Days,3-5 Purchases,High
21368,Katherine Lane,658,7,18770,0,1,5,4,10,154,At Risk,365+ Days,6-10 Purchases,High
21419,Ricky Jones,344,6,16627,0,2,4,4,10,244,At Risk,181-365 Days,6-10 Purchases,High
21425,Amber Greene,615,7,18675,0,1,5,4,10,154,At Risk,365+ Days,6-10 Purchases,High
21439,Erin Williams,293,7,17596,0,2,5,4,11,254,At Risk,181-365 Days,6-10 Purchases,High
21448,April Berry,412,7,18970,0,2,5,4,11,254,At Risk,365+ Days,6-10 Purchases,High
21463,Peter Griffin,262,7,14962,0,2,5,4,11,254,At Risk,181-365 Days,6-10 Purchases,High
21482,Jill Beltran,272,7,22783,0,2,5,5,12,255,At Risk,181-365 Days,6-10 Purchases,Very High
21485,Ryan Johnson,431,6,20656,0,1,4,5,10,145,At Risk,365+ Days,6-10 Purchases,Very High
21491,Brett Austin,621,5,15772,0,1,3,4,8,134,At Risk,365+ Days,3-5 Purchases,High
21503,Michele Scott,254,7,19925,0,2,5,5,12,255,At Risk,181-365 Days,6-10 Purchases,Very High
21529,Mason Smith,323,7,17818,0,2,5,4,11,254,At Risk,181-365 Days,6-10 Purchases,High
21534,Russell Logan,515,7,20679,0,1,5,5,11,155,At Risk,365+ Days,6-10 Purchases,Very High
21547,Billy Patterson,877,5,19973,0,1,3,5,9,135,At Risk,365+ Days,3-5 Purchases,Very High
21563,Caroline Mcclain,304,7,24602,0,2,5,5,12,255,At Risk,181-365 Days,6-10 Purchases,Very High
21565,Kendra Jones,259,7,25130,0,2,5,5,12,255,At Risk,181-365 Days,6-10 Purchases,Very High
21577,Mary Hart,262,8,17206,0,2,5,4,11,254,At Risk,181-365 Days,6-10 Purchases,High
21586,Scott Meyer,413,6,18637,0,2,4,4,10,244,At Risk,365+ Days,6-10 Purchases,High
21594,Mark Smith,365,7,19768,0,2,5,5,12,255,At Risk,181-365 Days,6-10 Purchases,Very High
21599,Connor Ross,493,6,16850,0,1,4,4,9,144,At Risk,365+ Days,6-10 Purchases,High
21601,Lisa Crawford,422,7,17445,0,2,5,4,11,254,At Risk,365+ Days,6-10 Purchases,High
21605,Jessica Jones,609,5,21454,0,1,3,5,9,135,At Risk,365+ Days,3-5 Purchases,Very High
21607,Melanie Harris,305,7,19302,0,2,5,5,12,255,At Risk,181-365 Days,6-10 Purchases,Very High
21610,Melissa Kent,349,8,24302,0,2,5,5,12,255,At Risk,181-365 Days,6-10 Purchases,Very High
21615,Emily Hays,360,6,17694,0,2,4,4,10,244,At Risk,181-365 Days,6-10 Purchases,High
21646,Benjamin Garcia,320,10,31998,0,2,5,5,12,255,At Risk,181-365 Days,6-10 Purchases,Very High
21662,David Kramer,333,11,32484,0,2,5,5,12,255,At Risk,181-365 Days,10+ Purchases,Very High
21668,Veronica Rodriguez,344,6,22734,0,2,4,5,11,245,At Risk,181-365 Days,6-10 Purchases,Very High
21675,Lisa Anderson,615,6,21914,0,1,4,5,10,145,At Risk,365+ Days,6-10 Purchases,Very High
21699,Deborah Vance,269,10,21005,0,2,5,5,12,255,At Risk,181-365 Days,6-10 Purchases,Very High
21705,Theresa Moore,379,9,27434,0,2,5,5,12,255,At Risk,365+ Days,6-10 Purchases,Very High
21729,Michelle Robinson,393,7,24578,0,2,5,5,12,255,At Risk,365+ Days,6-10 Purchases,Very High
21733,Kristen Page,291,6,23907,0,2,4,5,11,245,At Risk,181-365 Days,6-10 Purchases,Very High
21758,Brian Russell,256,5,15831,0,2,3,4,9,234,At Risk,181-365 Days,3-5 Purchases,High
21762,Mark Burton,522,7,19614,0,1,5,5,11,155,At Risk,365+ Days,6-10 Purchases,Very High
21775,Elizabeth Bryan,513,6,16750,0,1,4,4,9,144,At Risk,365+ Days,6-10 Purchases,High
21777,Jennifer Banks,357,9,22267,0,2,5,5,12,255,At Risk,181-365 Days,6-10 Purchases,Very High
21801,Micheal Berry,734,7,17898,0,1,5,4,10,154,At Risk,365+ Days,6-10 Purchases,High
21802,Edward Clements,249,10,24366,0,2,5,5,12,255,At Risk,181-365 Days,6-10 Purchases,Very High
21808,Anthony Estrada,289,6,17164,0,2,4,4,10,244,At Risk,181-365 Days,6-10 Purchases,High
21821,Charles Ayers,544,4,15436,0,1,2,4,7,124,Need Attention,365+ Days,3-5 Purchases,High
21842,Dr. Martin Brennan,346,8,23757,0,2,5,5,12,255,At Risk,181-365 Days,6-10 Purchases,Very High
21849,Darrell Reynolds,297,6,17768,0,2,4,4,10,244,At Risk,181-365 Days,6-10 Purchases,High
21858,Anthony Garrison,449,10,26315,0,1,5,5,11,155,At Risk,365+ Days,6-10 Purchases,Very High
21869,Richard Baker,610,5,17991,0,1,3,4,8,134,At Risk,365+ Days,3-5 Purchases,High
21877,Kathy Mitchell,478,7,18888,0,1,5,4,10,154,At Risk,365+ Days,6-10 Purchases,High
21880,Christopher Jones,339,7,22697,0,2,5,5,12,255,At Risk,181-365 Days,6-10 Purchases,Very High
21893,Dennis Anderson,581,8,25256,0,1,5,5,11,155,At Risk,365+ Days,6-10 Purchases,Very High
21894,Sarah Doyle,305,4,15017,0,2,2,4,8,224,Need Attention,181-365 Days,3-5 Purchases,High
21897,Jeremy Costa,313,9,22103,0,2,5,5,12,255,At Risk,181-365 Days,6-10 Purchases,Very High
21924,Sherry Riddle,244,5,16592,0,2,3,4,9,234,At Risk,181-365 Days,3-5 Purchases,High
21927,Virginia Moran,426,5,16257,0,2,3,4,9,234,At Risk,365+ Days,3-5 Purchases,High
21935,Luke Lewis,379,5,15918,0,2,3,4,9,234,At Risk,365+ Days,3-5 Purchases,High
21943,Shane Calderon,446,6,17788,0,1,4,4,9,144,At Risk,365+ Days,6-10 Purchases,High
21954,Richard Olson,469,8,25571,0,1,5,5,11,155,At Risk,365+ Days,6-10 Purchases,Very High
21956,Cole Patterson,413,4,16949,0,2,2,4,8,224,Need Attention,365+ Days,3-5 Purchases,High
21959,Dean Christian,323,6,21253,0,2,4,5,11,245,At Risk,181-365 Days,6-10 Purchases,Very High
21972,Geoffrey Leach,396,6,19702,0,2,4,5,11,245,At Risk,365+ Days,6-10 Purchases,Very High
21975,Jose Green,1046,4,17460,0,1,2,4,7,124,Need Attention,365+ Days,3-5 Purchases,High
22005,Amy Watkins,353,6,15787,0,2,4,4,10,244,At Risk,181-365 Days,6-10 Purchases,High
22021,Andres Perez,271,5,15166,0,2,3,4,9,234,At Risk,181-365 Days,3-5 Purchases,High
22029,Kaitlin Graves,907,4,15559,0,1,2,4,7,124,Need Attention,365+ Days,3-5 Purchases,High
22032,Brandy Brown,344,7,21929,0,2,5,5,12,255,At Risk,181-365 Days,6-10 Purchases,Very High
22051,Christopher Rogers,290,5,15585,0,2,3,4,9,234,At Risk,181-365 Days,3-5 Purchases,High
22052,Gail Rubio,513,5,20620,0,1,3,5,9,135,At Risk,365+ Days,3-5 Purchases,Very High
22058,Mark Roberts,336,9,28720,0,2,5,5,12,255,At Risk,181-365 Days,6-10 Purchases,Very High
22091,Julie Burch,493,5,15206,0,1,3,4,8,134,At Risk,365+ Days,3-5 Purchases,High
22099,Dylan White,365,7,20703,0,2,5,5,12,255,At Risk,181-365 Days,6-10 Purchases,Very High
22105,Megan Smith,506,9,23080,0,1,5,5,11,155,At Risk,365+ Days,6-10 Purchases,Very High
22113,Brittney Gonzales,280,5,16480,0,2,3,4,9,234,At Risk,181-365 Days,3-5 Purchases,High
22162,Bethany Garcia,317,6,22813,0,2,4,5,11,245,At Risk,181-365 Days,6-10 Purchases,Very High
22174,Alfred Daniel,261,6,16721,0,2,4,4,10,244,At Risk,181-365 Days,6-10 Purchases,High
22188,Brandon Williams,286,8,20587,0,2,5,5,12,255,At Risk,181-365 Days,6-10 Purchases,Very High
22190,Briana Rose,353,6,18815,0,2,4,4,10,244,At Risk,181-365 Days,6-10 Purchases,High
22195,Raymond Wilson,428,7,18578,0,1,5,4,10,154,At Risk,365+ Days,6-10 Purchases,High
22196,Justin Floyd,557,5,16470,0,1,3,4,8,134,At Risk,365+ Days,3-5 Purchases,High
22219,Karen Kennedy,352,5,16510,0,2,3,4,9,234,At Risk,181-365 Days,3-5 Purchases,High
22225,Robin King,464,4,17714,0,1,2,4,7,124,Need Attention,365+ Days,3-5 Purchases,High
22245,Amanda Flores,328,5,18785,0,2,3,4,9,234,At Risk,181-365 Days,3-5 Purchases,High
22248,Philip Wilson,496,7,14820,0,1,5,4,10,154,At Risk,365+ Days,6-10 Purchases,High
22252,Latasha Padilla,334,8,20497,0,2,5,5,12,255,At Risk,181-365 Days,6-10 Purchases,Very High
22269,Cynthia Baker,347,10,31760,0,2,5,5,12,255,At Risk,181-365 Days,6-10 Purchases,Very High
22274,Richard Ware,447,6,18566,0,1,4,4,9,144,At Risk,365+ Days,6-10 Purchases,High
22299,Veronica Young,560,6,18126,0,1,4,4,9,144,At Risk,365+ Days,6-10 Purchases,High
22322,Kyle Porter,274,5,14883,0,2,3,4,9,234,At Risk,181-365 Days,3-5 Purchases,High
22331,Chelsea Grant,607,6,17518,0,1,4,4,9,144,At Risk,365+ Days,6-10 Purchases,High
22349,Debra Reed,363,4,17070,0,2,2,4,8,224,Need Attention,181-365 Days,3-5 Purchases,High
22359,Ryan Cameron,541,4,15580,0,1,2,4,7,124,Need Attention,365+ Days,3-5 Purchases,High
22373,Megan Garcia,267,7,19111,0,2,5,4,11,254,At Risk,181-365 Days,6-10 Purchases,High
22386,Stephanie Lee,257,5,17201,0,2,3,4,9,234,At Risk,181-365 Days,3-5 Purchases,High
22390,Jason Harper,253,8,23634,0,2,5,5,12,255,At Risk,181-365 Days,6-10 Purchases,Very High
22393,Dennis Bryant,498,4,15597,0,1,2,4,7,124,Need Attention,365+ Days,3-5 Purchases,High
22395,Kevin Stanley,305,8,19298,0,2,5,5,12,255,At Risk,181-365 Days,6-10 Purchases,Very High
22408,Nicholas Tanner,804,6,20996,0,1,4,5,10,145,At Risk,365+ Days,6-10 Purchases,Very High
22444,Kenneth Lewis,828,6,15030,0,1,4,4,9,144,At Risk,365+ Days,6-10 Purchases,High
22464,Jasmine Cherry,282,7,20345,0,2,5,5,12,255,At Risk,181-365 Days,6-10 Purchases,Very High
22472,Tara Barry,310,5,17244,0,2,3,4,9,234,At Risk,181-365 Days,3-5 Purchases,High
22509,Mary Garrett,317,9,18042,0,2,5,4,11,254,At Risk,181-365 Days,6-10 Purchases,High
22512,Jack Kim,411,8,16809,0,2,5,4,11,254,At Risk,365+ Days,6-10 Purchases,High
22528,Andrew Powers,412,6,18984,0,2,4,4,10,244,At Risk,365+ Days,6-10 Purchases,High
22539,Jason Ramsey,447,7,20003,0,1,5,5,11,155,At Risk,365+ Days,6-10 Purchases,Very High
22541,Teresa Carr,304,6,16662,0,2,4,4,10,244,At Risk,181-365 Days,6-10 Purchases,High
22559,Bryan Bauer,279,6,16765,0,2,4,4,10,244,At Risk,181-365 Days,6-10 Purchases,High
22566,Tyler Arroyo,347,5,14982,0,2,3,4,9,234,At Risk,181-365 Days,3-5 Purchases,High
22572,John Williams,385,6,16397,0,2,4,4,10,244,At Risk,365+ Days,6-10 Purchases,High
22582,Jonathan Garcia,342,5,16526,0,2,3,4,9,234,At Risk,181-365 Days,3-5 Purchases,High
22594,Michael Rivera,660,6,15526,0,1,4,4,9,144,At Risk,365+ Days,6-10 Purchases,High
22599,Amy Carson,1007,5,14963,0,1,3,4,8,134,At Risk,365+ Days,3-5 Purchases,High
22625,David Davis,541,4,15990,0,1,2,4,7,124,Need Attention,365+ Days,3-5 Purchases,High
22644,Alexandria Velez,268,7,19183,0,2,5,4,11,254,At Risk,181-365 Days,6-10 Purchases,High
22650,Brandon Torres,244,8,18487,0,2,5,4,11,254,At Risk,181-365 Days,6-10 Purchases,High
22655,April Rodriguez,334,4,14920,0,2,2,4,8,224,Need Attention,181-365 Days,3-5 Purchases,High
22658,Luis Maynard,461,8,27819,0,1,5,5,11,155,At Risk,365+ Days,6-10 Purchases,Very High
22676,Jeffery Duarte,287,9,22265,0,2,5,5,12,255,At Risk,181-365 Days,6-10 Purchases,Very High
22681,Joseph Branch,455,7,16500,0,1,5,4,10,154,At Risk,365+ Days,6-10 Purchases,High
22689,Jennifer Powers,293,7,23314,0,2,5,5,12,255,At Risk,181-365 Days,6-10 Purchases,Very High
22690,Jamie Mckenzie,401,6,16007,0,2,4,4,10,244,At Risk,365+ Days,6-10 Purchases,High
22705,Charles Baldwin,471,7,20316,0,1,5,5,11,155,At Risk,365+ Days,6-10 Purchases,Very High
22729,Lori Meyer,338,6,19760,0,2,4,5,11,245,At Risk,181-365 Days,6-10 Purchases,Very High
22731,Marcus Davis,265,5,16016,0,2,3,4,9,234,At Risk,181-365 Days,3-5 Purchases,High
22735,Emily Erickson,316,9,25062,0,2,5,5,12,255,At Risk,181-365 Days,6-10 Purchases,Very High
22750,Tonya Oneill,388,5,16125,0,2,3,4,9,234,At Risk,365+ Days,3-5 Purchases,High
22753,William Page,313,6,19870,0,2,4,5,11,245,At Risk,181-365 Days,6-10 Purchases,Very High
22757,Abigail Allen,783,5,16831,0,1,3,4,8,134,At Risk,365+ Days,3-5 Purchases,High
22760,Rebecca Brown,325,7,23124,0,2,5,5,12,255,At Risk,181-365 Days,6-10 Purchases,Very High
22785,William Wang,407,9,23514,0,2,5,5,12,255,At Risk,365+ Days,6-10 Purchases,Very High
22787,Nicholas Smith,256,9,19297,0,2,5,5,12,255,At Risk,181-365 Days,6-10 Purchases,Very High
22792,Michael Yu,483,5,16621,0,1,3,4,8,134,At Risk,365+ Days,3-5 Purchases,High
22795,Robert Davis,260,6,16715,0,2,4,4,10,244,At Risk,181-365 Days,6-10 Purchases,High
22796,Christopher Johnson,371,5,17847,0,2,3,4,9,234,At Risk,365+ Days,3-5 Purchases,High
22801,Ebony Soto,315,8,24080,0,2,5,5,12,255,At Risk,181-365 Days,6-10 Purchases,Very High
22805,Sharon Melton,290,6,17256,0,2,4,4,10,244,At Risk,181-365 Days,6-10 Purchases,High
22840,Amy Brooks,608,6,23040,0,1,4,5,10,145,At Risk,365+ Days,6-10 Purchases,Very High
22843,Scott Bailey,337,8,22352,0,2,5,5,12,255,At Risk,181-365 Days,6-10 Purchases,Very High
22851,William Armstrong,315,9,25158,0,2,5,5,12,255,At Risk,181-365 Days,6-10 Purchases,Very High
22853,Janet Davidson,259,6,15404,0,2,4,4,10,244,At Risk,181-365 Days,6-10 Purchases,High
22856,Michele Lee,504,7,18816,0,1,5,4,10,154,At Risk,365+ Days,6-10 Purchases,High
22903,Teresa Swanson MD,435,6,16371,0,1,4,4,9,144,At Risk,365+ Days,6-10 Purchases,High
22908,Sarah Walters,345,8,25300,0,2,5,5,12,255,At Risk,181-365 Days,6-10 Purchases,Very High
22928,Peter Butler,280,6,16405,0,2,4,4,10,244,At Risk,181-365 Days,6-10 Purchases,High
22935,David Taylor,286,7,19889,0,2,5,5,12,255,At Risk,181-365 Days,6-10 Purchases,Very High
22949,Brandon Smith,272,8,19805,0,2,5,5,12,255,At Risk,181-365 Days,6-10 Purchases,Very High
22982,David Trevino,262,6,21155,0,2,4,5,11,245,At Risk,181-365 Days,6-10 Purchases,Very High
22994,Brian Parker,272,4,15748,0,2,2,4,8,224,Need Attention,181-365 Days,3-5 Purchases,High
23011,Samuel Hernandez,338,6,19906,0,2,4,5,11,245,At Risk,181-365 Days,6-10 Purchases,Very High
23027,Donna Townsend,797,7,24290,0,1,5,5,11,155,At Risk,365+ Days,6-10 Purchases,Very High
23029,Bethany Johnson,548,6,18138,0,1,4,4,9,144,At Risk,365+ Days,6-10 Purchases,High
23031,Keith Kim,281,8,23442,0,2,5,5,12,255,At Risk,181-365 Days,6-10 Purchases,Very High
23032,Crystal Becker,258,5,18484,0,2,3,4,9,234,At Risk,181-365 Days,3-5 Purchases,High
23039,Krista Butler,333,7,20327,0,2,5,5,12,255,At Risk,181-365 Days,6-10 Purchases,Very High
23042,Paul Hall,346,5,18929,0,2,3,4,9,234,At Risk,181-365 Days,3-5 Purchases,High
23047,Leslie Ramirez,383,5,16289,0,2,3,4,9,234,At Risk,365+ Days,3-5 Purchases,High
23051,Ashley Perez,394,9,31266,0,2,5,5,12,255,At Risk,365+ Days,6-10 Purchases,Very High
23063,Charles Gardner,466,5,14894,0,1,3,4,8,134,At Risk,365+ Days,3-5 Purchases,High
23075,William Dougherty,263,5,15306,0,2,3,4,9,234,At Risk,181-365 Days,3-5 Purchases,High
23077,Alexandra Johnson,279,6,15520,0,2,4,4,10,244,At Risk,181-365 Days,6-10 Purchases,High
23088,Christian Montoya,431,6,16626,0,1,4,4,9,144,At Risk,365+ Days,6-10 Purchases,High
23090,Gregory Coleman,322,5,19070,0,2,3,4,9,234,At Risk,181-365 Days,3-5 Purchases,High
23110,Carolyn Pugh,647,5,19992,0,1,3,5,9,135,At Risk,365+ Days,3-5 Purchases,Very High
23118,Tara Hill,322,7,16003,0,2,5,4,11,254,At Risk,181-365 Days,6-10 Purchases,High
23140,Jennifer Davis,735,5,14846,0,1,3,4,8,134,At Risk,365+ Days,3-5 Purchases,High
23144,Megan Johnson,273,6,15663,0,2,4,4,10,244,At Risk,181-365 Days,6-10 Purchases,High
23166,Amy Lee,382,6,20717,0,2,4,5,11,245,At Risk,365+ Days,6-10 Purchases,Very High
23174,Michelle Roberts,254,5,15662,0,2,3,4,9,234,At Risk,181-365 Days,3-5 Purchases,High
23185,Justin Montoya,549,6,16202,0,1,4,4,9,144,At Risk,365+ Days,6-10 Purchases,High
23191,Christopher Torres,610,6,17710,0,1,4,4,9,144,At Risk,365+ Days,6-10 Purchases,High
23200,Troy Barton,346,5,17730,0,2,3,4,9,234,At Risk,181-365 Days,3-5 Purchases,High
23209,Anthony Sanchez,262,9,28532,0,2,5,5,12,255,At Risk,181-365 Days,6-10 Purchases,Very High
23211,Claudia Roman,273,5,17292,0,2,3,4,9,234,At Risk,181-365 Days,3-5 Purchases,High
23236,Ruben Jones MD,462,4,16831,0,1,2,4,7,124,Need Attention,365+ Days,3-5 Purchases,High
23252,Maureen Bailey,366,8,19258,0,2,5,4,11,254,At Risk,365+ Days,6-10 Purchases,High
23258,Amy Mcdonald,662,5,14857,0,1,3,4,8,134,At Risk,365+ Days,3-5 Purchases,High
23273,Ann Phillips,471,6,25508,0,1,4,5,10,145,At Risk,365+ Days,6-10 Purchases,Very High
23289,Michael Burns,337,7,21109,0,2,5,5,12,255,At Risk,181-365 Days,6-10 Purchases,Very High
23292,Carlos Mckenzie,322,8,22190,0,2,5,5,12,255,At Risk,181-365 Days,6-10 Purchases,Very High
23306,Derek Cook,263,7,19950,0,2,5,5,12,255,At Risk,181-365 Days,6-10 Purchases,Very High
23319,Gabrielle Shaw,255,6,19534,0,2,4,5,11,245,At Risk,181-365 Days,6-10 Purchases,Very High
23330,Maria Kim,586,11,30781,0,1,5,5,11,155,At Risk,365+ Days,10+ Purchases,Very High
23332,Donna Cox,450,6,15574,0,1,4,4,9,144,At Risk,365+ Days,6-10 Purchases,High
23336,Ashley Delacruz,288,8,20360,0,2,5,5,12,255,At Risk,181-365 Days,6-10 Purchases,Very High
23364,Nathaniel Griffith,354,8,21593,0,2,5,5,12,255,At Risk,181-365 Days,6-10 Purchases,Very High
23392,Colleen Gilbert,319,8,20853,0,2,5,5,12,255,At Risk,181-365 Days,6-10 Purchases,Very High
23393,Emily Martinez,388,4,17946,0,2,2,4,8,224,Need Attention,365+ Days,3-5 Purchases,High
23405,Matthew Rose,432,5,16205,0,1,3,4,8,134,At Risk,365+ Days,3-5 Purchases,High
23423,Hannah Kelley,262,7,15046,0,2,5,4,11,254,At Risk,181-365 Days,6-10 Purchases,High
23429,Tyler Williams,772,4,18678,0,1,2,4,7,124,Need Attention,365+ Days,3-5 Purchases,High
23430,Erin Smith,450,7,15321,0,1,5,4,10,154,At Risk,365+ Days,6-10 Purchases,High
23441,Andrew Crawford,475,5,18454,0,1,3,4,8,134,At Risk,365+ Days,3-5 Purchases,High
23453,David Winters,289,6,18434,0,2,4,4,10,244,At Risk,181-365 Days,6-10 Purchases,High
23461,Ricardo Levy,423,6,17523,0,2,4,4,10,244,At Risk,365+ Days,6-10 Purchases,High
23465,James Melton,565,6,16363,0,1,4,4,9,144,At Risk,365+ Days,6-10 Purchases,High
23474,Douglas Dennis,269,9,32048,0,2,5,5,12,255,At Risk,181-365 Days,6-10 Purchases,Very High
23497,Jonathan Cook,381,8,16274,0,2,5,4,11,254,At Risk,365+ Days,6-10 Purchases,High
23498,Becky Smith,259,7,20315,0,2,5,5,12,255,At Risk,181-365 Days,6-10 Purchases,Very High
23501,Nicholas Valentine,361,7,18766,0,2,5,4,11,254,At Risk,181-365 Days,6-10 Purchases,High
23526,Thomas Torres,472,9,29290,0,1,5,5,11,155,At Risk,365+ Days,6-10 Purchases,Very High
23582,Annette Marsh,336,5,17438,0,2,3,4,9,234,At Risk,181-365 Days,3-5 Purchases,High
23590,Henry Morgan,432,4,15034,0,1,2,4,7,124,Need Attention,365+ Days,3-5 Purchases,High
23623,Pamela Mcintyre,687,5,16313,0,1,3,4,8,134,At Risk,365+ Days,3-5 Purchases,High
23632,Emily Bonilla,407,9,21903,0,2,5,5,12,255,At Risk,365+ Days,6-10 Purchases,Very High
23643,Scott Marquez,524,4,16175,0,1,2,4,7,124,Need Attention,365+ Days,3-5 Purchases,High
23671,Chad White,672,6,19627,0,1,4,5,10,145,At Risk,365+ Days,6-10 Purchases,Very High
23672,William Carter,318,6,19822,0,2,4,5,11,245,At Risk,181-365 Days,6-10 Purchases,Very High
23675,Yolanda Martinez,371,6,18212,0,2,4,4,10,244,At Risk,365+ Days,6-10 Purchases,High
23676,Roger Gilbert,362,7,19994,0,2,5,5,12,255,At Risk,181-365 Days,6-10 Purchases,Very High
23687,Maria Caldwell,283,8,22411,0,2,5,5,12,255,At Risk,181-365 Days,6-10 Purchases,Very High
23693,Elaine Compton,521,9,19476,0,1,5,5,11,155,At Risk,365+ Days,6-10 Purchases,Very High
23697,Elizabeth Hoffman,758,5,15286,0,1,3,4,8,134,At Risk,365+ Days,3-5 Purchases,High
23700,Laura Walker,385,9,15529,0,2,5,4,11,254,At Risk,365+ Days,6-10 Purchases,High
23707,Abigail Small,262,8,27203,0,2,5,5,12,255,At Risk,181-365 Days,6-10 Purchases,Very High
23727,Thomas Murphy,294,7,19687,0,2,5,5,12,255,At Risk,181-365 Days,6-10 Purchases,Very High
23729,Rita Sims,278,6,19999,0,2,4,5,11,245,At Risk,181-365 Days,6-10 Purchases,Very High
23751,Alexander Cruz,551,8,20023,0,1,5,5,11,155,At Risk,365+ Days,6-10 Purchases,Very High
23758,Kimberly Clark,313,7,19997,0,2,5,5,12,255,At Risk,181-365 Days,6-10 Purchases,Very High
23775,Nathan Crane,364,8,22304,0,2,5,5,12,255,At Risk,181-365 Days,6-10 Purchases,Very High
23790,Andrew Townsend,524,6,18790,0,1,4,4,9,144,At Risk,365+ Days,6-10 Purchases,High
23826,Jeffery Keith,932,5,17124,0,1,3,4,8,134,At Risk,365+ Days,3-5 Purchases,High
23850,Susan Brooks,263,7,15562,0,2,5,4,11,254,At Risk,181-365 Days,6-10 Purchases,High
23852,Derrick Williams,350,7,21007,0,2,5,5,12,255,At Risk,181-365 Days,6-10 Purchases,Very High
23871,Juan White,284,7,17781,0,2,5,4,11,254,At Risk,181-365 Days,6-10 Purchases,High
23875,Kevin Weiss,302,5,16477,0,2,3,4,9,234,At Risk,181-365 Days,3-5 Purchases,High
23895,Mrs. Cynthia Boyd DDS,663,5,18624,0,1,3,4,8,134,At Risk,365+ Days,3-5 Purchases,High
23897,Mary Cooper,268,7,15787,0,2,5,4,11,254,At Risk,181-365 Days,6-10 Purchases,High
23902,Daniel Patterson,378,5,15527,0,2,3,4,9,234,At Risk,365+ Days,3-5 Purchases,High
23903,Michele Johnson,245,6,16061,0,2,4,4,10,244,At Risk,181-365 Days,6-10 Purchases,High
23909,Melissa West,342,8,25199,0,2,5,5,12,255,At Risk,181-365 Days,6-10 Purchases,Very High
23914,Jennifer Kline,365,4,15753,0,2,2,4,8,224,Need Attention,181-365 Days,3-5 Purchases,High
23917,Debra Hodge,285,7,18558,0,2,5,4,11,254,At Risk,181-365 Days,6-10 Purchases,High
23927,Amy Day,289,5,18587,0,2,3,4,9,234,At Risk,181-365 Days,3-5 Purchases,High
23931,Robert Beck,367,9,19435,0,2,5,5,12,255,At Risk,365+ Days,6-10 Purchases,Very High
23936,Brian Chaney,588,7,22385,0,1,5,5,11,155,At Risk,365+ Days,6-10 Purchases,Very High
23944,Jennifer Brooks,654,6,16186,0,1,4,4,9,144,At Risk,365+ Days,6-10 Purchases,High
23946,William Gutierrez,257,7,15081,0,2,5,4,11,254,At Risk,181-365 Days,6-10 Purchases,High
23952,Christy Holland,479,6,18946,0,1,4,4,9,144,At Risk,365+ Days,6-10 Purchases,High
23953,Devin Montoya,305,8,14924,0,2,5,4,11,254,At Risk,181-365 Days,6-10 Purchases,High
23977,Kayla Gray,514,5,18523,0,1,3,4,8,134,At Risk,365+ Days,3-5 Purchases,High
24009,Alec Cruz,457,4,15377,0,1,2,4,7,124,Need Attention,365+ Days,3-5 Purchases,High
24029,Jennifer Lucas,249,6,15855,0,2,4,4,10,244,At Risk,181-365 Days,6-10 Purchases,High
24031,Hayden Taylor,376,6,14872,0,2,4,4,10,244,At Risk,365+ Days,6-10 Purchases,High
24050,Rachael Acosta,289,6,16025,0,2,4,4,10,244,At Risk,181-365 Days,6-10 Purchases,High
24051,Michelle Swanson,574,6,18103,0,1,4,4,9,144,At Risk,365+ Days,6-10 Purchases,High
24061,Lisa Stewart,346,5,17592,0,2,3,4,9,234,At Risk,181-365 Days,3-5 Purchases,High
24064,Maria White,367,6,20107,0,2,4,5,11,245,At Risk,365+ Days,6-10 Purchases,Very High
24071,Jeremy Schroeder,246,11,31395,0,2,5,5,12,255,At Risk,181-365 Days,10+ Purchases,Very High
24088,Andrea Perez,389,7,26003,0,2,5,5,12,255,At Risk,365+ Days,6-10 Purchases,Very High
24090,Logan Scott,269,12,28662,0,2,5,5,12,255,At Risk,181-365 Days,10+ Purchases,Very High
24094,Austin Brown,264,6,22828,0,2,4,5,11,245,At Risk,181-365 Days,6-10 Purchases,Very High
24099,Teresa Schultz,335,8,23039,0,2,5,5,12,255,At Risk,181-365 Days,6-10 Purchases,Very High
24118,Rebecca Tyler,349,5,19697,0,2,3,5,10,235,At Risk,181-365 Days,3-5 Purchases,Very High
24121,John Pearson,431,5,18744,0,1,3,4,8,134,At Risk,365+ Days,3-5 Purchases,High
24122,Richard Lowery,268,7,22553,0,2,5,5,12,255,At Risk,181-365 Days,6-10 Purchases,Very High
24125,Lydia Hughes,429,7,23852,0,1,5,5,11,155,At Risk,365+ Days,6-10 Purchases,Very High
24130,Jane Wright,322,7,19093,0,2,5,4,11,254,At Risk,181-365 Days,6-10 Purchases,High
24136,John Cunningham,313,5,17202,0,2,3,4,9,234,At Risk,181-365 Days,3-5 Purchases,High
24138,Zachary Roberts,360,7,24102,0,2,5,5,12,255,At Risk,181-365 Days,6-10 Purchases,Very High
24142,Loretta Brown,472,4,15760,0,1,2,4,7,124,Need Attention,365+ Days,3-5 Purchases,High
24166,Mary Cohen,327,6,24026,0,2,4,5,11,245,At Risk,181-365 Days,6-10 Purchases,Very High
24172,Mary Ponce,495,6,17839,0,1,4,4,9,144,At Risk,365+ Days,6-10 Purchases,High
24186,Heather Williams,461,7,17313,0,1,5,4,10,154,At Risk,365+ Days,6-10 Purchases,High
24202,Thomas Lambert,330,6,16491,0,2,4,4,10,244,At Risk,181-365 Days,6-10 Purchases,High
24223,Rhonda Branch,325,5,19368,0,2,3,5,10,235,At Risk,181-365 Days,3-5 Purchases,Very High
24236,Michael Martinez,457,7,25926,0,1,5,5,11,155,At Risk,365+ Days,6-10 Purchases,Very High
24239,Stephanie Harris,255,9,32671,0,2,5,5,12,255,At Risk,181-365 Days,6-10 Purchases,Very High
24260,Linda Williams,359,12,22782,0,2,5,5,12,255,At Risk,181-365 Days,10+ Purchases,Very High
24266,Rodney Jackson,377,7,25019,0,2,5,5,12,255,At Risk,365+ Days,6-10 Purchases,Very High
24267,Rebecca Russo,303,6,16087,0,2,4,4,10,244,At Risk,181-365 Days,6-10 Purchases,High
24284,Trevor Crawford,432,8,16459,0,1,5,4,10,154,At Risk,365+ Days,6-10 Purchases,High
24301,Stephanie Jenkins,373,6,20130,0,2,4,5,11,245,At Risk,365+ Days,6-10 Purchases,Very High
24313,Matthew Moses,403,5,19718,0,2,3,5,10,235,At Risk,365+ Days,3-5 Purchases,Very High
24330,Julian Parker,248,6,19857,0,2,4,5,11,245,At Risk,181-365 Days,6-10 Purchases,Very High
24337,Jennifer Fernandez,321,7,23733,0,2,5,5,12,255,At Risk,181-365 Days,6-10 Purchases,Very High
24355,Brian Ortega,279,9,30209,0,2,5,5,12,255,At Risk,181-365 Days,6-10 Purchases,Very High
24357,Valerie Mann,311,6,15976,0,2,4,4,10,244,At Risk,181-365 Days,6-10 Purchases,High
24367,Tonya Randolph,303,6,20398,0,2,4,5,11,245,At Risk,181-365 Days,6-10 Purchases,Very High
24368,Richard Mueller,279,8,15204,0,2,5,4,11,254,At Risk,181-365 Days,6-10 Purchases,High
24381,William Ellison,342,5,17720,0,2,3,4,9,234,At Risk,181-365 Days,3-5 Purchases,High
24394,William Macias,438,7,18150,0,1,5,4,10,154,At Risk,365+ Days,6-10 Purchases,High
24399,Daniel Sullivan Jr.,306,7,20556,0,2,5,5,12,255,At Risk,181-365 Days,6-10 Purchases,Very High
24400,Lance Ballard,319,7,23515,0,2,5,5,12,255,At Risk,181-365 Days,6-10 Purchases,Very High
24407,Matthew Robinson,463,7,15542,0,1,5,4,10,154,At Risk,365+ Days,6-10 Purchases,High
24436,Erik Montgomery,294,7,17648,0,2,5,4,11,254,At Risk,181-365 Days,6-10 Purchases,High
24438,Robin Miller,272,5,17031,0,2,3,4,9,234,At Risk,181-365 Days,3-5 Purchases,High
24488,Ashley Love,387,9,26245,0,2,5,5,12,255,At Risk,365+ Days,6-10 Purchases,Very High
24497,Jeremy Porter,259,8,20346,0,2,5,5,12,255,At Risk,181-365 Days,6-10 Purchases,Very High
24505,Lauren Lewis,389,5,19416,0,2,3,5,10,235,At Risk,365+ Days,3-5 Purchases,Very High
24521,Christina Bradley,428,9,20702,0,1,5,5,11,155,At Risk,365+ Days,6-10 Purchases,Very High
24522,Anthony Mccoy,530,8,19683,0,1,5,5,11,155,At Risk,365+ Days,6-10 Purchases,Very High
24527,Robert Miller,299,5,15150,0,2,3,4,9,234,At Risk,181-365 Days,3-5 Purchases,High
24530,Deborah Mack,245,8,22726,0,2,5,5,12,255,At Risk,181-365 Days,6-10 Purchases,Very High
24550,Michelle Sanchez,330,7,16206,0,2,5,4,11,254,At Risk,181-365 Days,6-10 Purchases,High
24558,Joshua Smith,248,6,19945,0,2,4,5,11,245,At Risk,181-365 Days,6-10 Purchases,Very High
24567,Michelle Tate,259,7,23453,0,2,5,5,12,255,At Risk,181-365 Days,6-10 Purchases,Very High
24571,Scott Roberts,450,4,15251,0,1,2,4,7,124,Need Attention,365+ Days,3-5 Purchases,High
24583,Kelsey Diaz,260,8,20141,0,2,5,5,12,255,At Risk,181-365 Days,6-10 Purchases,Very High
24587,Michael Roberts,253,7,24752,0,2,5,5,12,255,At Risk,181-365 Days,6-10 Purchases,Very High
24605,Anna Buchanan,419,8,22793,0,2,5,5,12,255,At Risk,365+ Days,6-10 Purchases,Very High
24609,Nancy Gardner,386,7,25017,0,2,5,5,12,255,At Risk,365+ Days,6-10 Purchases,Very High
24615,Steven Wallace,388,6,14974,0,2,4,4,10,244,At Risk,365+ Days,6-10 Purchases,High
24618,Melinda Wilson,321,6,19057,0,2,4,4,10,244,At Risk,181-365 Days,6-10 Purchases,High
24629,Stephanie Franco,492,8,22616,0,1,5,5,11,155,At Risk,365+ Days,6-10 Purchases,Very High
24630,Randall Hanna,371,4,16584,0,2,2,4,8,224,Need Attention,365+ Days,3-5 Purchases,High
24631,Stephanie Green,570,4,14942,0,1,2,4,7,124,Need Attention,365+ Days,3-5 Purchases,High
24660,Karen Bray,259,7,18020,0,2,5,4,11,254,At Risk,181-365 Days,6-10 Purchases,High
24667,Mike Howard,283,5,15121,0,2,3,4,9,234,At Risk,181-365 Days,3-5 Purchases,High
24696,Jennifer Edwards,351,8,18141,0,2,5,4,11,254,At Risk,181-365 Days,6-10 Purchases,High
24701,Howard Smith,407,7,17348,0,2,5,4,11,254,At Risk,365+ Days,6-10 Purchases,High
24707,Monica Pierce,358,7,21966,0,2,5,5,12,255,At Risk,181-365 Days,6-10 Purchases,Very High
24726,Diane Wheeler,429,5,15475,0,1,3,4,8,134,At Risk,365+ Days,3-5 Purchases,High
24727,Debra Welch,394,7,19602,0,2,5,5,12,255,At Risk,365+ Days,6-10 Purchases,Very High
24765,Blake Fox,255,5,17335,0,2,3,4,9,234,At Risk,181-365 Days,3-5 Purchases,High
24769,Taylor Ellis,269,4,16431,0,2,2,4,8,224,Need Attention,181-365 Days,3-5 Purchases,High
24771,David Wade,343,10,25527,0,2,5,5,12,255,At Risk,181-365 Days,6-10 Purchases,Very High
24789,Gregory Jimenez,423,9,27230,0,2,5,5,12,255,At Risk,365+ Days,6-10 Purchases,Very High
24791,Sheila Le,368,11,33049,0,2,5,5,12,255,At Risk,365+ Days,10+ Purchases,Very High
24794,Kari Adams,344,5,15983,0,2,3,4,9,234,At Risk,181-365 Days,3-5 Purchases,High
24798,Brian Gray,257,7,20790,0,2,5,5,12,255,At Risk,181-365 Days,6-10 Purchases,Very High
24812,Susan Cunningham,400,9,17624,0,2,5,4,11,254,At Risk,365+ Days,6-10 Purchases,High
24829,Steven Carter,388,5,15155,0,2,3,4,9,234,At Risk,365+ Days,3-5 Purchases,High
24835,Jonathan Cain,368,4,15918,0,2,2,4,8,224,Need Attention,365+ Days,3-5 Purchases,High
24837,David Mata,405,5,16425,0,2,3,4,9,234,At Risk,365+ Days,3-5 Purchases,High
24854,Daniel Patton,490,5,22229,0,1,3,5,9,135,At Risk,365+ Days,3-5 Purchases,Very High
24859,Tammy Thompson,555,6,17179,0,1,4,4,9,144,At Risk,365+ Days,6-10 Purchases,High
24872,Carolyn Bates,490,6,18759,0,1,4,4,9,144,At Risk,365+ Days,6-10 Purchases,High
24874,Clarence Maddox,309,6,14821,0,2,4,4,10,244,At Risk,181-365 Days,6-10 Purchases,High
24893,Jeffrey Hawkins,268,6,20215,0,2,4,5,11,245,At Risk,181-365 Days,6-10 Purchases,Very High
24895,David Rivera,364,8,27385,0,2,5,5,12,255,At Risk,181-365 Days,6-10 Purchases,Very High
24906,Timothy Watts,602,6,24114,0,1,4,5,10,145,At Risk,365+ Days,6-10 Purchases,Very High
24946,Jermaine James,246,7,19989,0,2,5,5,12,255,At Risk,181-365 Days,6-10 Purchases,Very High
24949,Keith Patterson,287,5,17018,0,2,3,4,9,234,At Risk,181-365 Days,3-5 Purchases,High
24950,Ashley Stone MD,326,10,30573,0,2,5,5,12,255,At Risk,181-365 Days,6-10 Purchases,Very High
24968,Omar Charles,365,6,15961,0,2,4,4,10,244,At Risk,181-365 Days,6-10 Purchases,High
24977,Jason Murray,344,5,16468,0,2,3,4,9,234,At Risk,181-365 Days,3-5 Purchases,High
24981,Samuel Lopez PhD,307,11,38511,0,2,5,5,12,255,At Risk,181-365 Days,10+ Purchases,Very High
24993,Krista Donovan,449,6,18253,0,1,4,4,9,144,At Risk,365+ Days,6-10 Purchases,High
24997,Nancy Rodriguez,246,8,22421,0,2,5,5,12,255,At Risk,181-365 Days,6-10 Purchases,Very High
25015,James Jacobson,359,5,16838,0,2,3,4,9,234,At Risk,181-365 Days,3-5 Purchases,High
25024,Elizabeth Robinson MD,522,8,23673,0,1,5,5,11,155,At Risk,365+ Days,6-10 Purchases,Very High
25034,Monique Miller,278,8,15498,0,2,5,4,11,254,At Risk,181-365 Days,6-10 Purchases,High
25052,Adriana Powell,411,5,16247,0,2,3,4,9,234,At Risk,365+ Days,3-5 Purchases,High
25089,Jessica Crane,736,6,18223,0,1,4,4,9,144,At Risk,365+ Days,6-10 Purchases,High
25130,Carla Baxter,327,5,15952,0,2,3,4,9,234,At Risk,181-365 Days,3-5 Purchases,High
25174,Jennifer Frazier,289,8,21672,0,2,5,5,12,255,At Risk,181-365 Days,6-10 Purchases,Very High
25187,Lauren Allen,393,7,15120,0,2,5,4,11,254,At Risk,365+ Days,6-10 Purchases,High
25218,Richard House,455,4,15158,0,1,2,4,7,124,Need Attention,365+ Days,3-5 Purchases,High
25247,Taylor Ellison,579,6,18104,0,1,4,4,9,144,At Risk,365+ Days,6-10 Purchases,High
25255,Sarah Ruiz,521,4,14971,0,1,2,4,7,124,Need Attention,365+ Days,3-5 Purchases,High
25265,Joshua Mathis,300,6,16095,0,2,4,4,10,244,At Risk,181-365 Days,6-10 Purchases,High
25268,Andrew Garcia,372,5,15084,0,2,3,4,9,234,At Risk,365+ Days,3-5 Purchases,High
25271,Daniel Atkins,319,5,15420,0,2,3,4,9,234,At Risk,181-365 Days,3-5 Purchases,High
25277,Daniel Collins,250,6,20730,0,2,4,5,11,245,At Risk,181-365 Days,6-10 Purchases,Very High
25285,David Acosta,743,5,15719,0,1,3,4,8,134,At Risk,365+ Days,3-5 Purchases,High
25286,Victoria Carey,477,6,15698,0,1,4,4,9,144,At Risk,365+ Days,6-10 Purchases,High
25290,Sara Gonzalez,249,8,29485,0,2,5,5,12,255,At Risk,181-365 Days,6-10 Purchases,Very High
25310,Karen Webb,267,5,15667,0,2,3,4,9,234,At Risk,181-365 Days,3-5 Purchases,High
25327,Rachel Marsh,349,6,16202,0,2,4,4,10,244,At Risk,181-365 Days,6-10 Purchases,High
25363,Christopher Murphy,363,6,17416,0,2,4,4,10,244,At Risk,181-365 Days,6-10 Purchases,High
25381,Stephanie Pennington,261,6,20481,0,2,4,5,11,245,At Risk,181-365 Days,6-10 Purchases,Very High
25389,Lance Riley,249,9,30588,0,2,5,5,12,255,At Risk,181-365 Days,6-10 Purchases,Very High
25425,Mrs. Stephanie Rogers,347,6,17156,0,2,4,4,10,244,At Risk,181-365 Days,6-10 Purchases,High
25427,Laura Hall,297,6,23088,0,2,4,5,11,245,At Risk,181-365 Days,6-10 Purchases,Very High
25445,Alexandria Erickson,273,5,16285,0,2,3,4,9,234,At Risk,181-365 Days,3-5 Purchases,High
25456,Diane Collins,369,8,15950,0,2,5,4,11,254,At Risk,365+ Days,6-10 Purchases,High
25467,William Padilla,270,5,18410,0,2,3,4,9,234,At Risk,181-365 Days,3-5 Purchases,High
25471,William Martinez,379,8,18487,0,2,5,4,11,254,At Risk,365+ Days,6-10 Purchases,High
25483,Melinda Stevens,355,6,18205,0,2,4,4,10,244,At Risk,181-365 Days,6-10 Purchases,High
25487,Eric Thompson,289,7,21678,0,2,5,5,12,255,At Risk,181-365 Days,6-10 Purchases,Very High
25496,Ryan Harrington,927,5,15822,0,1,3,4,8,134,At Risk,365+ Days,3-5 Purchases,High
25516,Zachary Murray,326,7,15266,0,2,5,4,11,254,At Risk,181-365 Days,6-10 Purchases,High
25518,Linda Morrow,426,8,20725,0,2,5,5,12,255,At Risk,365+ Days,6-10 Purchases,Very High
25523,Maurice Webb,648,8,17585,0,1,5,4,10,154,At Risk,365+ Days,6-10 Purchases,High
25534,Samantha Davis,289,5,14868,0,2,3,4,9,234,At Risk,181-365 Days,3-5 Purchases,High
25535,Manuel Kelly,298,6,15871,0,2,4,4,10,244,At Risk,181-365 Days,6-10 Purchases,High
25542,Beverly Knight,463,4,15378,0,1,2,4,7,124,Need Attention,365+ Days,3-5 Purchases,High
25545,Jessica Gomez,485,5,15943,0,1,3,4,8,134,At Risk,365+ Days,3-5 Purchases,High
25555,Jennifer Jackson,617,4,16239,0,1,2,4,7,124,Need Attention,365+ Days,3-5 Purchases,High
25606,Kevin Nelson,457,10,30636,0,1,5,5,11,155,At Risk,365+ Days,6-10 Purchases,Very High
25611,Bruce White,520,7,19748,0,1,5,5,11,155,At Risk,365+ Days,6-10 Purchases,Very High
25615,Katrina Wilson,343,8,17585,0,2,5,4,11,254,At Risk,181-365 Days,6-10 Purchases,High
25646,Deborah Howard,265,6,17527,0,2,4,4,10,244,At Risk,181-365 Days,6-10 Purchases,High
25653,Rachel Burton,245,7,15448,0,2,5,4,11,254,At Risk,181-365 Days,6-10 Purchases,High
25684,Natalie Castaneda,435,9,22639,0,1,5,5,11,155,At Risk,365+ Days,6-10 Purchases,Very High
25708,Angela Hickman,282,11,24772,0,2,5,5,12,255,At Risk,181-365 Days,10+ Purchases,Very High
25728,Elizabeth Chapman,425,7,21043,0,2,5,5,12,255,At Risk,365+ Days,6-10 Purchases,Very High
25750,Ann Ortiz,614,6,20075,0,1,4,5,10,145,At Risk,365+ Days,6-10 Purchases,Very High
25755,Denise Baldwin,245,6,19312,0,2,4,5,11,245,At Risk,181-365 Days,6-10 Purchases,Very High
25766,Aaron Mcneil,708,7,18603,0,1,5,4,10,154,At Risk,365+ Days,6-10 Purchases,High
25777,Paul Sims,386,8,24795,0,2,5,5,12,255,At Risk,365+ Days,6-10 Purchases,Very High
25785,Theresa Lopez,318,8,20567,0,2,5,5,12,255,At Risk,181-365 Days,6-10 Purchases,Very High
25786,Juan Navarro,262,5,16895,0,2,3,4,9,234,At Risk,181-365 Days,3-5 Purchases,High
25846,Patty Wong,277,7,26605,0,2,5,5,12,255,At Risk,181-365 Days,6-10 Purchases,Very High
25881,Natalie Lopez,347,4,15416,0,2,2,4,8,224,Need Attention,181-365 Days,3-5 Purchases,High
25893,Amanda Dennis,395,7,16832,0,2,5,4,11,254,At Risk,365+ Days,6-10 Purchases,High
25894,Reginald Harper,281,6,15807,0,2,4,4,10,244,At Risk,181-365 Days,6-10 Purchases,High
25909,Mark Walters,545,6,24183,0,1,4,5,10,145,At Risk,365+ Days,6-10 Purchases,Very High
25910,Robert Cantrell,412,6,15313,0,2,4,4,10,244,At Risk,365+ Days,6-10 Purchases,High
25924,Donald Smith,517,7,20385,0,1,5,5,11,155,At Risk,365+ Days,6-10 Purchases,Very High
25935,Elizabeth Fields,504,7,23899,0,1,5,5,11,155,At Risk,365+ Days,6-10 Purchases,Very High
25949,Stephen Hunter,780,10,17031,0,1,5,4,10,154,At Risk,365+ Days,6-10 Purchases,High
25953,Kimberly Sampson,320,6,19649,0,2,4,5,11,245,At Risk,181-365 Days,6-10 Purchases,Very High
25954,Bradley Brown,316,5,19044,0,2,3,4,9,234,At Risk,181-365 Days,3-5 Purchases,High
25965,Lisa Rhodes,493,6,17101,0,1,4,4,9,144,At Risk,365+ Days,6-10 Purchases,High
25974,Erica Ortiz,441,6,21147,0,1,4,5,10,145,At Risk,365+ Days,6-10 Purchases,Very High
25985,Elizabeth Spears,548,7,24353,0,1,5,5,11,155,At Risk,365+ Days,6-10 Purchases,Very High
26000,Mr. Tony King,564,7,15993,0,1,5,4,10,154,At Risk,365+ Days,6-10 Purchases,High
26011,Kyle Mack,388,7,18799,0,2,5,4,11,254,At Risk,365+ Days,6-10 Purchases,High
26020,Lee Smith,256,5,16723,0,2,3,4,9,234,At Risk,181-365 Days,3-5 Purchases,High
26022,Michael Marshall,330,7,19131,0,2,5,4,11,254,At Risk,181-365 Days,6-10 Purchases,High
26039,Robin Clark,585,7,17329,0,1,5,4,10,154,At Risk,365+ Days,6-10 Purchases,High
26041,John Miller,471,5,17193,0,1,3,4,8,134,At Risk,365+ Days,3-5 Purchases,High
26057,Steven Hill,427,8,22764,0,1,5,5,11,155,At Risk,365+ Days,6-10 Purchases,Very High
26063,Jason Garcia,244,9,26648,0,2,5,5,12,255,At Risk,181-365 Days,6-10 Purchases,Very High
26079,Joshua Solomon,255,6,15878,0,2,4,4,10,244,At Risk,181-365 Days,6-10 Purchases,High
26090,Samuel Wilcox,247,7,17858,0,2,5,4,11,254,At Risk,181-365 Days,6-10 Purchases,High
26106,Maria Hernandez,276,7,19261,0,2,5,4,11,254,At Risk,181-365 Days,6-10 Purchases,High
26111,Scott Banks,500,6,17352,0,1,4,4,9,144,At Risk,365+ Days,6-10 Purchases,High
26124,Donna Ruiz,329,6,18361,0,2,4,4,10,244,At Risk,181-365 Days,6-10 Purchases,High
26133,Mr. David Short,269,11,24087,0,2,5,5,12,255,At Risk,181-365 Days,10+ Purchases,Very High
26141,Ronald Jackson,871,4,16209,0,1,2,4,7,124,Need Attention,365+ Days,3-5 Purchases,High
26143,Joanne Hernandez,472,5,15471,0,1,3,4,8,134,At Risk,365+ Days,3-5 Purchases,High
26170,Claudia Meyer,349,5,15448,0,2,3,4,9,234,At Risk,181-365 Days,3-5 Purchases,High
26175,Linda Newton,405,6,20072,0,2,4,5,11,245,At Risk,365+ Days,6-10 Purchases,Very High
26184,Bradley Wells,534,8,16577,0,1,5,4,10,154,At Risk,365+ Days,6-10 Purchases,High
26190,Eric Brewer,267,7,18959,0,2,5,4,11,254,At Risk,181-365 Days,6-10 Purchases,High
26192,Matthew Jones,484,7,20075,0,1,5,5,11,155,At Risk,365+ Days,6-10 Purchases,Very High
26195,Austin Harmon,311,8,19244,0,2,5,4,11,254,At Risk,181-365 Days,6-10 Purchases,High
26201,Darlene Bennett,246,9,24839,0,2,5,5,12,255,At Risk,181-365 Days,6-10 Purchases,Very High
26230,Mark Smith,396,6,16815,0,2,4,4,10,244,At Risk,365+ Days,6-10 Purchases,High
26234,Jon Wells,344,7,20913,0,2,5,5,12,255,At Risk,181-365 Days,6-10 Purchases,Very High
26281,Regina Montes,283,8,30869,0,2,5,5,12,255,At Risk,181-365 Days,6-10 Purchases,Very High
26284,Hannah Campbell,248,5,15622,0,2,3,4,9,234,At Risk,181-365 Days,3-5 Purchases,High
26317,Russell Beck,274,6,16964,0,2,4,4,10,244,At Risk,181-365 Days,6-10 Purchases,High
26328,Eugene King,319,13,37519,0,2,5,5,12,255,At Risk,181-365 Days,10+ Purchases,Very High
26383,Lauren Reynolds,399,5,18064,0,2,3,4,9,234,At Risk,365+ Days,3-5 Purchases,High
26386,John Keith,428,6,15286,0,1,4,4,9,144,At Risk,365+ Days,6-10 Purchases,High
26396,Thomas Wilson,243,5,16071,0,2,3,4,9,234,At Risk,181-365 Days,3-5 Purchases,High
26399,Audrey Warner,311,8,23774,0,2,5,5,12,255,At Risk,181-365 Days,6-10 Purchases,Very High
26429,Andrew Hensley,407,7,18575,0,2,5,4,11,254,At Risk,365+ Days,6-10 Purchases,High
26433,Yvonne Jones MD,293,6,15461,0,2,4,4,10,244,At Risk,181-365 Days,6-10 Purchases,High
26453,Jenna Gordon,620,7,18191,0,1,5,4,10,154,At Risk,365+ Days,6-10 Purchases,High
26457,Chris Silva MD,255,8,20099,0,2,5,5,12,255,At Risk,181-365 Days,6-10 Purchases,Very High
26501,Amber Bradley PhD,330,5,18810,0,2,3,4,9,234,At Risk,181-365 Days,3-5 Purchases,High
26516,Mr. Ian Ramirez,684,8,23807,0,1,5,5,11,155,At Risk,365+ Days,6-10 Purchases,Very High
26527,Richard Valdez,396,8,26416,0,2,5,5,12,255,At Risk,365+ Days,6-10 Purchases,Very High
26570,Kimberly Holland,243,6,21548,0,2,4,5,11,245,At Risk,181-365 Days,6-10 Purchases,Very High
26573,Mark Ruiz,859,6,20748,0,1,4,5,10,145,At Risk,365+ Days,6-10 Purchases,Very High
26575,Curtis Potter,1076,4,15977,0,1,2,4,7,124,Need Attention,365+ Days,3-5 Purchases,High
26577,Ryan Paul,427,7,22009,0,1,5,5,11,155,At Risk,365+ Days,6-10 Purchases,Very High
26627,Brittany Ross,535,7,14990,0,1,5,4,10,154,At Risk,365+ Days,6-10 Purchases,High
26631,Mathew King,530,9,28498,0,1,5,5,11,155,At Risk,365+ Days,6-10 Purchases,Very High
26641,Andrew Harrison,350,8,18345,0,2,5,4,11,254,At Risk,181-365 Days,6-10 Purchases,High
26658,Dr. Nicole Travis,283,7,18915,0,2,5,4,11,254,At Risk,181-365 Days,6-10 Purchases,High
26672,Desiree Adams,305,6,19862,0,2,4,5,11,245,At Risk,181-365 Days,6-10 Purchases,Very High
26676,Justin Olson,386,5,17399,0,2,3,4,9,234,At Risk,365+ Days,3-5 Purchases,High
26683,Jeffrey Griffin,410,8,17266,0,2,5,4,11,254,At Risk,365+ Days,6-10 Purchases,High
26696,Gregory Cunningham,429,6,21532,0,1,4,5,10,145,At Risk,365+ Days,6-10 Purchases,Very High
26711,Leslie Berger MD,317,6,15003,0,2,4,4,10,244,At Risk,181-365 Days,6-10 Purchases,High
26715,Antonio Harrison,320,5,15524,0,2,3,4,9,234,At Risk,181-365 Days,3-5 Purchases,High
26716,Terri Fernandez,419,6,17899,0,2,4,4,10,244,At Risk,365+ Days,6-10 Purchases,High
26717,Matthew Reyes,487,5,18241,0,1,3,4,8,134,At Risk,365+ Days,3-5 Purchases,High
26733,Courtney Williams,307,5,16831,0,2,3,4,9,234,At Risk,181-365 Days,3-5 Purchases,High
26761,Steve Thomas,368,5,18017,0,2,3,4,9,234,At Risk,365+ Days,3-5 Purchases,High
26771,Michael Garza,263,9,28117,0,2,5,5,12,255,At Risk,181-365 Days,6-10 Purchases,Very High
26787,Kathleen Robinson,385,7,21118,0,2,5,5,12,255,At Risk,365+ Days,6-10 Purchases,Very High
26796,William Calderon DVM,245,6,16514,0,2,4,4,10,244,At Risk,181-365 Days,6-10 Purchases,High
26806,Sheila Ruiz,356,7,22654,0,2,5,5,12,255,At Risk,181-365 Days,6-10 Purchases,Very High
26832,Michael Lee,447,6,15532,0,1,4,4,9,144,At Risk,365+ Days,6-10 Purchases,High
26833,Elizabeth Vargas,679,5,17470,0,1,3,4,8,134,At Risk,365+ Days,3-5 Purchases,High
26837,Albert Christensen,258,7,21436,0,2,5,5,12,255,At Risk,181-365 Days,6-10 Purchases,Very High
26848,Mr. Duane Hughes,836,7,24004,0,1,5,5,11,155,At Risk,365+ Days,6-10 Purchases,Very High
26856,Connor Morgan,367,5,18226,0,2,3,4,9,234,At Risk,365+ Days,3-5 Purchases,High
26858,Doris Jenkins,427,7,22535,0,1,5,5,11,155,At Risk,365+ Days,6-10 Purchases,Very High
26859,Courtney Dunlap,610,5,15138,0,1,3,4,8,134,At Risk,365+ Days,3-5 Purchases,High
26862,Sarah Stewart,439,6,16443,0,1,4,4,9,144,At Risk,365+ Days,6-10 Purchases,High
26878,Karen Lewis,578,8,18530,0,1,5,4,10,154,At Risk,365+ Days,6-10 Purchases,High
26883,James Rogers,284,6,20038,0,2,4,5,11,245,At Risk,181-365 Days,6-10 Purchases,Very High
26894,Benjamin Johnson,566,6,18529,0,1,4,4,9,144,At Risk,365+ Days,6-10 Purchases,High
26910,Dana Phillips,673,7,23040,0,1,5,5,11,155,At Risk,365+ Days,6-10 Purchases,Very High
26923,Shannon Jordan,318,5,14985,0,2,3,4,9,234,At Risk,181-365 Days,3-5 Purchases,High
26931,Jasmine Adams,298,6,18460,0,2,4,4,10,244,At Risk,181-365 Days,6-10 Purchases,High
26951,Daniel Valdez,402,5,16380,0,2,3,4,9,234,At Risk,365+ Days,3-5 Purchases,High
26963,Marcus Mcgee,287,8,19089,0,2,5,4,11,254,At Risk,181-365 Days,6-10 Purchases,High
26973,Matthew Mack,455,4,16891,0,1,2,4,7,124,Need Attention,365+ Days,3-5 Purchases,High
26975,Lisa Stevens,311,5,14988,0,2,3,4,9,234,At Risk,181-365 Days,3-5 Purchases,High
26982,Ian Pearson,470,6,21275,0,1,4,5,10,145,At Risk,365+ Days,6-10 Purchases,Very High
27040,Brooke Mata,301,8,18171,0,2,5,4,11,254,At Risk,181-365 Days,6-10 Purchases,High
27044,Timothy Larson,389,6,20494,0,2,4,5,11,245,At Risk,365+ Days,6-10 Purchases,Very High
27045,Derek Cook,437,5,20792,0,1,3,5,9,135,At Risk,365+ Days,3-5 Purchases,Very High
27067,Joseph Walters,254,8,25054,0,2,5,5,12,255,At Risk,181-365 Days,6-10 Purchases,Very High
27082,Scott Hammond,722,4,19255,0,1,2,4,7,124,Need Attention,365+ Days,3-5 Purchases,High
27083,Kathleen Rodriguez,275,6,15911,0,2,4,4,10,244,At Risk,181-365 Days,6-10 Purchases,High
27093,Renee Bailey,309,6,17333,0,2,4,4,10,244,At Risk,181-365 Days,6-10 Purchases,High
27106,Brian Snyder MD,290,4,17534,0,2,2,4,8,224,Need Attention,181-365 Days,3-5 Purchases,High
27112,Virginia Duncan,532,6,20569,0,1,4,5,10,145,At Risk,365+ Days,6-10 Purchases,Very High
27132,Luis Mitchell,555,6,23979,0,1,4,5,10,145,At Risk,365+ Days,6-10 Purchases,Very High
27136,Denise Walters,749,6,16109,0,1,4,4,9,144,At Risk,365+ Days,6-10 Purchases,High
27138,Cheryl Washington,328,7,21318,0,2,5,5,12,255,At Risk,181-365 Days,6-10 Purchases,Very High
27139,Rick Buchanan,391,7,21250,0,2,5,5,12,255,At Risk,365+ Days,6-10 Purchases,Very High
27142,Janice Rowland,413,5,16731,0,2,3,4,9,234,At Risk,365+ Days,3-5 Purchases,High
27148,Melissa Oneill,353,8,21084,0,2,5,5,12,255,At Risk,181-365 Days,6-10 Purchases,Very High
27161,Maria Coleman,286,6,16625,0,2,4,4,10,244,At Risk,181-365 Days,6-10 Purchases,High
27166,Angela Combs,418,7,18067,0,2,5,4,11,254,At Risk,365+ Days,6-10 Purchases,High
27177,Jenna Mata,462,5,18430,0,1,3,4,8,134,At Risk,365+ Days,3-5 Purchases,High
27182,Barbara Everett,306,7,20618,0,2,5,5,12,255,At Risk,181-365 Days,6-10 Purchases,Very High
27202,Lori Diaz,990,5,15257,0,1,3,4,8,134,At Risk,365+ Days,3-5 Purchases,High
27215,Brenda Walker,271,5,16103,0,2,3,4,9,234,At Risk,181-365 Days,3-5 Purchases,High
27235,Richard Williams,387,6,15453,0,2,4,4,10,244,At Risk,365+ Days,6-10 Purchases,High
27236,Jill Walker,675,7,16952,0,1,5,4,10,154,At Risk,365+ Days,6-10 Purchases,High
27239,Joseph Schroeder,440,7,25960,0,1,5,5,11,155,At Risk,365+ Days,6-10 Purchases,Very High
27248,Scott Edwards,326,7,22972,0,2,5,5,12,255,At Risk,181-365 Days,6-10 Purchases,Very High
27250,Jacqueline Jones,455,6,22210,0,1,4,5,10,145,At Risk,365+ Days,6-10 Purchases,Very High
27256,Robert Carroll DDS,558,4,16800,0,1,2,4,7,124,Need Attention,365+ Days,3-5 Purchases,High
27269,Tracy Hernandez,333,5,17895,0,2,3,4,9,234,At Risk,181-365 Days,3-5 Purchases,High
27272,Crystal Cook,336,7,20418,0,2,5,5,12,255,At Risk,181-365 Days,6-10 Purchases,Very High
27289,Rhonda Bishop,397,6,16002,0,2,4,4,10,244,At Risk,365+ Days,6-10 Purchases,High
27301,Jeremy Solis,630,5,19707,0,1,3,5,9,135,At Risk,365+ Days,3-5 Purchases,Very High
27320,Natasha Martin,286,5,19647,0,2,3,5,10,235,At Risk,181-365 Days,3-5 Purchases,Very High
27322,Jennifer Jones,549,8,25258,0,1,5,5,11,155,At Risk,365+ Days,6-10 Purchases,Very High
27327,Elizabeth Murray,754,4,17330,0,1,2,4,7,124,Need Attention,365+ Days,3-5 Purchases,High
27337,Mark Rodriguez,255,5,14893,0,2,3,4,9,234,At Risk,181-365 Days,3-5 Purchases,High
27364,Patrick Parsons,559,5,16948,0,1,3,4,8,134,At Risk,365+ Days,3-5 Purchases,High
27382,Mary Ortiz,287,6,16144,0,2,4,4,10,244,At Risk,181-365 Days,6-10 Purchases,High
27388,Paula Sharp,546,5,18701,0,1,3,4,8,134,At Risk,365+ Days,3-5 Purchases,High
27397,Michelle Singh,309,9,23140,0,2,5,5,12,255,At Risk,181-365 Days,6-10 Purchases,Very High
27428,Jennifer Harmon,772,5,17886,0,1,3,4,8,134,At Risk,365+ Days,3-5 Purchases,High
27431,Raymond Howard,382,5,16297,0,2,3,4,9,234,At Risk,365+ Days,3-5 Purchases,High
27433,Steven Olson,378,7,20224,0,2,5,5,12,255,At Risk,365+ Days,6-10 Purchases,Very High
27441,Michael Martin,400,10,27652,0,2,5,5,12,255,At Risk,365+ Days,6-10 Purchases,Very High
27453,Kayla Schultz,395,8,25709,0,2,5,5,12,255,At Risk,365+ Days,6-10 Purchases,Very High
27474,Hector Mccarthy,636,7,24532,0,1,5,5,11,155,At Risk,365+ Days,6-10 Purchases,Very High
27476,Andrew Calderon,297,6,21170,0,2,4,5,11,245,At Risk,181-365 Days,6-10 Purchases,Very High
27495,Jennifer Owens,383,9,22568,0,2,5,5,12,255,At Risk,365+ Days,6-10 Purchases,Very High
27503,Diana Edwards,525,8,22953,0,1,5,5,11,155,At Risk,365+ Days,6-10 Purchases,Very High
27512,James Johnson,411,6,15445,0,2,4,4,10,244,At Risk,365+ Days,6-10 Purchases,High
27514,James Cook,509,4,17091,0,1,2,4,7,124,Need Attention,365+ Days,3-5 Purchases,High
27515,Christian Buckley,670,6,20115,0,1,4,5,10,145,At Risk,365+ Days,6-10 Purchases,Very High
27522,Justin Hooper,620,5,14930,0,1,3,4,8,134,At Risk,365+ Days,3-5 Purchases,High
27528,Melinda Parker,398,7,17935,0,2,5,4,11,254,At Risk,365+ Days,6-10 Purchases,High
27530,Paul Andrews,303,5,16124,0,2,3,4,9,234,At Risk,181-365 Days,3-5 Purchases,High
27541,Briana Wright,499,5,15019,0,1,3,4,8,134,At Risk,365+ Days,3-5 Purchases,High
27546,Jessica Orozco,317,6,14965,0,2,4,4,10,244,At Risk,181-365 Days,6-10 Purchases,High
27571,Peter Cervantes,358,6,15329,0,2,4,4,10,244,At Risk,181-365 Days,6-10 Purchases,High
27572,Becky Brown,268,6,16894,0,2,4,4,10,244,At Risk,181-365 Days,6-10 Purchases,High
27575,Ryan Smith,319,6,16016,0,2,4,4,10,244,At Risk,181-365 Days,6-10 Purchases,High
27577,Rachael Salazar,344,7,18137,0,2,5,4,11,254,At Risk,181-365 Days,6-10 Purchases,High
27578,Shelly Robinson MD,449,4,15573,0,1,2,4,7,124,Need Attention,365+ Days,3-5 Purchases,High
27600,Mrs. Jennifer Martin,427,8,22003,0,1,5,5,11,155,At Risk,365+ Days,6-10 Purchases,Very High
27603,Derek Christensen,624,4,15820,0,1,2,4,7,124,Need Attention,365+ Days,3-5 Purchases,High
27610,Diana Henderson,278,5,17123,0,2,3,4,9,234,At Risk,181-365 Days,3-5 Purchases,High
27612,Thomas Brown,248,5,19708,0,2,3,5,10,235,At Risk,181-365 Days,3-5 Purchases,Very High
27620,Carrie Dean,299,5,18726,0,2,3,4,9,234,At Risk,181-365 Days,3-5 Purchases,High
27631,Julia Stafford,415,6,17161,0,2,4,4,10,244,At Risk,365+ Days,6-10 Purchases,High
27655,Richard Ortega,468,5,18365,0,1,3,4,8,134,At Risk,365+ Days,3-5 Purchases,High
27661,Jacob Carter,282,6,16993,0,2,4,4,10,244,At Risk,181-365 Days,6-10 Purchases,High
27705,Frank Raymond,354,6,16768,0,2,4,4,10,244,At Risk,181-365 Days,6-10 Purchases,High
27707,Casey Sawyer,419,5,16682,0,2,3,4,9,234,At Risk,365+ Days,3-5 Purchases,High
27711,Amanda Owens,277,6,16878,0,2,4,4,10,244,At Risk,181-365 Days,6-10 Purchases,High
27719,Billy Hurst,605,6,19582,0,1,4,5,10,145,At Risk,365+ Days,6-10 Purchases,Very High
27751,Zachary Morris,274,6,20150,0,2,4,5,11,245,At Risk,181-365 Days,6-10 Purchases,Very High
27761,Jeffrey Patterson,716,6,14872,0,1,4,4,9,144,At Risk,365+ Days,6-10 Purchases,High
27774,Pamela Ponce,454,9,20993,0,1,5,5,11,155,At Risk,365+ Days,6-10 Purchases,Very High
27790,Pamela Padilla,279,7,18680,0,2,5,4,11,254,At Risk,181-365 Days,6-10 Purchases,High
27818,Jeffrey Martin,399,7,16335,0,2,5,4,11,254,At Risk,365+ Days,6-10 Purchases,High
27824,Scott Sherman,251,7,23500,0,2,5,5,12,255,At Risk,181-365 Days,6-10 Purchases,Very High
27827,Alyssa Reeves,769,4,16775,0,1,2,4,7,124,Need Attention,365+ Days,3-5 Purchases,High
27872,Alan Davis,413,4,16427,0,2,2,4,8,224,Need Attention,365+ Days,3-5 Purchases,High
27886,Omar Hale,428,6,18880,0,1,4,4,9,144,At Risk,365+ Days,6-10 Purchases,High
27895,Gavin James,379,5,18322,0,2,3,4,9,234,At Risk,365+ Days,3-5 Purchases,High
27905,Eugene Dawson,258,6,15432,0,2,4,4,10,244,At Risk,181-365 Days,6-10 Purchases,High
27919,Stephen Monroe,300,5,19382,0,2,3,5,10,235,At Risk,181-365 Days,3-5 Purchases,Very High
27927,Samantha Berry,300,8,25203,0,2,5,5,12,255,At Risk,181-365 Days,6-10 Purchases,Very High
27930,Savannah Short,363,5,17537,0,2,3,4,9,234,At Risk,181-365 Days,3-5 Purchases,High
27931,Leon Sullivan,359,7,19317,0,2,5,5,12,255,At Risk,181-365 Days,6-10 Purchases,Very High
27941,Christian Becker,412,7,18478,0,2,5,4,11,254,At Risk,365+ Days,6-10 Purchases,High
27959,Jack Peterson,392,4,16277,0,2,2,4,8,224,Need Attention,365+ Days,3-5 Purchases,High
27968,Shawn Kelly,266,7,15810,0,2,5,4,11,254,At Risk,181-365 Days,6-10 Purchases,High
27981,Frank Gibbs,312,6,18062,0,2,4,4,10,244,At Risk,181-365 Days,6-10 Purchases,High
27982,Hannah Maddox,410,8,20398,0,2,5,5,12,255,At Risk,365+ Days,6-10 Purchases,Very High
27984,Robert Hawkins,243,6,16981,0,2,4,4,10,244,At Risk,181-365 Days,6-10 Purchases,High
27991,Keith Williams,344,5,15964,0,2,3,4,9,234,At Risk,181-365 Days,3-5 Purchases,High
28021,Jacob Hughes,297,6,22663,0,2,4,5,11,245,At Risk,181-365 Days,6-10 Purchases,Very High
28041,Brian Ryan,544,5,15078,0,1,3,4,8,134,At Risk,365+ Days,3-5 Purchases,High
28042,James Brown,338,6,18029,0,2,4,4,10,244,At Risk,181-365 Days,6-10 Purchases,High
28047,Troy Underwood,267,7,25865,0,2,5,5,12,255,At Risk,181-365 Days,6-10 Purchases,Very High
28055,Christopher Singh,394,6,17364,0,2,4,4,10,244,At Risk,365+ Days,6-10 Purchases,High
28081,Monica Burns,460,6,21271,0,1,4,5,10,145,At Risk,365+ Days,6-10 Purchases,Very High
28088,Harry Flowers,401,5,16148,0,2,3,4,9,234,At Risk,365+ Days,3-5 Purchases,High
28090,Mary Burch,704,7,23575,0,1,5,5,11,155,At Risk,365+ Days,6-10 Purchases,Very High
28094,Christopher Lewis,284,7,24120,0,2,5,5,12,255,At Risk,181-365 Days,6-10 Purchases,Very High
28095,Mary Skinner,764,5,19122,0,1,3,4,8,134,At Risk,365+ Days,3-5 Purchases,High
28104,Michele Stanton,325,10,28674,0,2,5,5,12,255,At Risk,181-365 Days,6-10 Purchases,Very High
28110,Alison Hughes,255,7,18799,0,2,5,4,11,254,At Risk,181-365 Days,6-10 Purchases,High
28113,Earl Hernandez,591,5,16343,0,1,3,4,8,134,At Risk,365+ Days,3-5 Purchases,High
28126,Susan White,343,9,21238,0,2,5,5,12,255,At Risk,181-365 Days,6-10 Purchases,Very High
28134,Jared Lambert,430,8,25232,0,1,5,5,11,155,At Risk,365+ Days,6-10 Purchases,Very High
28144,Lindsay Morse,315,14,41347,0,2,5,5,12,255,At Risk,181-365 Days,10+ Purchases,Very High
28146,April Sweeney,259,5,15337,0,2,3,4,9,234,At Risk,181-365 Days,3-5 Purchases,High
28154,Keith Banks,535,9,24610,0,1,5,5,11,155,At Risk,365+ Days,6-10 Purchases,Very High
28183,William Gallagher,350,8,21264,0,2,5,5,12,255,At Risk,181-365 Days,6-10 Purchases,Very High
28203,Leslie Fowler,568,4,14910,0,1,2,4,7,124,Need Attention,365+ Days,3-5 Purchases,High
28222,Kyle Adams,630,6,15357,0,1,4,4,9,144,At Risk,365+ Days,6-10 Purchases,High
28224,Tara Bowman,342,8,31667,0,2,5,5,12,255,At Risk,181-365 Days,6-10 Purchases,Very High
28253,Natalie Patel,314,5,17281,0,2,3,4,9,234,At Risk,181-365 Days,3-5 Purchases,High
28268,Amy Richards,341,7,17658,0,2,5,4,11,254,At Risk,181-365 Days,6-10 Purchases,High
28270,Chelsey Hunter,374,8,24107,0,2,5,5,12,255,At Risk,365+ Days,6-10 Purchases,Very High
28292,John Hansen,249,4,15638,0,2,2,4,8,224,Need Attention,181-365 Days,3-5 Purchases,High
28294,Michael Ward,268,5,15125,0,2,3,4,9,234,At Risk,181-365 Days,3-5 Purchases,High
28295,Denise Beck,486,4,20078,0,1,2,5,8,125,Need Attention,365+ Days,3-5 Purchases,Very High
28305,Lindsey Anderson,246,7,18285,0,2,5,4,11,254,At Risk,181-365 Days,6-10 Purchases,High
28306,Alexis Rodriguez,452,7,18858,0,1,5,4,10,154,At Risk,365+ Days,6-10 Purchases,High
28329,Cory Vincent,369,4,16975,0,2,2,4,8,224,Need Attention,365+ Days,3-5 Purchases,High
28339,Renee Rivers,276,8,22627,0,2,5,5,12,255,At Risk,181-365 Days,6-10 Purchases,Very High
28373,Brian Holloway,291,6,15024,0,2,4,4,10,244,At Risk,181-365 Days,6-10 Purchases,High
28375,Samuel Mueller,269,5,15498,0,2,3,4,9,234,At Risk,181-365 Days,3-5 Purchases,High
28377,Mark Hill,423,7,20299,0,2,5,5,12,255,At Risk,365+ Days,6-10 Purchases,Very High
28393,Brenda Mora,457,10,26415,0,1,5,5,11,155,At Risk,365+ Days,6-10 Purchases,Very High
28431,Loretta Sanders,379,6,18478,0,2,4,4,10,244,At Risk,365+ Days,6-10 Purchases,High
28440,Kayla Wall,591,6,16037,0,1,4,4,9,144,At Risk,365+ Days,6-10 Purchases,High
28444,Lisa Hayes,702,6,16231,0,1,4,4,9,144,At Risk,365+ Days,6-10 Purchases,High
28474,Michael Thomas,347,7,17320,0,2,5,4,11,254,At Risk,181-365 Days,6-10 Purchases,High
28475,Matthew Jordan,313,4,14892,0,2,2,4,8,224,Need Attention,181-365 Days,3-5 Purchases,High
28481,Barbara Reyes,504,8,23141,0,1,5,5,11,155,At Risk,365+ Days,6-10 Purchases,Very High
28486,Marcus Stout,329,5,14866,0,2,3,4,9,234,At Risk,181-365 Days,3-5 Purchases,High
28497,Zachary Price,285,6,15403,0,2,4,4,10,244,At Risk,181-365 Days,6-10 Purchases,High
28512,Jonathan Wright,347,7,18286,0,2,5,4,11,254,At Risk,181-365 Days,6-10 Purchases,High
28517,Michael Hamilton,486,7,15211,0,1,5,4,10,154,At Risk,365+ Days,6-10 Purchases,High
28527,Jennifer Ward,273,5,17560,0,2,3,4,9,234,At Risk,181-365 Days,3-5 Purchases,High
28542,Bryan Foster,355,5,16236,0,2,3,4,9,234,At Risk,181-365 Days,3-5 Purchases,High
28549,Allison Lane,281,10,24286,0,2,5,5,12,255,At Risk,181-365 Days,6-10 Purchases,Very High
28565,Nicole Gonzalez,430,9,32269,0,1,5,5,11,155,At Risk,365+ Days,6-10 Purchases,Very High
28573,David Wallace,279,6,17731,0,2,4,4,10,244,At Risk,181-365 Days,6-10 Purchases,High
28598,Erin Johnson,563,5,15448,0,1,3,4,8,134,At Risk,365+ Days,3-5 Purchases,High
28600,Sarah Hernandez,333,9,30183,0,2,5,5,12,255,At Risk,181-365 Days,6-10 Purchases,Very High
28611,Jennifer Davis,329,6,21234,0,2,4,5,11,245,At Risk,181-365 Days,6-10 Purchases,Very High
28624,Alexander Wilson,256,9,24428,0,2,5,5,12,255,At Risk,181-365 Days,6-10 Purchases,Very High
28644,Michael Thompson,486,9,23900,0,1,5,5,11,155,At Risk,365+ Days,6-10 Purchases,Very High
28696,Gabriela West,312,9,21783,0,2,5,5,12,255,At Risk,181-365 Days,6-10 Purchases,Very High
28714,Wanda Harrell,303,8,23326,0,2,5,5,12,255,At Risk,181-365 Days,6-10 Purchases,Very High
28718,Ms. Natalie Zavala DVM,438,3,14810,0,1,2,4,7,124,Need Attention,365+ Days,3-5 Purchases,High
28735,Brent Wilkerson,469,6,18880,0,1,4,4,9,144,At Risk,365+ Days,6-10 Purchases,High
28750,Joseph Clark,296,8,16671,0,2,5,4,11,254,At Risk,181-365 Days,6-10 Purchases,High
28779,Richard Palmer,469,5,18179,0,1,3,4,8,134,At Risk,365+ Days,3-5 Purchases,High
28791,Rachel Vaughn,278,9,15321,0,2,5,4,11,254,At Risk,181-365 Days,6-10 Purchases,High
28816,Robert Perry,268,8,17322,0,2,5,4,11,254,At Risk,181-365 Days,6-10 Purchases,High
28831,Seth Wright,362,5,16216,0,2,3,4,9,234,At Risk,181-365 Days,3-5 Purchases,High
28839,Michele Wright,269,6,17466,0,2,4,4,10,244,At Risk,181-365 Days,6-10 Purchases,High
28842,Jessica Wong,481,6,14842,0,1,4,4,9,144,At Risk,365+ Days,6-10 Purchases,High
28846,Adam Andrews,387,7,22985,0,2,5,5,12,255,At Risk,365+ Days,6-10 Purchases,Very High
28849,Paul Hall,247,7,20875,0,2,5,5,12,255,At Risk,181-365 Days,6-10 Purchases,Very High
28855,Julie Thompson,496,7,18971,0,1,5,4,10,154,At Risk,365+ Days,6-10 Purchases,High
28859,Maria Smith,492,7,18639,0,1,5,4,10,154,At Risk,365+ Days,6-10 Purchases,High
28875,Shelly Larson,289,6,19996,0,2,4,5,11,245,At Risk,181-365 Days,6-10 Purchases,Very High
28877,Ashley Wood,291,7,24878,0,2,5,5,12,255,At Risk,181-365 Days,6-10 Purchases,Very High
28883,Cheryl Townsend,574,6,19998,0,1,4,5,10,145,At Risk,365+ Days,6-10 Purchases,Very High
28917,Dr. Dawn Zhang DVM,429,7,23600,0,1,5,5,11,155,At Risk,365+ Days,6-10 Purchases,Very High
28922,Elizabeth Long,795,5,16247,0,1,3,4,8,134,At Risk,365+ Days,3-5 Purchases,High
28950,Robert Estes,421,5,17634,0,2,3,4,9,234,At Risk,365+ Days,3-5 Purchases,High
28970,Shannon Martinez,1009,4,17637,0,1,2,4,7,124,Need Attention,365+ Days,3-5 Purchases,High
28999,Karen Nicholson,263,4,15980,0,2,2,4,8,224,Need Attention,181-365 Days,3-5 Purchases,High
29019,Kenneth Kim,310,7,23229,0,2,5,5,12,255,At Risk,181-365 Days,6-10 Purchases,Very High
29039,Joseph Evans,271,8,21247,0,2,5,5,12,255,At Risk,181-365 Days,6-10 Purchases,Very High
29063,Joseph Lynch,244,8,29108,0,2,5,5,12,255,At Risk,181-365 Days,6-10 Purchases,Very High
29076,Michael Hughes,423,7,19309,0,2,5,5,12,255,At Risk,365+ Days,6-10 Purchases,Very High
29078,Richard Wagner,354,5,20790,0,2,3,5,10,235,At Risk,181-365 Days,3-5 Purchases,Very High
29080,Paul Wade,279,9,25482,0,2,5,5,12,255,At Risk,181-365 Days,6-10 Purchases,Very High
29089,Jill Cameron,458,7,22233,0,1,5,5,11,155,At Risk,365+ Days,6-10 Purchases,Very High
29096,Amy Mitchell,430,13,37978,0,1,5,5,11,155,At Risk,365+ Days,10+ Purchases,Very High
29098,Erin Romero,245,11,37770,0,2,5,5,12,255,At Risk,181-365 Days,10+ Purchases,Very High
29105,Lisa Walls,468,5,15450,0,1,3,4,8,134,At Risk,365+ Days,3-5 Purchases,High
29106,George Elliott,280,10,23416,0,2,5,5,12,255,At Risk,181-365 Days,6-10 Purchases,Very High
29123,Ronald White,424,7,19769,0,2,5,5,12,255,At Risk,365+ Days,6-10 Purchases,Very High
29136,Wanda Hoover,771,7,18179,0,1,5,4,10,154,At Risk,365+ Days,6-10 Purchases,High
29137,Brittany Henderson,431,6,18519,0,1,4,4,9,144,At Risk,365+ Days,6-10 Purchases,High
29145,Oscar Smith,464,6,19773,0,1,4,5,10,145,At Risk,365+ Days,6-10 Purchases,Very High
29157,Jennifer Gilbert,466,5,15694,0,1,3,4,8,134,At Risk,365+ Days,3-5 Purchases,High
29158,Jose Zhang,530,9,21630,0,1,5,5,11,155,At Risk,365+ Days,6-10 Purchases,Very High
29196,Elizabeth Owen,438,6,16828,0,1,4,4,9,144,At Risk,365+ Days,6-10 Purchases,High
29210,Alexander Brown,782,5,19234,0,1,3,4,8,134,At Risk,365+ Days,3-5 Purchases,High
29233,Jeremy Mendoza,243,10,23990,0,2,5,5,12,255,At Risk,181-365 Days,6-10 Purchases,Very High
29255,Julie Levy,364,7,20048,0,2,5,5,12,255,At Risk,181-365 Days,6-10 Purchases,Very High
29257,Shawn Pearson,703,6,16213,0,1,4,4,9,144,At Risk,365+ Days,6-10 Purchases,High
29284,Cheryl Wilson,248,7,23481,0,2,5,5,12,255,At Risk,181-365 Days,6-10 Purchases,Very High
29286,Deborah Schwartz,282,11,37958,0,2,5,5,12,255,At Risk,181-365 Days,10+ Purchases,Very High
29292,Daniel Garcia,379,7,15854,0,2,5,4,11,254,At Risk,365+ Days,6-10 Purchases,High
29305,William Williams,750,5,16184,0,1,3,4,8,134,At Risk,365+ Days,3-5 Purchases,High
29317,Glenn Martinez,420,7,27030,0,2,5,5,12,255,At Risk,365+ Days,6-10 Purchases,Very High
29343,Ryan Pittman,301,7,16520,0,2,5,4,11,254,At Risk,181-365 Days,6-10 Purchases,High
29357,Miranda Stewart,639,6,15507,0,1,4,4,9,144,At Risk,365+ Days,6-10 Purchases,High
29373,Jesse Miller,291,5,15234,0,2,3,4,9,234,At Risk,181-365 Days,3-5 Purchases,High
29376,Denise Perez,283,5,15245,0,2,3,4,9,234,At Risk,181-365 Days,3-5 Purchases,High
29398,Johnny Sullivan,803,7,18302,0,1,5,4,10,154,At Risk,365+ Days,6-10 Purchases,High
29408,Robert Wilson,621,7,21847,0,1,5,5,11,155,At Risk,365+ Days,6-10 Purchases,Very High
29417,Jillian Sanchez,248,5,16015,0,2,3,4,9,234,At Risk,181-365 Days,3-5 Purchases,High
29464,Juan Nguyen,329,7,29737,0,2,5,5,12,255,At Risk,181-365 Days,6-10 Purchases,Very High
29468,Daniel Brown,590,4,15999,0,1,2,4,7,124,Need Attention,365+ Days,3-5 Purchases,High
29470,Anthony Mitchell DDS,275,7,20599,0,2,5,5,12,255,At Risk,181-365 Days,6-10 Purchases,Very High
29489,William Ray,542,5,15738,0,1,3,4,8,134,At Risk,365+ Days,3-5 Purchases,High
29490,Susan Hernandez,284,8,24652,0,2,5,5,12,255,At Risk,181-365 Days,6-10 Purchases,Very High
29505,Bradley Ponce,497,6,17339,0,1,4,4,9,144,At Risk,365+ Days,6-10 Purchases,High
29506,Jose Hansen,303,11,24191,0,2,5,5,12,255,At Risk,181-365 Days,10+ Purchases,Very High
29511,James Parrish,377,7,21184,0,2,5,5,12,255,At Risk,365+ Days,6-10 Purchases,Very High
29530,Crystal Bond,416,6,15561,0,2,4,4,10,244,At Risk,365+ Days,6-10 Purchases,High
29558,Kimberly Smith,790,5,18400,0,1,3,4,8,134,At Risk,365+ Days,3-5 Purchases,High
29566,Patricia Nelson,282,6,15120,0,2,4,4,10,244,At Risk,181-365 Days,6-10 Purchases,High
29572,Lynn Hood,528,6,16707,0,1,4,4,9,144,At Risk,365+ Days,6-10 Purchases,High
29575,Craig Ingram,574,8,21484,0,1,5,5,11,155,At Risk,365+ Days,6-10 Purchases,Very High
29576,Nicole Walker,366,7,21338,0,2,5,5,12,255,At Risk,365+ Days,6-10 Purchases,Very High
29599,Alicia Massey,265,6,19193,0,2,4,4,10,244,At Risk,181-365 Days,6-10 Purchases,High
29609,Matthew Yates,833,6,19877,0,1,4,5,10,145,At Risk,365+ Days,6-10 Purchases,Very High
29613,Sarah Fernandez,412,6,18327,0,2,4,4,10,244,At Risk,365+ Days,6-10 Purchases,High
29620,Kathleen Jackson,292,7,18106,0,2,5,4,11,254,At Risk,181-365 Days,6-10 Purchases,High
29641,Heather Clark,723,5,15603,0,1,3,4,8,134,At Risk,365+ Days,3-5 Purchases,High
29651,Mary Meyer,352,7,17785,0,2,5,4,11,254,At Risk,181-365 Days,6-10 Purchases,High
29653,Jacob Murray,379,5,17684,0,2,3,4,9,234,At Risk,365+ Days,3-5 Purchases,High
29659,Amber Coleman,369,7,16748,0,2,5,4,11,254,At Risk,365+ Days,6-10 Purchases,High
29663,Kathy Shields,370,9,30123,0,2,5,5,12,255,At Risk,365+ Days,6-10 Purchases,Very High
29680,Mary Webb,517,5,18123,0,1,3,4,8,134,At Risk,365+ Days,3-5 Purchases,High
29687,Glen Fry,268,7,20046,0,2,5,5,12,255,At Risk,181-365 Days,6-10 Purchases,Very High
29690,Erika Baker,253,10,28730,0,2,5,5,12,255,At Risk,181-365 Days,6-10 Purchases,Very High
29710,Charles Woodward,330,7,25369,0,2,5,5,12,255,At Risk,181-365 Days,6-10 Purchases,Very High
29719,Kyle Garcia,435,7,15462,0,1,5,4,10,154,At Risk,365+ Days,6-10 Purchases,High
29729,Melissa Best,466,7,17214,0,1,5,4,10,154,At Risk,365+ Days,6-10 Purchases,High
29796,Jesse Allen,416,5,17927,0,2,3,4,9,234,At Risk,365+ Days,3-5 Purchases,High
29799,Tonya Mendoza,366,4,15568,0,2,2,4,8,224,Need Attention,365+ Days,3-5 Purchases,High
29814,Vickie Singh,278,7,22628,0,2,5,5,12,255,At Risk,181-365 Days,6-10 Purchases,Very High
29850,Kristin Williams,260,6,16163,0,2,4,4,10,244,At Risk,181-365 Days,6-10 Purchases,High
29858,Karl Graham,514,6,19167,0,1,4,4,9,144,At Risk,365+ Days,6-10 Purchases,High
29862,Gabrielle Bray,263,6,18057,0,2,4,4,10,244,At Risk,181-365 Days,6-10 Purchases,High
29885,Kaitlyn Rowland,614,5,16713,0,1,3,4,8,134,At Risk,365+ Days,3-5 Purchases,High
29898,Tyler Rose,372,5,15232,0,2,3,4,9,234,At Risk,365+ Days,3-5 Purchases,High
29904,Cynthia Thompson,344,7,15729,0,2,5,4,11,254,At Risk,181-365 Days,6-10 Purchases,High
29913,Shawn Shepard,521,6,17789,0,1,4,4,9,144,At Risk,365+ Days,6-10 Purchases,High
29929,Judith Morris,351,5,17798,0,2,3,4,9,234,At Risk,181-365 Days,3-5 Purchases,High
29932,Sara Cruz,498,5,16523,0,1,3,4,8,134,At Risk,365+ Days,3-5 Purchases,High
29935,Chelsea Roberts,520,6,22605,0,1,4,5,10,145,At Risk,365+ Days,6-10 Purchases,Very High
29957,Michelle Smith,340,6,20653,0,2,4,5,11,245,At Risk,181-365 Days,6-10 Purchases,Very High
29971,Mary Wilson,446,6,16634,0,1,4,4,9,144,At Risk,365+ Days,6-10 Purchases,High
29978,Teresa Garner,246,5,16274,0,2,3,4,9,234,At Risk,181-365 Days,3-5 Purchases,High
29984,Megan Roth,287,8,17939,0,2,5,4,11,254,At Risk,181-365 Days,6-10 Purchases,High
29999,Kevin Stanley,804,4,15901,0,1,2,4,7,124,Need Attention,365+ Days,3-5 Purchases,High
30006,Jeremy Benitez,331,6,19846,0,2,4,5,11,245,At Risk,181-365 Days,6-10 Purchases,Very High
30014,Erika Poole,384,9,19028,0,2,5,4,11,254,At Risk,365+ Days,6-10 Purchases,High
30069,Tiffany Clayton,681,5,16160,0,1,3,4,8,134,At Risk,365+ Days,3-5 Purchases,High
30074,Rachel Robinson,259,8,24844,0,2,5,5,12,255,At Risk,181-365 Days,6-10 Purchases,Very High
30076,Joseph West,399,8,19879,0,2,5,5,12,255,At Risk,365+ Days,6-10 Purchases,Very High
30090,Katie Bright,433,5,17462,0,1,3,4,8,134,At Risk,365+ Days,3-5 Purchases,High
30091,William Carlson,466,7,21565,0,1,5,5,11,155,At Risk,365+ Days,6-10 Purchases,Very High
30132,Garrett Roberts,365,10,21267,0,2,5,5,12,255,At Risk,181-365 Days,6-10 Purchases,Very High
30142,Ashley Estrada,294,6,19526,0,2,4,5,11,245,At Risk,181-365 Days,6-10 Purchases,Very High
30143,Michelle Gonzalez,481,4,18224,0,1,2,4,7,124,Need Attention,365+ Days,3-5 Purchases,High
30145,Mark Baker,447,7,23061,0,1,5,5,11,155,At Risk,365+ Days,6-10 Purchases,Very High
30147,Anthony Wilson,497,4,17470,0,1,2,4,7,124,Need Attention,365+ Days,3-5 Purchases,High
30159,Jonathan Barnes,261,6,20250,0,2,4,5,11,245,At Risk,181-365 Days,6-10 Purchases,Very High
30160,Renee Ochoa,279,6,17819,0,2,4,4,10,244,At Risk,181-365 Days,6-10 Purchases,High
30166,Linda Paul,359,6,15211,0,2,4,4,10,244,At Risk,181-365 Days,6-10 Purchases,High
30170,Juan Austin,535,5,16785,0,1,3,4,8,134,At Risk,365+ Days,3-5 Purchases,High
30188,Linda Long,332,9,20003,0,2,5,5,12,255,At Risk,181-365 Days,6-10 Purchases,Very High
30196,Tiffany Fox,280,5,18185,0,2,3,4,9,234,At Risk,181-365 Days,3-5 Purchases,High
30197,Cassandra Foster,478,5,17266,0,1,3,4,8,134,At Risk,365+ Days,3-5 Purchases,High
30202,Emma Arnold,307,6,16048,0,2,4,4,10,244,At Risk,181-365 Days,6-10 Purchases,High
30214,Timothy Curry,252,8,24903,0,2,5,5,12,255,At Risk,181-365 Days,6-10 Purchases,Very High
30223,Daniel Cruz,443,7,17778,0,1,5,4,10,154,At Risk,365+ Days,6-10 Purchases,High
30226,Jill Stanley,285,6,19544,0,2,4,5,11,245,At Risk,181-365 Days,6-10 Purchases,Very High
30231,Elaine Duarte,458,6,16465,0,1,4,4,9,144,At Risk,365+ Days,6-10 Purchases,High
30239,Alexander Wilson,336,9,26336,0,2,5,5,12,255,At Risk,181-365 Days,6-10 Purchases,Very High
30270,Ellen Morales,304,7,18075,0,2,5,4,11,254,At Risk,181-365 Days,6-10 Purchases,High
30273,Michael House,258,8,27787,0,2,5,5,12,255,At Risk,181-365 Days,6-10 Purchases,Very High
30287,John Parker,355,6,15869,0,2,4,4,10,244,At Risk,181-365 Days,6-10 Purchases,High
30292,Eric Smith,421,5,17627,0,2,3,4,9,234,At Risk,365+ Days,3-5 Purchases,High
30299,Cynthia Brown,304,8,20599,0,2,5,5,12,255,At Risk,181-365 Days,6-10 Purchases,Very High
30303,Joseph Hoover,291,8,20495,0,2,5,5,12,255,At Risk,181-365 Days,6-10 Purchases,Very High
30315,Erin Green,395,4,15646,0,2,2,4,8,224,Need Attention,365+ Days,3-5 Purchases,High
30323,William Gutierrez,259,5,15398,0,2,3,4,9,234,At Risk,181-365 Days,3-5 Purchases,High
30336,Pamela Dyer,738,5,18836,0,1,3,4,8,134,At Risk,365+ Days,3-5 Purchases,High
30344,Steven Jensen,256,9,19654,0,2,5,5,12,255,At Risk,181-365 Days,6-10 Purchases,Very High
30352,Kathleen Burgess,421,5,17260,0,2,3,4,9,234,At Risk,365+ Days,3-5 Purchases,High
30357,Hannah Roberts,309,7,21498,0,2,5,5,12,255,At Risk,181-365 Days,6-10 Purchases,Very High
30368,Russell Wilson,345,5,15408,0,2,3,4,9,234,At Risk,181-365 Days,3-5 Purchases,High
30375,William Hernandez,327,5,20792,0,2,3,5,10,235,At Risk,181-365 Days,3-5 Purchases,Very High
30376,Jeffrey Martin,282,8,16406,0,2,5,4,11,254,At Risk,181-365 Days,6-10 Purchases,High
30383,Anthony Novak,303,5,18152,0,2,3,4,9,234,At Risk,181-365 Days,3-5 Purchases,High
30385,Travis Sims,713,5,17111,0,1,3,4,8,134,At Risk,365+ Days,3-5 Purchases,High
30393,Kimberly Morgan,581,6,16090,0,1,4,4,9,144,At Risk,365+ Days,6-10 Purchases,High
30420,James Ward,291,6,19634,0,2,4,5,11,245,At Risk,181-365 Days,6-10 Purchases,Very High
30437,Katherine Barnes,382,4,16173,0,2,2,4,8,224,Need Attention,365+ Days,3-5 Purchases,High
30449,Roy Daniels,280,6,16985,0,2,4,4,10,244,At Risk,181-365 Days,6-10 Purchases,High
30463,Barbara Sims,290,6,20736,0,2,4,5,11,245,At Risk,181-365 Days,6-10 Purchases,Very High
30466,Harold Oconnell,515,8,23087,0,1,5,5,11,155,At Risk,365+ Days,6-10 Purchases,Very High
30476,Dylan Ingram,430,6,20280,0,1,4,5,10,145,At Risk,365+ Days,6-10 Purchases,Very High
30490,Levi Herman,619,4,16360,0,1,2,4,7,124,Need Attention,365+ Days,3-5 Purchases,High
30506,Randy Gardner MD,604,8,17272,0,1,5,4,10,154,At Risk,365+ Days,6-10 Purchases,High
30508,Steven Mcdaniel,297,8,16796,0,2,5,4,11,254,At Risk,181-365 Days,6-10 Purchases,High
30512,Brian Kirk,414,7,17266,0,2,5,4,11,254,At Risk,365+ Days,6-10 Purchases,High
30529,Tamara Williams,381,7,23663,0,2,5,5,12,255,At Risk,365+ Days,6-10 Purchases,Very High
30542,Ruben Payne,354,6,15289,0,2,4,4,10,244,At Risk,181-365 Days,6-10 Purchases,High
30551,Sarah Hall,255,6,18344,0,2,4,4,10,244,At Risk,181-365 Days,6-10 Purchases,High
30565,Mark White,375,6,15332,0,2,4,4,10,244,At Risk,365+ Days,6-10 Purchases,High
30572,Christina Patton DDS,483,5,19759,0,1,3,5,9,135,At Risk,365+ Days,3-5 Purchases,Very High
30592,Crystal Blake,519,6,18709,0,1,4,4,9,144,At Risk,365+ Days,6-10 Purchases,High
30628,Lee Adams,374,6,17140,0,2,4,4,10,244,At Risk,365+ Days,6-10 Purchases,High
30655,Robert Parker PhD,366,5,17680,0,2,3,4,9,234,At Risk,365+ Days,3-5 Purchases,High
30663,Emily Howard,250,7,19725,0,2,5,5,12,255,At Risk,181-365 Days,6-10 Purchases,Very High
30666,Patrick Adams,363,8,17831,0,2,5,4,11,254,At Risk,181-365 Days,6-10 Purchases,High
30675,Bridget Mason,490,6,16879,0,1,4,4,9,144,At Risk,365+ Days,6-10 Purchases,High
30681,Grace Pena,319,5,15286,0,2,3,4,9,234,At Risk,181-365 Days,3-5 Purchases,High
30682,Brian Jensen,346,7,21567,0,2,5,5,12,255,At Risk,181-365 Days,6-10 Purchases,Very High
30683,Barry Buchanan,251,5,15035,0,2,3,4,9,234,At Risk,181-365 Days,3-5 Purchases,High
30699,Heather Whitehead,461,6,16537,0,1,4,4,9,144,At Risk,365+ Days,6-10 Purchases,High
30711,Mark Woods,345,6,15032,0,2,4,4,10,244,At Risk,181-365 Days,6-10 Purchases,High
30713,Brittany Ramirez,710,7,16179,0,1,5,4,10,154,At Risk,365+ Days,6-10 Purchases,High
30719,Anna Williams,461,5,15936,0,1,3,4,8,134,At Risk,365+ Days,3-5 Purchases,High
30724,Jason Wilson,685,6,20429,0,1,4,5,10,145,At Risk,365+ Days,6-10 Purchases,Very High
30738,Michael Olsen,250,5,16363,0,2,3,4,9,234,At Risk,181-365 Days,3-5 Purchases,High
30739,William Johnson,264,8,25934,0,2,5,5,12,255,At Risk,181-365 Days,6-10 Purchases,Very High
30740,Kathleen Kim,452,7,15745,0,1,5,4,10,154,At Risk,365+ Days,6-10 Purchases,High
30774,Lucas Jones,567,5,18337,0,1,3,4,8,134,At Risk,365+ Days,3-5 Purchases,High
30777,Roberta Sellers,290,6,18531,0,2,4,4,10,244,At Risk,181-365 Days,6-10 Purchases,High
30800,Brandy Jones,252,7,18962,0,2,5,4,11,254,At Risk,181-365 Days,6-10 Purchases,High
30804,Erin Conley,285,5,15366,0,2,3,4,9,234,At Risk,181-365 Days,3-5 Purchases,High
30822,Michael Morales,326,5,19725,0,2,3,5,10,235,At Risk,181-365 Days,3-5 Purchases,Very High
30824,Donna Brown,311,7,19781,0,2,5,5,12,255,At Risk,181-365 Days,6-10 Purchases,Very High
30840,David Frye,382,5,18352,0,2,3,4,9,234,At Risk,365+ Days,3-5 Purchases,High
30858,Dennis Small,586,6,20650,0,1,4,5,10,145,At Risk,365+ Days,6-10 Purchases,Very High
30860,Christopher Dodson,473,6,19005,0,1,4,4,9,144,At Risk,365+ Days,6-10 Purchases,High
30899,Anthony Edwards,572,6,24000,0,1,4,5,10,145,At Risk,365+ Days,6-10 Purchases,Very High
30901,Jennifer Mcconnell,351,5,17103,0,2,3,4,9,234,At Risk,181-365 Days,3-5 Purchases,High
30906,Sabrina Welch,359,5,21069,0,2,3,5,10,235,At Risk,181-365 Days,3-5 Purchases,Very High
30909,Elizabeth Watson,269,6,15291,0,2,4,4,10,244,At Risk,181-365 Days,6-10 Purchases,High
30920,Brian Davis,951,8,23893,0,1,5,5,11,155,At Risk,365+ Days,6-10 Purchases,Very High
30922,Thomas Gray,254,5,14823,0,2,3,4,9,234,At Risk,181-365 Days,3-5 Purchases,High
30935,Jennifer Reynolds,565,6,17863,0,1,4,4,9,144,At Risk,365+ Days,6-10 Purchases,High
30936,Ashley Hernandez,274,10,28308,0,2,5,5,12,255,At Risk,181-365 Days,6-10 Purchases,Very High
30946,Maria Hale,372,10,25436,0,2,5,5,12,255,At Risk,365+ Days,6-10 Purchases,Very High
30961,William Lawrence,261,10,23082,0,2,5,5,12,255,At Risk,181-365 Days,6-10 Purchases,Very High
30974,Maria Lang,324,6,15224,0,2,4,4,10,244,At Risk,181-365 Days,6-10 Purchases,High
30984,Ryan House,449,6,15354,0,1,4,4,9,144,At Risk,365+ Days,6-10 Purchases,High
30987,Evelyn Hernandez,415,10,28980,0,2,5,5,12,255,At Risk,365+ Days,6-10 Purchases,Very High
30994,Richard Fowler,442,5,17080,0,1,3,4,8,134,At Risk,365+ Days,3-5 Purchases,High
31003,Annette Bishop,477,7,15130,0,1,5,4,10,154,At Risk,365+ Days,6-10 Purchases,High
31017,Sherry Phillips,256,11,36309,0,2,5,5,12,255,At Risk,181-365 Days,10+ Purchases,Very High
31019,Laura Moran,337,6,18036,0,2,4,4,10,244,At Risk,181-365 Days,6-10 Purchases,High
31021,Julia Davis,567,7,18840,0,1,5,4,10,154,At Risk,365+ Days,6-10 Purchases,High
31038,Andres Ball,471,6,24501,0,1,4,5,10,145,At Risk,365+ Days,6-10 Purchases,Very High
31039,Patrick Pierce,246,8,25016,0,2,5,5,12,255,At Risk,181-365 Days,6-10 Purchases,Very High
31044,Brian Long,289,6,17828,0,2,4,4,10,244,At Risk,181-365 Days,6-10 Purchases,High
31051,Robert Macias,280,8,18469,0,2,5,4,11,254,At Risk,181-365 Days,6-10 Purchases,High
31077,Justin Johns,518,5,14926,0,1,3,4,8,134,At Risk,365+ Days,3-5 Purchases,High
31102,Maria Ramsey,753,4,15222,0,1,2,4,7,124,Need Attention,365+ Days,3-5 Purchases,High
31106,Nicolas Walker Jr.,355,5,14859,0,2,3,4,9,234,At Risk,181-365 Days,3-5 Purchases,High
31134,Walter Carter,317,10,24068,0,2,5,5,12,255,At Risk,181-365 Days,6-10 Purchases,Very High
31136,Sean Cox,313,7,16767,0,2,5,4,11,254,At Risk,181-365 Days,6-10 Purchases,High
31153,Heather Jones,539,5,16308,0,1,3,4,8,134,At Risk,365+ Days,3-5 Purchases,High
31156,Jonathan Rose,276,8,24744,0,2,5,5,12,255,At Risk,181-365 Days,6-10 Purchases,Very High
31163,Tony Murray,377,4,17071,0,2,2,4,8,224,Need Attention,365+ Days,3-5 Purchases,High
31174,Benjamin Austin,338,9,20507,0,2,5,5,12,255,At Risk,181-365 Days,6-10 Purchases,Very High
31175,Raymond Levine,336,6,18650,0,2,4,4,10,244,At Risk,181-365 Days,6-10 Purchases,High
31188,David Mclaughlin,475,6,17588,0,1,4,4,9,144,At Risk,365+ Days,6-10 Purchases,High
31223,Mark Garcia,585,5,17226,0,1,3,4,8,134,At Risk,365+ Days,3-5 Purchases,High
31234,Lisa Mccullough,328,5,18867,0,2,3,4,9,234,At Risk,181-365 Days,3-5 Purchases,High
31245,Joseph Whitney,461,5,14822,0,1,3,4,8,134,At Risk,365+ Days,3-5 Purchases,High
31246,William Garrett,530,6,16690,0,1,4,4,9,144,At Risk,365+ Days,6-10 Purchases,High
31258,Erika Smith,356,7,16407,0,2,5,4,11,254,At Risk,181-365 Days,6-10 Purchases,High
31268,Anthony Steele,552,6,21097,0,1,4,5,10,145,At Risk,365+ Days,6-10 Purchases,Very High
31270,Lisa White,309,8,25478,0,2,5,5,12,255,At Risk,181-365 Days,6-10 Purchases,Very High
31281,April Fisher,311,5,15001,0,2,3,4,9,234,At Risk,181-365 Days,3-5 Purchases,High
31294,Kevin Garrison,412,6,15929,0,2,4,4,10,244,At Risk,365+ Days,6-10 Purchases,High
31299,Samantha Wolfe,321,8,17843,0,2,5,4,11,254,At Risk,181-365 Days,6-10 Purchases,High
31300,Sheila King,502,8,21124,0,1,5,5,11,155,At Risk,365+ Days,6-10 Purchases,Very High
31305,Michael Crawford,490,6,15985,0,1,4,4,9,144,At Risk,365+ Days,6-10 Purchases,High
31309,John Howell,353,7,16328,0,2,5,4,11,254,At Risk,181-365 Days,6-10 Purchases,High
31316,Craig Ross,376,6,24719,0,2,4,5,11,245,At Risk,365+ Days,6-10 Purchases,Very High
31321,Colleen Wood,333,7,16934,0,2,5,4,11,254,At Risk,181-365 Days,6-10 Purchases,High
31327,Elizabeth Fox,286,6,21029,0,2,4,5,11,245,At Risk,181-365 Days,6-10 Purchases,Very High
31337,Matthew Brown,285,8,17193,0,2,5,4,11,254,At Risk,181-365 Days,6-10 Purchases,High
31359,Amanda Wilson,715,6,22899,0,1,4,5,10,145,At Risk,365+ Days,6-10 Purchases,Very High
31393,Jessica Woods,528,5,15773,0,1,3,4,8,134,At Risk,365+ Days,3-5 Purchases,High
31401,Stacey Copeland,254,6,17005,0,2,4,4,10,244,At Risk,181-365 Days,6-10 Purchases,High
31409,Nicholas Booth,259,4,15195,0,2,2,4,8,224,Need Attention,181-365 Days,3-5 Purchases,High
31412,Wanda Flores,355,7,19797,0,2,5,5,12,255,At Risk,181-365 Days,6-10 Purchases,Very High
31424,Jacob Ramirez,367,5,14927,0,2,3,4,9,234,At Risk,365+ Days,3-5 Purchases,High
31434,Darrell Booth,499,4,15043,0,1,2,4,7,124,Need Attention,365+ Days,3-5 Purchases,High
31438,Matthew Harvey,275,4,15653,0,2,2,4,8,224,Need Attention,181-365 Days,3-5 Purchases,High
31450,Taylor Morgan,267,7,19584,0,2,5,5,12,255,At Risk,181-365 Days,6-10 Purchases,Very High
31467,Roger Lopez,326,5,17692,0,2,3,4,9,234,At Risk,181-365 Days,3-5 Purchases,High
31485,Clifford Alvarado,275,6,15302,0,2,4,4,10,244,At Risk,181-365 Days,6-10 Purchases,High
31493,Walter Robertson,377,5,16604,0,2,3,4,9,234,At Risk,365+ Days,3-5 Purchases,High
31501,Justin Chambers,581,6,15105,0,1,4,4,9,144,At Risk,365+ Days,6-10 Purchases,High
31506,John Adams,384,5,17936,0,2,3,4,9,234,At Risk,365+ Days,3-5 Purchases,High
31516,Lindsey Hernandez,545,5,15730,0,1,3,4,8,134,At Risk,365+ Days,3-5 Purchases,High
31551,Stephanie Cook,565,5,16548,0,1,3,4,8,134,At Risk,365+ Days,3-5 Purchases,High
31568,Kaitlyn Klein,639,6,22423,0,1,4,5,10,145,At Risk,365+ Days,6-10 Purchases,Very High
31570,Heather Reed,596,5,15051,0,1,3,4,8,134,At Risk,365+ Days,3-5 Purchases,High
31578,Tyler Fernandez,294,8,15312,0,2,5,4,11,254,At Risk,181-365 Days,6-10 Purchases,High
31582,Brian Stanley,366,6,21776,0,2,4,5,11,245,At Risk,365+ Days,6-10 Purchases,Very High
31587,Paul Hall,677,5,17172,0,1,3,4,8,134,At Risk,365+ Days,3-5 Purchases,High
31603,Kristi Macdonald,288,7,20456,0,2,5,5,12,255,At Risk,181-365 Days,6-10 Purchases,Very High
31607,Emily Munoz,615,6,14833,0,1,4,4,9,144,At Risk,365+ Days,6-10 Purchases,High
31618,Andrew Curtis,389,5,16622,0,2,3,4,9,234,At Risk,365+ Days,3-5 Purchases,High
31632,Jennifer Jackson,400,6,19117,0,2,4,4,10,244,At Risk,365+ Days,6-10 Purchases,High
31649,Luis Taylor,531,8,21604,0,1,5,5,11,155,At Risk,365+ Days,6-10 Purchases,Very High
31651,Elizabeth Williams,341,5,19989,0,2,3,5,10,235,At Risk,181-365 Days,3-5 Purchases,Very High
31654,Allen Smith,295,6,20648,0,2,4,5,11,245,At Risk,181-365 Days,6-10 Purchases,Very High
31659,Thomas Rosales,368,10,39068,0,2,5,5,12,255,At Risk,365+ Days,6-10 Purchases,Very High
31677,Wanda Montgomery,291,7,22510,0,2,5,5,12,255,At Risk,181-365 Days,6-10 Purchases,Very High
31681,Jessica Chavez,299,6,16246,0,2,4,4,10,244,At Risk,181-365 Days,6-10 Purchases,High
31691,Ralph Jones,288,9,20024,0,2,5,5,12,255,At Risk,181-365 Days,6-10 Purchases,Very High
31734,David Mcgrath,520,6,18619,0,1,4,4,9,144,At Risk,365+ Days,6-10 Purchases,High
31743,Nathan Walker,304,6,19137,0,2,4,4,10,244,At Risk,181-365 Days,6-10 Purchases,High
31762,Charles Johnson,633,5,16870,0,1,3,4,8,134,At Risk,365+ Days,3-5 Purchases,High
31783,Carol Smith,304,6,23495,0,2,4,5,11,245,At Risk,181-365 Days,6-10 Purchases,Very High
31803,Melissa Holder,257,6,19532,0,2,4,5,11,245,At Risk,181-365 Days,6-10 Purchases,Very High
31815,Lauren Blake,278,7,19638,0,2,5,5,12,255,At Risk,181-365 Days,6-10 Purchases,Very High
31836,Michael Rivera,338,6,22179,0,2,4,5,11,245,At Risk,181-365 Days,6-10 Purchases,Very High
31837,Aimee Johnson,274,7,20494,0,2,5,5,12,255,At Risk,181-365 Days,6-10 Purchases,Very High
31839,Joseph Watkins,575,7,19035,0,1,5,4,10,154,At Risk,365+ Days,6-10 Purchases,High
31843,Scott Robertson,319,9,22599,0,2,5,5,12,255,At Risk,181-365 Days,6-10 Purchases,Very High
31849,Gregory Harris,263,9,21163,0,2,5,5,12,255,At Risk,181-365 Days,6-10 Purchases,Very High
31865,Jesse Boyle,290,6,21859,0,2,4,5,11,245,At Risk,181-365 Days,6-10 Purchases,Very High
31870,Kenneth Houston,343,7,22079,0,2,5,5,12,255,At Risk,181-365 Days,6-10 Purchases,Very High
31875,Timothy Miller,414,6,16551,0,2,4,4,10,244,At Risk,365+ Days,6-10 Purchases,High
31887,Laura Ramirez,398,5,16742,0,2,3,4,9,234,At Risk,365+ Days,3-5 Purchases,High
31888,Ryan Carter,904,6,21658,0,1,4,5,10,145,At Risk,365+ Days,6-10 Purchases,Very High
31889,Marcus Alexander,452,5,16080,0,1,3,4,8,134,At Risk,365+ Days,3-5 Purchases,High
31893,Caitlin Miller,318,6,18520,0,2,4,4,10,244,At Risk,181-365 Days,6-10 Purchases,High
31903,Robert Dawson,372,7,18108,0,2,5,4,11,254,At Risk,365+ Days,6-10 Purchases,High
31927,Christopher Clark,285,5,19390,0,2,3,5,10,235,At Risk,181-365 Days,3-5 Purchases,Very High
31951,Chad Huber,519,7,18037,0,1,5,4,10,154,At Risk,365+ Days,6-10 Purchases,High
31953,Kimberly Byrd,285,6,15135,0,2,4,4,10,244,At Risk,181-365 Days,6-10 Purchases,High
31967,Stephen Walker,343,7,16629,0,2,5,4,11,254,At Risk,181-365 Days,6-10 Purchases,High
31999,Maria Matthews,493,7,18435,0,1,5,4,10,154,At Risk,365+ Days,6-10 Purchases,High
32007,Matthew Armstrong,293,7,22326,0,2,5,5,12,255,At Risk,181-365 Days,6-10 Purchases,Very High
32017,Jeff Anderson,348,7,21503,0,2,5,5,12,255,At Risk,181-365 Days,6-10 Purchases,Very High
32024,Christopher Lynch,294,9,25908,0,2,5,5,12,255,At Risk,181-365 Days,6-10 Purchases,Very High
32056,Carmen Cruz,279,7,26021,0,2,5,5,12,255,At Risk,181-365 Days,6-10 Purchases,Very High
32059,Megan Taylor,323,5,16596,0,2,3,4,9,234,At Risk,181-365 Days,3-5 Purchases,High
32066,Charles Lee,314,7,20117,0,2,5,5,12,255,At Risk,181-365 Days,6-10 Purchases,Very High
32067,Carol Rojas,515,6,20940,0,1,4,5,10,145,At Risk,365+ Days,6-10 Purchases,Very High
32069,Johnny Harris,809,8,22057,0,1,5,5,11,155,At Risk,365+ Days,6-10 Purchases,Very High
32103,Michelle Cunningham,304,8,19961,0,2,5,5,12,255,At Risk,181-365 Days,6-10 Purchases,Very High
32107,Kristen Molina,395,6,18100,0,2,4,4,10,244,At Risk,365+ Days,6-10 Purchases,High
32112,Megan Briggs,355,8,31838,0,2,5,5,12,255,At Risk,181-365 Days,6-10 Purchases,Very High
32143,Mrs. Megan Garcia,271,7,15074,0,2,5,4,11,254,At Risk,181-365 Days,6-10 Purchases,High
32155,Suzanne Davis,275,8,17981,0,2,5,4,11,254,At Risk,181-365 Days,6-10 Purchases,High
32162,Dr. Andrea Kelley MD,389,8,31335,0,2,5,5,12,255,At Risk,365+ Days,6-10 Purchases,Very High
32177,Alejandro Bruce,320,7,15520,0,2,5,4,11,254,At Risk,181-365 Days,6-10 Purchases,High
32190,Tanya Melton,305,5,15822,0,2,3,4,9,234,At Risk,181-365 Days,3-5 Purchases,High
32218,Donna May,253,10,36837,0,2,5,5,12,255,At Risk,181-365 Days,6-10 Purchases,Very High
32220,Jacqueline Davis,516,8,23694,0,1,5,5,11,155,At Risk,365+ Days,6-10 Purchases,Very High
32233,Jack Sosa,484,7,15576,0,1,5,4,10,154,At Risk,365+ Days,6-10 Purchases,High
32247,Cindy Kirby,305,8,22642,0,2,5,5,12,255,At Risk,181-365 Days,6-10 Purchases,Very High
32284,Carolyn Alvarado,290,6,16549,0,2,4,4,10,244,At Risk,181-365 Days,6-10 Purchases,High
32310,Caleb Lamb,256,8,26571,0,2,5,5,12,255,At Risk,181-365 Days,6-10 Purchases,Very High
32314,Karen Roth,495,7,22683,0,1,5,5,11,155,At Risk,365+ Days,6-10 Purchases,Very High
32326,Charles Pollard,291,7,18971,0,2,5,4,11,254,At Risk,181-365 Days,6-10 Purchases,High
32331,Samuel Jackson,416,10,18667,0,2,5,4,11,254,At Risk,365+ Days,6-10 Purchases,High
32348,Alexander Griffin,379,8,21357,0,2,5,5,12,255,At Risk,365+ Days,6-10 Purchases,Very High
32352,Scott Pierce,307,6,16700,0,2,4,4,10,244,At Risk,181-365 Days,6-10 Purchases,High
32363,Elizabeth Stewart,370,5,17583,0,2,3,4,9,234,At Risk,365+ Days,3-5 Purchases,High
32374,Tammy Brown,344,6,20298,0,2,4,5,11,245,At Risk,181-365 Days,6-10 Purchases,Very High
32388,Raymond Reynolds,369,7,21441,0,2,5,5,12,255,At Risk,365+ Days,6-10 Purchases,Very High
32406,Edward Klein,249,9,17546,0,2,5,4,11,254,At Risk,181-365 Days,6-10 Purchases,High
32412,Dominic Bowen,384,7,16813,0,2,5,4,11,254,At Risk,365+ Days,6-10 Purchases,High
32417,Joe Beck,303,8,20938,0,2,5,5,12,255,At Risk,181-365 Days,6-10 Purchases,Very High
32426,Mr. John Sosa,419,5,16153,0,2,3,4,9,234,At Risk,365+ Days,3-5 Purchases,High
32428,Travis Smith,669,7,25002,0,1,5,5,11,155,At Risk,365+ Days,6-10 Purchases,Very High
32441,Diane Sanchez,324,7,17164,0,2,5,4,11,254,At Risk,181-365 Days,6-10 Purchases,High
32452,Jennifer Brooks,401,6,16803,0,2,4,4,10,244,At Risk,365+ Days,6-10 Purchases,High
32454,Jodi Lopez,276,6,18263,0,2,4,4,10,244,At Risk,181-365 Days,6-10 Purchases,High
32457,Danielle Butler,326,7,18879,0,2,5,4,11,254,At Risk,181-365 Days,6-10 Purchases,High
32468,Thomas Salas,335,6,18360,0,2,4,4,10,244,At Risk,181-365 Days,6-10 Purchases,High
32470,Jared Moore,475,8,22635,0,1,5,5,11,155,At Risk,365+ Days,6-10 Purchases,Very High
32481,Jacob Brown,319,4,14850,0,2,2,4,8,224,Need Attention,181-365 Days,3-5 Purchases,High
32496,Hailey Oneal,380,8,19734,0,2,5,5,12,255,At Risk,365+ Days,6-10 Purchases,Very High
32514,Billy Wright,573,6,21241,0,1,4,5,10,145,At Risk,365+ Days,6-10 Purchases,Very High
32572,Anthony Kemp,295,7,16047,0,2,5,4,11,254,At Risk,181-365 Days,6-10 Purchases,High
32599,Dr. Jennifer Davis PhD,393,6,14923,0,2,4,4,10,244,At Risk,365+ Days,6-10 Purchases,High
32608,Karl Mathis,244,7,22311,0,2,5,5,12,255,At Risk,181-365 Days,6-10 Purchases,Very High
32626,Mark Brown,481,4,15277,0,1,2,4,7,124,Need Attention,365+ Days,3-5 Purchases,High
32627,Scott Wilson,299,7,21330,0,2,5,5,12,255,At Risk,181-365 Days,6-10 Purchases,Very High
32631,Megan Barnes,444,4,16286,0,1,2,4,7,124,Need Attention,365+ Days,3-5 Purchases,High
32668,Lauren Fitzgerald,251,5,17957,0,2,3,4,9,234,At Risk,181-365 Days,3-5 Purchases,High
32673,Steven Myers,334,9,24322,0,2,5,5,12,255,At Risk,181-365 Days,6-10 Purchases,Very High
32703,Anita Norris,308,8,19865,0,2,5,5,12,255,At Risk,181-365 Days,6-10 Purchases,Very High
32715,Stephen Edwards,519,7,17986,0,1,5,4,10,154,At Risk,365+ Days,6-10 Purchases,High
32716,Carolyn Anderson,257,9,31379,0,2,5,5,12,255,At Risk,181-365 Days,6-10 Purchases,Very High
32732,Mckenzie Livingston,278,6,17274,0,2,4,4,10,244,At Risk,181-365 Days,6-10 Purchases,High
32751,Douglas Patel,442,7,17550,0,1,5,4,10,154,At Risk,365+ Days,6-10 Purchases,High
32770,Candace Roberts,409,6,19164,0,2,4,4,10,244,At Risk,365+ Days,6-10 Purchases,High
32773,Richard Martin,474,5,14897,0,1,3,4,8,134,At Risk,365+ Days,3-5 Purchases,High
32775,Kimberly Montgomery,313,5,19889,0,2,3,5,10,235,At Risk,181-365 Days,3-5 Purchases,Very High
32794,Nathan Ross,263,6,16915,0,2,4,4,10,244,At Risk,181-365 Days,6-10 Purchases,High
32846,Kevin Jackson,595,5,16981,0,1,3,4,8,134,At Risk,365+ Days,3-5 Purchases,High
32865,Heather Allen,339,6,19756,0,2,4,5,11,245,At Risk,181-365 Days,6-10 Purchases,Very High
32869,Rachel Young,282,5,14822,0,2,3,4,9,234,At Risk,181-365 Days,3-5 Purchases,High
32876,Pamela Dalton,337,7,14966,0,2,5,4,11,254,At Risk,181-365 Days,6-10 Purchases,High
32917,Stephanie Gross,319,6,17813,0,2,4,4,10,244,At Risk,181-365 Days,6-10 Purchases,High
32931,Sylvia Torres,405,6,19791,0,2,4,5,11,245,At Risk,365+ Days,6-10 Purchases,Very High
32942,Erin Zuniga,367,6,15434,0,2,4,4,10,244,At Risk,365+ Days,6-10 Purchases,High
32975,Darius Miller,330,7,26705,0,2,5,5,12,255,At Risk,181-365 Days,6-10 Purchases,Very High
32992,Kara Sherman,279,7,22247,0,2,5,5,12,255,At Risk,181-365 Days,6-10 Purchases,Very High
32997,Anthony Baxter,387,5,15859,0,2,3,4,9,234,At Risk,365+ Days,3-5 Purchases,High
33001,Grant Bates,308,7,20276,0,2,5,5,12,255,At Risk,181-365 Days,6-10 Purchases,Very High
33003,Alice Thomas,504,7,19441,0,1,5,5,11,155,At Risk,365+ Days,6-10 Purchases,Very High
33009,Lawrence Hall,331,7,18156,0,2,5,4,11,254,At Risk,181-365 Days,6-10 Purchases,High
33013,Stephanie Ashley,337,8,18051,0,2,5,4,11,254,At Risk,181-365 Days,6-10 Purchases,High
33023,Sandra Hernandez,305,8,22315,0,2,5,5,12,255,At Risk,181-365 Days,6-10 Purchases,Very High
33035,Susan Green,469,5,17061,0,1,3,4,8,134,At Risk,365+ Days,3-5 Purchases,High
33038,Mary Tanner,295,5,19982,0,2,3,5,10,235,At Risk,181-365 Days,3-5 Purchases,Very High
33064,Kirsten Roberts,261,6,17391,0,2,4,4,10,244,At Risk,181-365 Days,6-10 Purchases,High
33071,Michael Thompson,927,6,18389,0,1,4,4,9,144,At Risk,365+ Days,6-10 Purchases,High
33074,Dalton Dougherty,428,7,20719,0,1,5,5,11,155,At Risk,365+ Days,6-10 Purchases,Very High
33102,Amy Scott,273,8,18804,0,2,5,4,11,254,At Risk,181-365 Days,6-10 Purchases,High
33103,Richard Bolton,272,5,18425,0,2,3,4,9,234,At Risk,181-365 Days,3-5 Purchases,High
33131,Rachel Davis,305,6,16066,0,2,4,4,10,244,At Risk,181-365 Days,6-10 Purchases,High
33160,Lauren Sharp,276,6,18393,0,2,4,4,10,244,At Risk,181-365 Days,6-10 Purchases,High
33173,Alexander Gonzalez,414,7,20510,0,2,5,5,12,255,At Risk,365+ Days,6-10 Purchases,Very High
33175,Jessica Park,666,6,21815,0,1,4,5,10,145,At Risk,365+ Days,6-10 Purchases,Very High
33183,Michael Adams,305,7,18106,0,2,5,4,11,254,At Risk,181-365 Days,6-10 Purchases,High
33196,Taylor Oliver,433,6,21426,0,1,4,5,10,145,At Risk,365+ Days,6-10 Purchases,Very High
33201,Brian Arellano,668,6,23459,0,1,4,5,10,145,At Risk,365+ Days,6-10 Purchases,Very High
33203,Jeffrey Walker,247,6,15659,0,2,4,4,10,244,At Risk,181-365 Days,6-10 Purchases,High
33219,Matthew Jones,270,6,17771,0,2,4,4,10,244,At Risk,181-365 Days,6-10 Purchases,High
33231,Ronald Lang,385,7,21336,0,2,5,5,12,255,At Risk,365+ Days,6-10 Purchases,Very High
33258,Juan Mcdaniel,272,7,19987,0,2,5,5,12,255,At Risk,181-365 Days,6-10 Purchases,Very High
33294,Carlos Montgomery,402,5,16608,0,2,3,4,9,234,At Risk,365+ Days,3-5 Purchases,High
33306,Seth Hobbs,439,6,18124,0,1,4,4,9,144,At Risk,365+ Days,6-10 Purchases,High
33352,Robert Nguyen,369,6,22293,0,2,4,5,11,245,At Risk,365+ Days,6-10 Purchases,Very High
33365,Carrie Johnson,441,6,24647,0,1,4,5,10,145,At Risk,365+ Days,6-10 Purchases,Very High
33375,Julie Nelson,361,6,23075,0,2,4,5,11,245,At Risk,181-365 Days,6-10 Purchases,Very High
33388,Alex Brown,436,6,17263,0,1,4,4,9,144,At Risk,365+ Days,6-10 Purchases,High
33399,Adam Williams,657,4,15236,0,1,2,4,7,124,Need Attention,365+ Days,3-5 Purchases,High
33421,Jonathon Walker,472,8,20972,0,1,5,5,11,155,At Risk,365+ Days,6-10 Purchases,Very High
33438,Derek Wright,421,6,17104,0,2,4,4,10,244,At Risk,365+ Days,6-10 Purchases,High
33441,Levi Simpson,306,5,16837,0,2,3,4,9,234,At Risk,181-365 Days,3-5 Purchases,High
33444,Kenneth Brown,321,8,24594,0,2,5,5,12,255,At Risk,181-365 Days,6-10 Purchases,Very High
33459,Adam Jones,268,7,23552,0,2,5,5,12,255,At Risk,181-365 Days,6-10 Purchases,Very High
33465,Sydney Williams,685,7,21178,0,1,5,5,11,155,At Risk,365+ Days,6-10 Purchases,Very High
33473,Samuel Callahan,324,5,19351,0,2,3,5,10,235,At Risk,181-365 Days,3-5 Purchases,Very High
33485,Gerald Simmons,249,6,21762,0,2,4,5,11,245,At Risk,181-365 Days,6-10 Purchases,Very High
33514,William Fitzgerald DDS,243,7,21278,0,2,5,5,12,255,At Risk,181-365 Days,6-10 Purchases,Very High
33518,Gregory Whitehead,318,7,16896,0,2,5,4,11,254,At Risk,181-365 Days,6-10 Purchases,High
33542,Kelly Singh,251,5,21839,0,2,3,5,10,235,At Risk,181-365 Days,3-5 Purchases,Very High
33561,Timothy Lewis,261,7,17974,0,2,5,4,11,254,At Risk,181-365 Days,6-10 Purchases,High
33580,Anthony Cooper,479,7,17369,0,1,5,4,10,154,At Risk,365+ Days,6-10 Purchases,High
33587,Frank Johnson MD,287,6,21046,0,2,4,5,11,245,At Risk,181-365 Days,6-10 Purchases,Very High
33592,Melissa Medina,372,5,14823,0,2,3,4,9,234,At Risk,365+ Days,3-5 Purchases,High
33597,Jonathan Parker,534,7,22597,0,1,5,5,11,155,At Risk,365+ Days,6-10 Purchases,Very High
33625,Sandra Rosales,277,9,19717,0,2,5,5,12,255,At Risk,181-365 Days,6-10 Purchases,Very High
33646,Rebecca Olsen,591,6,17449,0,1,4,4,9,144,At Risk,365+ Days,6-10 Purchases,High
33659,Robert Hicks,358,8,24088,0,2,5,5,12,255,At Risk,181-365 Days,6-10 Purchases,Very High
33685,Joseph Bartlett,397,7,20110,0,2,5,5,12,255,At Risk,365+ Days,6-10 Purchases,Very High
33695,Steven Sheppard,338,8,20095,0,2,5,5,12,255,At Risk,181-365 Days,6-10 Purchases,Very High
33712,Lori Huff,270,9,28920,0,2,5,5,12,255,At Risk,181-365 Days,6-10 Purchases,Very High
33724,Phillip Kline,367,5,15578,0,2,3,4,9,234,At Risk,365+ Days,3-5 Purchases,High
33732,Stephanie Charles,302,8,23934,0,2,5,5,12,255,At Risk,181-365 Days,6-10 Purchases,Very High
33733,Steven Delgado,585,5,15639,0,1,3,4,8,134,At Risk,365+ Days,3-5 Purchases,High
33737,Hunter Martinez,404,6,21883,0,2,4,5,11,245,At Risk,365+ Days,6-10 Purchases,Very High
33742,Benjamin Jordan,490,6,16545,0,1,4,4,9,144,At Risk,365+ Days,6-10 Purchases,High
33750,Brandon Banks,465,5,16450,0,1,3,4,8,134,At Risk,365+ Days,3-5 Purchases,High
33751,Dylan Schneider,250,4,15318,0,2,2,4,8,224,Need Attention,181-365 Days,3-5 Purchases,High
33758,Pamela Cain,402,6,16465,0,2,4,4,10,244,At Risk,365+ Days,6-10 Purchases,High
33759,James Sampson,434,7,14960,0,1,5,4,10,154,At Risk,365+ Days,6-10 Purchases,High
33766,Casey Perez,380,7,19033,0,2,5,4,11,254,At Risk,365+ Days,6-10 Purchases,High
33770,Pamela Miles,449,4,15108,0,1,2,4,7,124,Need Attention,365+ Days,3-5 Purchases,High
33798,Annette Cohen,390,6,20192,0,2,4,5,11,245,At Risk,365+ Days,6-10 Purchases,Very High
33822,Brandon Simpson,252,9,27861,0,2,5,5,12,255,At Risk,181-365 Days,6-10 Purchases,Very High
33824,Gregory Norris,361,8,28014,0,2,5,5,12,255,At Risk,181-365 Days,6-10 Purchases,Very High
33826,Tracey Hayes,452,4,14985,0,1,2,4,7,124,Need Attention,365+ Days,3-5 Purchases,High
33872,Miguel Rodriguez,250,7,19095,0,2,5,4,11,254,At Risk,181-365 Days,6-10 Purchases,High
33883,Patricia Castillo,313,6,16852,0,2,4,4,10,244,At Risk,181-365 Days,6-10 Purchases,High
33886,Heidi Skinner,272,4,18099,0,2,2,4,8,224,Need Attention,181-365 Days,3-5 Purchases,High
33891,Stacey Swanson,397,5,15265,0,2,3,4,9,234,At Risk,365+ Days,3-5 Purchases,High
33922,Brian Short,621,6,17813,0,1,4,4,9,144,At Risk,365+ Days,6-10 Purchases,High
33926,Ellen Melton,308,6,20262,0,2,4,5,11,245,At Risk,181-365 Days,6-10 Purchases,Very High
33930,Brenda Barton,245,7,16447,0,2,5,4,11,254,At Risk,181-365 Days,6-10 Purchases,High
33942,Carrie Curry,296,5,15413,0,2,3,4,9,234,At Risk,181-365 Days,3-5 Purchases,High
33954,Shannon Hudson,367,9,27700,0,2,5,5,12,255,At Risk,365+ Days,6-10 Purchases,Very High
33975,Patricia Brooks,410,5,15324,0,2,3,4,9,234,At Risk,365+ Days,3-5 Purchases,High
33979,Laura Brown,446,5,15992,0,1,3,4,8,134,At Risk,365+ Days,3-5 Purchases,High
34004,John Phillips,512,4,15287,0,1,2,4,7,124,Need Attention,365+ Days,3-5 Purchases,High
34015,Willie Mclaughlin,433,5,17059,0,1,3,4,8,134,At Risk,365+ Days,3-5 Purchases,High
34022,Emily Reed,252,8,17010,0,2,5,4,11,254,At Risk,181-365 Days,6-10 Purchases,High
34026,Susan Mcneil,540,5,15545,0,1,3,4,8,134,At Risk,365+ Days,3-5 Purchases,High
34037,Edgar Bullock,614,6,22214,0,1,4,5,10,145,At Risk,365+ Days,6-10 Purchases,Very High
34038,Jessica Sims,289,4,15442,0,2,2,4,8,224,Need Attention,181-365 Days,3-5 Purchases,High
34040,Penny Hernandez,392,6,18511,0,2,4,4,10,244,At Risk,365+ Days,6-10 Purchases,High
34043,Amy Brown,337,8,26931,0,2,5,5,12,255,At Risk,181-365 Days,6-10 Purchases,Very High
34081,Andrew Cunningham,271,5,16707,0,2,3,4,9,234,At Risk,181-365 Days,3-5 Purchases,High
34110,Andrea Morris,286,5,14953,0,2,3,4,9,234,At Risk,181-365 Days,3-5 Purchases,High
34113,Melissa Wilson,438,6,20194,0,1,4,5,10,145,At Risk,365+ Days,6-10 Purchases,Very High
34118,Donna Rodriguez,360,7,21686,0,2,5,5,12,255,At Risk,181-365 Days,6-10 Purchases,Very High
34122,Robert Hardy,328,7,16035,0,2,5,4,11,254,At Risk,181-365 Days,6-10 Purchases,High
34137,Paul Calhoun,280,5,14830,0,2,3,4,9,234,At Risk,181-365 Days,3-5 Purchases,High
34155,Bobby Garcia,265,7,24752,0,2,5,5,12,255,At Risk,181-365 Days,6-10 Purchases,Very High
34175,Crystal Miller,504,6,15926,0,1,4,4,9,144,At Risk,365+ Days,6-10 Purchases,High
34188,Sheila Clark,292,6,17894,0,2,4,4,10,244,At Risk,181-365 Days,6-10 Purchases,High
34195,Laura Berry,251,6,18846,0,2,4,4,10,244,At Risk,181-365 Days,6-10 Purchases,High
34199,Jennifer Mcbride,364,5,15571,0,2,3,4,9,234,At Risk,181-365 Days,3-5 Purchases,High
34212,Ian Jackson,346,9,16983,0,2,5,4,11,254,At Risk,181-365 Days,6-10 Purchases,High
34219,Sylvia Garcia,272,5,15889,0,2,3,4,9,234,At Risk,181-365 Days,3-5 Purchases,High
34234,Samuel Miller,297,5,19650,0,2,3,5,10,235,At Risk,181-365 Days,3-5 Purchases,Very High
34247,Megan Hughes,540,9,17159,0,1,5,4,10,154,At Risk,365+ Days,6-10 Purchases,High
34271,Dennis Allen,311,6,19913,0,2,4,5,11,245,At Risk,181-365 Days,6-10 Purchases,Very High
34272,Steven Sanchez,284,5,20967,0,2,3,5,10,235,At Risk,181-365 Days,3-5 Purchases,Very High
34287,Mrs. Shelley Mcmahon,486,6,21585,0,1,4,5,10,145,At Risk,365+ Days,6-10 Purchases,Very High
34297,Maureen Edwards,322,9,26721,0,2,5,5,12,255,At Risk,181-365 Days,6-10 Purchases,Very High
34298,Christy Houston,401,7,19726,0,2,5,5,12,255,At Risk,365+ Days,6-10 Purchases,Very High
34314,Elizabeth Reyes,305,5,16570,0,2,3,4,9,234,At Risk,181-365 Days,3-5 Purchases,High
34325,Ricardo Nichols II,292,10,28451,0,2,5,5,12,255,At Risk,181-365 Days,6-10 Purchases,Very High
34340,Robin Adams,333,4,15744,0,2,2,4,8,224,Need Attention,181-365 Days,3-5 Purchases,High
34349,Taylor Nielsen,351,6,15137,0,2,4,4,10,244,At Risk,181-365 Days,6-10 Purchases,High
34351,Jacqueline Garcia,251,8,21556,0,2,5,5,12,255,At Risk,181-365 Days,6-10 Purchases,Very High
34355,Mckenzie Herrera,366,10,22837,0,2,5,5,12,255,At Risk,365+ Days,6-10 Purchases,Very High
34373,Lisa Moore,439,6,17558,0,1,4,4,9,144,At Risk,365+ Days,6-10 Purchases,High
34391,Melinda Richardson,320,6,16458,0,2,4,4,10,244,At Risk,181-365 Days,6-10 Purchases,High
34407,Kurt Anderson,937,5,14876,0,1,3,4,8,134,At Risk,365+ Days,3-5 Purchases,High
34411,Shawn Jimenez,493,5,16730,0,1,3,4,8,134,At Risk,365+ Days,3-5 Purchases,High
34435,Brendan Rodriguez,322,6,14917,0,2,4,4,10,244,At Risk,181-365 Days,6-10 Purchases,High
34456,John Flores,256,9,21737,0,2,5,5,12,255,At Risk,181-365 Days,6-10 Purchases,Very High
34469,Charles Ford,276,5,16965,0,2,3,4,9,234,At Risk,181-365 Days,3-5 Purchases,High
34480,Robert Moon,439,5,16425,0,1,3,4,8,134,At Risk,365+ Days,3-5 Purchases,High
34483,Audrey Mullen,325,5,19695,0,2,3,5,10,235,At Risk,181-365 Days,3-5 Purchases,Very High
34504,Darrell Murphy,280,5,16600,0,2,3,4,9,234,At Risk,181-365 Days,3-5 Purchases,High
34532,Michael Valenzuela,279,7,22733,0,2,5,5,12,255,At Risk,181-365 Days,6-10 Purchases,Very High
34539,Michelle Patel,405,4,15307,0,2,2,4,8,224,Need Attention,365+ Days,3-5 Purchases,High
34545,Joseph Ray,321,5,14903,0,2,3,4,9,234,At Risk,181-365 Days,3-5 Purchases,High
34556,Melissa Clay,641,5,18210,0,1,3,4,8,134,At Risk,365+ Days,3-5 Purchases,High
34570,Maria Christian,503,6,20158,0,1,4,5,10,145,At Risk,365+ Days,6-10 Purchases,Very High
34596,Linda Herrera,251,6,16710,0,2,4,4,10,244,At Risk,181-365 Days,6-10 Purchases,High
34621,Patrick Wilson,289,8,27214,0,2,5,5,12,255,At Risk,181-365 Days,6-10 Purchases,Very High
34623,David Chapman,454,7,18430,0,1,5,4,10,154,At Risk,365+ Days,6-10 Purchases,High
34627,Nathaniel Spears,350,6,21794,0,2,4,5,11,245,At Risk,181-365 Days,6-10 Purchases,Very High
34632,Jessica Cooper,281,9,21081,0,2,5,5,12,255,At Risk,181-365 Days,6-10 Purchases,Very High
34636,Natalie Sherman,285,6,19505,0,2,4,5,11,245,At Risk,181-365 Days,6-10 Purchases,Very High
34670,Karen York,407,4,15023,0,2,2,4,8,224,Need Attention,365+ Days,3-5 Purchases,High
34680,Cathy Hall,360,6,15628,0,2,4,4,10,244,At Risk,181-365 Days,6-10 Purchases,High
34703,Denise Nelson,544,5,20966,0,1,3,5,9,135,At Risk,365+ Days,3-5 Purchases,Very High
34720,Jeffrey Blanchard,534,11,36175,0,1,5,5,11,155,At Risk,365+ Days,10+ Purchases,Very High
34732,Savannah Ramirez,327,6,18318,0,2,4,4,10,244,At Risk,181-365 Days,6-10 Purchases,High
34733,Kevin Hoover,399,10,32757,0,2,5,5,12,255,At Risk,365+ Days,6-10 Purchases,Very High
34735,Greg Lee,368,6,14826,0,2,4,4,10,244,At Risk,365+ Days,6-10 Purchases,High
34755,Thomas Frye,598,5,17635,0,1,3,4,8,134,At Risk,365+ Days,3-5 Purchases,High
34759,Rachel Palmer,269,8,17437,0,2,5,4,11,254,At Risk,181-365 Days,6-10 Purchases,High
34765,Allen Jackson,279,6,15141,0,2,4,4,10,244,At Risk,181-365 Days,6-10 Purchases,High
34772,Kimberly Burgess,288,8,25300,0,2,5,5,12,255,At Risk,181-365 Days,6-10 Purchases,Very High
34781,Susan Ayers,266,11,25488,0,2,5,5,12,255,At Risk,181-365 Days,10+ Purchases,Very High
34785,Susan Edwards,296,4,15530,0,2,2,4,8,224,Need Attention,181-365 Days,3-5 Purchases,High
34812,Patricia Morrison,326,9,20347,0,2,5,5,12,255,At Risk,181-365 Days,6-10 Purchases,Very High
34828,Chad Fisher,558,5,16526,0,1,3,4,8,134,At Risk,365+ Days,3-5 Purchases,High
34830,Vanessa Wilson,300,6,24359,0,2,4,5,11,245,At Risk,181-365 Days,6-10 Purchases,Very High
34834,Jeffrey Mclean,519,9,25854,0,1,5,5,11,155,At Risk,365+ Days,6-10 Purchases,Very High
34863,Sandra Crawford,243,5,16358,0,2,3,4,9,234,At Risk,181-365 Days,3-5 Purchases,High
34890,Nathan Henson,512,6,16060,0,1,4,4,9,144,At Risk,365+ Days,6-10 Purchases,High
34904,Jeffrey Vega,337,8,22381,0,2,5,5,12,255,At Risk,181-365 Days,6-10 Purchases,Very High
34907,Angelica Thompson,502,6,15476,0,1,4,4,9,144,At Risk,365+ Days,6-10 Purchases,High
34910,Laura Salinas,298,6,16278,0,2,4,4,10,244,At Risk,181-365 Days,6-10 Purchases,High
34917,Destiny Brown,350,6,19602,0,2,4,5,11,245,At Risk,181-365 Days,6-10 Purchases,Very High
34930,Sarah Smith,661,7,15173,0,1,5,4,10,154,At Risk,365+ Days,6-10 Purchases,High
34931,Jamie Rodriguez,289,12,28634,0,2,5,5,12,255,At Risk,181-365 Days,10+ Purchases,Very High
34937,Christopher Johnson,326,7,16628,0,2,5,4,11,254,At Risk,181-365 Days,6-10 Purchases,High
34938,Tina Lawson,243,5,17064,0,2,3,4,9,234,At Risk,181-365 Days,3-5 Purchases,High
34965,David Myers,274,4,15635,0,2,2,4,8,224,Need Attention,181-365 Days,3-5 Purchases,High
34968,Melvin Green,729,4,16643,0,1,2,4,7,124,Need Attention,365+ Days,3-5 Purchases,High
34972,Cassandra Wright,687,6,20170,0,1,4,5,10,145,At Risk,365+ Days,6-10 Purchases,Very High
34987,Brian Wright,370,8,21652,0,2,5,5,12,255,At Risk,365+ Days,6-10 Purchases,Very High
35010,Timothy Fuller,517,5,16111,0,1,3,4,8,134,At Risk,365+ Days,3-5 Purchases,High
35035,Jason Aguilar,365,6,18749,0,2,4,4,10,244,At Risk,181-365 Days,6-10 Purchases,High
35056,Melissa Roach,416,8,20764,0,2,5,5,12,255,At Risk,365+ Days,6-10 Purchases,Very High
35059,Timothy Osborne,252,5,15631,0,2,3,4,9,234,At Risk,181-365 Days,3-5 Purchases,High
35063,Richard Shaw,351,6,20388,0,2,4,5,11,245,At Risk,181-365 Days,6-10 Purchases,Very High
35093,Michelle Cox,252,8,22337,0,2,5,5,12,255,At Risk,181-365 Days,6-10 Purchases,Very High
35094,Sarah Sims,391,5,16125,0,2,3,4,9,234,At Risk,365+ Days,3-5 Purchases,High
35105,Joseph Torres,429,5,15320,0,1,3,4,8,134,At Risk,365+ Days,3-5 Purchases,High
35108,Richard Stein,374,5,16088,0,2,3,4,9,234,At Risk,365+ Days,3-5 Purchases,High
35130,Kenneth Waters,490,7,21227,0,1,5,5,11,155,At Risk,365+ Days,6-10 Purchases,Very High
35132,Mary Thomas,929,6,17689,0,1,4,4,9,144,At Risk,365+ Days,6-10 Purchases,High
35146,Roy Parker,272,7,17961,0,2,5,4,11,254,At Risk,181-365 Days,6-10 Purchases,High
35156,Gina Carter,327,6,16702,0,2,4,4,10,244,At Risk,181-365 Days,6-10 Purchases,High
35186,Michael Cole,243,11,30646,0,2,5,5,12,255,At Risk,181-365 Days,10+ Purchases,Very High
35189,Elizabeth Jones,271,11,27982,0,2,5,5,12,255,At Risk,181-365 Days,10+ Purchases,Very High
35223,Karen Francis,497,7,21980,0,1,5,5,11,155,At Risk,365+ Days,6-10 Purchases,Very High
35234,Mary Navarro,312,7,20144,0,2,5,5,12,255,At Risk,181-365 Days,6-10 Purchases,Very High
35235,Carmen Moore,289,8,17128,0,2,5,4,11,254,At Risk,181-365 Days,6-10 Purchases,High
35239,Amanda Smith,739,4,16310,0,1,2,4,7,124,Need Attention,365+ Days,3-5 Purchases,High
35280,Bryan Mclaughlin,313,6,21201,0,2,4,5,11,245,At Risk,181-365 Days,6-10 Purchases,Very High
35281,Shirley Schwartz,525,8,19086,0,1,5,4,10,154,At Risk,365+ Days,6-10 Purchases,High
35282,Lisa Brock,286,8,20139,0,2,5,5,12,255,At Risk,181-365 Days,6-10 Purchases,Very High
35291,Christopher Jarvis,310,9,30067,0,2,5,5,12,255,At Risk,181-365 Days,6-10 Purchases,Very High
35302,Miguel Salinas,332,4,15642,0,2,2,4,8,224,Need Attention,181-365 Days,3-5 Purchases,High
35305,David Perez,285,6,16175,0,2,4,4,10,244,At Risk,181-365 Days,6-10 Purchases,High
35307,Robert Clark,598,5,16285,0,1,3,4,8,134,At Risk,365+ Days,3-5 Purchases,High
35309,Richard Russo,293,4,15543,0,2,2,4,8,224,Need Attention,181-365 Days,3-5 Purchases,High
35313,Deborah Sims,350,4,16022,0,2,2,4,8,224,Need Attention,181-365 Days,3-5 Purchases,High
35323,Tiffany Davis,430,5,17552,0,1,3,4,8,134,At Risk,365+ Days,3-5 Purchases,High
35324,Donald Hill,311,7,21874,0,2,5,5,12,255,At Risk,181-365 Days,6-10 Purchases,Very High
35326,Mary Maynard,269,5,17776,0,2,3,4,9,234,At Risk,181-365 Days,3-5 Purchases,High
35328,George Henry,628,5,18645,0,1,3,4,8,134,At Risk,365+ Days,3-5 Purchases,High
35356,Dominic Scott,255,7,26434,0,2,5,5,12,255,At Risk,181-365 Days,6-10 Purchases,Very High
35359,Nicholas Benjamin,294,5,21904,0,2,3,5,10,235,At Risk,181-365 Days,3-5 Purchases,Very High
35387,Lisa Snyder,257,4,15008,0,2,2,4,8,224,Need Attention,181-365 Days,3-5 Purchases,High
35409,Sydney Craig,408,6,23563,0,2,4,5,11,245,At Risk,365+ Days,6-10 Purchases,Very High
35410,Jennifer Henderson,271,8,26351,0,2,5,5,12,255,At Risk,181-365 Days,6-10 Purchases,Very High
35418,Michael Thomas,287,6,18100,0,2,4,4,10,244,At Risk,181-365 Days,6-10 Purchases,High
35429,Sara Osborn,299,6,15563,0,2,4,4,10,244,At Risk,181-365 Days,6-10 Purchases,High
35455,Brian Brown,295,5,18501,0,2,3,4,9,234,At Risk,181-365 Days,3-5 Purchases,High
35483,Madison Martin,417,6,18824,0,2,4,4,10,244,At Risk,365+ Days,6-10 Purchases,High
35503,Sarah Lopez,593,5,15750,0,1,3,4,8,134,At Risk,365+ Days,3-5 Purchases,High
35524,Jason Shields,493,5,17095,0,1,3,4,8,134,At Risk,365+ Days,3-5 Purchases,High
35526,Juan Lopez,302,7,26367,0,2,5,5,12,255,At Risk,181-365 Days,6-10 Purchases,Very High
35536,Mr. Spencer Brown,508,10,29434,0,1,5,5,11,155,At Risk,365+ Days,6-10 Purchases,Very High
35566,David Ferguson,258,6,15305,0,2,4,4,10,244,At Risk,181-365 Days,6-10 Purchases,High
35593,Jesse Padilla,492,6,23243,0,1,4,5,10,145,At Risk,365+ Days,6-10 Purchases,Very High
35630,Elizabeth Sanchez,382,5,17835,0,2,3,4,9,234,At Risk,365+ Days,3-5 Purchases,High
35638,Lee Wilson,442,7,18117,0,1,5,4,10,154,At Risk,365+ Days,6-10 Purchases,High
35665,James Lewis,260,4,15398,0,2,2,4,8,224,Need Attention,181-365 Days,3-5 Purchases,High
35671,Melissa Hill,402,7,20778,0,2,5,5,12,255,At Risk,365+ Days,6-10 Purchases,Very High
35672,Ryan Wilson,407,7,23749,0,2,5,5,12,255,At Risk,365+ Days,6-10 Purchases,Very High
35687,Amy Anderson,376,4,15421,0,2,2,4,8,224,Need Attention,365+ Days,3-5 Purchases,High
35705,Joseph Nolan,262,8,24780,0,2,5,5,12,255,At Risk,181-365 Days,6-10 Purchases,Very High
35725,Justin Ray,430,6,21736,0,1,4,5,10,145,At Risk,365+ Days,6-10 Purchases,Very High
35731,Adrian Burch,548,5,16092,0,1,3,4,8,134,At Risk,365+ Days,3-5 Purchases,High
35776,Jennifer Andrews,748,6,15283,0,1,4,4,9,144,At Risk,365+ Days,6-10 Purchases,High
35787,Rachel Gonzalez,708,5,15374,0,1,3,4,8,134,At Risk,365+ Days,3-5 Purchases,High
35809,David Haney,522,9,23453,0,1,5,5,11,155,At Risk,365+ Days,6-10 Purchases,Very High
35814,Derek Gardner,280,8,31063,0,2,5,5,12,255,At Risk,181-365 Days,6-10 Purchases,Very High
35817,Debra Oconnell,319,8,24612,0,2,5,5,12,255,At Risk,181-365 Days,6-10 Purchases,Very High
35828,Antonio Anderson,309,8,22441,0,2,5,5,12,255,At Risk,181-365 Days,6-10 Purchases,Very High
35832,Rachel Pratt,328,7,15375,0,2,5,4,11,254,At Risk,181-365 Days,6-10 Purchases,High
35834,Emily Lawson,373,5,16138,0,2,3,4,9,234,At Risk,365+ Days,3-5 Purchases,High
35849,Jessica Hardy,476,6,14849,0,1,4,4,9,144,At Risk,365+ Days,6-10 Purchases,High
35852,Aaron Miranda,256,8,19836,0,2,5,5,12,255,At Risk,181-365 Days,6-10 Purchases,Very High
35900,Charles Clark,312,6,17830,0,2,4,4,10,244,At Risk,181-365 Days,6-10 Purchases,High
35914,Jeffrey Heath,283,7,15085,0,2,5,4,11,254,At Risk,181-365 Days,6-10 Purchases,High
35915,Jesus Bell,541,5,18678,0,1,3,4,8,134,At Risk,365+ Days,3-5 Purchases,High
35926,Jacob Fisher,346,6,21089,0,2,4,5,11,245,At Risk,181-365 Days,6-10 Purchases,Very High
35930,Jeremy Mays,307,4,15433,0,2,2,4,8,224,Need Attention,181-365 Days,3-5 Purchases,High
35932,David Perkins,696,4,15959,0,1,2,4,7,124,Need Attention,365+ Days,3-5 Purchases,High
35946,Robin Wilson,459,5,22905,0,1,3,5,9,135,At Risk,365+ Days,3-5 Purchases,Very High
35960,Robin Waller,313,7,16878,0,2,5,4,11,254,At Risk,181-365 Days,6-10 Purchases,High
35988,Melissa Skinner,288,6,15289,0,2,4,4,10,244,At Risk,181-365 Days,6-10 Purchases,High
35990,Catherine Miller,264,6,18196,0,2,4,4,10,244,At Risk,181-365 Days,6-10 Purchases,High
36001,Kenneth Bray,269,4,14862,0,2,2,4,8,224,Need Attention,181-365 Days,3-5 Purchases,High
36039,Jay Butler,299,8,22095,0,2,5,5,12,255,At Risk,181-365 Days,6-10 Purchases,Very High
36040,Thomas Downs,252,8,23215,0,2,5,5,12,255,At Risk,181-365 Days,6-10 Purchases,Very High
36092,Luis Soto,476,5,19171,0,1,3,4,8,134,At Risk,365+ Days,3-5 Purchases,High
36094,Karen Goodman,497,5,17855,0,1,3,4,8,134,At Risk,365+ Days,3-5 Purchases,High
36095,Brian Anderson,252,5,16813,0,2,3,4,9,234,At Risk,181-365 Days,3-5 Purchases,High
36098,John Smith,500,4,17478,0,1,2,4,7,124,Need Attention,365+ Days,3-5 Purchases,High
36101,Anne Thomas,356,8,19332,0,2,5,5,12,255,At Risk,181-365 Days,6-10 Purchases,Very High
36111,Hannah Morales,357,8,21454,0,2,5,5,12,255,At Risk,181-365 Days,6-10 Purchases,Very High
36133,Troy Morgan,244,8,26241,0,2,5,5,12,255,At Risk,181-365 Days,6-10 Purchases,Very High
36164,Dr. Thomas Kennedy,413,9,30161,0,2,5,5,12,255,At Risk,365+ Days,6-10 Purchases,Very High
36168,Craig Garcia,319,6,20486,0,2,4,5,11,245,At Risk,181-365 Days,6-10 Purchases,Very High
36172,Robert Byrd,269,11,27305,0,2,5,5,12,255,At Risk,181-365 Days,10+ Purchases,Very High
36193,Anthony Martinez,517,7,24045,0,1,5,5,11,155,At Risk,365+ Days,6-10 Purchases,Very High
36198,Joel Carroll,414,6,18237,0,2,4,4,10,244,At Risk,365+ Days,6-10 Purchases,High
36202,Amanda Larsen,309,10,28048,0,2,5,5,12,255,At Risk,181-365 Days,6-10 Purchases,Very High
36213,Austin Chavez,260,9,21353,0,2,5,5,12,255,At Risk,181-365 Days,6-10 Purchases,Very High
36218,Nicole Schultz,459,6,19856,0,1,4,5,10,145,At Risk,365+ Days,6-10 Purchases,Very High
36243,Alexis Bailey,671,5,16467,0,1,3,4,8,134,At Risk,365+ Days,3-5 Purchases,High
36266,Sue King,349,6,17341,0,2,4,4,10,244,At Risk,181-365 Days,6-10 Purchases,High
36290,Edward Sims,655,7,14812,0,1,5,4,10,154,At Risk,365+ Days,6-10 Purchases,High
36304,Michael Castillo,508,6,22475,0,1,4,5,10,145,At Risk,365+ Days,6-10 Purchases,Very High
36340,Michelle Park,243,6,15154,0,2,4,4,10,244,At Risk,181-365 Days,6-10 Purchases,High
36365,John Garrison,258,6,15453,0,2,4,4,10,244,At Risk,181-365 Days,6-10 Purchases,High
36376,Christina Johnson,542,7,16518,0,1,5,4,10,154,At Risk,365+ Days,6-10 Purchases,High
36381,Laura Bryan,349,7,23665,0,2,5,5,12,255,At Risk,181-365 Days,6-10 Purchases,Very High
36385,Jill Decker,423,7,24833,0,2,5,5,12,255,At Risk,365+ Days,6-10 Purchases,Very High
36388,Deborah Cruz,403,6,15539,0,2,4,4,10,244,At Risk,365+ Days,6-10 Purchases,High
36391,Brian Obrien,548,6,19935,0,1,4,5,10,145,At Risk,365+ Days,6-10 Purchases,Very High
36417,Briana Williams,530,4,16352,0,1,2,4,7,124,Need Attention,365+ Days,3-5 Purchases,High
36418,Elizabeth Walker,485,5,17175,0,1,3,4,8,134,At Risk,365+ Days,3-5 Purchases,High
36459,Kevin Day,479,4,15045,0,1,2,4,7,124,Need Attention,365+ Days,3-5 Purchases,High
36468,Matthew Hernandez,282,4,14896,0,2,2,4,8,224,Need Attention,181-365 Days,3-5 Purchases,High
36494,Kayla Mack,426,6,16750,0,2,4,4,10,244,At Risk,365+ Days,6-10 Purchases,High
36504,Joel Villegas,300,5,15201,0,2,3,4,9,234,At Risk,181-365 Days,3-5 Purchases,High
36509,Brianna Chang,339,10,25375,0,2,5,5,12,255,At Risk,181-365 Days,6-10 Purchases,Very High
36563,Anthony Weber,360,8,21611,0,2,5,5,12,255,At Risk,181-365 Days,6-10 Purchases,Very High
36565,Andres Garrett,621,6,16751,0,1,4,4,9,144,At Risk,365+ Days,6-10 Purchases,High
36582,Kevin Bentley,333,7,24403,0,2,5,5,12,255,At Risk,181-365 Days,6-10 Purchases,Very High
36588,Bruce White,597,10,24939,0,1,5,5,11,155,At Risk,365+ Days,6-10 Purchases,Very High
36590,Sandra Ross,275,8,25671,0,2,5,5,12,255,At Risk,181-365 Days,6-10 Purchases,Very High
36602,Jeffrey Rocha,430,8,17950,0,1,5,4,10,154,At Risk,365+ Days,6-10 Purchases,High
36616,Mario Wilson,271,4,15178,0,2,2,4,8,224,Need Attention,181-365 Days,3-5 Purchases,High
36621,Rachel Huang,367,6,17919,0,2,4,4,10,244,At Risk,365+ Days,6-10 Purchases,High
36624,Alicia Warren,506,6,19059,0,1,4,4,9,144,At Risk,365+ Days,6-10 Purchases,High
36631,Nicole Murphy,674,6,20319,0,1,4,5,10,145,At Risk,365+ Days,6-10 Purchases,Very High
36685,Heather Johnson,528,8,25743,0,1,5,5,11,155,At Risk,365+ Days,6-10 Purchases,Very High
36686,Rebecca Fowler,733,5,17139,0,1,3,4,8,134,At Risk,365+ Days,3-5 Purchases,High
36688,Ashley Barrett,257,9,23647,0,2,5,5,12,255,At Risk,181-365 Days,6-10 Purchases,Very High
36692,Randy Singleton,750,5,16080,0,1,3,4,8,134,At Risk,365+ Days,3-5 Purchases,High
36708,Christopher Adkins,482,7,16140,0,1,5,4,10,154,At Risk,365+ Days,6-10 Purchases,High
36714,Louis Thompson,294,7,18812,0,2,5,4,11,254,At Risk,181-365 Days,6-10 Purchases,High
36729,Christian Hale,552,6,20037,0,1,4,5,10,145,At Risk,365+ Days,6-10 Purchases,Very High
36731,Christopher Rodriguez,781,4,15682,0,1,2,4,7,124,Need Attention,365+ Days,3-5 Purchases,High
36743,Michael Bartlett,340,6,18330,0,2,4,4,10,244,At Risk,181-365 Days,6-10 Purchases,High
36749,Angela Castro,549,6,16045,0,1,4,4,9,144,At Risk,365+ Days,6-10 Purchases,High
36756,Larry Garcia,361,7,18885,0,2,5,4,11,254,At Risk,181-365 Days,6-10 Purchases,High
36767,Carolyn Moyer,341,7,18069,0,2,5,4,11,254,At Risk,181-365 Days,6-10 Purchases,High
36792,Ms. Barbara Rhodes,594,6,16979,0,1,4,4,9,144,At Risk,365+ Days,6-10 Purchases,High
36803,Brittany Smith,532,6,17422,0,1,4,4,9,144,At Risk,365+ Days,6-10 Purchases,High
36807,Cameron Bates,284,5,15008,0,2,3,4,9,234,At Risk,181-365 Days,3-5 Purchases,High
36812,Brenda Brown,714,5,16556,0,1,3,4,8,134,At Risk,365+ Days,3-5 Purchases,High
36822,Jeffrey Herman,313,6,19567,0,2,4,5,11,245,At Risk,181-365 Days,6-10 Purchases,Very High
36827,Kelsey Farmer,328,8,31321,0,2,5,5,12,255,At Risk,181-365 Days,6-10 Purchases,Very High
36839,Rachel Johnson,285,8,27285,0,2,5,5,12,255,At Risk,181-365 Days,6-10 Purchases,Very High
36840,Sara Shepard,284,7,18532,0,2,5,4,11,254,At Risk,181-365 Days,6-10 Purchases,High
36905,Kim Mitchell,318,6,15224,0,2,4,4,10,244,At Risk,181-365 Days,6-10 Purchases,High
36913,Jeremy Wilson,304,9,19959,0,2,5,5,12,255,At Risk,181-365 Days,6-10 Purchases,Very High
36937,Peter Hinton,525,5,17397,0,1,3,4,8,134,At Risk,365+ Days,3-5 Purchases,High
36952,John Dixon,324,10,28761,0,2,5,5,12,255,At Risk,181-365 Days,6-10 Purchases,Very High
36954,Becky Stevens,333,5,17615,0,2,3,4,9,234,At Risk,181-365 Days,3-5 Purchases,High
36964,Jacqueline Hernandez,258,4,15155,0,2,2,4,8,224,Need Attention,181-365 Days,3-5 Purchases,High
36965,Trevor Davis,302,11,35844,0,2,5,5,12,255,At Risk,181-365 Days,10+ Purchases,Very High
36968,Kerry Chen,276,6,19521,0,2,4,5,11,245,At Risk,181-365 Days,6-10 Purchases,Very High
36972,Nicole David,384,5,19722,0,2,3,5,10,235,At Risk,365+ Days,3-5 Purchases,Very High
36979,Robert Kline,270,6,21566,0,2,4,5,11,245,At Risk,181-365 Days,6-10 Purchases,Very High
36992,Heather Herrera,275,6,17268,0,2,4,4,10,244,At Risk,181-365 Days,6-10 Purchases,High
37000,Robin Mora,245,8,20777,0,2,5,5,12,255,At Risk,181-365 Days,6-10 Purchases,Very High
37020,Joshua Reed,765,4,15784,0,1,2,4,7,124,Need Attention,365+ Days,3-5 Purchases,High
37022,Ryan Cervantes,608,5,17455,0,1,3,4,8,134,At Risk,365+ Days,3-5 Purchases,High
37024,James Woods,367,6,16871,0,2,4,4,10,244,At Risk,365+ Days,6-10 Purchases,High
37045,Christopher Valdez,333,6,16586,0,2,4,4,10,244,At Risk,181-365 Days,6-10 Purchases,High
37047,Lisa Wolfe,364,8,24118,0,2,5,5,12,255,At Risk,181-365 Days,6-10 Purchases,Very High
37051,David Hendricks,693,5,16834,0,1,3,4,8,134,At Risk,365+ Days,3-5 Purchases,High
37060,Shannon Hawkins,260,7,25168,0,2,5,5,12,255,At Risk,181-365 Days,6-10 Purchases,Very High
37074,Roberta Garcia,348,6,24104,0,2,4,5,11,245,At Risk,181-365 Days,6-10 Purchases,Very High
37092,Jill Carson,243,6,16238,0,2,4,4,10,244,At Risk,181-365 Days,6-10 Purchases,High
37098,Michelle Bailey,276,7,16365,0,2,5,4,11,254,At Risk,181-365 Days,6-10 Purchases,High
37107,Stanley Frazier,485,4,15298,0,1,2,4,7,124,Need Attention,365+ Days,3-5 Purchases,High
37136,Stephanie Sanders,299,7,20221,0,2,5,5,12,255,At Risk,181-365 Days,6-10 Purchases,Very High
37154,Kristy Green,380,4,16229,0,2,2,4,8,224,Need Attention,365+ Days,3-5 Purchases,High
37168,Gene Nunez,575,5,15451,0,1,3,4,8,134,At Risk,365+ Days,3-5 Purchases,High
37194,Brad Graves,377,8,16308,0,2,5,4,11,254,At Risk,365+ Days,6-10 Purchases,High
37200,Jennifer Owens,245,8,21859,0,2,5,5,12,255,At Risk,181-365 Days,6-10 Purchases,Very High
37203,Taylor Kelly,424,8,20124,0,2,5,5,12,255,At Risk,365+ Days,6-10 Purchases,Very High
37213,Krista Valencia,263,6,15381,0,2,4,4,10,244,At Risk,181-365 Days,6-10 Purchases,High
37228,Megan Velazquez,529,6,19615,0,1,4,5,10,145,At Risk,365+ Days,6-10 Purchases,Very High
37235,Jose Wells,570,7,18181,0,1,5,4,10,154,At Risk,365+ Days,6-10 Purchases,High
37246,Evelyn Burnett,332,4,14829,0,2,2,4,8,224,Need Attention,181-365 Days,3-5 Purchases,High
37252,Brittany Thompson,478,5,15733,0,1,3,4,8,134,At Risk,365+ Days,3-5 Purchases,High
37254,Timothy Stevens,514,5,16110,0,1,3,4,8,134,At Risk,365+ Days,3-5 Purchases,High
37266,Steven Brown,373,7,22795,0,2,5,5,12,255,At Risk,365+ Days,6-10 Purchases,Very High
37279,Christina Delgado,277,5,17877,0,2,3,4,9,234,At Risk,181-365 Days,3-5 Purchases,High
37286,Lisa Evans,368,6,21021,0,2,4,5,11,245,At Risk,365+ Days,6-10 Purchases,Very High
37289,Trevor Vaughn,269,8,22511,0,2,5,5,12,255,At Risk,181-365 Days,6-10 Purchases,Very High
37290,Daniel Griffith,603,5,16717,0,1,3,4,8,134,At Risk,365+ Days,3-5 Purchases,High
37292,Julia Jones,583,6,17466,0,1,4,4,9,144,At Risk,365+ Days,6-10 Purchases,High
37308,Alexis Lara,301,6,21569,0,2,4,5,11,245,At Risk,181-365 Days,6-10 Purchases,Very High
37315,Jennifer Wilson,583,7,20206,0,1,5,5,11,155,At Risk,365+ Days,6-10 Purchases,Very High
37319,Alexandria Hendrix,253,5,18452,0,2,3,4,9,234,At Risk,181-365 Days,3-5 Purchases,High
37333,Ashley Graham,323,6,19011,0,2,4,4,10,244,At Risk,181-365 Days,6-10 Purchases,High
37337,Laura Mclaughlin,623,7,17883,0,1,5,4,10,154,At Risk,365+ Days,6-10 Purchases,High
37391,Ronald Murray,404,8,25375,0,2,5,5,12,255,At Risk,365+ Days,6-10 Purchases,Very High
37394,Melinda Schmidt,658,5,15429,0,1,3,4,8,134,At Risk,365+ Days,3-5 Purchases,High
37398,Christopher Holmes,243,10,24889,0,2,5,5,12,255,At Risk,181-365 Days,6-10 Purchases,Very High
37463,Heather Caldwell,370,5,19437,0,2,3,5,10,235,At Risk,365+ Days,3-5 Purchases,Very High
37464,Matthew Mitchell,556,7,24144,0,1,5,5,11,155,At Risk,365+ Days,6-10 Purchases,Very High
37519,Christopher Brown,271,6,17406,0,2,4,4,10,244,At Risk,181-365 Days,6-10 Purchases,High
37521,Kelsey Davis,414,3,14995,0,2,2,4,8,224,Need Attention,365+ Days,3-5 Purchases,High
37537,Tim White,318,6,15053,0,2,4,4,10,244,At Risk,181-365 Days,6-10 Purchases,High
37542,Ronald Gross,349,7,22167,0,2,5,5,12,255,At Risk,181-365 Days,6-10 Purchases,Very High
37552,Dwayne Burgess,280,6,15018,0,2,4,4,10,244,At Risk,181-365 Days,6-10 Purchases,High
37555,Christian Ponce,261,8,23816,0,2,5,5,12,255,At Risk,181-365 Days,6-10 Purchases,Very High
37587,Ruben Williams,340,7,19936,0,2,5,5,12,255,At Risk,181-365 Days,6-10 Purchases,Very High
37598,Jose Martin,483,5,15042,0,1,3,4,8,134,At Risk,365+ Days,3-5 Purchases,High
37607,Robert Brown,244,5,14923,0,2,3,4,9,234,At Risk,181-365 Days,3-5 Purchases,High
37616,Shannon Thompson,316,6,16917,0,2,4,4,10,244,At Risk,181-365 Days,6-10 Purchases,High
37637,Mark Smith,732,5,15917,0,1,3,4,8,134,At Risk,365+ Days,3-5 Purchases,High
37647,Scott Gordon,611,8,20351,0,1,5,5,11,155,At Risk,365+ Days,6-10 Purchases,Very High
37675,Samuel Moore,478,8,20731,0,1,5,5,11,155,At Risk,365+ Days,6-10 Purchases,Very High
37684,Christina Welch,250,9,18284,0,2,5,4,11,254,At Risk,181-365 Days,6-10 Purchases,High
37711,Derrick Roth,371,5,16766,0,2,3,4,9,234,At Risk,365+ Days,3-5 Purchases,High
37726,Dr. Samantha Brown DDS,400,6,15657,0,2,4,4,10,244,At Risk,365+ Days,6-10 Purchases,High
37739,Stephanie Walker,268,7,28712,0,2,5,5,12,255,At Risk,181-365 Days,6-10 Purchases,Very High
37743,Shane Ross,300,4,16148,0,2,2,4,8,224,Need Attention,181-365 Days,3-5 Purchases,High
37780,Rebecca Cochran,245,7,27045,0,2,5,5,12,255,At Risk,181-365 Days,6-10 Purchases,Very High
37796,James Sharp,274,8,21945,0,2,5,5,12,255,At Risk,181-365 Days,6-10 Purchases,Very High
37808,Christina Delgado,385,8,17920,0,2,5,4,11,254,At Risk,365+ Days,6-10 Purchases,High
37811,Sarah Stewart,345,8,28802,0,2,5,5,12,255,At Risk,181-365 Days,6-10 Purchases,Very High
37969,Nicole Gibson,866,5,16458,0,1,3,4,8,134,At Risk,365+ Days,3-5 Purchases,High
37984,Michaela Smith,437,6,15361,0,1,4,4,9,144,At Risk,365+ Days,6-10 Purchases,High
37998,Alyssa Campos,816,6,15165,0,1,4,4,9,144,At Risk,365+ Days,6-10 Purchases,High
38040,Dr. Pamela Hess DVM,605,5,17334,0,1,3,4,8,134,At Risk,365+ Days,3-5 Purchases,High
38047,Joseph Reyes,249,6,20363,0,2,4,5,11,245,At Risk,181-365 Days,6-10 Purchases,Very High
38052,Derek White,405,6,19259,0,2,4,4,10,244,At Risk,365+ Days,6-10 Purchases,High
38075,Omar Watkins,297,6,23011,0,2,4,5,11,245,At Risk,181-365 Days,6-10 Purchases,Very High
38108,Mr. Jeffrey Fernandez,258,8,23671,0,2,5,5,12,255,At Risk,181-365 Days,6-10 Purchases,Very High
38115,Amy Joyce,351,7,17028,0,2,5,4,11,254,At Risk,181-365 Days,6-10 Purchases,High
38117,Maria Price,590,6,21917,0,1,4,5,10,145,At Risk,365+ Days,6-10 Purchases,Very High
38134,Mark Short,284,8,29038,0,2,5,5,12,255,At Risk,181-365 Days,6-10 Purchases,Very High
38136,Mark Davis,359,5,15537,0,2,3,4,9,234,At Risk,181-365 Days,3-5 Purchases,High
38146,April Marquez,596,5,15259,0,1,3,4,8,134,At Risk,365+ Days,3-5 Purchases,High
38150,Charles Griffin,619,7,19787,0,1,5,5,11,155,At Risk,365+ Days,6-10 Purchases,Very High
38160,Melinda Williams,337,10,26702,0,2,5,5,12,255,At Risk,181-365 Days,6-10 Purchases,Very High
38169,James Dalton,245,8,27631,0,2,5,5,12,255,At Risk,181-365 Days,6-10 Purchases,Very High
38178,Catherine Williams,305,5,16278,0,2,3,4,9,234,At Risk,181-365 Days,3-5 Purchases,High
38181,Lisa Williams,345,7,19165,0,2,5,4,11,254,At Risk,181-365 Days,6-10 Purchases,High
38209,Ronald Martin,564,6,15656,0,1,4,4,9,144,At Risk,365+ Days,6-10 Purchases,High
38215,Patrick Santos,286,5,16708,0,2,3,4,9,234,At Risk,181-365 Days,3-5 Purchases,High
38221,Charles Davis,252,6,17521,0,2,4,4,10,244,At Risk,181-365 Days,6-10 Purchases,High
38226,Edward Mejia,654,6,16404,0,1,4,4,9,144,At Risk,365+ Days,6-10 Purchases,High
38229,Kathryn Luna,351,4,17383,0,2,2,4,8,224,Need Attention,181-365 Days,3-5 Purchases,High
38230,Kristina Wood,591,6,18078,0,1,4,4,9,144,At Risk,365+ Days,6-10 Purchases,High
38252,Travis Mcneil,246,9,30858,0,2,5,5,12,255,At Risk,181-365 Days,6-10 Purchases,Very High
38258,Jeffrey Gamble,292,6,19399,0,2,4,5,11,245,At Risk,181-365 Days,6-10 Purchases,Very High
38263,Alisha Mitchell,603,5,17656,0,1,3,4,8,134,At Risk,365+ Days,3-5 Purchases,High
38266,Michelle Craig MD,529,6,20563,0,1,4,5,10,145,At Risk,365+ Days,6-10 Purchases,Very High
38276,Timothy Wilson,422,4,17221,0,2,2,4,8,224,Need Attention,365+ Days,3-5 Purchases,High
38285,Danielle Ramos,402,7,18253,0,2,5,4,11,254,At Risk,365+ Days,6-10 Purchases,High
38306,Caitlin Bailey,500,8,24437,0,1,5,5,11,155,At Risk,365+ Days,6-10 Purchases,Very High
38310,Jessica Wilson,410,5,17847,0,2,3,4,9,234,At Risk,365+ Days,3-5 Purchases,High
38321,Leslie French,290,7,20394,0,2,5,5,12,255,At Risk,181-365 Days,6-10 Purchases,Very High
38340,Katherine Turner,345,7,20723,0,2,5,5,12,255,At Risk,181-365 Days,6-10 Purchases,Very High
38357,Taylor Armstrong,609,4,14935,0,1,2,4,7,124,Need Attention,365+ Days,3-5 Purchases,High
38358,Andrew Hernandez,529,4,15010,0,1,2,4,7,124,Need Attention,365+ Days,3-5 Purchases,High
38373,Shirley Howe,276,10,34580,0,2,5,5,12,255,At Risk,181-365 Days,6-10 Purchases,Very High
38375,Michael Johnson,337,6,15871,0,2,4,4,10,244,At Risk,181-365 Days,6-10 Purchases,High
38387,Barbara Leon,288,6,18894,0,2,4,4,10,244,At Risk,181-365 Days,6-10 Purchases,High
38388,Susan Cunningham,469,4,15469,0,1,2,4,7,124,Need Attention,365+ Days,3-5 Purchases,High
38398,Bobby Watkins,726,6,19666,0,1,4,5,10,145,At Risk,365+ Days,6-10 Purchases,Very High
38422,Amber Morris,361,9,22229,0,2,5,5,12,255,At Risk,181-365 Days,6-10 Purchases,Very High
38443,Michael Anderson,655,8,20444,0,1,5,5,11,155,At Risk,365+ Days,6-10 Purchases,Very High
38447,Erin Ramirez MD,307,5,17259,0,2,3,4,9,234,At Risk,181-365 Days,3-5 Purchases,High
38487,Michelle Lawrence,627,6,18301,0,1,4,4,9,144,At Risk,365+ Days,6-10 Purchases,High
38505,David Patterson,288,7,27123,0,2,5,5,12,255,At Risk,181-365 Days,6-10 Purchases,Very High
38506,Dustin Fuller,486,6,16450,0,1,4,4,9,144,At Risk,365+ Days,6-10 Purchases,High
38508,Joshua Butler,325,7,25328,0,2,5,5,12,255,At Risk,181-365 Days,6-10 Purchases,Very High
38532,Donald Drake,244,7,18197,0,2,5,4,11,254,At Risk,181-365 Days,6-10 Purchases,High
38538,Vanessa Palmer,451,5,14900,0,1,3,4,8,134,At Risk,365+ Days,3-5 Purchases,High
38542,Timothy Rosales,424,9,22400,0,2,5,5,12,255,At Risk,365+ Days,6-10 Purchases,Very High
38548,Mary Wilson,264,6,15444,0,2,4,4,10,244,At Risk,181-365 Days,6-10 Purchases,High
38555,Steve Johnson,323,8,20192,0,2,5,5,12,255,At Risk,181-365 Days,6-10 Purchases,Very High
38568,Lori Wells,609,5,16058,0,1,3,4,8,134,At Risk,365+ Days,3-5 Purchases,High
38571,Heidi Johnson,295,8,18496,0,2,5,4,11,254,At Risk,181-365 Days,6-10 Purchases,High
38572,Nathan Webb,305,7,15471,0,2,5,4,11,254,At Risk,181-365 Days,6-10 Purchases,High
38573,Ricardo Conley,412,6,16061,0,2,4,4,10,244,At Risk,365+ Days,6-10 Purchases,High
38607,Brandon Crawford,247,4,15238,0,2,2,4,8,224,Need Attention,181-365 Days,3-5 Purchases,High
38614,Linda Hurley,245,7,19674,0,2,5,5,12,255,At Risk,181-365 Days,6-10 Purchases,Very High
38618,Tiffany Anderson,270,10,31926,0,2,5,5,12,255,At Risk,181-365 Days,6-10 Purchases,Very High
38653,Melissa Leon,307,7,17390,0,2,5,4,11,254,At Risk,181-365 Days,6-10 Purchases,High
38674,Phillip White,489,9,29343,0,1,5,5,11,155,At Risk,365+ Days,6-10 Purchases,Very High
38685,Wendy King,293,10,23676,0,2,5,5,12,255,At Risk,181-365 Days,6-10 Purchases,Very High
38716,Michael Mosley,268,7,21089,0,2,5,5,12,255,At Risk,181-365 Days,6-10 Purchases,Very High
38738,Daniel Garrett,397,5,16041,0,2,3,4,9,234,At Risk,365+ Days,3-5 Purchases,High
38756,Betty Esparza,328,6,21236,0,2,4,5,11,245,At Risk,181-365 Days,6-10 Purchases,Very High
38758,Kathleen Johnson,444,5,14988,0,1,3,4,8,134,At Risk,365+ Days,3-5 Purchases,High
38789,Ernest Beck,351,4,16933,0,2,2,4,8,224,Need Attention,181-365 Days,3-5 Purchases,High
38790,Erin Leblanc,464,6,17786,0,1,4,4,9,144,At Risk,365+ Days,6-10 Purchases,High
38809,Vanessa Walker,310,6,17009,0,2,4,4,10,244,At Risk,181-365 Days,6-10 Purchases,High
38824,Daniel Kelly,427,5,15282,0,1,3,4,8,134,At Risk,365+ Days,3-5 Purchases,High
38832,Adrian James,332,4,17886,0,2,2,4,8,224,Need Attention,181-365 Days,3-5 Purchases,High
38841,Brittney Hodges,290,4,18842,0,2,2,4,8,224,Need Attention,181-365 Days,3-5 Purchases,High
38845,Christopher Lane,499,6,21677,0,1,4,5,10,145,At Risk,365+ Days,6-10 Purchases,Very High
38860,Anthony Olsen,482,8,25719,0,1,5,5,11,155,At Risk,365+ Days,6-10 Purchases,Very High
38885,Eric Robinson,323,6,15975,0,2,4,4,10,244,At Risk,181-365 Days,6-10 Purchases,High
38900,Bradley Austin,568,5,16832,0,1,3,4,8,134,At Risk,365+ Days,3-5 Purchases,High
38923,Nicole Ramirez,279,6,23593,0,2,4,5,11,245,At Risk,181-365 Days,6-10 Purchases,Very High
38930,Karina Ray,367,8,15723,0,2,5,4,11,254,At Risk,365+ Days,6-10 Purchases,High
38942,Andrew Stewart,655,5,15045,0,1,3,4,8,134,At Risk,365+ Days,3-5 Purchases,High
38946,Joseph Callahan,363,5,18013,0,2,3,4,9,234,At Risk,181-365 Days,3-5 Purchases,High
38947,Mary Orozco,665,6,17439,0,1,4,4,9,144,At Risk,365+ Days,6-10 Purchases,High
38957,Sara Mcclure,568,5,16997,0,1,3,4,8,134,At Risk,365+ Days,3-5 Purchases,High
38994,Gregory Martin,274,5,19930,0,2,3,5,10,235,At Risk,181-365 Days,3-5 Purchases,Very High
39019,James Carroll,425,8,26255,0,2,5,5,12,255,At Risk,365+ Days,6-10 Purchases,Very High
39034,Ms. Eileen Flores,382,5,15917,0,2,3,4,9,234,At Risk,365+ Days,3-5 Purchases,High
39068,Jeremy Campbell,446,7,23107,0,1,5,5,11,155,At Risk,365+ Days,6-10 Purchases,Very High
39070,Troy Wallace,368,5,18439,0,2,3,4,9,234,At Risk,365+ Days,3-5 Purchases,High
39131,Phillip Kelly,250,4,15121,0,2,2,4,8,224,Need Attention,181-365 Days,3-5 Purchases,High
39168,Erika Bowen,317,7,17018,0,2,5,4,11,254,At Risk,181-365 Days,6-10 Purchases,High
39180,Dr. Jesus Riley,344,10,27734,0,2,5,5,12,255,At Risk,181-365 Days,6-10 Purchases,Very High
39219,Andrew Nichols,270,9,22854,0,2,5,5,12,255,At Risk,181-365 Days,6-10 Purchases,Very High
39240,Mrs. Mary Smith,373,8,20460,0,2,5,5,12,255,At Risk,365+ Days,6-10 Purchases,Very High
39254,Craig Page,411,5,14988,0,2,3,4,9,234,At Risk,365+ Days,3-5 Purchases,High
39287,Holly Harper,543,7,14847,0,1,5,4,10,154,At Risk,365+ Days,6-10 Purchases,High
39298,Matthew Stewart,366,7,19390,0,2,5,5,12,255,At Risk,365+ Days,6-10 Purchases,Very High
39319,Cassandra Dunn,256,4,16034,0,2,2,4,8,224,Need Attention,181-365 Days,3-5 Purchases,High
39320,Jerry Mendez,301,8,15066,0,2,5,4,11,254,At Risk,181-365 Days,6-10 Purchases,High
39361,Sara Young,626,5,19913,0,1,3,5,9,135,At Risk,365+ Days,3-5 Purchases,Very High
39362,Eric Hawkins PhD,435,5,20185,0,1,3,5,9,135,At Risk,365+ Days,3-5 Purchases,Very High
39381,Michael Allen,381,5,15442,0,2,3,4,9,234,At Risk,365+ Days,3-5 Purchases,High
39383,Thomas Johnson,455,6,20485,0,1,4,5,10,145,At Risk,365+ Days,6-10 Purchases,Very High
39387,Cindy Ramirez,282,6,20982,0,2,4,5,11,245,At Risk,181-365 Days,6-10 Purchases,Very High
39411,Mr. John Stephens,353,6,18058,0,2,4,4,10,244,At Risk,181-365 Days,6-10 Purchases,High
39432,Steven Campos,504,4,15014,0,1,2,4,7,124,Need Attention,365+ Days,3-5 Purchases,High
39434,Nicole Black,311,4,15624,0,2,2,4,8,224,Need Attention,181-365 Days,3-5 Purchases,High
39440,Casey Orr,396,8,21121,0,2,5,5,12,255,At Risk,365+ Days,6-10 Purchases,Very High
39470,Eric Davis,394,7,17807,0,2,5,4,11,254,At Risk,365+ Days,6-10 Purchases,High
39473,Sarah Bennett,435,5,15879,0,1,3,4,8,134,At Risk,365+ Days,3-5 Purchases,High
39496,Tracy Bailey,478,6,15661,0,1,4,4,9,144,At Risk,365+ Days,6-10 Purchases,High
39500,Kyle Johnson,472,6,16171,0,1,4,4,9,144,At Risk,365+ Days,6-10 Purchases,High
39522,Lisa Gonzales,389,6,17422,0,2,4,4,10,244,At Risk,365+ Days,6-10 Purchases,High
39549,Sylvia Lopez,401,6,15559,0,2,4,4,10,244,At Risk,365+ Days,6-10 Purchases,High
39585,Samantha Edwards,395,5,16878,0,2,3,4,9,234,At Risk,365+ Days,3-5 Purchases,High
39589,Christopher Rowe,324,7,23322,0,2,5,5,12,255,At Risk,181-365 Days,6-10 Purchases,Very High
39596,Edward Watson,297,5,18653,0,2,3,4,9,234,At Risk,181-365 Days,3-5 Purchases,High
39605,Julian Johnson,258,6,15552,0,2,4,4,10,244,At Risk,181-365 Days,6-10 Purchases,High
39606,Billy Edwards,278,8,18438,0,2,5,4,11,254,At Risk,181-365 Days,6-10 Purchases,High
39617,Madison Vasquez,849,6,22763,0,1,4,5,10,145,At Risk,365+ Days,6-10 Purchases,Very High
39620,Cody King,316,5,17669,0,2,3,4,9,234,At Risk,181-365 Days,3-5 Purchases,High
39647,Melanie Lee,257,8,21048,0,2,5,5,12,255,At Risk,181-365 Days,6-10 Purchases,Very High
39650,Scott Alvarado,339,9,25341,0,2,5,5,12,255,At Risk,181-365 Days,6-10 Purchases,Very High
39684,Julie Forbes MD,386,6,15933,0,2,4,4,10,244,At Risk,365+ Days,6-10 Purchases,High
39694,Sydney Torres,514,5,15212,0,1,3,4,8,134,At Risk,365+ Days,3-5 Purchases,High
39700,Makayla Gibson,487,7,25360,0,1,5,5,11,155,At Risk,365+ Days,6-10 Purchases,Very High
39703,Wanda Garcia,269,5,20209,0,2,3,5,10,235,At Risk,181-365 Days,3-5 Purchases,Very High
39724,John Stephenson,357,5,16410,0,2,3,4,9,234,At Risk,181-365 Days,3-5 Purchases,High
39729,Melissa Parrish,278,7,27379,0,2,5,5,12,255,At Risk,181-365 Days,6-10 Purchases,Very High
39735,Alexander Garrett,302,7,20286,0,2,5,5,12,255,At Risk,181-365 Days,6-10 Purchases,Very High
39736,Sergio Avila,262,9,20565,0,2,5,5,12,255,At Risk,181-365 Days,6-10 Purchases,Very High
39740,Mary Bernard,462,5,15336,0,1,3,4,8,134,At Risk,365+ Days,3-5 Purchases,High
39759,Michael Hicks,264,7,24760,0,2,5,5,12,255,At Risk,181-365 Days,6-10 Purchases,Very High
39796,Nicholas Gibbs,704,6,21191,0,1,4,5,10,145,At Risk,365+ Days,6-10 Purchases,Very High
39798,Lisa Wilcox,252,7,21484,0,2,5,5,12,255,At Risk,181-365 Days,6-10 Purchases,Very High
39835,Bethany Sanchez,672,5,15673,0,1,3,4,8,134,At Risk,365+ Days,3-5 Purchases,High
39849,Billy Norman,293,8,14984,0,2,5,4,11,254,At Risk,181-365 Days,6-10 Purchases,High
39876,Anthony Rodgers,619,7,15493,0,1,5,4,10,154,At Risk,365+ Days,6-10 Purchases,High
39881,Javier Taylor,306,5,15632,0,2,3,4,9,234,At Risk,181-365 Days,3-5 Purchases,High
39890,Laurie House,386,6,17418,0,2,4,4,10,244,At Risk,365+ Days,6-10 Purchases,High
39893,Jennifer Harper,366,4,18292,0,2,2,4,8,224,Need Attention,365+ Days,3-5 Purchases,High
39899,Michael Watkins,514,6,17858,0,1,4,4,9,144,At Risk,365+ Days,6-10 Purchases,High
39930,Laura Lee,412,8,26779,0,2,5,5,12,255,At Risk,365+ Days,6-10 Purchases,Very High
39942,Katrina James,275,10,32921,0,2,5,5,12,255,At Risk,181-365 Days,6-10 Purchases,Very High
39944,Joseph Schmitt,361,9,23182,0,2,5,5,12,255,At Risk,181-365 Days,6-10 Purchases,Very High
39972,Sherry Pineda,592,7,19872,0,1,5,5,11,155,At Risk,365+ Days,6-10 Purchases,Very High
39983,Samantha Fields,243,10,26943,0,2,5,5,12,255,At Risk,181-365 Days,6-10 Purchases,Very High
39995,Kyle Kennedy,391,7,23383,0,2,5,5,12,255,At Risk,365+ Days,6-10 Purchases,Very High
40035,David Patton,351,6,15698,0,2,4,4,10,244,At Risk,181-365 Days,6-10 Purchases,High
40051,Megan Mann,622,8,17999,0,1,5,4,10,154,At Risk,365+ Days,6-10 Purchases,High
40075,Darren Rodriguez,335,9,28923,0,2,5,5,12,255,At Risk,181-365 Days,6-10 Purchases,Very High
40088,Meghan Adams,284,5,16961,0,2,3,4,9,234,At Risk,181-365 Days,3-5 Purchases,High
40094,Maria Anderson,382,7,22197,0,2,5,5,12,255,At Risk,365+ Days,6-10 Purchases,Very High
40101,Diane Hughes,425,7,16761,0,2,5,4,11,254,At Risk,365+ Days,6-10 Purchases,High
40128,Pamela Whitehead,510,4,15319,0,1,3,4,8,134,At Risk,365+ Days,3-5 Purchases,High
40141,Joseph Clark,327,8,19107,0,2,5,4,11,254,At Risk,181-365 Days,6-10 Purchases,High
40150,Jasmine Green,423,8,22835,0,2,5,5,12,255,At Risk,365+ Days,6-10 Purchases,Very High
40172,Sonya Mcclure,362,4,17306,0,2,3,4,9,234,At Risk,181-365 Days,3-5 Purchases,High
40193,Gwendolyn Ross,267,5,14990,0,2,3,4,9,234,At Risk,181-365 Days,3-5 Purchases,High
40195,Kenneth Miller,439,8,16647,0,1,5,4,10,154,At Risk,365+ Days,6-10 Purchases,High
40203,Renee Evans,394,5,15175,0,2,3,4,9,234,At Risk,365+ Days,3-5 Purchases,High
40211,Kelly Hunt,270,8,24957,0,2,5,5,12,255,At Risk,181-365 Days,6-10 Purchases,Very High
40214,Richard Phillips,258,6,16056,0,2,4,4,10,244,At Risk,181-365 Days,6-10 Purchases,High
40218,Dr. Ryan Ellis,247,5,17789,0,2,3,4,9,234,At Risk,181-365 Days,3-5 Purchases,High
40226,Jeffrey Baker,360,6,16517,0,2,4,4,10,244,At Risk,181-365 Days,6-10 Purchases,High
40234,Kelli Rodriguez,341,7,18130,0,2,5,4,11,254,At Risk,181-365 Days,6-10 Purchases,High
40268,Jodi Moore,452,6,20023,0,1,4,5,10,145,At Risk,365+ Days,6-10 Purchases,Very High
40289,Kyle Hull,445,6,21038,0,1,4,5,10,145,At Risk,365+ Days,6-10 Purchases,Very High
40290,Sean Flores,329,7,19893,0,2,5,5,12,255,At Risk,181-365 Days,6-10 Purchases,Very High
40301,Eric Nixon,360,9,22833,0,2,5,5,12,255,At Risk,181-365 Days,6-10 Purchases,Very High
40302,Suzanne Ross,364,6,23805,0,2,4,5,11,245,At Risk,181-365 Days,6-10 Purchases,Very High
40309,Angelica Lane,476,8,21848,0,1,5,5,11,155,At Risk,365+ Days,6-10 Purchases,Very High
40329,Daniel Meyer,249,6,18170,0,2,4,4,10,244,At Risk,181-365 Days,6-10 Purchases,High
40345,Kimberly Kelley,305,8,21543,0,2,5,5,12,255,At Risk,181-365 Days,6-10 Purchases,Very High
40351,Jeffrey Thomas,255,5,18462,0,2,3,4,9,234,At Risk,181-365 Days,3-5 Purchases,High
40354,Eric Brown,423,7,22324,0,2,5,5,12,255,At Risk,365+ Days,6-10 Purchases,Very High
40362,Wayne Ramirez,257,6,22217,0,2,4,5,11,245,At Risk,181-365 Days,6-10 Purchases,Very High
40363,Craig Turner,277,8,32976,0,2,5,5,12,255,At Risk,181-365 Days,6-10 Purchases,Very High
40374,Phyllis Smith,401,8,16571,0,2,5,4,11,254,At Risk,365+ Days,6-10 Purchases,High
40388,Dr. Daniel Bowman,588,7,24012,0,1,5,5,11,155,At Risk,365+ Days,6-10 Purchases,Very High
40389,William Smith,274,4,16112,0,2,3,4,9,234,At Risk,181-365 Days,3-5 Purchases,High
40392,Elijah Cordova,787,6,16089,0,1,4,4,9,144,At Risk,365+ Days,6-10 Purchases,High
40394,Matthew Park,375,6,16156,0,2,4,4,10,244,At Risk,365+ Days,6-10 Purchases,High
40412,Cody Bryan,283,6,16858,0,2,4,4,10,244,At Risk,181-365 Days,6-10 Purchases,High
40416,Danielle Miller,247,5,16541,0,2,3,4,9,234,At Risk,181-365 Days,3-5 Purchases,High
40425,Jacob Tucker,492,6,16219,0,1,4,4,9,144,At Risk,365+ Days,6-10 Purchases,High
40450,Leslie Lee,454,6,21394,0,1,4,5,10,145,At Risk,365+ Days,6-10 Purchases,Very High
40475,Claudia Jacobson,715,6,18055,0,1,4,4,9,144,At Risk,365+ Days,6-10 Purchases,High
40496,Gabrielle Ramirez,382,7,16260,0,2,5,4,11,254,At Risk,365+ Days,6-10 Purchases,High
40501,Stephen Dominguez,316,5,18411,0,2,3,4,9,234,At Risk,181-365 Days,3-5 Purchases,High
40504,David Dunn,446,11,37019,0,1,5,5,11,155,At Risk,365+ Days,10+ Purchases,Very High
40511,Shawn Flores,397,6,15381,0,2,4,4,10,244,At Risk,365+ Days,6-10 Purchases,High
40512,Emily Campbell,897,5,18538,0,1,3,4,8,134,At Risk,365+ Days,3-5 Purchases,High
40540,Brian Christian,320,10,27655,0,2,5,5,12,255,At Risk,181-365 Days,6-10 Purchases,Very High
40541,Brian Stewart,258,9,28623,0,2,5,5,12,255,At Risk,181-365 Days,6-10 Purchases,Very High
40550,Alejandro Shepard,277,7,16940,0,2,5,4,11,254,At Risk,181-365 Days,6-10 Purchases,High
40551,James Lopez,306,7,23915,0,2,5,5,12,255,At Risk,181-365 Days,6-10 Purchases,Very High
40552,Emily Wilson,599,6,17681,0,1,4,4,9,144,At Risk,365+ Days,6-10 Purchases,High
40636,Keith Wall,532,7,17057,0,1,5,4,10,154,At Risk,365+ Days,6-10 Purchases,High
40645,Amanda Odom,598,5,16276,0,1,3,4,8,134,At Risk,365+ Days,3-5 Purchases,High
40667,Amy George,332,9,26962,0,2,5,5,12,255,At Risk,181-365 Days,6-10 Purchases,Very High
40672,Vanessa Watson,279,5,15120,0,2,3,4,9,234,At Risk,181-365 Days,3-5 Purchases,High
40687,Dwayne Hill,347,5,18245,0,2,3,4,9,234,At Risk,181-365 Days,3-5 Purchases,High
40698,Stephen Kelley,397,10,22853,0,2,5,5,12,255,At Risk,365+ Days,6-10 Purchases,Very High
40721,Thomas Turner,1183,5,18906,0,1,3,4,8,134,At Risk,365+ Days,3-5 Purchases,High
40722,Michelle Walker,257,6,14884,0,2,4,4,10,244,At Risk,181-365 Days,6-10 Purchases,High
40732,Dominique Clark,384,8,24150,0,2,5,5,12,255,At Risk,365+ Days,6-10 Purchases,Very High
40756,Tammy Garcia,631,4,16099,0,1,3,4,8,134,At Risk,365+ Days,3-5 Purchases,High
40757,Elizabeth Edwards,292,8,26447,0,2,5,5,12,255,At Risk,181-365 Days,6-10 Purchases,Very High
40769,Sara Olson,268,4,16838,0,2,3,4,9,234,At Risk,181-365 Days,3-5 Purchases,High
40770,Crystal Stevens,709,5,15959,0,1,3,4,8,134,At Risk,365+ Days,3-5 Purchases,High
40776,Billy Lewis,318,6,23078,0,2,4,5,11,245,At Risk,181-365 Days,6-10 Purchases,Very High
40824,Kathleen Hayes,523,5,15412,0,1,3,4,8,134,At Risk,365+ Days,3-5 Purchases,High
40903,Angel Parker,457,4,17004,0,1,3,4,8,134,At Risk,365+ Days,3-5 Purchases,High
40911,Timothy Ibarra,270,7,16078,0,2,5,4,11,254,At Risk,181-365 Days,6-10 Purchases,High
40913,Michelle Johnson,594,6,15890,0,1,4,4,9,144,At Risk,365+ Days,6-10 Purchases,High
40941,Alexandra White,287,8,20053,0,2,5,5,12,255,At Risk,181-365 Days,6-10 Purchases,Very High
40961,Anita Newton,281,9,20850,0,2,5,5,12,255,At Risk,181-365 Days,6-10 Purchases,Very High
40970,Melvin Walker,325,5,15890,0,2,3,4,9,234,At Risk,181-365 Days,3-5 Purchases,High
40975,Kiara Lucas,291,6,16388,0,2,4,4,10,244,At Risk,181-365 Days,6-10 Purchases,High
40976,Austin Mitchell,272,7,18401,0,2,5,4,11,254,At Risk,181-365 Days,6-10 Purchases,High
40995,Denise Lopez,277,6,20210,0,2,4,5,11,245,At Risk,181-365 Days,6-10 Purchases,Very High
41013,Elizabeth Miller,327,6,15359,0,2,4,4,10,244,At Risk,181-365 Days,6-10 Purchases,High
41014,Laura Walters,271,6,17394,0,2,4,4,10,244,At Risk,181-365 Days,6-10 Purchases,High
41021,Ann Williamson,379,6,15034,0,2,4,4,10,244,At Risk,365+ Days,6-10 Purchases,High
41031,Patrick Gonzales,286,5,17360,0,2,3,4,9,234,At Risk,181-365 Days,3-5 Purchases,High
41042,Richard Garza,325,9,24382,0,2,5,5,12,255,At Risk,181-365 Days,6-10 Purchases,Very High
41059,Jessica Gallagher,470,4,15149,0,1,3,4,8,134,At Risk,365+ Days,3-5 Purchases,High
41061,Nicole Taylor MD,394,4,16425,0,2,3,4,9,234,At Risk,365+ Days,3-5 Purchases,High
41108,Jeffrey Murray,286,9,22240,0,2,5,5,12,255,At Risk,181-365 Days,6-10 Purchases,Very High
41122,Michael Schwartz,307,6,18197,0,2,4,4,10,244,At Risk,181-365 Days,6-10 Purchases,High
41127,Kaitlyn Meyer,379,6,17926,0,2,4,4,10,244,At Risk,365+ Days,6-10 Purchases,High
41141,Darrell Diaz,342,6,15521,0,2,4,4,10,244,At Risk,181-365 Days,6-10 Purchases,High
41146,Martin Schaefer,520,4,15977,0,1,3,4,8,134,At Risk,365+ Days,3-5 Purchases,High
41149,Donald Mahoney,274,5,15847,0,2,3,4,9,234,At Risk,181-365 Days,3-5 Purchases,High
41152,Andrew Smith,391,9,24838,0,2,5,5,12,255,At Risk,365+ Days,6-10 Purchases,Very High
41154,Donald Simmons,280,9,22440,0,2,5,5,12,255,At Risk,181-365 Days,6-10 Purchases,Very High
41156,Melvin Ramos,256,7,21411,0,2,5,5,12,255,At Risk,181-365 Days,6-10 Purchases,Very High
41161,Kenneth Beck,369,6,14843,0,2,4,4,10,244,At Risk,365+ Days,6-10 Purchases,High
41163,Nicole Green,316,5,16012,0,2,3,4,9,234,At Risk,181-365 Days,3-5 Purchases,High
41173,Michael Smith,290,7,19659,0,2,5,5,12,255,At Risk,181-365 Days,6-10 Purchases,Very High
41200,Jennifer Compton,662,6,19942,0,1,4,5,10,145,At Risk,365+ Days,6-10 Purchases,Very High
41235,Kyle Flowers,431,7,26045,0,1,5,5,11,155,At Risk,365+ Days,6-10 Purchases,Very High
41240,Jeffery Wagner,318,7,16977,0,2,5,4,11,254,At Risk,181-365 Days,6-10 Purchases,High
41241,Marissa Nelson,293,6,17910,0,2,4,4,10,244,At Risk,181-365 Days,6-10 Purchases,High
41262,Cheryl Johnson,368,7,22027,0,2,5,5,12,255,At Risk,365+ Days,6-10 Purchases,Very High
41263,Laurie Miller,386,7,17363,0,2,5,4,11,254,At Risk,365+ Days,6-10 Purchases,High
41271,Linda Brown,712,5,17165,0,1,3,4,8,134,At Risk,365+ Days,3-5 Purchases,High
41277,Jason Smith,270,7,20596,0,2,5,5,12,255,At Risk,181-365 Days,6-10 Purchases,Very High
41280,William Gray,285,7,20586,0,2,5,5,12,255,At Risk,181-365 Days,6-10 Purchases,Very High
41285,Renee Jacobs,300,8,26800,0,2,5,5,12,255,At Risk,181-365 Days,6-10 Purchases,Very High
41298,Mallory Cordova,421,6,17805,0,2,4,4,10,244,At Risk,365+ Days,6-10 Purchases,High
41310,Maria Christensen,274,6,16939,0,2,4,4,10,244,At Risk,181-365 Days,6-10 Purchases,High
41319,Stacey Phelps,510,6,20705,0,1,4,5,10,145,At Risk,365+ Days,6-10 Purchases,Very High
41321,Kathy Rios,264,4,18485,0,2,3,4,9,234,At Risk,181-365 Days,3-5 Purchases,High
41337,Michael Rojas,250,6,20534,0,2,4,5,11,245,At Risk,181-365 Days,6-10 Purchases,Very High
41353,Scott Brown,633,6,16731,0,1,4,4,9,144,At Risk,365+ Days,6-10 Purchases,High
41424,Thomas Lee,300,6,17390,0,2,4,4,10,244,At Risk,181-365 Days,6-10 Purchases,High
41435,Christopher Robertson,265,7,18182,0,2,5,4,11,254,At Risk,181-365 Days,6-10 Purchases,High
41438,George Johnson,335,8,24010,0,2,5,5,12,255,At Risk,181-365 Days,6-10 Purchases,Very High
41463,Mrs. Melissa Hill,256,5,16991,0,2,3,4,9,234,At Risk,181-365 Days,3-5 Purchases,High
41473,Shawn Rich,253,8,17538,0,2,5,4,11,254,At Risk,181-365 Days,6-10 Purchases,High
41481,Sarah Garcia,256,7,24656,0,2,5,5,12,255,At Risk,181-365 Days,6-10 Purchases,Very High
41491,Karen Smith,608,10,21568,0,1,5,5,11,155,At Risk,365+ Days,6-10 Purchases,Very High
41513,Christopher Jones,267,6,19041,0,2,4,4,10,244,At Risk,181-365 Days,6-10 Purchases,High
41524,Kyle Stout,292,4,17527,0,2,3,4,9,234,At Risk,181-365 Days,3-5 Purchases,High
41528,Heather Lee,533,5,19006,0,1,3,4,8,134,At Risk,365+ Days,3-5 Purchases,High
41539,Alexander Miller,357,4,16349,0,2,3,4,9,234,At Risk,181-365 Days,3-5 Purchases,High
41540,Katelyn Gray,266,5,16093,0,2,3,4,9,234,At Risk,181-365 Days,3-5 Purchases,High
41543,Melissa Beard,452,8,16835,0,1,5,4,10,154,At Risk,365+ Days,6-10 Purchases,High
41569,Kimberly Mcconnell,413,6,23226,0,2,4,5,11,245,At Risk,365+ Days,6-10 Purchases,Very High
41581,Patrick Farrell,283,6,18624,0,2,4,4,10,244,At Risk,181-365 Days,6-10 Purchases,High
41596,Elizabeth Flores DVM,322,9,18248,0,2,5,4,11,254,At Risk,181-365 Days,6-10 Purchases,High
41600,David Owens,370,7,17305,0,2,5,4,11,254,At Risk,365+ Days,6-10 Purchases,High
41601,Karen Harvey,258,7,21428,0,2,5,5,12,255,At Risk,181-365 Days,6-10 Purchases,Very High
41619,Cheyenne Calderon,385,5,15471,0,2,3,4,9,234,At Risk,365+ Days,3-5 Purchases,High
41638,Kyle Petersen,423,7,22834,0,2,5,5,12,255,At Risk,365+ Days,6-10 Purchases,Very High
41643,Richard Martinez DDS,319,6,18701,0,2,4,4,10,244,At Risk,181-365 Days,6-10 Purchases,High
41647,Cody Perez,488,6,22325,0,1,4,5,10,145,At Risk,365+ Days,6-10 Purchases,Very High
41654,Curtis Mejia,287,8,26717,0,2,5,5,12,255,At Risk,181-365 Days,6-10 Purchases,Very High
41664,Jessica Price,388,8,18599,0,2,5,4,11,254,At Risk,365+ Days,6-10 Purchases,High
41676,Kristina Mccoy,308,8,23215,0,2,5,5,12,255,At Risk,181-365 Days,6-10 Purchases,Very High
41694,Anthony Reyes,547,6,16774,0,1,4,4,9,144,At Risk,365+ Days,6-10 Purchases,High
41700,Amy Schmitt,256,5,19966,0,2,3,5,10,235,At Risk,181-365 Days,3-5 Purchases,Very High
41709,Lisa Perkins,764,8,23705,0,1,5,5,11,155,At Risk,365+ Days,6-10 Purchases,Very High
41721,Patrick Mclaughlin,709,4,17786,0,1,3,4,8,134,At Risk,365+ Days,3-5 Purchases,High
41759,Curtis Singh,313,6,16314,0,2,4,4,10,244,At Risk,181-365 Days,6-10 Purchases,High
41769,Tiffany Rhodes,330,5,17107,0,2,3,4,9,234,At Risk,181-365 Days,3-5 Purchases,High
41770,Linda Simmons,534,5,15030,0,1,3,4,8,134,At Risk,365+ Days,3-5 Purchases,High
41808,Kelly Rivers,917,6,17607,0,1,4,4,9,144,At Risk,365+ Days,6-10 Purchases,High
41821,Brian Cook,257,10,25474,0,2,5,5,12,255,At Risk,181-365 Days,6-10 Purchases,Very High
41823,Julia Bryant,293,7,15335,0,2,5,4,11,254,At Risk,181-365 Days,6-10 Purchases,High
41845,Jason Hunter,595,5,16687,0,1,3,4,8,134,At Risk,365+ Days,3-5 Purchases,High
41850,Daniel Peterson,249,8,15150,0,2,5,4,11,254,At Risk,181-365 Days,6-10 Purchases,High
41866,Brett Jones,280,5,19495,0,2,3,5,10,235,At Risk,181-365 Days,3-5 Purchases,Very High
41869,Jordan Castillo,253,6,17077,0,2,4,4,10,244,At Risk,181-365 Days,6-10 Purchases,High
41872,Jessica Sheppard,287,8,23880,0,2,5,5,12,255,At Risk,181-365 Days,6-10 Purchases,Very High
41884,Jacqueline Taylor,283,7,16248,0,2,5,4,11,254,At Risk,181-365 Days,6-10 Purchases,High
41912,Jessica Johnson,414,6,17696,0,2,4,4,10,244,At Risk,365+ Days,6-10 Purchases,High
41919,Casey Bridges,670,5,17038,0,1,3,4,8,134,At Risk,365+ Days,3-5 Purchases,High
41928,Todd Collins,516,5,17596,0,1,3,4,8,134,At Risk,365+ Days,3-5 Purchases,High
41934,Luke Moon,305,7,22357,0,2,5,5,12,255,At Risk,181-365 Days,6-10 Purchases,Very High
41942,Elaine Anderson,342,4,15331,0,2,3,4,9,234,At Risk,181-365 Days,3-5 Purchases,High
41946,Joshua Glenn,247,6,22237,0,2,4,5,11,245,At Risk,181-365 Days,6-10 Purchases,Very High
41957,Joshua Woodard,333,4,15160,0,2,3,4,9,234,At Risk,181-365 Days,3-5 Purchases,High
41958,Jaime Dixon,271,8,23006,0,2,5,5,12,255,At Risk,181-365 Days,6-10 Purchases,Very High
41979,Joshua Patterson,342,6,19821,0,2,4,5,11,245,At Risk,181-365 Days,6-10 Purchases,Very High
42000,James Pacheco,616,9,24011,0,1,5,5,11,155,At Risk,365+ Days,6-10 Purchases,Very High
42012,Anthony Ward,394,6,17482,0,2,4,4,10,244,At Risk,365+ Days,6-10 Purchases,High
42026,Debra Webb,279,8,18652,0,2,5,4,11,254,At Risk,181-365 Days,6-10 Purchases,High
42029,Brett Cooper,457,8,23819,0,1,5,5,11,155,At Risk,365+ Days,6-10 Purchases,Very High
42046,Sheila Stark,273,7,25901,0,2,5,5,12,255,At Risk,181-365 Days,6-10 Purchases,Very High
42053,Melanie Shaw,378,7,25713,0,2,5,5,12,255,At Risk,365+ Days,6-10 Purchases,Very High
42082,Leslie Hickman,318,8,22323,0,2,5,5,12,255,At Risk,181-365 Days,6-10 Purchases,Very High
42088,Sandra Wood,728,5,16726,0,1,3,4,8,134,At Risk,365+ Days,3-5 Purchases,High
42116,Logan Pope,251,6,17525,0,2,4,4,10,244,At Risk,181-365 Days,6-10 Purchases,High
42123,Shane Nixon,832,8,19038,0,1,5,4,10,154,At Risk,365+ Days,6-10 Purchases,High
42128,Laura Burns,341,6,21343,0,2,4,5,11,245,At Risk,181-365 Days,6-10 Purchases,Very High
42152,Jose Oconnor,342,6,17351,0,2,4,4,10,244,At Risk,181-365 Days,6-10 Purchases,High
42161,John Davis,268,13,35469,0,2,5,5,12,255,At Risk,181-365 Days,10+ Purchases,Very High
42163,Aaron Perez,372,6,15588,0,2,4,4,10,244,At Risk,365+ Days,6-10 Purchases,High
42182,Victoria Horn,371,7,18263,0,2,5,4,11,254,At Risk,365+ Days,6-10 Purchases,High
42183,Stephen Fletcher,277,4,15372,0,2,3,4,9,234,At Risk,181-365 Days,3-5 Purchases,High
42198,David Lopez,303,8,19143,0,2,5,4,11,254,At Risk,181-365 Days,6-10 Purchases,High
42217,Samantha Chavez,435,6,17241,0,1,4,4,9,144,At Risk,365+ Days,6-10 Purchases,High
42221,Joshua Cooley,294,7,15090,0,2,5,4,11,254,At Risk,181-365 Days,6-10 Purchases,High
42241,Nathaniel Flores,281,7,19609,0,2,5,5,12,255,At Risk,181-365 Days,6-10 Purchases,Very High
42255,Rodney Anderson,500,5,15830,0,1,3,4,8,134,At Risk,365+ Days,3-5 Purchases,High
42257,Hannah Aguirre,585,5,18593,0,1,3,4,8,134,At Risk,365+ Days,3-5 Purchases,High
42269,Lisa Garcia,349,7,17750,0,2,5,4,11,254,At Risk,181-365 Days,6-10 Purchases,High
42276,Christine Williams,359,6,19954,0,2,4,5,11,245,At Risk,181-365 Days,6-10 Purchases,Very High
42287,Lawrence Jackson,267,8,19143,0,2,5,4,11,254,At Risk,181-365 Days,6-10 Purchases,High
42295,Amanda Hunt,485,5,16033,0,1,3,4,8,134,At Risk,365+ Days,3-5 Purchases,High
42298,Brandon Roman,285,7,22191,0,2,5,5,12,255,At Risk,181-365 Days,6-10 Purchases,Very High
42300,Virginia May,257,9,18775,0,2,5,4,11,254,At Risk,181-365 Days,6-10 Purchases,High
42322,Nancy Ward,481,10,22557,0,1,5,5,11,155,At Risk,365+ Days,6-10 Purchases,Very High
42341,Daniel Harris,258,7,21027,0,2,5,5,12,255,At Risk,181-365 Days,6-10 Purchases,Very High
42347,Jonathan Ramos,354,6,21791,0,2,4,5,11,245,At Risk,181-365 Days,6-10 Purchases,Very High
42400,Paul Freeman,657,5,18589,0,1,3,4,8,134,At Risk,365+ Days,3-5 Purchases,High
42401,Laura Mayo,279,5,15725,0,2,3,4,9,234,At Risk,181-365 Days,3-5 Purchases,High
42408,Brianna Franklin,692,6,17751,0,1,4,4,9,144,At Risk,365+ Days,6-10 Purchases,High
42416,Jack Sanford,342,8,28332,0,2,5,5,12,255,At Risk,181-365 Days,6-10 Purchases,Very High
42444,Ashley Martin,560,8,20262,0,1,5,5,11,155,At Risk,365+ Days,6-10 Purchases,Very High
42458,Jonathan Hale,473,6,20921,0,1,4,5,10,145,At Risk,365+ Days,6-10 Purchases,Very High
42469,Danielle Logan,288,4,16503,0,2,3,4,9,234,At Risk,181-365 Days,3-5 Purchases,High
42483,Maria Wyatt,318,5,20814,0,2,3,5,10,235,At Risk,181-365 Days,3-5 Purchases,Very High
42494,Joshua Miller,363,6,15648,0,2,4,4,10,244,At Risk,181-365 Days,6-10 Purchases,High
42530,Matthew Walker,372,8,17201,0,2,5,4,11,254,At Risk,365+ Days,6-10 Purchases,High
42548,Mr. Joseph Brown,285,8,21557,0,2,5,5,12,255,At Risk,181-365 Days,6-10 Purchases,Very High
42568,Melissa Morales,249,8,15003,0,2,5,4,11,254,At Risk,181-365 Days,6-10 Purchases,High
42589,Kyle Mccann,713,6,16453,0,1,4,4,9,144,At Risk,365+ Days,6-10 Purchases,High
42612,Sharon West,282,8,30717,0,2,5,5,12,255,At Risk,181-365 Days,6-10 Purchases,Very High
42623,David Gonzalez,585,7,17505,0,1,5,4,10,154,At Risk,365+ Days,6-10 Purchases,High
42634,Sonya Gordon,367,10,26725,0,2,5,5,12,255,At Risk,365+ Days,6-10 Purchases,Very High
42636,Laura Nixon,306,11,33249,0,2,5,5,12,255,At Risk,181-365 Days,10+ Purchases,Very High
42640,Steven Hoffman,362,7,16478,0,2,5,4,11,254,At Risk,181-365 Days,6-10 Purchases,High
42655,Christopher Fisher,436,5,20093,0,1,3,5,9,135,At Risk,365+ Days,3-5 Purchases,Very High
42660,William Collins,325,9,27975,0,2,5,5,12,255,At Risk,181-365 Days,6-10 Purchases,Very High
42663,Taylor Lambert,463,10,29604,0,1,5,5,11,155,At Risk,365+ Days,6-10 Purchases,Very High
42664,Kenneth Thompson,484,5,15922,0,1,3,4,8,134,At Risk,365+ Days,3-5 Purchases,High
42688,Zachary Bond,249,9,26125,0,2,5,5,12,255,At Risk,181-365 Days,6-10 Purchases,Very High
42719,Jessica Stout,326,8,22570,0,2,5,5,12,255,At Risk,181-365 Days,6-10 Purchases,Very High
42730,Sarah Garcia,347,7,23879,0,2,5,5,12,255,At Risk,181-365 Days,6-10 Purchases,Very High
42736,Michelle White,264,6,16913,0,2,4,4,10,244,At Risk,181-365 Days,6-10 Purchases,High
42739,Scott Schmidt,520,6,16497,0,1,4,4,9,144,At Risk,365+ Days,6-10 Purchases,High
42744,Sean Woods,584,7,20905,0,1,5,5,11,155,At Risk,365+ Days,6-10 Purchases,Very High
42764,Amanda Howard,244,8,16157,0,2,5,4,11,254,At Risk,181-365 Days,6-10 Purchases,High
42767,Michael Reyes,304,8,19482,0,2,5,5,12,255,At Risk,181-365 Days,6-10 Purchases,Very High
42775,Alexandra Harris,269,4,15622,0,2,3,4,9,234,At Risk,181-365 Days,3-5 Purchases,High
42779,Derek Cummings,298,7,18255,0,2,5,4,11,254,At Risk,181-365 Days,6-10 Purchases,High
42790,Alex Graham,319,5,19893,0,2,3,5,10,235,At Risk,181-365 Days,3-5 Purchases,Very High
42813,Toni Mcdaniel,537,6,18009,0,1,4,4,9,144,At Risk,365+ Days,6-10 Purchases,High
42818,Christie Guzman,339,5,14999,0,2,3,4,9,234,At Risk,181-365 Days,3-5 Purchases,High
42828,Daniel Meyers,495,7,22070,0,1,5,5,11,155,At Risk,365+ Days,6-10 Purchases,Very High
42850,Jessica Williams,323,7,16727,0,2,5,4,11,254,At Risk,181-365 Days,6-10 Purchases,High
42851,William Terry,736,7,17221,0,1,5,4,10,154,At Risk,365+ Days,6-10 Purchases,High
42872,Kathryn Adams,243,4,16396,0,2,3,4,9,234,At Risk,181-365 Days,3-5 Purchases,High
42881,Tony Powell,302,8,34249,0,2,5,5,12,255,At Risk,181-365 Days,6-10 Purchases,Very High
42890,Daniel Gardner,586,6,21137,0,1,4,5,10,145,At Risk,365+ Days,6-10 Purchases,Very High
42896,Mark Graves,269,9,27388,0,2,5,5,12,255,At Risk,181-365 Days,6-10 Purchases,Very High
42903,Amanda Maldonado,447,5,15329,0,1,3,4,8,134,At Risk,365+ Days,3-5 Purchases,High
42909,Adam Anderson,286,8,26617,0,2,5,5,12,255,At Risk,181-365 Days,6-10 Purchases,Very High
42912,Hannah Larson,326,6,18358,0,2,4,4,10,244,At Risk,181-365 Days,6-10 Purchases,High
42919,James Bowman,304,5,20698,0,2,3,5,10,235,At Risk,181-365 Days,3-5 Purchases,Very High
42928,Steven Cole,701,5,16045,0,1,3,4,8,134,At Risk,365+ Days,3-5 Purchases,High
42938,Annette Guerra,317,6,15827,0,2,4,4,10,244,At Risk,181-365 Days,6-10 Purchases,High
42951,Gary Huber,343,11,29260,0,2,5,5,12,255,At Risk,181-365 Days,10+ Purchases,Very High
42957,Lori Howell,335,9,19969,0,2,5,5,12,255,At Risk,181-365 Days,6-10 Purchases,Very High
42965,Jeffrey Davis,554,7,16290,0,1,5,4,10,154,At Risk,365+ Days,6-10 Purchases,High
42967,Jake Smith,446,5,17923,0,1,3,4,8,134,At Risk,365+ Days,3-5 Purchases,High
42968,Douglas Garcia,600,7,18864,0,1,5,4,10,154,At Risk,365+ Days,6-10 Purchases,High
42969,Jennifer Adams,300,8,24634,0,2,5,5,12,255,At Risk,181-365 Days,6-10 Purchases,Very High
42985,Amanda Murphy,290,6,16096,0,2,4,4,10,244,At Risk,181-365 Days,6-10 Purchases,High
42988,Donald Thomas,269,10,26749,0,2,5,5,12,255,At Risk,181-365 Days,6-10 Purchases,Very High
42991,Richard Carter,337,7,23244,0,2,5,5,12,255,At Risk,181-365 Days,6-10 Purchases,Very High
42995,Ricky Rogers,525,5,15662,0,1,3,4,8,134,At Risk,365+ Days,3-5 Purchases,High
42999,Christina Quinn,573,6,17507,0,1,4,4,9,144,At Risk,365+ Days,6-10 Purchases,High
43008,Susan Roberts,487,5,19832,0,1,3,5,9,135,At Risk,365+ Days,3-5 Purchases,Very High
43012,Mark Clark,293,9,27237,0,2,5,5,12,255,At Risk,181-365 Days,6-10 Purchases,Very High
43020,Julia Carlson,284,6,16992,0,2,4,4,10,244,At Risk,181-365 Days,6-10 Purchases,High
43024,Teresa Reed,327,8,26964,0,2,5,5,12,255,At Risk,181-365 Days,6-10 Purchases,Very High
43028,Deborah James,468,4,16049,0,1,3,4,8,134,At Risk,365+ Days,3-5 Purchases,High
43035,Jacob Hubbard,708,7,20103,0,1,5,5,11,155,At Risk,365+ Days,6-10 Purchases,Very High
43048,Zachary Perry,426,6,19225,0,2,4,4,10,244,At Risk,365+ Days,6-10 Purchases,High
43052,Rachel Thomas,345,5,15294,0,2,3,4,9,234,At Risk,181-365 Days,3-5 Purchases,High
43085,Eric Carter,555,6,22087,0,1,4,5,10,145,At Risk,365+ Days,6-10 Purchases,Very High
43102,Kathy Gonzalez,277,6,15211,0,2,4,4,10,244,At Risk,181-365 Days,6-10 Purchases,High
43106,Michael Pace,406,7,17735,0,2,5,4,11,254,At Risk,365+ Days,6-10 Purchases,High
43113,Nicole Clark,377,6,20377,0,2,4,5,11,245,At Risk,365+ Days,6-10 Purchases,Very High
43124,Angel Campbell,264,7,16851,0,2,5,4,11,254,At Risk,181-365 Days,6-10 Purchases,High
43128,Christopher Barnes,323,7,18293,0,2,5,4,11,254,At Risk,181-365 Days,6-10 Purchases,High
43129,Richard Patterson,308,8,28391,0,2,5,5,12,255,At Risk,181-365 Days,6-10 Purchases,Very High
43133,Jonathon Clark,354,8,20218,0,2,5,5,12,255,At Risk,181-365 Days,6-10 Purchases,Very High
43134,Casey Ferguson DVM,327,7,21246,0,2,5,5,12,255,At Risk,181-365 Days,6-10 Purchases,Very High
43139,Kimberly Cuevas,718,6,19811,0,1,4,5,10,145,At Risk,365+ Days,6-10 Purchases,Very High
43157,Tabitha Holder,298,6,18970,0,2,4,4,10,244,At Risk,181-365 Days,6-10 Purchases,High
43169,Leonard Robertson,460,6,20815,0,1,4,5,10,145,At Risk,365+ Days,6-10 Purchases,Very High
43171,Edward Beck,369,5,14882,0,2,3,4,9,234,At Risk,365+ Days,3-5 Purchases,High
43181,Edward Dean,716,5,16678,0,1,3,4,8,134,At Risk,365+ Days,3-5 Purchases,High
43184,Erik Marshall,351,7,18718,0,2,5,4,11,254,At Risk,181-365 Days,6-10 Purchases,High
43188,Anthony Ellis,438,6,16955,0,1,4,4,9,144,At Risk,365+ Days,6-10 Purchases,High
43201,Michele Suarez,286,7,20246,0,2,5,5,12,255,At Risk,181-365 Days,6-10 Purchases,Very High
43206,Theresa Cervantes,461,8,22887,0,1,5,5,11,155,At Risk,365+ Days,6-10 Purchases,Very High
43252,Stephen Anderson,289,5,15415,0,2,3,4,9,234,At Risk,181-365 Days,3-5 Purchases,High
43269,Alyssa Wilson,257,7,18672,0,2,5,4,11,254,At Risk,181-365 Days,6-10 Purchases,High
43271,Jennifer Patterson,410,6,20709,0,2,4,5,11,245,At Risk,365+ Days,6-10 Purchases,Very High
43286,Allen Vaughn,523,5,17399,0,1,3,4,8,134,At Risk,365+ Days,3-5 Purchases,High
43296,Maureen Perez,356,5,15840,0,2,3,4,9,234,At Risk,181-365 Days,3-5 Purchases,High
43299,Jonathan Davis,410,4,16082,0,2,3,4,9,234,At Risk,365+ Days,3-5 Purchases,High
43324,Amanda Cain,269,5,15818,0,2,3,4,9,234,At Risk,181-365 Days,3-5 Purchases,High
43344,Juan Smith,311,12,36083,0,2,5,5,12,255,At Risk,181-365 Days,10+ Purchases,Very High
43350,Tina Steele,515,6,19166,0,1,4,4,9,144,At Risk,365+ Days,6-10 Purchases,High
43351,Albert Alexander,392,9,23021,0,2,5,5,12,255,At Risk,365+ Days,6-10 Purchases,Very High
43357,Megan Mack,610,5,17536,0,1,3,4,8,134,At Risk,365+ Days,3-5 Purchases,High
43359,David Hart,589,4,15028,0,1,3,4,8,134,At Risk,365+ Days,3-5 Purchases,High
43365,Patrick Newman,536,4,16175,0,1,3,4,8,134,At Risk,365+ Days,3-5 Purchases,High
43368,Julie Carey,439,7,17430,0,1,5,4,10,154,At Risk,365+ Days,6-10 Purchases,High
43375,Travis Fernandez,288,6,16111,0,2,4,4,10,244,At Risk,181-365 Days,6-10 Purchases,High
43386,Michael Gonzalez,410,6,16109,0,2,4,4,10,244,At Risk,365+ Days,6-10 Purchases,High
43401,Brittney Ford,438,7,18774,0,1,5,4,10,154,At Risk,365+ Days,6-10 Purchases,High
43404,Erik Clark,276,7,24830,0,2,5,5,12,255,At Risk,181-365 Days,6-10 Purchases,Very High
43434,Michael Smith,337,6,16613,0,2,4,4,10,244,At Risk,181-365 Days,6-10 Purchases,High
43436,James Rogers,378,10,25479,0,2,5,5,12,255,At Risk,365+ Days,6-10 Purchases,Very High
43437,William Smith,312,5,17581,0,2,3,4,9,234,At Risk,181-365 Days,3-5 Purchases,High
43443,Patrick Allen,528,5,16347,0,1,3,4,8,134,At Risk,365+ Days,3-5 Purchases,High
43449,Trevor Castro,662,7,17555,0,1,5,4,10,154,At Risk,365+ Days,6-10 Purchases,High
43457,Tammy Rodriguez,537,7,17588,0,1,5,4,10,154,At Risk,365+ Days,6-10 Purchases,High
43483,Diana Murray,288,4,15494,0,2,3,4,9,234,At Risk,181-365 Days,3-5 Purchases,High
43485,Melissa Johnson,488,4,15018,0,1,3,4,8,134,At Risk,365+ Days,3-5 Purchases,High
43497,Leslie Johnson,551,6,19953,0,1,4,5,10,145,At Risk,365+ Days,6-10 Purchases,Very High
43504,Jennifer Rogers,356,8,15280,0,2,5,4,11,254,At Risk,181-365 Days,6-10 Purchases,High
43509,Kimberly Allen,262,5,21133,0,2,3,5,10,235,At Risk,181-365 Days,3-5 Purchases,Very High
43515,Lisa Pitts,328,9,29256,0,2,5,5,12,255,At Risk,181-365 Days,6-10 Purchases,Very High
43516,Dr. Charles Snow,416,5,14820,0,2,3,4,9,234,At Risk,365+ Days,3-5 Purchases,High
43522,Jeffrey Roberts,420,7,16181,0,2,5,4,11,254,At Risk,365+ Days,6-10 Purchases,High
43531,Casey Thomas,374,6,21292,0,2,4,5,11,245,At Risk,365+ Days,6-10 Purchases,Very High
43546,Tom Thomas,522,9,24455,0,1,5,5,11,155,At Risk,365+ Days,6-10 Purchases,Very High
43571,Jill Jacobs,460,5,16821,0,1,3,4,8,134,At Risk,365+ Days,3-5 Purchases,High
43595,Valerie Patel,477,5,14870,0,1,3,4,8,134,At Risk,365+ Days,3-5 Purchases,High
43598,Todd Pittman,508,6,18458,0,1,4,4,9,144,At Risk,365+ Days,6-10 Purchases,High
43612,Michael Lane,551,5,18994,0,1,3,4,8,134,At Risk,365+ Days,3-5 Purchases,High
43620,Terri Hines,385,6,17712,0,2,4,4,10,244,At Risk,365+ Days,6-10 Purchases,High
43662,Beth Rojas,299,6,14951,0,2,4,4,10,244,At Risk,181-365 Days,6-10 Purchases,High
43685,Amber Cooper,288,7,15743,0,2,5,4,11,254,At Risk,181-365 Days,6-10 Purchases,High
43700,Carlos Perez,513,6,16974,0,1,4,4,9,144,At Risk,365+ Days,6-10 Purchases,High
43701,Donna Sawyer,331,6,22758,0,2,4,5,11,245,At Risk,181-365 Days,6-10 Purchases,Very High
43704,Kelly Shelton,648,7,27454,0,1,5,5,11,155,At Risk,365+ Days,6-10 Purchases,Very High
43712,Joseph Long,322,7,19610,0,2,5,5,12,255,At Risk,181-365 Days,6-10 Purchases,Very High
43723,Mrs. Taylor Mcgrath MD,257,10,28633,0,2,5,5,12,255,At Risk,181-365 Days,6-10 Purchases,Very High
43727,Eric Rodriguez,510,7,27335,0,1,5,5,11,155,At Risk,365+ Days,6-10 Purchases,Very High
43728,Lauren Hubbard,247,6,16938,0,2,4,4,10,244,At Risk,181-365 Days,6-10 Purchases,High
43736,Caitlyn Potts,303,5,15340,0,2,3,4,9,234,At Risk,181-365 Days,3-5 Purchases,High
43737,Jason Lawson,375,6,15885,0,2,4,4,10,244,At Risk,365+ Days,6-10 Purchases,High
43740,Mario Beck,345,5,14964,0,2,3,4,9,234,At Risk,181-365 Days,3-5 Purchases,High
43764,Robert Ferguson,430,8,26018,0,1,5,5,11,155,At Risk,365+ Days,6-10 Purchases,Very High
43774,Virginia Moreno,401,4,15787,0,2,3,4,9,234,At Risk,365+ Days,3-5 Purchases,High
43823,Christopher Gutierrez,538,7,16421,0,1,5,4,10,154,At Risk,365+ Days,6-10 Purchases,High
43845,Kristen Weaver,243,10,29082,0,2,5,5,12,255,At Risk,181-365 Days,6-10 Purchases,Very High
43852,Timothy Phillips,433,9,18102,0,1,5,4,10,154,At Risk,365+ Days,6-10 Purchases,High
43853,David Lambert,363,6,14969,0,2,4,4,10,244,At Risk,181-365 Days,6-10 Purchases,High
43863,Michael Roberts,338,7,17558,0,2,5,4,11,254,At Risk,181-365 Days,6-10 Purchases,High
43864,Donna Barnes,317,6,15794,0,2,4,4,10,244,At Risk,181-365 Days,6-10 Purchases,High
43894,Sharon Baxter,312,10,26521,0,2,5,5,12,255,At Risk,181-365 Days,6-10 Purchases,Very High
43895,Jason Brown,331,4,16285,0,2,3,4,9,234,At Risk,181-365 Days,3-5 Purchases,High
43896,Alexandria Mendoza,325,7,19650,0,2,5,5,12,255,At Risk,181-365 Days,6-10 Purchases,Very High
43897,Sara Wong,351,6,17635,0,2,4,4,10,244,At Risk,181-365 Days,6-10 Purchases,High
43898,Makayla Pacheco,309,7,18748,0,2,5,4,11,254,At Risk,181-365 Days,6-10 Purchases,High
43899,Olivia Vazquez,249,8,25743,0,2,5,5,12,255,At Risk,181-365 Days,6-10 Purchases,Very High
43906,Brandon Watts,344,6,18003,0,2,4,4,10,244,At Risk,181-365 Days,6-10 Purchases,High
43925,Scott Johnson,410,8,29562,0,2,5,5,12,255,At Risk,365+ Days,6-10 Purchases,Very High
43949,Jacob Adams,576,5,17576,0,1,3,4,8,134,At Risk,365+ Days,3-5 Purchases,High
43951,Dr. Laurie Green,399,6,15569,0,2,4,4,10,244,At Risk,365+ Days,6-10 Purchases,High
43954,Kim Hoover,383,7,19400,0,2,5,5,12,255,At Risk,365+ Days,6-10 Purchases,Very High
43959,Kevin Ramos MD,567,7,20118,0,1,5,5,11,155,At Risk,365+ Days,6-10 Purchases,Very High
43969,Timothy Frye,338,8,24451,0,2,5,5,12,255,At Risk,181-365 Days,6-10 Purchases,Very High
43976,Laura Johnston,501,6,17033,0,1,4,4,9,144,At Risk,365+ Days,6-10 Purchases,High
43989,Jacqueline Robinson,269,7,19523,0,2,5,5,12,255,At Risk,181-365 Days,6-10 Purchases,Very High
43990,Alexis Cox,350,5,17296,0,2,3,4,9,234,At Risk,181-365 Days,3-5 Purchases,High
44004,Christopher Long,273,5,15070,0,2,3,4,9,234,At Risk,181-365 Days,3-5 Purchases,High
44042,Ian Whitney,244,7,15262,0,2,5,4,11,254,At Risk,181-365 Days,6-10 Purchases,High
44054,Shannon Rodriguez,302,7,20670,0,2,5,5,12,255,At Risk,181-365 Days,6-10 Purchases,Very High
44055,Cynthia Hoffman,570,6,18295,0,1,4,4,9,144,At Risk,365+ Days,6-10 Purchases,High
44061,Faith Glover,247,6,17347,0,2,4,4,10,244,At Risk,181-365 Days,6-10 Purchases,High
44066,Brandy Richards,285,9,26222,0,2,5,5,12,255,At Risk,181-365 Days,6-10 Purchases,Very High
44072,Karen French,588,5,19251,0,1,3,4,8,134,At Risk,365+ Days,3-5 Purchases,High
44074,Hannah Williams,468,5,18165,0,1,3,4,8,134,At Risk,365+ Days,3-5 Purchases,High
44099,Ashley Ramirez,368,5,16857,0,2,3,4,9,234,At Risk,365+ Days,3-5 Purchases,High
44128,Steven Travis,710,5,19107,0,1,3,4,8,134,At Risk,365+ Days,3-5 Purchases,High
44131,Dustin Singleton,324,6,15659,0,2,4,4,10,244,At Risk,181-365 Days,6-10 Purchases,High
44135,Danielle Thomas,455,5,20203,0,1,3,5,9,135,At Risk,365+ Days,3-5 Purchases,Very High
44137,Jessica Johnson,312,5,16412,0,2,3,4,9,234,At Risk,181-365 Days,3-5 Purchases,High
44172,Frederick Farmer,246,7,20382,0,2,5,5,12,255,At Risk,181-365 Days,6-10 Purchases,Very High
44211,Alan Garrett,255,6,20100,0,2,4,5,11,245,At Risk,181-365 Days,6-10 Purchases,Very High
44250,Jessica Yates,378,8,21460,0,2,5,5,12,255,At Risk,365+ Days,6-10 Purchases,Very High
44255,Nicole Davis,406,7,15537,0,2,5,4,11,254,At Risk,365+ Days,6-10 Purchases,High
44262,Matthew Fuller,592,5,19849,0,1,3,5,9,135,At Risk,365+ Days,3-5 Purchases,Very High
44264,Brandi Christian,287,4,14940,0,2,3,4,9,234,At Risk,181-365 Days,3-5 Purchases,High
44277,Robert Williams,325,9,28883,0,2,5,5,12,255,At Risk,181-365 Days,6-10 Purchases,Very High
44290,Lori Flores,390,6,16990,0,2,4,4,10,244,At Risk,365+ Days,6-10 Purchases,High
44294,Wendy Garcia,305,6,19901,0,2,4,5,11,245,At Risk,181-365 Days,6-10 Purchases,Very High
44296,Michael Cameron,244,8,18105,0,2,5,4,11,254,At Risk,181-365 Days,6-10 Purchases,High
44302,David Shaw,352,6,17371,0,2,4,4,10,244,At Risk,181-365 Days,6-10 Purchases,High
44303,Victoria Lin,247,8,23886,0,2,5,5,12,255,At Risk,181-365 Days,6-10 Purchases,Very High
44315,Theresa Horn,247,8,22407,0,2,5,5,12,255,At Risk,181-365 Days,6-10 Purchases,Very High
44328,Nicholas Patel,555,4,14817,0,1,3,4,8,134,At Risk,365+ Days,3-5 Purchases,High
44334,Kathleen Guerrero,366,6,17674,0,2,4,4,10,244,At Risk,365+ Days,6-10 Purchases,High
44340,Steven Flowers,697,5,18770,0,1,3,4,8,134,At Risk,365+ Days,3-5 Purchases,High
44341,Alyssa Roberts,420,5,14978,0,2,3,4,9,234,At Risk,365+ Days,3-5 Purchases,High
44342,Nathan Nash,501,8,19424,0,1,5,5,11,155,At Risk,365+ Days,6-10 Purchases,Very High
44344,George Hays,484,8,21153,0,1,5,5,11,155,At Risk,365+ Days,6-10 Purchases,Very High
44346,Christopher Brewer,285,10,22675,0,2,5,5,12,255,At Risk,181-365 Days,6-10 Purchases,Very High
44348,Kristin Larson,356,6,20431,0,2,4,5,11,245,At Risk,181-365 Days,6-10 Purchases,Very High
44373,Hunter Richards MD,321,5,16383,0,2,3,4,9,234,At Risk,181-365 Days,3-5 Purchases,High
44392,Angel Pearson,266,4,15418,0,2,3,4,9,234,At Risk,181-365 Days,3-5 Purchases,High
44405,Gary Winters,246,5,15256,0,2,3,4,9,234,At Risk,181-365 Days,3-5 Purchases,High
44410,Bobby Taylor,350,5,14884,0,2,3,4,9,234,At Risk,181-365 Days,3-5 Purchases,High
44416,Alyssa Suarez,425,5,15686,0,2,3,4,9,234,At Risk,365+ Days,3-5 Purchases,High
44446,Margaret Burch,640,5,14832,0,1,3,4,8,134,At Risk,365+ Days,3-5 Purchases,High
44453,Jeffrey Hughes,517,5,19400,0,1,3,5,9,135,At Risk,365+ Days,3-5 Purchases,Very High
44455,Nathan Moreno,245,9,21661,0,2,5,5,12,255,At Risk,181-365 Days,6-10 Purchases,Very High
44460,Brittany Melendez,326,8,24186,0,2,5,5,12,255,At Risk,181-365 Days,6-10 Purchases,Very High
44465,Denise Murray,332,6,15146,0,2,4,4,10,244,At Risk,181-365 Days,6-10 Purchases,High
44470,Kelly Rubio,403,8,25344,0,2,5,5,12,255,At Risk,365+ Days,6-10 Purchases,Very High
44473,Cody Cummings,416,7,24151,0,2,5,5,12,255,At Risk,365+ Days,6-10 Purchases,Very High
44475,Kevin West,698,5,18513,0,1,3,4,8,134,At Risk,365+ Days,3-5 Purchases,High
44482,Donald Johnson,446,7,16975,0,1,5,4,10,154,At Risk,365+ Days,6-10 Purchases,High
44484,Shawn Torres,465,8,24622,0,1,5,5,11,155,At Risk,365+ Days,6-10 Purchases,Very High
44486,Abigail Calderon,454,6,15040,0,1,4,4,9,144,At Risk,365+ Days,6-10 Purchases,High
44494,Patrick Wallace,278,5,16337,0,2,3,4,9,234,At Risk,181-365 Days,3-5 Purchases,High
44498,Steven Murray,261,7,19800,0,2,5,5,12,255,At Risk,181-365 Days,6-10 Purchases,Very High
44502,Richard Martinez,274,6,17298,0,2,4,4,10,244,At Risk,181-365 Days,6-10 Purchases,High
44511,Tina Hutchinson,491,6,17695,0,1,4,4,9,144,At Risk,365+ Days,6-10 Purchases,High
44512,Sonya Smith,354,7,21846,0,2,5,5,12,255,At Risk,181-365 Days,6-10 Purchases,Very High
44525,Timothy Cunningham,392,4,15436,0,2,3,4,9,234,At Risk,365+ Days,3-5 Purchases,High
44528,Anthony Alexander,266,10,20114,0,2,5,5,12,255,At Risk,181-365 Days,6-10 Purchases,Very High
44542,Jay Garner,282,6,22619,0,2,4,5,11,245,At Risk,181-365 Days,6-10 Purchases,Very High
44548,Aaron Glover,513,5,17314,0,1,3,4,8,134,At Risk,365+ Days,3-5 Purchases,High
44581,Michael Welch,355,9,22970,0,2,5,5,12,255,At Risk,181-365 Days,6-10 Purchases,Very High
44582,Kristen Hicks,356,7,16956,0,2,5,4,11,254,At Risk,181-365 Days,6-10 Purchases,High
44586,Samantha Thomas,324,9,19489,0,2,5,5,12,255,At Risk,181-365 Days,6-10 Purchases,Very High
44593,Jesse Hunt,334,8,19620,0,2,5,5,12,255,At Risk,181-365 Days,6-10 Purchases,Very High
44604,Dawn Whitaker,458,4,14934,0,1,3,4,8,134,At Risk,365+ Days,3-5 Purchases,High
44609,Denise Martinez,514,5,15869,0,1,3,4,8,134,At Risk,365+ Days,3-5 Purchases,High
44613,Nicholas Santos,249,7,22925,0,2,5,5,12,255,At Risk,181-365 Days,6-10 Purchases,Very High
44626,Theresa Harris,701,7,19705,0,1,5,5,11,155,At Risk,365+ Days,6-10 Purchases,Very High
44636,Dawn Friedman,603,5,15181,0,1,3,4,8,134,At Risk,365+ Days,3-5 Purchases,High
44640,James Cox,409,6,16119,0,2,4,4,10,244,At Risk,365+ Days,6-10 Purchases,High
44647,Samuel Mitchell,379,7,16601,0,2,5,4,11,254,At Risk,365+ Days,6-10 Purchases,High
44650,Brittany Webster,466,7,23747,0,1,5,5,11,155,At Risk,365+ Days,6-10 Purchases,Very High
44654,Jill Burnett,609,6,16516,0,1,4,4,9,144,At Risk,365+ Days,6-10 Purchases,High
44657,Timothy Lambert,331,6,17377,0,2,4,4,10,244,At Risk,181-365 Days,6-10 Purchases,High
44661,Linda Ramos,331,7,24974,0,2,5,5,12,255,At Risk,181-365 Days,6-10 Purchases,Very High
44668,Michael Burch,631,6,15641,0,1,4,4,9,144,At Risk,365+ Days,6-10 Purchases,High
44671,Carol Higgins,736,4,15108,0,1,3,4,8,134,At Risk,365+ Days,3-5 Purchases,High
44676,Cindy Gardner,287,10,31670,0,2,5,5,12,255,At Risk,181-365 Days,6-10 Purchases,Very High
44706,Theresa Thompson,270,4,15310,0,2,3,4,9,234,At Risk,181-365 Days,3-5 Purchases,High
44742,Emma Wheeler,270,9,17110,0,2,5,4,11,254,At Risk,181-365 Days,6-10 Purchases,High
44754,Valerie Johnson,443,6,21337,0,1,4,5,10,145,At Risk,365+ Days,6-10 Purchases,Very High
44780,Brian Oconnor,244,6,18204,0,2,4,4,10,244,At Risk,181-365 Days,6-10 Purchases,High
44795,Brittany Johnson,310,8,21129,0,2,5,5,12,255,At Risk,181-365 Days,6-10 Purchases,Very High
44809,David Vincent,382,6,16519,0,2,4,4,10,244,At Risk,365+ Days,6-10 Purchases,High
44813,Valerie Hall,249,8,15564,0,2,5,4,11,254,At Risk,181-365 Days,6-10 Purchases,High
44817,Kyle Fuentes,268,5,15068,0,2,3,4,9,234,At Risk,181-365 Days,3-5 Purchases,High
44823,Sarah Cardenas,246,5,17380,0,2,3,4,9,234,At Risk,181-365 Days,3-5 Purchases,High
44835,Melissa Rodriguez,564,6,21741,0,1,4,5,10,145,At Risk,365+ Days,6-10 Purchases,Very High
44842,Raymond Kent,437,6,15602,0,1,4,4,9,144,At Risk,365+ Days,6-10 Purchases,High
44854,Carolyn Johnson,260,8,25357,0,2,5,5,12,255,At Risk,181-365 Days,6-10 Purchases,Very High
44868,Andrea Chapman,286,4,15738,0,2,3,4,9,234,At Risk,181-365 Days,3-5 Purchases,High
44880,Tasha White,246,6,21787,0,2,4,5,11,245,At Risk,181-365 Days,6-10 Purchases,Very High
44893,Katherine Garcia,488,7,17519,0,1,5,4,10,154,At Risk,365+ Days,6-10 Purchases,High
44894,David Evans,543,5,16619,0,1,3,4,8,134,At Risk,365+ Days,3-5 Purchases,High
44897,Austin Lewis,293,10,31880,0,2,5,5,12,255,At Risk,181-365 Days,6-10 Purchases,Very High
44909,Cassandra Ponce,515,5,16357,0,1,3,4,8,134,At Risk,365+ Days,3-5 Purchases,High
44928,Kelly Mitchell,250,5,15247,0,2,3,4,9,234,At Risk,181-365 Days,3-5 Purchases,High
44950,Brad Hinton,290,6,18260,0,2,4,4,10,244,At Risk,181-365 Days,6-10 Purchases,High
44957,Clifford Ramirez,319,6,18660,0,2,4,4,10,244,At Risk,181-365 Days,6-10 Purchases,High
44959,Brittany Anderson PhD,303,7,17308,0,2,5,4,11,254,At Risk,181-365 Days,6-10 Purchases,High
44970,Hunter Frank,299,7,24871,0,2,5,5,12,255,At Risk,181-365 Days,6-10 Purchases,Very High
44973,Olivia Morse,745,5,18998,0,1,3,4,8,134,At Risk,365+ Days,3-5 Purchases,High
44984,Patrick Donaldson,342,5,16090,0,2,3,4,9,234,At Risk,181-365 Days,3-5 Purchases,High
45008,William Obrien,340,6,19181,0,2,4,4,10,244,At Risk,181-365 Days,6-10 Purchases,High
45010,Stephanie Jensen,636,4,16673,0,1,3,4,8,134,At Risk,365+ Days,3-5 Purchases,High
45017,Jody Morris,304,8,17693,0,2,5,4,11,254,At Risk,181-365 Days,6-10 Purchases,High
45019,Jennifer Allen,618,6,18089,0,1,4,4,9,144,At Risk,365+ Days,6-10 Purchases,High
45024,Tammy Webb,274,5,16910,0,2,3,4,9,234,At Risk,181-365 Days,3-5 Purchases,High
45025,John Smith,519,10,29874,0,1,5,5,11,155,At Risk,365+ Days,6-10 Purchases,Very High
45030,Yolanda Norris,261,7,20144,0,2,5,5,12,255,At Risk,181-365 Days,6-10 Purchases,Very High
45074,Marc Myers,320,5,16957,0,2,3,4,9,234,At Risk,181-365 Days,3-5 Purchases,High
45075,Evan Brewer,289,5,16034,0,2,3,4,9,234,At Risk,181-365 Days,3-5 Purchases,High
45078,Charles Carpenter,246,6,20744,0,2,4,5,11,245,At Risk,181-365 Days,6-10 Purchases,Very High
45088,Michael Williams,589,6,20662,0,1,4,5,10,145,At Risk,365+ Days,6-10 Purchases,Very High
45098,Rachel Cook,364,5,20340,0,2,3,5,10,235,At Risk,181-365 Days,3-5 Purchases,Very High
45111,Ryan Harris,310,5,19903,0,2,3,5,10,235,At Risk,181-365 Days,3-5 Purchases,Very High
45117,Eric Turner,461,4,15480,0,1,3,4,8,134,At Risk,365+ Days,3-5 Purchases,High
45129,Rachel Vasquez MD,573,5,16817,0,1,3,4,8,134,At Risk,365+ Days,3-5 Purchases,High
45130,Wendy Ibarra,275,5,17324,0,2,3,4,9,234,At Risk,181-365 Days,3-5 Purchases,High
45141,Dr. Michael Young PhD,506,6,20976,0,1,4,5,10,145,At Risk,365+ Days,6-10 Purchases,Very High
45145,Joshua Duncan,372,6,19761,0,2,4,5,11,245,At Risk,365+ Days,6-10 Purchases,Very High
45153,Steven Brown,333,5,16203,0,2,3,4,9,234,At Risk,181-365 Days,3-5 Purchases,High
45158,Sabrina Mcneil,338,7,21658,0,2,5,5,12,255,At Risk,181-365 Days,6-10 Purchases,Very High
45223,Olivia Crawford,284,6,23662,0,2,4,5,11,245,At Risk,181-365 Days,6-10 Purchases,Very High
45237,Dustin Schwartz,525,5,16449,0,1,3,4,8,134,At Risk,365+ Days,3-5 Purchases,High
45254,Linda Douglas,560,7,21767,0,1,5,5,11,155,At Risk,365+ Days,6-10 Purchases,Very High
45264,Chase Stevens,306,9,28666,0,2,5,5,12,255,At Risk,181-365 Days,6-10 Purchases,Very High
45298,Rebecca Williams,599,6,18853,0,1,4,4,9,144,At Risk,365+ Days,6-10 Purchases,High
45301,Jennifer Riley,424,8,27624,0,2,5,5,12,255,At Risk,365+ Days,6-10 Purchases,Very High
45329,Donna Ortiz,429,4,14904,0,1,3,4,8,134,At Risk,365+ Days,3-5 Purchases,High
45339,Joseph Pruitt,252,6,22554,0,2,4,5,11,245,At Risk,181-365 Days,6-10 Purchases,Very High
45359,Jodi Schmidt,258,8,25813,0,2,5,5,12,255,At Risk,181-365 Days,6-10 Purchases,Very High
45364,Timothy Allen,895,5,15244,0,1,3,4,8,134,At Risk,365+ Days,3-5 Purchases,High
45369,Eugene Carlson,432,7,26149,0,1,5,5,11,155,At Risk,365+ Days,6-10 Purchases,Very High
45392,Leslie Gonzalez,313,7,23613,0,2,5,5,12,255,At Risk,181-365 Days,6-10 Purchases,Very High
45400,Emily White,259,6,15942,0,2,4,4,10,244,At Risk,181-365 Days,6-10 Purchases,High
45422,Jesse Smith,336,6,15397,0,2,4,4,10,244,At Risk,181-365 Days,6-10 Purchases,High
45428,Courtney Taylor,248,11,23158,0,2,5,5,12,255,At Risk,181-365 Days,10+ Purchases,Very High
45444,Juan Davis,244,8,18187,0,2,5,4,11,254,At Risk,181-365 Days,6-10 Purchases,High
45463,Alan Crawford,320,7,19029,0,2,5,4,11,254,At Risk,181-365 Days,6-10 Purchases,High
45480,Jimmy Sanders,689,6,18587,0,1,4,4,9,144,At Risk,365+ Days,6-10 Purchases,High
45505,Stacey Franco,480,6,15218,0,1,4,4,9,144,At Risk,365+ Days,6-10 Purchases,High
45509,Linda Lawrence,592,6,18311,0,1,4,4,9,144,At Risk,365+ Days,6-10 Purchases,High
45528,Joseph Ashley,318,6,14993,0,2,4,4,10,244,At Risk,181-365 Days,6-10 Purchases,High
45568,Elizabeth Avila,345,8,23252,0,2,5,5,12,255,At Risk,181-365 Days,6-10 Purchases,Very High
45605,Amy Figueroa,338,6,24176,0,2,4,5,11,245,At Risk,181-365 Days,6-10 Purchases,Very High
45630,Patrick Turner,554,4,15862,0,1,3,4,8,134,At Risk,365+ Days,3-5 Purchases,High
45634,Amber Cooper,345,5,17343,0,2,3,4,9,234,At Risk,181-365 Days,3-5 Purchases,High
45640,Jason Smith,261,8,18448,0,2,5,4,11,254,At Risk,181-365 Days,6-10 Purchases,High
45646,Jacqueline Everett MD,320,6,18274,0,2,4,4,10,244,At Risk,181-365 Days,6-10 Purchases,High
45655,Andrew White,471,6,18338,0,1,4,4,9,144,At Risk,365+ Days,6-10 Purchases,High
45656,Lori Clay,381,9,28651,0,2,5,5,12,255,At Risk,365+ Days,6-10 Purchases,Very High
45657,Brad Harris,411,7,22644,0,2,5,5,12,255,At Risk,365+ Days,6-10 Purchases,Very High
45658,Ashley Adams,530,6,17021,0,1,4,4,9,144,At Risk,365+ Days,6-10 Purchases,High
45669,Ronald Rice,563,5,19057,0,1,3,4,8,134,At Risk,365+ Days,3-5 Purchases,High
45670,Jennifer Smith,411,5,15952,0,2,3,4,9,234,At Risk,365+ Days,3-5 Purchases,High
45679,Erin Hart,432,4,16901,0,1,3,4,8,134,At Risk,365+ Days,3-5 Purchases,High
45693,Christine Hernandez,269,6,19109,0,2,4,4,10,244,At Risk,181-365 Days,6-10 Purchases,High
45717,Lisa James,405,7,29822,0,2,5,5,12,255,At Risk,365+ Days,6-10 Purchases,Very High
45737,Jackie Hawkins,245,6,17278,0,2,4,4,10,244,At Risk,181-365 Days,6-10 Purchases,High
45739,Diana Jenkins,395,10,31661,0,2,5,5,12,255,At Risk,365+ Days,6-10 Purchases,Very High
45752,Nicholas Williams,476,4,15539,0,1,3,4,8,134,At Risk,365+ Days,3-5 Purchases,High
45757,Teresa Martin,357,8,21879,0,2,5,5,12,255,At Risk,181-365 Days,6-10 Purchases,Very High
45771,Jason Odonnell,471,5,16886,0,1,3,4,8,134,At Risk,365+ Days,3-5 Purchases,High
45777,Dana Eaton,788,5,16892,0,1,3,4,8,134,At Risk,365+ Days,3-5 Purchases,High
45780,Tammy Scott,275,7,17929,0,2,5,4,11,254,At Risk,181-365 Days,6-10 Purchases,High
45789,Misty Watson,725,6,21086,0,1,4,5,10,145,At Risk,365+ Days,6-10 Purchases,Very High
45792,Adam Dickson,327,8,23569,0,2,5,5,12,255,At Risk,181-365 Days,6-10 Purchases,Very High
45824,Alexis Larson,392,7,18616,0,2,5,4,11,254,At Risk,365+ Days,6-10 Purchases,High
45834,Dr. Nicole Perry,265,6,19862,0,2,4,5,11,245,At Risk,181-365 Days,6-10 Purchases,Very High
45852,Michelle Trevino,478,7,19713,0,1,5,5,11,155,At Risk,365+ Days,6-10 Purchases,Very High
45854,Abigail Jones,518,5,15748,0,1,3,4,8,134,At Risk,365+ Days,3-5 Purchases,High
45856,Justin Wells,462,8,26744,0,1,5,5,11,155,At Risk,365+ Days,6-10 Purchases,Very High
45886,Tracie Ryan,463,8,20804,0,1,5,5,11,155,At Risk,365+ Days,6-10 Purchases,Very High
45887,Lauren Taylor,307,6,18053,0,2,4,4,10,244,At Risk,181-365 Days,6-10 Purchases,High
45928,Scott Bentley,521,6,19467,0,1,4,5,10,145,At Risk,365+ Days,6-10 Purchases,Very High
45945,George Peters,399,6,15672,0,2,4,4,10,244,At Risk,365+ Days,6-10 Purchases,High
45960,Douglas Peters,325,8,20771,0,2,5,5,12,255,At Risk,181-365 Days,6-10 Purchases,Very High
45963,Desiree Barajas,273,6,19062,0,2,4,4,10,244,At Risk,181-365 Days,6-10 Purchases,High
45965,Debra Pham,261,8,22706,0,2,5,5,12,255,At Risk,181-365 Days,6-10 Purchases,Very High
45968,David Peters,399,5,17940,0,2,3,4,9,234,At Risk,365+ Days,3-5 Purchases,High
45970,Anthony Ross,589,4,15477,0,1,3,4,8,134,At Risk,365+ Days,3-5 Purchases,High
45978,Raymond Booker,346,7,21760,0,2,5,5,12,255,At Risk,181-365 Days,6-10 Purchases,Very High
45979,Kelly Smith,340,14,37593,0,2,5,5,12,255,At Risk,181-365 Days,10+ Purchases,Very High
45981,Brett Williams,284,6,15632,0,2,4,4,10,244,At Risk,181-365 Days,6-10 Purchases,High
45986,Joseph Brown,538,9,16600,0,1,5,4,10,154,At Risk,365+ Days,6-10 Purchases,High
45988,Fernando Jarvis,349,6,16149,0,2,4,4,10,244,At Risk,181-365 Days,6-10 Purchases,High
45992,Fernando King,274,5,15869,0,2,3,4,9,234,At Risk,181-365 Days,3-5 Purchases,High
45996,David King,370,9,21233,0,2,5,5,12,255,At Risk,365+ Days,6-10 Purchases,Very High
46001,Lisa Chambers,613,10,34659,0,1,5,5,11,155,At Risk,365+ Days,6-10 Purchases,Very High
46012,Terri Garcia,401,6,23315,0,2,4,5,11,245,At Risk,365+ Days,6-10 Purchases,Very High
46036,Susan Allen,672,8,25491,0,1,5,5,11,155,At Risk,365+ Days,6-10 Purchases,Very High
46038,Amy Bryant,256,6,20789,0,2,4,5,11,245,At Risk,181-365 Days,6-10 Purchases,Very High
46039,Kevin Henson,272,7,19237,0,2,5,4,11,254,At Risk,181-365 Days,6-10 Purchases,High
46045,Scott Lawson,301,6,18006,0,2,4,4,10,244,At Risk,181-365 Days,6-10 Purchases,High
46050,Ivan Wilson,732,5,15424,0,1,3,4,8,134,At Risk,365+ Days,3-5 Purchases,High
46084,Tanya Johnson,276,8,26153,0,2,5,5,12,255,At Risk,181-365 Days,6-10 Purchases,Very High
46088,Todd Rodriguez,308,6,15418,0,2,4,4,10,244,At Risk,181-365 Days,6-10 Purchases,High
46093,Yesenia Jennings,249,8,28610,0,2,5,5,12,255,At Risk,181-365 Days,6-10 Purchases,Very High
46094,Karen Mullen,383,6,18422,0,2,4,4,10,244,At Risk,365+ Days,6-10 Purchases,High
46114,Daniel Carroll,558,8,23185,0,1,5,5,11,155,At Risk,365+ Days,6-10 Purchases,Very High
46139,Laurie Schmitt,385,7,26927,0,2,5,5,12,255,At Risk,365+ Days,6-10 Purchases,Very High
46149,Danielle Maynard,418,6,23662,0,2,4,5,11,245,At Risk,365+ Days,6-10 Purchases,Very High
46150,John Johnson,657,5,17279,0,1,3,4,8,134,At Risk,365+ Days,3-5 Purchases,High
46156,Peter King,259,7,18842,0,2,5,4,11,254,At Risk,181-365 Days,6-10 Purchases,High
46157,Sandra Boyd,257,6,17168,0,2,4,4,10,244,At Risk,181-365 Days,6-10 Purchases,High
46161,Jamie Jefferson,288,6,22139,0,2,4,5,11,245,At Risk,181-365 Days,6-10 Purchases,Very High
46178,Jason Nelson,312,6,20226,0,2,4,5,11,245,At Risk,181-365 Days,6-10 Purchases,Very High
46183,Michael Young,570,8,23205,0,1,5,5,11,155,At Risk,365+ Days,6-10 Purchases,Very High
46197,Bradley Moore,359,8,22509,0,2,5,5,12,255,At Risk,181-365 Days,6-10 Purchases,Very High
46209,Sarah Gutierrez,386,6,16430,0,2,4,4,10,244,At Risk,365+ Days,6-10 Purchases,High
46217,Robert Hall,385,5,15007,0,2,3,4,9,234,At Risk,365+ Days,3-5 Purchases,High
46252,Rachel Khan,637,4,16771,0,1,3,4,8,134,At Risk,365+ Days,3-5 Purchases,High
46256,Carol Newman,343,5,15425,0,2,4,4,10,244,At Risk,181-365 Days,3-5 Purchases,High
46268,Mr. Jared Jones,473,8,17143,0,1,5,4,10,154,At Risk,365+ Days,6-10 Purchases,High
46270,Leonard Haynes,284,7,20554,0,2,5,5,12,255,At Risk,181-365 Days,6-10 Purchases,Very High
46275,Adrienne Price,578,6,23209,0,1,4,5,10,145,At Risk,365+ Days,6-10 Purchases,Very High
46338,Julie Oconnell,772,7,16842,0,1,5,4,10,154,At Risk,365+ Days,6-10 Purchases,High
46345,Leslie Gomez,629,5,17853,0,1,4,4,9,144,At Risk,365+ Days,3-5 Purchases,High
46348,Bryan Martin,381,4,16038,0,2,3,4,9,234,At Risk,365+ Days,3-5 Purchases,High
46364,Raymond Leon,301,6,15523,0,2,4,4,10,244,At Risk,181-365 Days,6-10 Purchases,High
46412,Stephanie Garcia,389,8,20758,0,2,5,5,12,255,At Risk,365+ Days,6-10 Purchases,Very High
46421,Earl Walker,366,7,19804,0,2,5,5,12,255,At Risk,365+ Days,6-10 Purchases,Very High
46442,Gabriella Erickson,279,4,15733,0,2,3,4,9,234,At Risk,181-365 Days,3-5 Purchases,High
46456,Benjamin Jones,328,6,21057,0,2,4,5,11,245,At Risk,181-365 Days,6-10 Purchases,Very High
46463,Emily Taylor,757,7,14936,0,1,5,4,10,154,At Risk,365+ Days,6-10 Purchases,High
46472,Dr. Richard Perez,370,6,21854,0,2,4,5,11,245,At Risk,365+ Days,6-10 Purchases,Very High
46473,Carl Shaffer,245,5,14855,0,2,4,4,10,244,At Risk,181-365 Days,3-5 Purchases,High
46477,Lisa Washington,686,6,16605,0,1,4,4,9,144,At Risk,365+ Days,6-10 Purchases,High
46485,Gabriel Bartlett,417,8,23028,0,2,5,5,12,255,At Risk,365+ Days,6-10 Purchases,Very High
46503,Elizabeth Cruz,731,6,16831,0,1,4,4,9,144,At Risk,365+ Days,6-10 Purchases,High
46543,Caitlin Whitehead,488,7,19549,0,1,5,5,11,155,At Risk,365+ Days,6-10 Purchases,Very High
46569,Caroline Wagner,432,6,18822,0,1,4,4,9,144,At Risk,365+ Days,6-10 Purchases,High
46571,Gina Harrison,421,7,16674,0,2,5,4,11,254,At Risk,365+ Days,6-10 Purchases,High
46586,Adam Parsons,422,7,17840,0,2,5,4,11,254,At Risk,365+ Days,6-10 Purchases,High
46612,Natalie Davies,248,8,22635,0,2,5,5,12,255,At Risk,181-365 Days,6-10 Purchases,Very High
46621,Heather Carr,402,7,17068,0,2,5,4,11,254,At Risk,365+ Days,6-10 Purchases,High
46643,Christine Ibarra,427,8,18582,0,1,5,4,10,154,At Risk,365+ Days,6-10 Purchases,High
46651,Rose Love,252,4,15212,0,2,3,4,9,234,At Risk,181-365 Days,3-5 Purchases,High
46654,Ricardo Henry,246,9,18616,0,2,5,4,11,254,At Risk,181-365 Days,6-10 Purchases,High
46661,Jennifer Moyer,298,8,17953,0,2,5,4,11,254,At Risk,181-365 Days,6-10 Purchases,High
46663,Michael Palmer,316,5,19604,0,2,4,5,11,245,At Risk,181-365 Days,3-5 Purchases,Very High
46679,Brandy Bass,244,7,18409,0,2,5,4,11,254,At Risk,181-365 Days,6-10 Purchases,High
46687,Carolyn Jackson,305,6,19458,0,2,4,5,11,245,At Risk,181-365 Days,6-10 Purchases,Very High
46699,Jeffery Graves,316,7,18142,0,2,5,4,11,254,At Risk,181-365 Days,6-10 Purchases,High
46715,Sydney Kramer,254,6,20887,0,2,4,5,11,245,At Risk,181-365 Days,6-10 Purchases,Very High
46738,Steven Perez,312,6,15668,0,2,4,4,10,244,At Risk,181-365 Days,6-10 Purchases,High
46808,Douglas Lane,274,6,19280,0,2,4,5,11,245,At Risk,181-365 Days,6-10 Purchases,Very High
46809,Bobby Vasquez,502,8,28323,0,1,5,5,11,155,At Risk,365+ Days,6-10 Purchases,Very High
46811,Elizabeth Goodman,272,4,16801,0,2,3,4,9,234,At Risk,181-365 Days,3-5 Purchases,High
46818,Jason Hale,501,6,17002,0,1,4,4,9,144,At Risk,365+ Days,6-10 Purchases,High
46819,Michelle Curtis,278,7,16408,0,2,5,4,11,254,At Risk,181-365 Days,6-10 Purchases,High
46821,Lindsay Hanson,300,10,33115,0,2,5,5,12,255,At Risk,181-365 Days,6-10 Purchases,Very High
46826,Howard Mullins,313,6,20040,0,2,4,5,11,245,At Risk,181-365 Days,6-10 Purchases,Very High
46829,James Matthews,318,7,23508,0,2,5,5,12,255,At Risk,181-365 Days,6-10 Purchases,Very High
46839,Mario Hernandez,277,7,17669,0,2,5,4,11,254,At Risk,181-365 Days,6-10 Purchases,High
46850,Mary Baker,262,6,19342,0,2,4,5,11,245,At Risk,181-365 Days,6-10 Purchases,Very High
46855,Tyler Foley,255,10,36804,0,2,5,5,12,255,At Risk,181-365 Days,6-10 Purchases,Very High
46880,Victor Richards,502,6,15095,0,1,4,4,9,144,At Risk,365+ Days,6-10 Purchases,High
46894,Amy Haas,306,7,19005,0,2,5,4,11,254,At Risk,181-365 Days,6-10 Purchases,High
46926,Charles Smith,406,7,21052,0,2,5,5,12,255,At Risk,365+ Days,6-10 Purchases,Very High
46939,Nancy Williams,402,7,19778,0,2,5,5,12,255,At Risk,365+ Days,6-10 Purchases,Very High
46950,Tina Sullivan,307,7,17006,0,2,5,4,11,254,At Risk,181-365 Days,6-10 Purchases,High
46954,Emma Young,252,5,20889,0,2,4,5,11,245,At Risk,181-365 Days,3-5 Purchases,Very High
46968,Wendy Howard,293,5,17178,0,2,4,4,10,244,At Risk,181-365 Days,3-5 Purchases,High
46971,Michele Brock,285,4,17074,0,2,3,4,9,234,At Risk,181-365 Days,3-5 Purchases,High
46992,Mrs. Maria Reyes,886,5,15256,0,1,4,4,9,144,At Risk,365+ Days,3-5 Purchases,High
47004,Craig Barber,259,7,22731,0,2,5,5,12,255,At Risk,181-365 Days,6-10 Purchases,Very High
47018,Lauren Smith,349,5,17134,0,2,4,4,10,244,At Risk,181-365 Days,3-5 Purchases,High
47021,Sharon Cummings,243,5,18666,0,2,4,4,10,244,At Risk,181-365 Days,3-5 Purchases,High
47031,Darrell Sandoval,271,6,19951,0,2,4,5,11,245,At Risk,181-365 Days,6-10 Purchases,Very High
47063,Mark Hill,347,6,22435,0,2,4,5,11,245,At Risk,181-365 Days,6-10 Purchases,Very High
47065,Ivan Butler MD,372,5,16293,0,2,4,4,10,244,At Risk,365+ Days,3-5 Purchases,High
47069,Stephanie Singh,752,6,18234,0,1,4,4,9,144,At Risk,365+ Days,6-10 Purchases,High
47077,Michael Rice,602,4,16336,0,1,3,4,8,134,At Risk,365+ Days,3-5 Purchases,High
47086,Joshua Davis,293,10,29804,0,2,5,5,12,255,At Risk,181-365 Days,6-10 Purchases,Very High
47098,Rebecca Green,417,6,16297,0,2,4,4,10,244,At Risk,365+ Days,6-10 Purchases,High
47111,Bridget Olsen,253,8,17091,0,2,5,4,11,254,At Risk,181-365 Days,6-10 Purchases,High
47112,Robert Carpenter,423,8,23804,0,2,5,5,12,255,At Risk,365+ Days,6-10 Purchases,Very High
47116,Jennifer Hammond,683,7,19245,0,1,5,4,10,154,At Risk,365+ Days,6-10 Purchases,High
47119,Tonya Hall,293,6,18299,0,2,4,4,10,244,At Risk,181-365 Days,6-10 Purchases,High
47157,Alexis Arias,598,6,15750,0,1,4,4,9,144,At Risk,365+ Days,6-10 Purchases,High
47189,Juan Smith,322,6,15566,0,2,4,4,10,244,At Risk,181-365 Days,6-10 Purchases,High
47206,Michael Noble,542,6,16618,0,1,4,4,9,144,At Risk,365+ Days,6-10 Purchases,High
47218,Diana Miller,683,5,15937,0,1,4,4,9,144,At Risk,365+ Days,3-5 Purchases,High
47220,Shawn Cruz,259,5,16438,0,2,4,4,10,244,At Risk,181-365 Days,3-5 Purchases,High
47226,Ashley Warner,317,6,15957,0,2,4,4,10,244,At Risk,181-365 Days,6-10 Purchases,High
47227,Michelle Rollins,288,7,19551,0,2,5,5,12,255,At Risk,181-365 Days,6-10 Purchases,Very High
47233,Anthony Mcdonald,255,5,16375,0,2,4,4,10,244,At Risk,181-365 Days,3-5 Purchases,High
47256,Karen Weber,423,6,19406,0,2,4,5,11,245,At Risk,365+ Days,6-10 Purchases,Very High
47264,Kyle Anderson,402,6,19780,0,2,4,5,11,245,At Risk,365+ Days,6-10 Purchases,Very High
47273,Amber Harris,407,6,15754,0,2,4,4,10,244,At Risk,365+ Days,6-10 Purchases,High
47288,Brian Reyes,598,4,15705,0,1,3,4,8,134,At Risk,365+ Days,3-5 Purchases,High
47290,Jesus Carter,382,5,19653,0,2,4,5,11,245,At Risk,365+ Days,3-5 Purchases,Very High
47291,Robert Quinn,297,7,14834,0,2,5,4,11,254,At Risk,181-365 Days,6-10 Purchases,High
47298,Tracy Farrell MD,304,5,14924,0,2,4,4,10,244,At Risk,181-365 Days,3-5 Purchases,High
47319,Matthew Clark,247,11,26439,0,2,5,5,12,255,At Risk,181-365 Days,10+ Purchases,Very High
47321,Rachel Campbell,467,7,18680,0,1,5,4,10,154,At Risk,365+ Days,6-10 Purchases,High
47327,Eric Williams,492,6,25354,0,1,4,5,10,145,At Risk,365+ Days,6-10 Purchases,Very High
47329,Sarah Silva,325,7,25197,0,2,5,5,12,255,At Risk,181-365 Days,6-10 Purchases,Very High
47348,Rachel Garcia,366,5,22694,0,2,4,5,11,245,At Risk,365+ Days,3-5 Purchases,Very High
47356,Rebecca Nunez,328,6,21027,0,2,4,5,11,245,At Risk,181-365 Days,6-10 Purchases,Very High
47359,Michael Cooper,274,7,18967,0,2,5,4,11,254,At Risk,181-365 Days,6-10 Purchases,High
47377,Ryan Gallagher,535,8,21000,0,1,5,5,11,155,At Risk,365+ Days,6-10 Purchases,Very High
47410,Rachel Hartman,338,8,23675,0,2,5,5,12,255,At Risk,181-365 Days,6-10 Purchases,Very High
47415,Brian Guzman,706,6,17751,0,1,4,4,9,144,At Risk,365+ Days,6-10 Purchases,High
47435,Brian Green,260,8,21359,0,2,5,5,12,255,At Risk,181-365 Days,6-10 Purchases,Very High
47451,Andrew Mendoza,316,7,24404,0,2,5,5,12,255,At Risk,181-365 Days,6-10 Purchases,Very High
47458,Kayla Jacobs,553,5,18485,0,1,4,4,9,144,At Risk,365+ Days,3-5 Purchases,High
47489,Willie Crawford,323,7,17985,0,2,5,4,11,254,At Risk,181-365 Days,6-10 Purchases,High
47494,Tracy Lee,297,6,15948,0,2,4,4,10,244,At Risk,181-365 Days,6-10 Purchases,High
47523,Isaiah Taylor,415,5,15478,0,2,4,4,10,244,At Risk,365+ Days,3-5 Purchases,High
47526,Nathan White,762,5,18339,0,1,4,4,9,144,At Risk,365+ Days,3-5 Purchases,High
47532,Jeffrey Sweeney,501,5,18908,0,1,4,4,9,144,At Risk,365+ Days,3-5 Purchases,High
47552,Xavier Reese,397,5,17981,0,2,4,4,10,244,At Risk,365+ Days,3-5 Purchases,High
47582,Kayla King,436,5,18834,0,1,4,4,9,144,At Risk,365+ Days,3-5 Purchases,High
47587,Mariah Blair,469,5,18602,0,1,4,4,9,144,At Risk,365+ Days,3-5 Purchases,High
47591,Matthew Riley,283,7,20675,0,2,5,5,12,255,At Risk,181-365 Days,6-10 Purchases,Very High
47593,Candice Preston,419,5,18382,0,2,4,4,10,244,At Risk,365+ Days,3-5 Purchases,High
47612,Tiffany Robinson,261,5,15320,0,2,4,4,10,244,At Risk,181-365 Days,3-5 Purchases,High
47614,Robert Dawson,370,5,15849,0,2,4,4,10,244,At Risk,365+ Days,3-5 Purchases,High
47714,Tony Holland,319,7,19786,0,2,5,5,12,255,At Risk,181-365 Days,6-10 Purchases,Very High
47716,John Alvarez,266,6,24514,0,2,4,5,11,245,At Risk,181-365 Days,6-10 Purchases,Very High
47730,Ashley Jones,348,5,17698,0,2,4,4,10,244,At Risk,181-365 Days,3-5 Purchases,High
47762,Megan Hurley,522,8,23461,0,1,5,5,11,155,At Risk,365+ Days,6-10 Purchases,Very High
47773,Daniel Mann,245,10,31585,0,2,5,5,12,255,At Risk,181-365 Days,6-10 Purchases,Very High
47793,Gabrielle Vega,578,5,18393,0,1,4,4,9,144,At Risk,365+ Days,3-5 Purchases,High
47818,Shawn Hill,345,7,21843,0,2,5,5,12,255,At Risk,181-365 Days,6-10 Purchases,Very High
47833,Paul Rhodes,515,8,23941,0,1,5,5,11,155,At Risk,365+ Days,6-10 Purchases,Very High
47834,Brian Weber,286,10,27901,0,2,5,5,12,255,At Risk,181-365 Days,6-10 Purchases,Very High
47845,Brian Bautista,296,6,16114,0,2,4,4,10,244,At Risk,181-365 Days,6-10 Purchases,High
47855,Patricia Salazar,334,5,15882,0,2,4,4,10,244,At Risk,181-365 Days,3-5 Purchases,High
47857,Logan Hamilton,339,7,24271,0,2,5,5,12,255,At Risk,181-365 Days,6-10 Purchases,Very High
47860,Dr. Cory Ross,288,6,23455,0,2,4,5,11,245,At Risk,181-365 Days,6-10 Purchases,Very High
47864,Mitchell Brown,383,6,17598,0,2,4,4,10,244,At Risk,365+ Days,6-10 Purchases,High
47880,Jennifer Poole,618,5,18040,0,1,4,4,9,144,At Risk,365+ Days,3-5 Purchases,High
47881,Debra Hood,252,5,16019,0,2,4,4,10,244,At Risk,181-365 Days,3-5 Purchases,High
47887,Karen Johnston,428,5,18633,0,1,4,4,9,144,At Risk,365+ Days,3-5 Purchases,High
47896,Mark Blankenship,580,5,17980,0,1,4,4,9,144,At Risk,365+ Days,3-5 Purchases,High
47897,Jeffrey Gonzales,353,8,25952,0,2,5,5,12,255,At Risk,181-365 Days,6-10 Purchases,Very High
47904,Julie Pierce,323,5,14950,0,2,4,4,10,244,At Risk,181-365 Days,3-5 Purchases,High
47908,Joseph Hall,312,9,25303,0,2,5,5,12,255,At Risk,181-365 Days,6-10 Purchases,Very High
47912,Julia Pearson,292,10,21696,0,2,5,5,12,255,At Risk,181-365 Days,6-10 Purchases,Very High
47916,Kimberly Parker,330,8,27884,0,2,5,5,12,255,At Risk,181-365 Days,6-10 Purchases,Very High
47937,David Moore,270,6,17444,0,2,4,4,10,244,At Risk,181-365 Days,6-10 Purchases,High
47942,Joshua Lopez,307,7,17742,0,2,5,4,11,254,At Risk,181-365 Days,6-10 Purchases,High
47946,Robert Vaughn,550,6,15043,0,1,4,4,9,144,At Risk,365+ Days,6-10 Purchases,High
47958,Victoria Hayden,280,6,18158,0,2,4,4,10,244,At Risk,181-365 Days,6-10 Purchases,High
47981,Brenda Gilmore,318,10,25498,0,2,5,5,12,255,At Risk,181-365 Days,6-10 Purchases,Very High
47986,Ronald Haas,584,4,16153,0,1,3,4,8,134,At Risk,365+ Days,3-5 Purchases,High
47987,Christopher Hodges,341,7,20156,0,2,5,5,12,255,At Risk,181-365 Days,6-10 Purchases,Very High
48001,Anna Collier,344,6,17889,0,2,4,4,10,244,At Risk,181-365 Days,6-10 Purchases,High
48004,Derrick Maldonado,420,8,18239,0,2,5,4,11,254,At Risk,365+ Days,6-10 Purchases,High
48007,Chase Robertson,248,5,15408,0,2,4,4,10,244,At Risk,181-365 Days,3-5 Purchases,High
48022,Tracy Wyatt,555,7,20207,0,1,5,5,11,155,At Risk,365+ Days,6-10 Purchases,Very High
48039,Jason Brown,390,9,25709,0,2,5,5,12,255,At Risk,365+ Days,6-10 Purchases,Very High
48040,Brian Smith,549,4,15110,0,1,3,4,8,134,At Risk,365+ Days,3-5 Purchases,High
48041,Julian Williams,466,6,21849,0,1,4,5,10,145,At Risk,365+ Days,6-10 Purchases,Very High
48044,Matthew Rodriguez,440,6,23789,0,1,4,5,10,145,At Risk,365+ Days,6-10 Purchases,Very High
48070,Karen Holland,260,5,15097,0,2,4,4,10,244,At Risk,181-365 Days,3-5 Purchases,High
48082,Thomas Allen,243,8,22665,0,2,5,5,12,255,At Risk,181-365 Days,6-10 Purchases,Very High
48085,Corey King,493,8,20192,0,1,5,5,11,155,At Risk,365+ Days,6-10 Purchases,Very High
48087,Maria Johnson,604,5,18662,0,1,4,4,9,144,At Risk,365+ Days,3-5 Purchases,High
48091,Rachel Hayes,307,7,19875,0,2,5,5,12,255,At Risk,181-365 Days,6-10 Purchases,Very High
48109,Sara Vargas,306,6,19839,0,2,4,5,11,245,At Risk,181-365 Days,6-10 Purchases,Very High
48116,Benjamin Davis,571,5,15745,0,1,4,4,9,144,At Risk,365+ Days,3-5 Purchases,High
48127,Dr. Whitney Miller MD,265,7,24443,0,2,5,5,12,255,At Risk,181-365 Days,6-10 Purchases,Very High
48138,Gabriel Brooks,322,6,19724,0,2,4,5,11,245,At Risk,181-365 Days,6-10 Purchases,Very High
48141,Sarah Richards,778,4,17178,0,1,3,4,8,134,At Risk,365+ Days,3-5 Purchases,High
48176,Natasha Hawkins,710,7,14895,0,1,5,4,10,154,At Risk,365+ Days,6-10 Purchases,High
48178,Jordan Johns,257,6,18842,0,2,4,4,10,244,At Risk,181-365 Days,6-10 Purchases,High
48180,Mitchell Barrett,310,5,16431,0,2,4,4,10,244,At Risk,181-365 Days,3-5 Purchases,High
48184,Shawn Caldwell,535,8,31037,0,1,5,5,11,155,At Risk,365+ Days,6-10 Purchases,Very High
48192,Christopher Jordan,415,5,15498,0,2,4,4,10,244,At Risk,365+ Days,3-5 Purchases,High
48228,Tamara Simpson,580,6,18355,0,1,4,4,9,144,At Risk,365+ Days,6-10 Purchases,High
48231,Heather Berger,344,6,18491,0,2,4,4,10,244,At Risk,181-365 Days,6-10 Purchases,High
48255,Kim Munoz,248,9,30771,0,2,5,5,12,255,At Risk,181-365 Days,6-10 Purchases,Very High
48296,Ian Smith,245,6,22025,0,2,4,5,11,245,At Risk,181-365 Days,6-10 Purchases,Very High
48301,William Harvey,287,7,22629,0,2,5,5,12,255,At Risk,181-365 Days,6-10 Purchases,Very High
48347,Jessica Callahan,625,5,15695,0,1,4,4,9,144,At Risk,365+ Days,3-5 Purchases,High
48368,Maria Lawson,764,6,18389,0,1,4,4,9,144,At Risk,365+ Days,6-10 Purchases,High
48372,Richard Lin,254,6,16521,0,2,4,4,10,244,At Risk,181-365 Days,6-10 Purchases,High
48381,Daniel Rice,300,5,15265,0,2,4,4,10,244,At Risk,181-365 Days,3-5 Purchases,High
48386,Lori Taylor,439,5,14893,0,1,4,4,9,144,At Risk,365+ Days,3-5 Purchases,High
48391,Sean Hess,561,6,16364,0,1,4,4,9,144,At Risk,365+ Days,6-10 Purchases,High
48396,Joseph Flores,401,6,18923,0,2,4,4,10,244,At Risk,365+ Days,6-10 Purchases,High
48403,Douglas Merritt,330,6,16982,0,2,4,4,10,244,At Risk,181-365 Days,6-10 Purchases,High
48412,Lori Wells,512,7,26524,0,1,5,5,11,155,At Risk,365+ Days,6-10 Purchases,Very High
48439,Lisa Allen,355,9,26010,0,2,5,5,12,255,At Risk,181-365 Days,6-10 Purchases,Very High
48445,Andrew Rodriguez,431,5,17552,0,1,4,4,9,144,At Risk,365+ Days,3-5 Purchases,High
48452,Christian Gonzalez,534,6,18031,0,1,4,4,9,144,At Risk,365+ Days,6-10 Purchases,High
48458,Jaime Gonzalez,371,8,26756,0,2,5,5,12,255,At Risk,365+ Days,6-10 Purchases,Very High
48464,Harry Jackson,260,4,15630,0,2,3,4,9,234,At Risk,181-365 Days,3-5 Purchases,High
48471,David Duran,308,14,40436,0,2,5,5,12,255,At Risk,181-365 Days,10+ Purchases,Very High
48477,William Vasquez,326,7,18428,0,2,5,4,11,254,At Risk,181-365 Days,6-10 Purchases,High
48510,David King,541,5,14861,0,1,4,4,9,144,At Risk,365+ Days,3-5 Purchases,High
48530,Erik Macias,270,8,20184,0,2,5,5,12,255,At Risk,181-365 Days,6-10 Purchases,Very High
48556,Tammy Fritz,408,6,21828,0,2,4,5,11,245,At Risk,365+ Days,6-10 Purchases,Very High
48583,Monica Ramirez,592,4,15155,0,1,3,4,8,134,At Risk,365+ Days,3-5 Purchases,High
48598,Brittany Ramirez,435,7,18878,0,1,5,4,10,154,At Risk,365+ Days,6-10 Purchases,High
48599,Danielle Garcia,648,6,15080,0,1,4,4,9,144,At Risk,365+ Days,6-10 Purchases,High
48602,Regina Cobb,396,7,15150,0,2,5,4,11,254,At Risk,365+ Days,6-10 Purchases,High
48611,David Morales,526,6,22859,0,1,4,5,10,145,At Risk,365+ Days,6-10 Purchases,Very High
48617,Michelle Whitaker,345,7,17787,0,2,5,4,11,254,At Risk,181-365 Days,6-10 Purchases,High
48635,Christopher Case,244,7,19513,0,2,5,5,12,255,At Risk,181-365 Days,6-10 Purchases,Very High
48636,Kayla Evans,264,7,17358,0,2,5,4,11,254,At Risk,181-365 Days,6-10 Purchases,High
48642,Shelly Nicholson,446,7,24249,0,1,5,5,11,155,At Risk,365+ Days,6-10 Purchases,Very High
48648,Michael Franklin,426,7,16220,0,2,5,4,11,254,At Risk,365+ Days,6-10 Purchases,High
48650,Colleen Brown,265,7,17914,0,2,5,4,11,254,At Risk,181-365 Days,6-10 Purchases,High
48665,Michael Perez,361,8,21924,0,2,5,5,12,255,At Risk,181-365 Days,6-10 Purchases,Very High
48677,Cory Morton,421,11,32431,0,2,5,5,12,255,At Risk,365+ Days,10+ Purchases,Very High
48689,Jessica Jones,286,8,26713,0,2,5,5,12,255,At Risk,181-365 Days,6-10 Purchases,Very High
48705,Bradley Harper,407,7,17967,0,2,5,4,11,254,At Risk,365+ Days,6-10 Purchases,High
48710,Benjamin Woods,335,7,22081,0,2,5,5,12,255,At Risk,181-365 Days,6-10 Purchases,Very High
48734,John Johnson,576,6,18923,0,1,4,4,9,144,At Risk,365+ Days,6-10 Purchases,High
48745,Noah Allen,466,6,18064,0,1,4,4,9,144,At Risk,365+ Days,6-10 Purchases,High
48750,Sharon Williams,457,4,15800,0,1,3,4,8,134,At Risk,365+ Days,3-5 Purchases,High
48756,Michael Lloyd,743,6,19778,0,1,4,5,10,145,At Risk,365+ Days,6-10 Purchases,Very High
48757,Betty Hatfield,369,5,15935,0,2,4,4,10,244,At Risk,365+ Days,3-5 Purchases,High
48758,Matthew Harris,636,4,17374,0,1,3,4,8,134,At Risk,365+ Days,3-5 Purchases,High
48760,Steve Evans,395,4,18337,0,2,3,4,9,234,At Risk,365+ Days,3-5 Purchases,High
48765,Holly Leonard,297,6,17174,0,2,4,4,10,244,At Risk,181-365 Days,6-10 Purchases,High
48774,Cassandra Taylor,277,6,15919,0,2,4,4,10,244,At Risk,181-365 Days,6-10 Purchases,High
48780,Mario Howard,259,4,18169,0,2,3,4,9,234,At Risk,181-365 Days,3-5 Purchases,High
48787,Brandi Ball,288,7,19033,0,2,5,4,11,254,At Risk,181-365 Days,6-10 Purchases,High
48789,Sarah Orr,367,9,21911,0,2,5,5,12,255,At Risk,365+ Days,6-10 Purchases,Very High
48833,Scott Decker,478,8,18208,0,1,5,4,10,154,At Risk,365+ Days,6-10 Purchases,High
48859,Carrie Hall,491,7,21006,0,1,5,5,11,155,At Risk,365+ Days,6-10 Purchases,Very High
48870,Miss Kathleen Patel,473,7,27359,0,1,5,5,11,155,At Risk,365+ Days,6-10 Purchases,Very High
48891,James Williams,246,8,25543,0,2,5,5,12,255,At Risk,181-365 Days,6-10 Purchases,Very High
48905,Crystal Thomas,691,6,15069,0,1,4,4,9,144,At Risk,365+ Days,6-10 Purchases,High
48926,Mr. Mark Garcia,267,5,20234,0,2,4,5,11,245,At Risk,181-365 Days,3-5 Purchases,Very High
48939,Monica Walker,354,7,21343,0,2,5,5,12,255,At Risk,181-365 Days,6-10 Purchases,Very High
48948,Denise Walsh,362,7,16440,0,2,5,4,11,254,At Risk,181-365 Days,6-10 Purchases,High
48957,Brianna Harrison,514,7,15874,0,1,5,4,10,154,At Risk,365+ Days,6-10 Purchases,High
48973,Jacob Hayes,281,5,18214,0,2,4,4,10,244,At Risk,181-365 Days,3-5 Purchases,High
48980,Anna Brooks,566,6,16334,0,1,4,4,9,144,At Risk,365+ Days,6-10 Purchases,High
48983,Catherine Bradford,245,5,16409,0,2,4,4,10,244,At Risk,181-365 Days,3-5 Purchases,High
48986,Scott Russell,328,7,21039,0,2,5,5,12,255,At Risk,181-365 Days,6-10 Purchases,Very High
48987,Kyle Williams,364,5,15264,0,2,4,4,10,244,At Risk,181-365 Days,3-5 Purchases,High
48991,Heather Stone,327,6,15444,0,2,4,4,10,244,At Risk,181-365 Days,6-10 Purchases,High
49013,Lisa Jackson,364,5,16885,0,2,4,4,10,244,At Risk,181-365 Days,3-5 Purchases,High
49024,Sandra Brady,367,5,16756,0,2,4,4,10,244,At Risk,365+ Days,3-5 Purchases,High
49032,Gregory Blevins,255,9,27743,0,2,5,5,12,255,At Risk,181-365 Days,6-10 Purchases,Very High
49036,Lorraine Casey,441,7,17355,0,1,5,4,10,154,At Risk,365+ Days,6-10 Purchases,High
49049,James Lopez,284,6,18449,0,2,4,4,10,244,At Risk,181-365 Days,6-10 Purchases,High
49067,Jeffrey Lee,277,7,21812,0,2,5,5,12,255,At Risk,181-365 Days,6-10 Purchases,Very High
49091,Christina Taylor,414,7,25458,0,2,5,5,12,255,At Risk,365+ Days,6-10 Purchases,Very High
49105,Jonathan Preston,318,7,22547,0,2,5,5,12,255,At Risk,181-365 Days,6-10 Purchases,Very High
49113,Brian Keller,811,6,24417,0,1,4,5,10,145,At Risk,365+ Days,6-10 Purchases,Very High
49119,Jon Beard,359,7,16677,0,2,5,4,11,254,At Risk,181-365 Days,6-10 Purchases,High
49136,Heather Rose DDS,374,7,16981,0,2,5,4,11,254,At Risk,365+ Days,6-10 Purchases,High
49146,Leonard Perez,352,7,17205,0,2,5,4,11,254,At Risk,181-365 Days,6-10 Purchases,High
49150,Jennifer Smith,343,6,15116,0,2,4,4,10,244,At Risk,181-365 Days,6-10 Purchases,High
49171,Carla Pope,498,5,15202,0,1,4,4,9,144,At Risk,365+ Days,3-5 Purchases,High
49182,Heather Wood,306,5,17965,0,2,4,4,10,244,At Risk,181-365 Days,3-5 Purchases,High
49185,Joshua Boyd,374,9,20746,0,2,5,5,12,255,At Risk,365+ Days,6-10 Purchases,Very High
49204,Robert Willis,465,9,25246,0,1,5,5,11,155,At Risk,365+ Days,6-10 Purchases,Very High
49209,William Gonzalez,389,5,17165,0,2,4,4,10,244,At Risk,365+ Days,3-5 Purchases,High
49214,Chase Hurst MD,320,6,19382,0,2,4,5,11,245,At Risk,181-365 Days,6-10 Purchases,Very High
49217,George Estrada,248,6,19574,0,2,4,5,11,245,At Risk,181-365 Days,6-10 Purchases,Very High
49230,Cynthia Love,385,5,15554,0,2,4,4,10,244,At Risk,365+ Days,3-5 Purchases,High
49241,Jonathon Jenkins,353,5,15322,0,2,4,4,10,244,At Risk,181-365 Days,3-5 Purchases,High
49259,Kevin Lam,271,6,23739,0,2,4,5,11,245,At Risk,181-365 Days,6-10 Purchases,Very High
49268,Emily Williams,443,7,20169,0,1,5,5,11,155,At Risk,365+ Days,6-10 Purchases,Very High
49271,Kristi Welch,278,7,15849,0,2,5,4,11,254,At Risk,181-365 Days,6-10 Purchases,High
49278,Lisa Johnson DVM,344,9,22738,0,2,5,5,12,255,At Risk,181-365 Days,6-10 Purchases,Very High
49282,Brian Stevens,463,6,14841,0,1,4,4,9,144,At Risk,365+ Days,6-10 Purchases,High
49307,Rachel Gallegos,642,6,16256,0,1,4,4,9,144,At Risk,365+ Days,6-10 Purchases,High
49312,Kari Wong,260,6,23492,0,2,4,5,11,245,At Risk,181-365 Days,6-10 Purchases,Very High
49317,Amy Alvarez,407,6,16485,0,2,4,4,10,244,At Risk,365+ Days,6-10 Purchases,High
49321,Mackenzie Walters,402,5,18064,0,2,4,4,10,244,At Risk,365+ Days,3-5 Purchases,High
49327,Michele King,400,5,17796,0,2,4,4,10,244,At Risk,365+ Days,3-5 Purchases,High
49356,Frank Johnson,430,8,23926,0,1,5,5,11,155,At Risk,365+ Days,6-10 Purchases,Very High
49358,Catherine Charles,256,5,15802,0,2,4,4,10,244,At Risk,181-365 Days,3-5 Purchases,High
49360,Maria Cole,518,5,17666,0,1,4,4,9,144,At Risk,365+ Days,3-5 Purchases,High
49365,Sarah Johnson,395,4,17451,0,2,3,4,9,234,At Risk,365+ Days,3-5 Purchases,High
49389,Scott Flores,614,6,20600,0,1,4,5,10,145,At Risk,365+ Days,6-10 Purchases,Very High
49402,Timothy Rodriguez,368,5,15762,0,2,4,4,10,244,At Risk,365+ Days,3-5 Purchases,High
49408,Johnny Warren,283,7,17238,0,2,5,4,11,254,At Risk,181-365 Days,6-10 Purchases,High
49435,Angela Brandt,648,5,16292,0,1,4,4,9,144,At Risk,365+ Days,3-5 Purchases,High
49446,Terry Owen,336,9,25104,0,2,5,5,12,255,At Risk,181-365 Days,6-10 Purchases,Very High
49468,Edward Nelson,248,6,17123,0,2,4,4,10,244,At Risk,181-365 Days,6-10 Purchases,High
49470,Darius Johnson,501,5,17207,0,1,4,4,9,144,At Risk,365+ Days,3-5 Purchases,High
49477,Amanda Lane,406,9,24875,0,2,5,5,12,255,At Risk,365+ Days,6-10 Purchases,Very High
49480,Valerie Mann,329,6,19525,0,2,4,5,11,245,At Risk,181-365 Days,6-10 Purchases,Very High
49509,Molly Hicks,270,7,17788,0,2,5,4,11,254,At Risk,181-365 Days,6-10 Purchases,High
49510,Karen Mckenzie,407,7,22166,0,2,5,5,12,255,At Risk,365+ Days,6-10 Purchases,Very High
49523,William White,259,6,19735,0,2,4,5,11,245,At Risk,181-365 Days,6-10 Purchases,Very High
49526,Veronica Simon,322,9,24077,0,2,5,5,12,255,At Risk,181-365 Days,6-10 Purchases,Very High
49565,Erika Collins,498,7,19952,0,1,5,5,11,155,At Risk,365+ Days,6-10 Purchases,Very High
49589,Olivia Gibson,265,9,24791,0,2,5,5,12,255,At Risk,181-365 Days,6-10 Purchases,Very High
49603,Michael Mason,382,5,15155,0,2,4,4,10,244,At Risk,365+ Days,3-5 Purchases,High
49610,Belinda Warren,304,7,19470,0,2,5,5,12,255,At Risk,181-365 Days,6-10 Purchases,Very High
49636,Bradley Hale,330,5,15737,0,2,4,4,10,244,At Risk,181-365 Days,3-5 Purchases,High
49644,Sarah Valenzuela,311,8,28104,0,2,5,5,12,255,At Risk,181-365 Days,6-10 Purchases,Very High
49653,Courtney Porter,508,7,17963,0,1,5,4,10,154,At Risk,365+ Days,6-10 Purchases,High
49657,Daisy Riddle,366,7,23997,0,2,5,5,12,255,At Risk,365+ Days,6-10 Purchases,Very High
49677,Janet Sandoval,455,5,19295,0,1,4,5,10,145,At Risk,365+ Days,3-5 Purchases,Very High
49691,Jason Mitchell,273,6,16650,0,2,4,4,10,244,At Risk,181-365 Days,6-10 Purchases,High
49733,Sarah Barber,443,9,23450,0,1,5,5,11,155,At Risk,365+ Days,6-10 Purchases,Very High
49750,Benjamin Gonzalez Jr.,579,5,15744,0,1,4,4,9,144,At Risk,365+ Days,3-5 Purchases,High
49759,Cynthia Horton,244,6,21855,0,2,4,5,11,245,At Risk,181-365 Days,6-10 Purchases,Very High
49770,Kevin Cain,390,7,21541,0,2,5,5,12,255,At Risk,365+ Days,6-10 Purchases,Very High
49772,Grant Mcclain,732,7,18922,0,1,5,4,10,154,At Risk,365+ Days,6-10 Purchases,High
49777,David Bryant,318,7,28668,0,2,5,5,12,255,At Risk,181-365 Days,6-10 Purchases,Very High
49799,Morgan Christensen,316,7,20820,0,2,5,5,12,255,At Risk,181-365 Days,6-10 Purchases,Very High
49812,Gary Harris,271,7,20674,0,2,5,5,12,255,At Risk,181-365 Days,6-10 Purchases,Very High
49815,Bailey Walsh,277,5,16581,0,2,4,4,10,244,At Risk,181-365 Days,3-5 Purchases,High
49848,Steve White,293,8,19352,0,2,5,5,12,255,At Risk,181-365 Days,6-10 Purchases,Very High
49873,John Gutierrez,310,6,16634,0,2,4,4,10,244,At Risk,181-365 Days,6-10 Purchases,High
49875,Jason Jacobs,389,6,15406,0,2,4,4,10,244,At Risk,365+ Days,6-10 Purchases,High
49889,Whitney Miller,244,7,19326,0,2,5,5,12,255,At Risk,181-365 Days,6-10 Purchases,Very High
49892,Katie Allen,327,7,23703,0,2,5,5,12,255,At Risk,181-365 Days,6-10 Purchases,Very High
49903,Heather Carter,273,7,22746,0,2,5,5,12,255,At Risk,181-365 Days,6-10 Purchases,Very High
49917,Nicole Jackson,263,7,22968,0,2,5,5,12,255,At Risk,181-365 Days,6-10 Purchases,Very High
49952,Mark Roberts,423,6,18038,0,2,4,4,10,244,At Risk,365+ Days,6-10 Purchases,High
49959,James Jones,249,6,15460,0,2,4,4,10,244,At Risk,181-365 Days,6-10 Purchases,High
49962,Michelle Marsh,312,7,25177,0,2,5,5,12,255,At Risk,181-365 Days,6-10 Purchases,Very High
49980,Virginia Smith,356,7,21535,0,2,5,5,12,255,At Risk,181-365 Days,6-10 Purchases,Very High
49991,Eric Manning,389,6,16157,0,2,4,4,10,244,At Risk,365+ Days,6-10 Purchases,High
49992,Karen Stephens,407,8,25871,0,2,5,5,12,255,At Risk,365+ Days,6-10 Purchases,Very High
